Assembly Accession	Assembly Name	Annotation Release Date	Organism Name	Organism Infraspecific Names Breed	Organism Infraspecific Names Strain	Organism Infraspecific Names Cultivar	Organism Infraspecific Names Ecotype	Organism Infraspecific Names Isolate	Organism Infraspecific Names Sex	Annotation Name	Assembly Level	Assembly Release Date	WGS project accession	Assembly Stats Number of Scaffolds	Species
GCF_030516985.1	ASM3051698v1	2025-07-21	Aeromonas caviae		OT55					GCF_030516985.1-RS_2025_07_21	Complete Genome	2023-07-21		1	Aeromonas caviae
GCF_024218755.1	ASM2421875v1	2025-07-20	Aeromonas caviae		FAHZZU2447					GCF_024218755.1-RS_2025_07_20	Complete Genome	2022-07-12		3	Aeromonas caviae
GCF_030505675.1	ASM3050567v1	2025-07-18	Aeromonas caviae		WZDHY22015					GCF_030505675.1-RS_2025_07_18	Complete Genome	2023-07-19		1	Aeromonas caviae
GCF_023921525.1	ASM2392152v1	2025-07-04	Aeromonas caviae		21006					GCF_023921525.1-RS_2025_07_04	Complete Genome	2022-06-27		1	Aeromonas caviae
GCF_050517515.1	ASM5051751v1	2025-05-23	Aeromonas caviae		AECA21					GCF_050517515.1-RS_2025_05_23	Complete Genome	2025-05-23		2	Aeromonas caviae
GCF_013487965.1	ASM1348796v1	2025-05-22	Aeromonas caviae		NY4617					GCF_013487965.1-RS_2025_05_22	Complete Genome	2020-07-23		1	Aeromonas caviae
GCF_029961805.1	ASM2996180v1	2025-05-12	Aeromonas caviae		W3					GCF_029961805.1-RS_2025_05_12	Complete Genome	2023-05-10		4	Aeromonas caviae
GCF_038442205.1	ASM3844220v1	2025-04-24	Aeromonas caviae		A20-9					GCF_038442205.1-RS_2025_04_24	Complete Genome	2024-04-25		2	Aeromonas caviae
GCF_029025765.1	ASM2902576v1	2025-04-16	Aeromonas caviae		K524					GCF_029025765.1-RS_2025_04_16	Complete Genome	2023-03-08		3	Aeromonas caviae
GCF_029773025.1	ASM2977302v1	2025-04-16	Aeromonas caviae		FIONA 16800					GCF_029773025.1-RS_2025_04_16	Complete Genome	2023-04-17		3	Aeromonas caviae
GCF_022343945.1	ASM2234394v1	2025-04-14	Aeromonas caviae		211703					GCF_022343945.1-RS_2025_04_14	Complete Genome	2022-02-20		1	Aeromonas caviae
GCF_028884875.1	ASM2888487v1	2025-04-14	Aeromonas caviae		CYEY0630					GCF_028884875.1-RS_2025_04_14	Complete Genome	2023-02-28		2	Aeromonas caviae
GCF_029590475.1	ASM2959047v1	2025-04-14	Aeromonas caviae		AC1520					GCF_029590475.1-RS_2025_04_14	Complete Genome	2023-04-05		2	Aeromonas caviae
GCF_037816745.1	ASM3781674v1	2025-04-05	Aeromonas caviae		BE3					GCF_037816745.1-RS_2025_04_05	Complete Genome	2024-04-06		2	Aeromonas caviae
GCF_014169735.1	ASM1416973v1	2025-04-03	Aeromonas caviae		WP8-S18-ESBL-04					GCF_014169735.1-RS_2025_04_03	Complete Genome	2020-07-21		2	Aeromonas caviae
GCF_026651325.1	ASM2665132v1	2025-03-25	Aeromonas caviae		BC02					GCF_026651325.1-RS_2025_03_25	Complete Genome	2022-12-05		5	Aeromonas caviae
GCF_026651305.1	ASM2665130v1	2025-03-25	Aeromonas caviae		BC01					GCF_026651305.1-RS_2025_03_25	Complete Genome	2022-12-05		5	Aeromonas caviae
GCF_026651405.1	ASM2665140v1	2025-03-25	Aeromonas caviae		BC11					GCF_026651405.1-RS_2025_03_25	Complete Genome	2022-12-05		6	Aeromonas caviae
GCF_015508545.1	ASM1550854v2	2025-03-23	Aeromonas caviae		KAM329					GCF_015508545.1-RS_2025_03_23	Complete Genome	2020-12-09		6	Aeromonas caviae
GCF_016861425.1	ASM1686142v1	2025-03-23	Aeromonas caviae		KAM376					GCF_016861425.1-RS_2025_03_23	Complete Genome	2021-01-20		8	Aeromonas caviae
GCF_016728865.1	ASM1672886v1	2025-03-23	Aeromonas caviae					Aero19		GCF_016728865.1-RS_2025_03_23	Complete Genome	2021-01-20		2	Aeromonas caviae
GCF_021654375.1	ASM2165437v1	2025-03-13	Aeromonas caviae		NUITM-VA2					GCF_021654375.1-RS_2025_03_13	Complete Genome	2021-11-27		1	Aeromonas caviae
GCF_047777995.1	ASM4777799v1	2025-02-16	Aeromonas caviae		BJ042					GCF_047777995.1-RS_2025_02_16	Complete Genome	2025-02-16		1	Aeromonas caviae
GCF_047778015.1	ASM4777801v1	2025-02-16	Aeromonas caviae		BJ093					GCF_047778015.1-RS_2025_02_16	Complete Genome	2025-02-16		1	Aeromonas caviae
GCF_014168635.1	ASM1416863v1	2025-02-13	Aeromonas caviae		WP2-W18-ESBL-01					GCF_014168635.1-RS_2025_02_13	Complete Genome	2020-07-21		2	Aeromonas caviae
GCF_003925855.2	ASM392585v2	2025-02-12	Aeromonas caviae		GSH8M-1					GCF_003925855.2-RS_2025_02_12	Complete Genome	2019-02-14		4	Aeromonas caviae
GCF_021609985.1	ASM2160998v1	2025-01-30	Aeromonas caviae		SCLZS52					GCF_021609985.1-RS_2025_01_30	Complete Genome	2022-01-26		9	Aeromonas caviae
GCF_020640975.1	ASM2064097v1	2025-01-30	Aeromonas caviae		71485					GCF_020640975.1-RS_2025_01_30	Complete Genome	2021-10-27		2	Aeromonas caviae
GCF_013488005.1	ASM1348800v1	2025-01-29	Aeromonas caviae		1605-27183					GCF_013488005.1-RS_2025_01_29	Complete Genome	2020-07-23		1	Aeromonas caviae
GCF_014158455.1	ASM1415845v1	2025-01-29	Aeromonas caviae		WP3-S18-ESBL-02					GCF_014158455.1-RS_2025_01_29	Complete Genome	2020-07-21		1	Aeromonas caviae
GCF_014169235.1	ASM1416923v1	2025-01-29	Aeromonas caviae		WP5-W18-ESBL-02					GCF_014169235.1-RS_2025_01_29	Complete Genome	2020-07-21		2	Aeromonas caviae
GCF_003294855.2	ASM329485v2	2025-01-29	Aeromonas caviae		R25-6					GCF_003294855.2-RS_2025_01_29	Complete Genome	2020-07-16		2	Aeromonas caviae
GCF_019972775.1	ASM1997277v2	2025-01-29	Aeromonas caviae		KAM345					GCF_019972775.1-RS_2025_01_29	Complete Genome	2021-08-05		7	Aeromonas caviae
GCF_019973835.1	ASM1997383v2	2025-01-29	Aeromonas caviae		KAM339					GCF_019973835.1-RS_2025_01_29	Complete Genome	2021-08-05		8	Aeromonas caviae
GCF_014169675.1	ASM1416967v1	2025-01-29	Aeromonas caviae		WP8-S18-CRE-01					GCF_014169675.1-RS_2025_01_29	Complete Genome	2020-07-21		4	Aeromonas caviae
GCF_013487985.1	ASM1348798v1	2025-01-29	Aeromonas caviae		1507-17068					GCF_013487985.1-RS_2025_01_29	Complete Genome	2020-07-23		1	Aeromonas caviae
GCF_016598815.1	ASM1659881v1	2025-01-29	Aeromonas caviae		Aero52					GCF_016598815.1-RS_2025_01_29	Complete Genome	2021-01-10		4	Aeromonas caviae
GCF_014162015.1	ASM1416201v1	2025-01-29	Aeromonas caviae		WP8-S17-ESBL-03					GCF_014162015.1-RS_2025_01_29	Complete Genome	2020-07-21		1	Aeromonas caviae
GCF_007179295.1	ASM717929v1	2025-01-28	Aeromonas caviae		WCW1-2					GCF_007179295.1-RS_2025_01_28	Complete Genome	2019-07-19		1	Aeromonas caviae
GCF_000783775.2	ASM78377v2	2025-01-28	Aeromonas caviae		FDAARGOS_72					GCF_000783775.2-RS_2025_01_28	Complete Genome	2018-01-29		1	Aeromonas caviae
GCF_034424415.1	ASM3442441v1	2025-01-23	Aeromonas caviae		HAMBI_1972					GCF_034424415.1-RS_2025_01_23	Complete Genome	2023-12-17		1	Aeromonas caviae
GCF_046764205.1	ASM4676420v1	2025-01-20	Aeromonas caviae		QZ63					GCF_046764205.1-RS_2025_01_20	Complete Genome	2025-01-20		1	Aeromonas caviae
GCF_900476005.1	51438_H01	2024-12-11	Aeromonas caviae		NCTC12244					GCF_900476005.1-RS_2024_12_11	Complete Genome	2018-06-17		1	Aeromonas caviae
GCF_045571405.1	ASM4557140v1	2024-12-04	Aeromonas caviae		K523					GCF_045571405.1-RS_2024_12_04	Complete Genome	2024-12-06		4	Aeromonas caviae
GCF_026000055.1	ASM2600005v1	2024-11-26	Aeromonas caviae		KAM479					GCF_026000055.1-RS_2024_11_26	Complete Genome	2022-10-11		6	Aeromonas caviae
GCF_020181575.1	ASM2018157v1	2024-11-18	Aeromonas caviae		K433					GCF_020181575.1-RS_2024_11_18	Complete Genome	2021-09-30		1	Aeromonas caviae
GCF_020405325.1	ASM2040532v1	2024-11-18	Aeromonas caviae		71442					GCF_020405325.1-RS_2024_11_18	Complete Genome	2021-10-10		1	Aeromonas caviae
GCF_024347775.1	ASM2434777v1	2024-10-16	Aeromonas caviae		KAM643					GCF_024347775.1-RS_2024_10_16	Complete Genome	2022-07-06		4	Aeromonas caviae
GCF_024347715.1	ASM2434771v1	2024-10-16	Aeromonas caviae		KAM497					GCF_024347715.1-RS_2024_10_16	Complete Genome	2022-07-06		7	Aeromonas caviae
GCF_024347695.1	ASM2434769v1	2024-10-13	Aeromonas caviae		KAM471					GCF_024347695.1-RS_2024_10_13	Complete Genome	2022-07-06		5	Aeromonas caviae
GCF_022631195.1	ASM2263119v1	2025-08-31	Aeromonas hydrophila		AC133					GCF_022631195.1-RS_2025_08_31	Complete Genome	2022-03-20		1	Aeromonas hydrophila
GCF_022631175.1	ASM2263117v1	2025-08-31	Aeromonas hydrophila		AC185					GCF_022631175.1-RS_2025_08_31	Complete Genome	2022-03-20		1	Aeromonas hydrophila
GCF_052063265.1	ASM5206326v1	2025-08-16	Aeromonas hydrophila		3					GCF_052063265.1-RS_2025_08_16	Complete Genome	2025-08-17		3	Aeromonas hydrophila
GCF_052063275.1	ASM5206327v1	2025-08-16	Aeromonas hydrophila		4					GCF_052063275.1-RS_2025_08_16	Complete Genome	2025-08-17		3	Aeromonas hydrophila
GCF_052063285.1	ASM5206328v1	2025-08-16	Aeromonas hydrophila		2					GCF_052063285.1-RS_2025_08_16	Complete Genome	2025-08-17		3	Aeromonas hydrophila
GCF_052058845.1	ASM5205884v1	2025-08-16	Aeromonas hydrophila		AH-7					GCF_052058845.1-RS_2025_08_16	Complete Genome	2025-08-16		2	Aeromonas hydrophila
GCF_052059235.1	ASM5205923v1	2025-08-16	Aeromonas hydrophila		AH-34					GCF_052059235.1-RS_2025_08_16	Complete Genome	2025-08-16		3	Aeromonas hydrophila
GCF_052058835.1	ASM5205883v1	2025-08-16	Aeromonas hydrophila		AH-12					GCF_052058835.1-RS_2025_08_16	Complete Genome	2025-08-16		3	Aeromonas hydrophila
GCF_052059225.1	ASM5205922v1	2025-08-16	Aeromonas hydrophila		AH-32					GCF_052059225.1-RS_2025_08_16	Complete Genome	2025-08-16		3	Aeromonas hydrophila
GCF_052059325.1	ASM5205932v1	2025-08-16	Aeromonas hydrophila		AH-40					GCF_052059325.1-RS_2025_08_16	Complete Genome	2025-08-16		2	Aeromonas hydrophila
GCF_052050085.1	ASM5205008v1	2025-08-15	Aeromonas hydrophila		BIDMC_4854					GCF_052050085.1-RS_2025_08_15	Complete Genome	2025-08-16		3	Aeromonas hydrophila
GCF_004684305.1	ASM468430v1	2025-07-23	Aeromonas hydrophila		WCX23					GCF_004684305.1-RS_2025_07_23	Complete Genome	2019-04-07		2	Aeromonas hydrophila
GCF_003491225.1	ASM349122v1	2025-07-08	Aeromonas hydrophila		ZYAH72					GCF_003491225.1-RS_2025_07_08	Complete Genome	2018-09-07		1	Aeromonas hydrophila
GCF_023823085.1	ASM2382308v1	2025-06-25	Aeromonas hydrophila		Ah27					GCF_023823085.1-RS_2025_06_25	Complete Genome	2022-06-21		1	Aeromonas hydrophila
GCF_050887685.1	LP-2	2025-06-12	Aeromonas hydrophila		LP-2					GCF_050887685.1-RS_2025_06_12	Complete Genome	2025-06-13		1	Aeromonas hydrophila
GCF_039718985.1	ASM3971898v1	2025-05-22	Aeromonas hydrophila		SHSK47					GCF_039718985.1-RS_2025_05_22	Complete Genome	2024-05-23		1	Aeromonas hydrophila
GCF_029962325.1	ASM2996232v1	2025-05-13	Aeromonas hydrophila		NN-MR659					GCF_029962325.1-RS_2025_05_13	Complete Genome	2023-05-10		1	Aeromonas hydrophila
GCF_022982835.1	ASM2298283v1	2025-05-07	Aeromonas hydrophila		Ah2111					GCF_022982835.1-RS_2025_05_07	Complete Genome	2022-04-14		8	Aeromonas hydrophila
GCF_050039675.1	ASM5003967v1	2025-05-01	Aeromonas hydrophila		14B-LG1					GCF_050039675.1-RS_2025_05_01	Complete Genome	2025-05-13		1	Aeromonas hydrophila
GCF_001895965.1	ASM189596v1	2025-04-30	Aeromonas hydrophila		MX16A					GCF_001895965.1-RS_2025_04_30	Complete Genome	2016-12-09		1	Aeromonas hydrophila
GCF_022869925.1	ASM2286992v1	2025-04-26	Aeromonas hydrophila		PartN-Ahydrophila-RM8376					GCF_022869925.1-RS_2025_04_26	Complete Genome	2022-04-11		1	Aeromonas hydrophila
GCF_000633175.1	ASM63317v1	2025-04-23	Aeromonas hydrophila subsp. hydrophila AL09-71		AL09-71			4		GCF_000633175.1-RS_2025_04_23	Complete Genome	2014-04-18		1	Aeromonas hydrophila
GCF_011602425.1	ASM1160242v1	2025-04-19	Aeromonas hydrophila		LHW39					GCF_011602425.1-RS_2025_04_19	Complete Genome	2020-03-21		1	Aeromonas hydrophila
GCF_029773045.1	ASM2977304v1	2025-04-16	Aeromonas hydrophila		YURI 17					GCF_029773045.1-RS_2025_04_16	Complete Genome	2023-04-17		3	Aeromonas hydrophila
GCF_028994095.1	ASM2899409v1	2025-04-13	Aeromonas hydrophila		K522					GCF_028994095.1-RS_2025_04_13	Complete Genome	2023-03-05		5	Aeromonas hydrophila
GCF_004684325.1	ASM468432v1	2025-04-13	Aeromonas hydrophila		23-C-23					GCF_004684325.1-RS_2025_04_13	Complete Genome	2019-04-07		2	Aeromonas hydrophila
GCF_018802305.1	ASM1880230v1	2025-04-13	Aeromonas hydrophila		4960					GCF_018802305.1-RS_2025_04_13	Complete Genome	2021-06-09		1	Aeromonas hydrophila
GCF_001019645.1	ASM101964v1	2025-04-13	Aeromonas hydrophila NJ-35		NJ-35					GCF_001019645.1-RS_2025_04_13	Complete Genome	2015-06-03		1	Aeromonas hydrophila
GCF_018802385.1	ASM1880238v1	2025-04-12	Aeromonas hydrophila		3019					GCF_018802385.1-RS_2025_04_12	Complete Genome	2021-06-09		1	Aeromonas hydrophila
GCF_029320915.1	ASM2932091v1	2025-04-12	Aeromonas hydrophila		516					GCF_029320915.1-RS_2025_04_12	Complete Genome	2023-03-21		2	Aeromonas hydrophila
GCF_029025785.1	ASM2902578v1	2025-04-11	Aeromonas hydrophila		K533					GCF_029025785.1-RS_2025_04_11	Complete Genome	2023-03-08		4	Aeromonas hydrophila
GCF_022557195.1	ASM2255719v1	2025-04-11	Aeromonas hydrophila		LP0103					GCF_022557195.1-RS_2025_04_11	Complete Genome	2022-03-13		1	Aeromonas hydrophila
GCF_022759545.1	ASM2275954v1	2025-04-11	Aeromonas hydrophila		A008N2					GCF_022759545.1-RS_2025_04_11	Complete Genome	2022-03-30		1	Aeromonas hydrophila
GCF_037765365.1	ASM3776536v1	2025-04-10	Aeromonas hydrophila		AH230115					GCF_037765365.1-RS_2025_04_10	Complete Genome	2024-04-05		3	Aeromonas hydrophila
GCF_022700835.1	ASM2270083v1	2025-04-10	Aeromonas hydrophila		Aer_Pi25.1HTAS					GCF_022700835.1-RS_2025_04_10	Complete Genome	2022-03-28		1	Aeromonas hydrophila
GCF_022700855.1	ASM2270085v1	2025-04-10	Aeromonas hydrophila		Aer_Brac14A					GCF_022700855.1-RS_2025_04_10	Complete Genome	2022-03-28		1	Aeromonas hydrophila
GCF_022700815.1	ASM2270081v1	2025-04-10	Aeromonas hydrophila		Aer_Brac66					GCF_022700815.1-RS_2025_04_10	Complete Genome	2022-03-28		1	Aeromonas hydrophila
GCF_017310215.1	ASM1731021v1	2025-04-08	Aeromonas hydrophila		OnP3.1					GCF_017310215.1-RS_2025_04_08	Complete Genome	2021-03-09		1	Aeromonas hydrophila
GCF_017310195.1	ASM1731019v1	2025-04-08	Aeromonas hydrophila		Brac6					GCF_017310195.1-RS_2025_04_08	Complete Genome	2021-03-09		1	Aeromonas hydrophila
GCF_037815895.1	ASM3781589v1	2025-04-05	Aeromonas hydrophila		BE2					GCF_037815895.1-RS_2025_04_05	Complete Genome	2024-04-06		1	Aeromonas hydrophila
GCF_003491245.1	ASM349124v1	2025-04-03	Aeromonas hydrophila		ZYAH75					GCF_003491245.1-RS_2025_04_03	Complete Genome	2018-09-07		1	Aeromonas hydrophila
GCF_028621795.1	ASM2862179v1	2025-03-25	Aeromonas hydrophila		516					GCF_028621795.1-RS_2025_03_25	Complete Genome	2023-02-14		1	Aeromonas hydrophila
GCF_001683535.1	ASM168353v1	2025-03-05	Aeromonas hydrophila		GYK1					GCF_001683535.1-RS_2025_03_05	Complete Genome	2016-07-11		1	Aeromonas hydrophila
GCF_001687125.1	ASM168712v1	2025-03-05	Aeromonas hydrophila		AHNIH1					GCF_001687125.1-RS_2025_03_05	Complete Genome	2016-07-18		2	Aeromonas hydrophila
GCF_001455365.1	ASM145536v1	2025-03-03	Aeromonas hydrophila		JBN2301					GCF_001455365.1-RS_2025_03_03	Complete Genome	2015-12-02		4	Aeromonas hydrophila
GCF_001518775.1	ASM151877v1	2025-03-03	Aeromonas hydrophila		D4					GCF_001518775.1-RS_2025_03_03	Complete Genome	2016-01-20		5	Aeromonas hydrophila
GCF_047777985.1	ASM4777798v1	2025-02-16	Aeromonas hydrophila		BJ014					GCF_047777985.1-RS_2025_02_16	Complete Genome	2025-02-16		5	Aeromonas hydrophila
GCF_047777975.1	ASM4777797v1	2025-02-16	Aeromonas hydrophila		BJ018					GCF_047777975.1-RS_2025_02_16	Complete Genome	2025-02-16		5	Aeromonas hydrophila
GCF_014169715.1	ASM1416971v1	2025-02-13	Aeromonas hydrophila		WP8-S18-ESBL-02					GCF_014169715.1-RS_2025_02_13	Complete Genome	2020-07-21		2	Aeromonas hydrophila
GCF_004296435.1	ASM429643v1	2025-02-12	Aeromonas hydrophila		GSH8-2					GCF_004296435.1-RS_2025_02_12	Complete Genome	2019-02-14		2	Aeromonas hydrophila
GCF_030908525.1	ASM3090852v1	2025-08-26	Aeromonas veronii		HS1906					GCF_030908525.1-RS_2025_08_26	Complete Genome	2023-08-27		4	Aeromonas veronii
GCF_024583155.1	ASM2458315v1	2025-08-22	Aeromonas veronii		GD21SC2322TT					GCF_024583155.1-RS_2025_08_22	Complete Genome	2022-08-07		2	Aeromonas veronii
GCF_051987585.1	ASM5198758v1	2025-08-14	Aeromonas veronii		AV0110					GCF_051987585.1-RS_2025_08_14	Complete Genome	2025-08-14		1	Aeromonas veronii
GCF_051986605.1	ASM5198660v1	2025-08-14	Aeromonas veronii		AV1212					GCF_051986605.1-RS_2025_08_14	Complete Genome	2025-08-14		1	Aeromonas veronii
GCF_030609635.1	ASM3060963v1	2025-08-08	Aeromonas veronii		AS1					GCF_030609635.1-RS_2025_08_08	Complete Genome	2023-08-03		1	Aeromonas veronii
GCF_023921405.1	ASM2392140v1	2025-07-04	Aeromonas veronii		183026					GCF_023921405.1-RS_2025_07_04	Complete Genome	2022-06-27		1	Aeromonas veronii
GCF_040215105.1	ASM4021510v1	2025-06-27	Aeromonas veronii		Ichip_C_3-7					GCF_040215105.1-RS_2025_06_27	Complete Genome	2024-06-20		1	Aeromonas veronii
GCF_030178455.1	ASM3017845v1	2025-06-05	Aeromonas veronii		AV066					GCF_030178455.1-RS_2025_06_05	Complete Genome	2023-06-06		2	Aeromonas veronii
GCF_050500275.1	ASM5050027v1	2025-05-21	Aeromonas veronii		Y6					GCF_050500275.1-RS_2025_05_21	Complete Genome	2025-05-22		1	Aeromonas veronii
GCF_023100745.1	ASM2310074v1	2025-05-12	Aeromonas veronii		AV040					GCF_023100745.1-RS_2025_05_12	Complete Genome	2022-04-25		1	Aeromonas veronii
GCF_022921155.1	ASM2292115v1	2025-05-11	Aeromonas veronii		HD6448					GCF_022921155.1-RS_2025_05_11	Complete Genome	2022-04-12		6	Aeromonas veronii
GCF_029773485.1	ASM2977348v1	2025-04-16	Aeromonas veronii		ANYA 15694					GCF_029773485.1-RS_2025_04_16	Complete Genome	2023-04-17		1	Aeromonas veronii
GCF_029773425.1	ASM2977342v1	2025-04-16	Aeromonas veronii		ANYA 18263					GCF_029773425.1-RS_2025_04_16	Complete Genome	2023-04-17		2	Aeromonas veronii
GCF_002866885.2	ASM286688v2	2025-04-16	Aeromonas veronii		FC951					GCF_002866885.2-RS_2025_04_16	Complete Genome	2018-10-16		2	Aeromonas veronii
GCF_029773525.1	ASM2977352v1	2025-04-16	Aeromonas veronii		ANYA 14022					GCF_029773525.1-RS_2025_04_16	Complete Genome	2023-04-17		4	Aeromonas veronii
GCF_029773545.1	ASM2977354v1	2025-04-16	Aeromonas veronii		LOID 16013					GCF_029773545.1-RS_2025_04_16	Complete Genome	2023-04-17		3	Aeromonas veronii
GCF_029773245.1	ASM2977324v1	2025-04-16	Aeromonas veronii		LOID 15995					GCF_029773245.1-RS_2025_04_16	Complete Genome	2023-04-17		3	Aeromonas veronii
GCF_029773265.1	ASM2977326v1	2025-04-16	Aeromonas veronii		ANYA 18661					GCF_029773265.1-RS_2025_04_16	Complete Genome	2023-04-17		3	Aeromonas veronii
GCF_029773325.1	ASM2977332v1	2025-04-16	Aeromonas veronii		ANYA 19170					GCF_029773325.1-RS_2025_04_16	Complete Genome	2023-04-17		1	Aeromonas veronii
GCF_029773565.1	ASM2977356v1	2025-04-16	Aeromonas veronii		ANYA 13997					GCF_029773565.1-RS_2025_04_16	Complete Genome	2023-04-17		1	Aeromonas veronii
GCF_029773385.1	ASM2977338v1	2025-04-16	Aeromonas veronii		ANYA 14386					GCF_029773385.1-RS_2025_04_16	Complete Genome	2023-04-17		1	Aeromonas veronii
GCF_029773065.1	ASM2977306v1	2025-04-16	Aeromonas veronii		ANYA 14430					GCF_029773065.1-RS_2025_04_16	Complete Genome	2023-04-17		2	Aeromonas veronii
GCF_029773085.1	ASM2977308v1	2025-04-16	Aeromonas veronii		ANYA 16549					GCF_029773085.1-RS_2025_04_16	Complete Genome	2023-04-17		2	Aeromonas veronii
GCF_029773405.1	ASM2977340v1	2025-04-16	Aeromonas veronii		ANYA 15110					GCF_029773405.1-RS_2025_04_16	Complete Genome	2023-04-17		1	Aeromonas veronii
GCF_029773345.1	ASM2977334v1	2025-04-16	Aeromonas veronii		ANYA 18644					GCF_029773345.1-RS_2025_04_16	Complete Genome	2023-04-17		2	Aeromonas veronii
GCF_029773445.1	ASM2977344v1	2025-04-16	Aeromonas veronii		ANYA 18462					GCF_029773445.1-RS_2025_04_16	Complete Genome	2023-04-17		2	Aeromonas veronii
GCF_029773505.1	ASM2977350v1	2025-04-16	Aeromonas veronii		ANYA 18197					GCF_029773505.1-RS_2025_04_16	Complete Genome	2023-04-17		2	Aeromonas veronii
GCF_029773225.1	ASM2977322v1	2025-04-16	Aeromonas veronii		ANYA 19953					GCF_029773225.1-RS_2025_04_16	Complete Genome	2023-04-17		1	Aeromonas veronii
GCF_029773465.1	ASM2977346v1	2025-04-16	Aeromonas veronii		ANYA 18196					GCF_029773465.1-RS_2025_04_16	Complete Genome	2023-04-17		1	Aeromonas veronii
GCF_029773365.1	ASM2977336v1	2025-04-16	Aeromonas veronii		ANYA 16702					GCF_029773365.1-RS_2025_04_16	Complete Genome	2023-04-17		1	Aeromonas veronii
GCF_020172765.2	ASM2017276v2	2025-04-14	Aeromonas veronii		SW3814					GCF_020172765.2-RS_2025_04_14	Complete Genome	2022-01-25		3	Aeromonas veronii
GCF_029633935.1	ASM2963393v1	2025-04-10	Aeromonas veronii		b1-3					GCF_029633935.1-RS_2025_04_10	Complete Genome	2023-04-10		3	Aeromonas veronii
GCF_049331855.1	ASM4933185v1	2025-04-08	Aeromonas veronii		D3					GCF_049331855.1-RS_2025_04_08	Complete Genome	2025-04-09		2	Aeromonas veronii
GCF_037101225.1	ASM3710122v1	2025-04-05	Aeromonas veronii		VA60					GCF_037101225.1-RS_2025_04_05	Complete Genome	2024-04-05		2	Aeromonas veronii
GCF_037101215.1	ASM3710121v1	2025-04-05	Aeromonas veronii		VA7					GCF_037101215.1-RS_2025_04_05	Complete Genome	2024-04-05		3	Aeromonas veronii
GCF_021586915.1	ASM2158691v1	2025-03-23	Aeromonas veronii		A29V					GCF_021586915.1-RS_2025_03_23	Complete Genome	2022-01-25		3	Aeromonas veronii
GCF_017310275.1	ASM1731027v1	2025-03-23	Aeromonas veronii		1708-29120					GCF_017310275.1-RS_2025_03_23	Complete Genome	2021-03-09		1	Aeromonas veronii
GCF_009834065.1	ASM983406v1	2025-03-22	Aeromonas veronii		AVNIH1					GCF_009834065.1-RS_2025_03_22	Complete Genome	2020-01-08		1	Aeromonas veronii
GCF_011045495.1	ASM1104549v1	2025-03-22	Aeromonas veronii		ZfB1					GCF_011045495.1-RS_2025_03_22	Complete Genome	2020-03-02		1	Aeromonas veronii
GCF_003722175.1	ASM372217v1	2025-03-20	Aeromonas veronii		MS-18-37					GCF_003722175.1-RS_2025_03_20	Complete Genome	2018-11-13		1	Aeromonas veronii
GCF_003491365.1	ASM349136v1	2025-03-20	Aeromonas veronii		17ISAe					GCF_003491365.1-RS_2025_03_20	Complete Genome	2018-09-07		2	Aeromonas veronii
GCF_000204115.1	ASM20411v1	2025-03-20	Aeromonas veronii B565		B565					GCF_000204115.1-RS_2025_03_20	Complete Genome	2011-04-13		1	Aeromonas veronii
GCF_014168995.1	ASM1416899v1	2025-03-17	Aeromonas veronii		WP3-W19-ESBL-03					GCF_014168995.1-RS_2025_03_17	Complete Genome	2020-07-21		6	Aeromonas veronii
GCF_014169875.1	ASM1416987v1	2025-03-17	Aeromonas veronii		WP9-W18-ESBL-04					GCF_014169875.1-RS_2025_03_17	Complete Genome	2020-07-21		5	Aeromonas veronii
GCF_000464515.2	ASM46451v2	2025-03-15	Aeromonas veronii Hm21		Hm21					GCF_000464515.2-RS_2025_03_15	Complete Genome	2020-07-31		2	Aeromonas veronii
GCF_020640955.1	ASM2064095v1	2024-12-12	Aeromonas veronii		71506					GCF_020640955.1-RS_2024_12_12	Complete Genome	2021-10-27		3	Aeromonas veronii
GCF_002803945.1	ASM280394v1	2024-12-11	Aeromonas veronii		X12					GCF_002803945.1-RS_2024_12_11	Complete Genome	2017-12-04		1	Aeromonas veronii
GCF_020544445.1	ASM2054444v1	2024-12-10	Aeromonas veronii		32286					GCF_020544445.1-RS_2024_12_10	Complete Genome	2021-10-25		1	Aeromonas veronii
GCF_001593245.1	ASM159324v1	2024-12-10	Aeromonas veronii		TH0426					GCF_001593245.1-RS_2024_12_10	Complete Genome	2016-03-16		1	Aeromonas veronii
GCF_013415825.1	ASM1341582v1	2024-12-10	Aeromonas veronii		JC529					GCF_013415825.1-RS_2024_12_10	Complete Genome	2020-07-15		1	Aeromonas veronii
GCF_000022505.1	ASM2250v1	2025-08-25	Bacillus cereus 03BB102		03BB102					GCF_000022505.1-RS_2025_08_25	Complete Genome	2009-03-30		2	Bacillus cereus
GCF_000021305.1	ASM2130v1	2025-08-25	Bacillus cereus G9842		G9842					GCF_000021305.1-RS_2025_08_25	Complete Genome	2008-12-19		3	Bacillus cereus
GCF_030067875.1	ASM3006787v1	2025-08-24	Bacillus cereus		FFI_gr_36					GCF_030067875.1-RS_2025_08_24	Complete Genome	2023-05-24		2	Bacillus cereus
GCF_030067855.1	ASM3006785v1	2025-08-24	Bacillus cereus		FFI_gr_46					GCF_030067855.1-RS_2025_08_24	Complete Genome	2023-05-24		3	Bacillus cereus
GCF_052122615.1	ASM5212261v1	2025-08-19	Bacillus cereus		26-1					GCF_052122615.1-RS_2025_08_19	Complete Genome	2025-08-19	JBQJKC01	3	Bacillus cereus
GCF_013267775.1	ASM1326777v1	2025-08-02	Bacillus cereus		FDAARGOS_797					GCF_013267775.1-RS_2025_08_02	Complete Genome	2020-06-04		2	Bacillus cereus
GCF_013267235.1	ASM1326723v1	2025-08-02	Bacillus cereus		FDAARGOS_802					GCF_013267235.1-RS_2025_08_02	Complete Genome	2020-06-04		8	Bacillus cereus
GCF_013267475.1	ASM1326747v1	2025-08-02	Bacillus cereus		FDAARGOS_780					GCF_013267475.1-RS_2025_08_02	Complete Genome	2020-06-04		4	Bacillus cereus
GCF_013267455.1	ASM1326745v1	2025-08-02	Bacillus cereus		FDAARGOS_781					GCF_013267455.1-RS_2025_08_02	Complete Genome	2020-06-04		4	Bacillus cereus
GCF_051669205.1	ASM5166920v1	2025-08-01	Bacillus cereus		Tor 16585					GCF_051669205.1-RS_2025_08_01	Complete Genome	2025-08-02		4	Bacillus cereus
GCF_024299105.1	ASM2429910v1	2025-07-25	Bacillus cereus		MB1					GCF_024299105.1-RS_2025_07_25	Complete Genome	2022-07-18		3	Bacillus cereus
GCF_030518615.1	ASM3051861v1	2025-07-22	Bacillus cereus		DW444					GCF_030518615.1-RS_2025_07_22	Complete Genome	2023-07-23		4	Bacillus cereus
GCF_018884185.1	ASM1888418v1	2025-07-13	Bacillus cereus		CF4-51					GCF_018884185.1-RS_2025_07_13	Complete Genome	2021-06-15		4	Bacillus cereus
GCF_030291955.1	ASM3029195v1	2025-07-08	Bacillus cereus		D5_B_69					GCF_030291955.1-RS_2025_07_08	Complete Genome	2023-06-20		3	Bacillus cereus
GCF_030406205.1	ASM3040620v1	2025-07-06	Bacillus cereus		lycx					GCF_030406205.1-RS_2025_07_06	Complete Genome	2023-07-04		2	Bacillus cereus
GCF_051132255.1	ASM5113225v1	2025-06-29	Bacillus cereus		DP040					GCF_051132255.1-RS_2025_06_29	Complete Genome	2025-06-29		2	Bacillus cereus
GCF_040268315.1	ASM4026831v1	2025-06-24	Bacillus cereus		NBNZ-2162					GCF_040268315.1-RS_2025_06_24	Complete Genome	2024-06-25		2	Bacillus cereus
GCF_040210495.1	ASM4021049v1	2025-06-19	Bacillus cereus		B9					GCF_040210495.1-RS_2025_06_19	Complete Genome	2024-06-20		5	Bacillus cereus
GCF_018309125.1	ASM1830912v1	2025-06-16	Bacillus cereus		BC06					GCF_018309125.1-RS_2025_06_16	Complete Genome	2021-05-07		3	Bacillus cereus
GCF_018309145.1	ASM1830914v1	2025-06-15	Bacillus cereus		BC07					GCF_018309145.1-RS_2025_06_15	Complete Genome	2021-05-07		5	Bacillus cereus
GCF_023094015.1	ASM2309401v1	2025-06-12	Bacillus cereus		CDHWZ7					GCF_023094015.1-RS_2025_06_12	Complete Genome	2022-04-24		3	Bacillus cereus
GCF_000007825.1	ASM782v1	2025-06-11	Bacillus cereus ATCC 14579		ATCC 14579					GCF_000007825.1-RS_2025_06_11	Complete Genome	2003-04-17		2	Bacillus cereus
GCF_050871175.1	Bacillus cereus Genome sequencing	2025-06-11	Bacillus cereus		FWZ-1					GCF_050871175.1-RS_2025_06_11	Complete Genome	2025-06-12		1	Bacillus cereus
GCF_025946485.2	ASM2594648v2	2025-06-11	Bacillus cereus		BC38B					GCF_025946485.2-RS_2025_06_11	Complete Genome	2023-02-24		2	Bacillus cereus
GCF_050814675.1	ASM5081467v1	2025-06-07	Bacillus cereus		JMF-2008-3-0007					GCF_050814675.1-RS_2025_06_07	Complete Genome	2025-06-07		6	Bacillus cereus
GCF_016774555.1	ASM1677455v1	2025-06-02	Bacillus cereus		21155					GCF_016774555.1-RS_2025_06_02	Complete Genome	2021-01-31		5	Bacillus cereus
GCF_004801195.1	ASM480119v1	2025-05-31	Bacillus cereus		MH19					GCF_004801195.1-RS_2025_05_31	Complete Genome	2019-04-19		1	Bacillus cereus
GCF_004006495.1	ASM400649v1	2025-05-29	Bacillus cereus		ZB201708					GCF_004006495.1-RS_2025_05_29	Complete Genome	2019-01-09		1	Bacillus cereus
GCF_045838415.1	Bacillus cereus strain Ta-LAA-64	2025-05-28	Bacillus cereus		Ta-LAA-64					GCF_045838415.1-RS_2025_05_28	Complete Genome	2025-05-29		1	Bacillus cereus
GCF_030064245.1	ASM3006424v1	2025-05-22	Bacillus cereus		IBA1					GCF_030064245.1-RS_2025_05_22	Complete Genome	2023-05-23		1	Bacillus cereus
GCF_009739965.1	ASM973996v1	2025-05-21	Bacillus cereus		DLOU-Tangshan					GCF_009739965.1-RS_2025_05_21	Complete Genome	2019-12-11		2	Bacillus cereus
GCF_001518875.1	ASM151887v1	2025-05-21	Bacillus cereus		FORC_013					GCF_001518875.1-RS_2025_05_21	Complete Genome	2016-01-20		2	Bacillus cereus
GCF_002214765.1	ASM221476v1	2025-05-21	Bacillus cereus		FORC_048					GCF_002214765.1-RS_2025_05_21	Complete Genome	2017-07-05		1	Bacillus cereus
GCF_002000005.1	ASM200000v1	2025-05-21	Bacillus cereus		FORC021					GCF_002000005.1-RS_2025_05_21	Complete Genome	2017-02-15		2	Bacillus cereus
GCF_023516415.1	ASM2351641v1	2025-05-21	Bacillus cereus		DQ01					GCF_023516415.1-RS_2025_05_21	Complete Genome	2022-05-22		3	Bacillus cereus
GCF_002224345.1	ASM222434v1	2025-05-21	Bacillus cereus C1L		C1L					GCF_002224345.1-RS_2025_05_21	Complete Genome	2017-07-24		4	Bacillus cereus
GCF_013394245.1	ASM1339424v1	2025-05-14	Bacillus cereus		H2					GCF_013394245.1-RS_2025_05_14	Complete Genome	2020-07-08		3	Bacillus cereus
GCF_001721145.1	ASM172114v1	2025-05-14	Bacillus cereus		FORC_024					GCF_001721145.1-RS_2025_05_14	Complete Genome	2016-09-07		1	Bacillus cereus
GCF_024498915.1	ASM2449891v1	2025-05-14	Bacillus cereus		GSICC 30237					GCF_024498915.1-RS_2025_05_14	Complete Genome	2022-08-01		4	Bacillus cereus
GCF_003020845.1	ASM302084v1	2025-05-14	Bacillus cereus		FORC60					GCF_003020845.1-RS_2025_05_14	Complete Genome	2018-03-27		1	Bacillus cereus
GCF_021442085.1	ASM2144208v1	2025-05-14	Bacillus cereus		NR1					GCF_021442085.1-RS_2025_05_14	Complete Genome	2022-01-12		2	Bacillus cereus
GCF_019704155.2	ASM1970415v2	2025-05-14	Bacillus cereus		HT18					GCF_019704155.2-RS_2025_05_14	Complete Genome	2022-01-25		6	Bacillus cereus
GCF_004771155.1	ASM477115v1	2025-05-14	Bacillus cereus		1000305					GCF_004771155.1-RS_2025_05_14	Complete Genome	2019-04-11		1	Bacillus cereus
GCF_025035865.1	ASM2503586v1	2025-05-14	Bacillus cereus		FORC_010					GCF_025035865.1-RS_2025_05_14	Complete Genome	2022-09-07		2	Bacillus cereus
GCF_009739985.1	ASM973998v1	2025-05-14	Bacillus cereus		DLOU-Weihai					GCF_009739985.1-RS_2025_05_14	Complete Genome	2019-12-11		2	Bacillus cereus
GCF_024584625.1	ASM2458462v1	2025-05-14	Bacillus cereus		C-1					GCF_024584625.1-RS_2025_05_14	Complete Genome	2022-08-08		2	Bacillus cereus
GCF_006349735.2	ASM634973v2	2025-05-14	Bacillus cereus		A24					GCF_006349735.2-RS_2025_05_14	Complete Genome	2021-11-01		3	Bacillus cereus
GCF_013284505.2	ASM1328450v2	2025-05-14	Bacillus cereus		HD1.4B					GCF_013284505.2-RS_2025_05_14	Complete Genome	2021-11-01		4	Bacillus cereus
GCF_013284455.2	ASM1328445v2	2025-05-14	Bacillus cereus		HD2.4					GCF_013284455.2-RS_2025_05_14	Complete Genome	2021-11-01		4	Bacillus cereus
GCF_000021205.1	ASM2120v1	2025-05-14	Bacillus cereus B4264		B4264					GCF_000021205.1-RS_2025_05_14	Complete Genome	2008-12-17		1	Bacillus cereus
GCF_024508095.1	ASM2450809v1	2025-08-27	Bacillus subtilis		RUB331					GCF_024508095.1-RS_2025_08_27	Complete Genome	2022-08-03		1	Bacillus subtilis
GCF_024507895.1	ASM2450789v1	2025-08-27	Bacillus subtilis		BGSC 10A5					GCF_024507895.1-RS_2025_08_27	Complete Genome	2022-08-03		1	Bacillus subtilis
GCF_024507835.1	ASM2450783v1	2025-08-27	Bacillus subtilis subsp. subtilis		BGSC 10A5					GCF_024507835.1-RS_2025_08_27	Complete Genome	2022-08-03		1	Bacillus subtilis
GCF_052233195.1	ASM5223319v1	2025-08-26	Bacillus subtilis		DN3-1					GCF_052233195.1-RS_2025_08_26	Complete Genome	2025-08-28		1	Bacillus subtilis
GCF_021497525.1	ASM2149752v1	2025-08-25	Bacillus subtilis		JNFE1126					GCF_021497525.1-RS_2025_08_25	Complete Genome	2022-01-18		3	Bacillus subtilis
GCF_021497545.1	ASM2149754v1	2025-08-25	Bacillus subtilis		JNFE0126					GCF_021497545.1-RS_2025_08_25	Complete Genome	2022-01-18		3	Bacillus subtilis
GCF_052146085.1	ASM5214608v1	2025-08-20	Bacillus subtilis		19-F3					GCF_052146085.1-RS_2025_08_20	Complete Genome	2025-08-20		1	Bacillus subtilis
GCF_052142275.1	ASM5214227v1	2025-08-20	Bacillus subtilis		19-E3					GCF_052142275.1-RS_2025_08_20	Complete Genome	2025-08-20		1	Bacillus subtilis
GCF_052145425.1	ASM5214542v1	2025-08-20	Bacillus subtilis		19-WTA					GCF_052145425.1-RS_2025_08_20	Complete Genome	2025-08-20		1	Bacillus subtilis
GCF_030643845.1	ASM3064384v1	2025-08-19	Bacillus subtilis		GXD-20					GCF_030643845.1-RS_2025_08_19	Complete Genome	2023-08-04		1	Bacillus subtilis
GCF_052119865.1	ASM5211986v1	2025-08-19	Bacillus subtilis		2-H1					GCF_052119865.1-RS_2025_08_19	Complete Genome	2025-08-19	JBQJFO01	2	Bacillus subtilis
GCF_052077925.1	ASM5207792v1	2025-08-19	Bacillus subtilis		2-WTA					GCF_052077925.1-RS_2025_08_19	Complete Genome	2025-08-17	JBQJFP01	2	Bacillus subtilis
GCF_052119875.1	ASM5211987v1	2025-08-19	Bacillus subtilis		2-E1					GCF_052119875.1-RS_2025_08_19	Complete Genome	2025-08-19	JBQJFN01	2	Bacillus subtilis
GCF_030643765.1	ASM3064376v1	2025-08-19	Bacillus subtilis		JD-014					GCF_030643765.1-RS_2025_08_19	Complete Genome	2023-08-04		2	Bacillus subtilis
GCF_052120895.1	ASM5212089v1	2025-08-19	Bacillus subtilis		2-F2					GCF_052120895.1-RS_2025_08_19	Complete Genome	2025-08-19	JBQJFM01	2	Bacillus subtilis
GCF_052077915.1	ASM5207791v1	2025-08-19	Bacillus subtilis		2-WTB					GCF_052077915.1-RS_2025_08_19	Complete Genome	2025-08-17	JBQJFQ01	2	Bacillus subtilis
GCF_051935865.1	ASM5193586v1	2025-08-13	Bacillus subtilis		GLB191					GCF_051935865.1-RS_2025_08_13	Complete Genome	2025-08-13		1	Bacillus subtilis
GCF_051912505.1	ASM5191250v1	2025-08-12	Bacillus subtilis		4E					GCF_051912505.1-RS_2025_08_12	Complete Genome	2025-08-12		2	Bacillus subtilis
GCF_051912515.1	ASM5191251v1	2025-08-12	Bacillus subtilis subsp. subtilis		1E					GCF_051912515.1-RS_2025_08_12	Complete Genome	2025-08-12		1	Bacillus subtilis
GCF_051908735.1	ASM5190873v1	2025-08-11	Bacillus subtilis		A1					GCF_051908735.1-RS_2025_08_11	Complete Genome	2025-08-11	JBPZSJ01	2	Bacillus subtilis
GCF_051904005.1	ASM5190400v1	2025-08-10	Bacillus subtilis		8SII					GCF_051904005.1-RS_2025_08_10	Complete Genome	2025-08-10		1	Bacillus subtilis
GCF_051904015.1	ASM5190401v1	2025-08-10	Bacillus subtilis subsp. subtilis		NM261					GCF_051904015.1-RS_2025_08_10	Complete Genome	2025-08-10		1	Bacillus subtilis
GCF_024220155.1	ASM2422015v1	2025-08-02	Bacillus subtilis		MEC_B298					GCF_024220155.1-RS_2025_08_02	Complete Genome	2022-07-12		1	Bacillus subtilis
GCF_024733955.1	ASM2473395v1	2025-08-01	Bacillus subtilis		A-5					GCF_024733955.1-RS_2025_08_01	Complete Genome	2022-08-22	JALJVV01	3	Bacillus subtilis
GCF_051515105.1	ASM5151510v1	2025-07-25	Bacillus subtilis		M4					GCF_051515105.1-RS_2025_07_25	Complete Genome	2025-07-29		2	Bacillus subtilis
GCF_018884165.1	ASM1888416v1	2025-07-22	Bacillus subtilis		s-16					GCF_018884165.1-RS_2025_07_22	Complete Genome	2021-06-15		1	Bacillus subtilis
GCF_030438175.1	ASM3043817v1	2025-07-22	Bacillus subtilis		SRCM126725					GCF_030438175.1-RS_2025_07_22	Complete Genome	2023-07-11		1	Bacillus subtilis
GCF_001565875.1	ASM156587v1	2025-07-11	Bacillus subtilis subsp. natto		CGMCC 2108					GCF_001565875.1-RS_2025_07_11	Complete Genome	2016-02-22		3	Bacillus subtilis
GCF_001747445.1	ASM174744v1	2025-07-10	Bacillus subtilis		HRBS-10TDI13					GCF_001747445.1-RS_2025_07_10	Complete Genome	2016-09-28		2	Bacillus subtilis
GCF_001660525.1	ASM166052v1	2025-07-10	Bacillus subtilis subsp. subtilis		delta6					GCF_001660525.1-RS_2025_07_10	Complete Genome	2016-06-09		1	Bacillus subtilis
GCF_030297075.1	ASM3029707v1	2025-07-10	Bacillus subtilis subsp. natto		NARUSE					GCF_030297075.1-RS_2025_07_10	Complete Genome	2023-05-11		2	Bacillus subtilis
GCF_023702085.1	ASM2370208v1	2025-07-05	Bacillus subtilis		N2-10					GCF_023702085.1-RS_2025_07_05	Complete Genome	2022-06-11		1	Bacillus subtilis
GCF_023702515.1	ASM2370251v1	2025-07-04	Bacillus subtilis		NB205					GCF_023702515.1-RS_2025_07_04	Complete Genome	2022-06-12		3	Bacillus subtilis
GCF_009662255.1	ASM966225v1	2025-07-01	Bacillus subtilis		MB8_B1					GCF_009662255.1-RS_2025_07_01	Complete Genome	2019-11-14		1	Bacillus subtilis
GCF_009662155.1	ASM966215v1	2025-07-01	Bacillus subtilis		MB9_B4					GCF_009662155.1-RS_2025_07_01	Complete Genome	2019-11-14		1	Bacillus subtilis
GCF_009662455.1	ASM966245v1	2025-07-01	Bacillus subtilis		P9_B1					GCF_009662455.1-RS_2025_07_01	Complete Genome	2019-11-14		1	Bacillus subtilis
GCF_002173615.1	ASM217361v1	2025-07-01	Bacillus subtilis subsp. subtilis		SRCM101441					GCF_002173615.1-RS_2025_07_01	Complete Genome	2017-06-06		2	Bacillus subtilis
GCF_013009385.1	ASM1300938v1	2025-06-30	Bacillus subtilis subsp. subtilis str. 168		168					GCF_013009385.1-RS_2025_06_30	Complete Genome	2020-05-11		1	Bacillus subtilis
GCF_006741845.1	ASM674184v1	2025-06-30	Bacillus subtilis subsp. subtilis		NBRC 13719					GCF_006741845.1-RS_2025_06_30	Complete Genome	2019-06-11		2	Bacillus subtilis
GCF_009662175.1	ASM966217v1	2025-06-30	Bacillus subtilis		MB9_B1					GCF_009662175.1-RS_2025_06_30	Complete Genome	2019-11-14		1	Bacillus subtilis
GCF_004119775.1	ASM411977v1	2025-06-30	Bacillus subtilis		SRCM103612					GCF_004119775.1-RS_2025_06_30	Complete Genome	2019-01-30		4	Bacillus subtilis
GCF_009662195.1	ASM966219v1	2025-06-30	Bacillus subtilis		MB8_B10					GCF_009662195.1-RS_2025_06_30	Complete Genome	2019-11-14		1	Bacillus subtilis
GCF_016065415.1	ASM1606541v1	2025-06-30	Bacillus subtilis		LBUM979					GCF_016065415.1-RS_2025_06_30	Complete Genome	2020-12-15		1	Bacillus subtilis
GCF_009662435.1	ASM966243v1	2025-06-30	Bacillus subtilis		P8_B1					GCF_009662435.1-RS_2025_06_30	Complete Genome	2019-11-14		2	Bacillus subtilis
GCF_003610955.1	ASM361095v1	2025-06-30	Bacillus subtilis		WB800N					GCF_003610955.1-RS_2025_06_30	Complete Genome	2018-10-03		1	Bacillus subtilis
GCF_009913515.1	ASM991351v1	2025-06-30	Bacillus subtilis		SRCM102748					GCF_009913515.1-RS_2025_06_30	Complete Genome	2020-01-22		1	Bacillus subtilis
GCF_002269195.1	ASM226919v1	2025-06-30	Bacillus subtilis		DKU_NT_03					GCF_002269195.1-RS_2025_06_30	Complete Genome	2017-08-24		1	Bacillus subtilis
GCF_009913535.1	ASM991353v1	2025-06-30	Bacillus subtilis		SRCM102749					GCF_009913535.1-RS_2025_06_30	Complete Genome	2020-01-22		2	Bacillus subtilis
GCF_009662215.1	ASM966221v1	2025-06-30	Bacillus subtilis		MB8_B7					GCF_009662215.1-RS_2025_06_30	Complete Genome	2019-11-14		2	Bacillus subtilis
GCF_009497815.1	ASM949781v1	2025-06-30	Bacillus subtilis		HMNig-2					GCF_009497815.1-RS_2025_06_30	Complete Genome	2019-11-04		1	Bacillus subtilis
GCF_024637955.1	ASM2463795v1	2025-08-30	Bacillus velezensis		EM-1					GCF_024637955.1-RS_2025_08_30	Complete Genome	2022-08-12		1	Bacillus velezensis
GCF_030979955.1	ASM3097995v1	2025-08-30	Bacillus velezensis		NBNZ-0060					GCF_030979955.1-RS_2025_08_30	Complete Genome	2023-08-30		1	Bacillus velezensis
GCF_019334525.1	ASM1933452v1	2025-08-26	Bacillus velezensis		LABIM44					GCF_019334525.1-RS_2025_08_26	Complete Genome	2021-07-25		1	Bacillus velezensis
GCF_052229975.1	ASM5222997v1	2025-08-26	Bacillus velezensis		NS13					GCF_052229975.1-RS_2025_08_26	Complete Genome	2025-08-28		1	Bacillus velezensis
GCF_024610615.1	ASM2461061v1	2025-08-24	Bacillus velezensis		PMC206					GCF_024610615.1-RS_2025_08_24	Complete Genome	2022-08-10		3	Bacillus velezensis
GCF_019285615.1	ASM1928561v1	2025-08-21	Bacillus velezensis		LBY-1					GCF_019285615.1-RS_2025_08_21	Complete Genome	2021-07-20		4	Bacillus velezensis
GCF_052161765.1	ASM5216176v1	2025-08-21	Bacillus velezensis		JLU-53					GCF_052161765.1-RS_2025_08_21	Complete Genome	2025-08-22		1	Bacillus velezensis
GCF_052144505.1	ASM5214450v1	2025-08-20	Bacillus velezensis		77-E7-A5					GCF_052144505.1-RS_2025_08_20	Complete Genome	2025-08-20		1	Bacillus velezensis
GCF_052142305.1	ASM5214230v1	2025-08-20	Bacillus velezensis		77-E7					GCF_052142305.1-RS_2025_08_20	Complete Genome	2025-08-20		1	Bacillus velezensis
GCF_052145415.1	ASM5214541v1	2025-08-20	Bacillus velezensis		77-WTA					GCF_052145415.1-RS_2025_08_20	Complete Genome	2025-08-20		1	Bacillus velezensis
GCF_052147335.1	ASM5214733v1	2025-08-20	Bacillus velezensis		77-E7-BHI					GCF_052147335.1-RS_2025_08_20	Complete Genome	2025-08-20		1	Bacillus velezensis
GCF_052144495.1	ASM5214449v1	2025-08-20	Bacillus velezensis		96-E6					GCF_052144495.1-RS_2025_08_20	Complete Genome	2025-08-20		1	Bacillus velezensis
GCF_052146075.1	ASM5214607v1	2025-08-20	Bacillus velezensis		96-WTA					GCF_052146075.1-RS_2025_08_20	Complete Genome	2025-08-20		1	Bacillus velezensis
GCF_052076155.1	ASM5207615v1	2025-08-18	Bacillus velezensis		0904					GCF_052076155.1-RS_2025_08_18	Complete Genome	2025-08-18		1	Bacillus velezensis
GCF_029536735.1	ASM2953673v2	2025-08-17	Bacillus velezensis		PRO76					GCF_029536735.1-RS_2025_08_17	Complete Genome	2025-04-18		3	Bacillus velezensis
GCF_024508215.1	ASM2450821v1	2025-08-16	Bacillus velezensis		Ba-0321					GCF_024508215.1-RS_2025_08_16	Complete Genome	2022-08-03		1	Bacillus velezensis
GCF_052055905.1	ASM5205590v1	2025-08-16	Bacillus velezensis		FBa1					GCF_052055905.1-RS_2025_08_16	Complete Genome	2025-08-16		1	Bacillus velezensis
GCF_024499135.1	ASM2449913v1	2025-08-15	Bacillus velezensis		C5					GCF_024499135.1-RS_2025_08_15	Complete Genome	2022-08-01		1	Bacillus velezensis
GCF_051990605.1	ASM5199060v1	2025-08-14	Bacillus velezensis		HW_001					GCF_051990605.1-RS_2025_08_14	Complete Genome	2025-08-14		1	Bacillus velezensis
GCF_051940895.1	ASM5194089v1	2025-08-13	Bacillus velezensis		GZ8-6					GCF_051940895.1-RS_2025_08_13	Complete Genome	2025-08-13		1	Bacillus velezensis
GCF_051935925.1	ASM5193592v1	2025-08-13	Bacillus velezensis		J4					GCF_051935925.1-RS_2025_08_13	Complete Genome	2025-08-13		1	Bacillus velezensis
GCF_051912555.1	ASM5191255v1	2025-08-12	Bacillus velezensis		LMY3-5					GCF_051912555.1-RS_2025_08_12	Complete Genome	2025-08-12		1	Bacillus velezensis
GCF_019222745.1	ASM1922274v1	2025-08-11	Bacillus velezensis		BS-G1					GCF_019222745.1-RS_2025_08_11	Complete Genome	2021-07-15		1	Bacillus velezensis
GCF_014841075.1	ASM1484107v1	2025-08-10	Bacillus velezensis		BSC16a					GCF_014841075.1-RS_2025_08_10	Complete Genome	2020-10-04		1	Bacillus velezensis
GCF_024408125.1	ASM2440812v1	2025-08-09	Bacillus velezensis		906					GCF_024408125.1-RS_2025_08_09	Complete Genome	2022-07-25		1	Bacillus velezensis
GCF_051861845.1	ASM5186184v1	2025-08-07	Bacillus velezensis		BX77					GCF_051861845.1-RS_2025_08_07	Complete Genome	2025-08-08		1	Bacillus velezensis
GCF_051801825.1	ASM5180182v1	2025-08-05	Bacillus velezensis		JLU-55					GCF_051801825.1-RS_2025_08_05	Complete Genome	2025-08-06		1	Bacillus velezensis
GCF_051799895.1	ASM5179989v1	2025-08-05	Bacillus velezensis		ST5					GCF_051799895.1-RS_2025_08_05	Complete Genome	2025-08-06		1	Bacillus velezensis
GCF_013367755.1	ASM1336775v1	2025-07-30	Bacillus velezensis		WLYS23					GCF_013367755.1-RS_2025_07_30	Complete Genome	2020-06-23		1	Bacillus velezensis
GCF_051549775.1	ASM5154977v1	2025-07-30	Bacillus velezensis		WSR1					GCF_051549775.1-RS_2025_07_30	Complete Genome	2025-07-31		2	Bacillus velezensis
GCF_030544925.1	ASM3054492v1	2025-07-25	Bacillus velezensis		XDY66					GCF_030544925.1-RS_2025_07_25	Complete Genome	2023-07-26		2	Bacillus velezensis
GCF_051516225.1	ASM5151622v1	2025-07-24	Bacillus velezensis		MZ09					GCF_051516225.1-RS_2025_07_24	Complete Genome	2025-07-29		1	Bacillus velezensis
GCF_051472655.1	ASM5147265v1	2025-07-23	Bacillus velezensis		Soil-4-2					GCF_051472655.1-RS_2025_07_23	Complete Genome	2025-07-23		1	Bacillus velezensis
GCF_030520225.1	ASM3052022v1	2025-07-23	Bacillus velezensis		SRCM126726					GCF_030520225.1-RS_2025_07_23	Complete Genome	2023-07-24		1	Bacillus velezensis
GCF_030518635.1	ASM3051863v1	2025-07-22	Bacillus velezensis		NC-B4					GCF_030518635.1-RS_2025_07_22	Complete Genome	2023-07-23		1	Bacillus velezensis
GCF_030516885.1	ASM3051688v1	2025-07-21	Bacillus velezensis		DW-7					GCF_030516885.1-RS_2025_07_21	Complete Genome	2023-07-21		1	Bacillus velezensis
GCF_030517005.1	ASM3051700v1	2025-07-21	Bacillus velezensis		B1					GCF_030517005.1-RS_2025_07_21	Complete Genome	2023-07-21		1	Bacillus velezensis
GCF_030517045.1	ASM3051704v1	2025-07-21	Bacillus velezensis		B3					GCF_030517045.1-RS_2025_07_21	Complete Genome	2023-07-21		1	Bacillus velezensis
GCF_013201135.1	ASM1320113v1	2025-07-19	Bacillus velezensis		A2					GCF_013201135.1-RS_2025_07_19	Complete Genome	2020-05-31		1	Bacillus velezensis
GCF_013201465.1	ASM1320146v1	2025-07-19	Bacillus velezensis		B268					GCF_013201465.1-RS_2025_07_19	Complete Genome	2020-06-01		1	Bacillus velezensis
GCF_030506345.1	ASM3050634v1	2025-07-19	Bacillus velezensis		411					GCF_030506345.1-RS_2025_07_19	Complete Genome	2023-07-19		1	Bacillus velezensis
GCF_003047005.1	ASM304700v1	2025-07-18	Bacillus velezensis		J7-1					GCF_003047005.1-RS_2025_07_18	Complete Genome	2018-04-10		1	Bacillus velezensis
GCF_003047025.1	ASM304702v1	2025-07-18	Bacillus velezensis		8-2					GCF_003047025.1-RS_2025_07_18	Complete Genome	2018-04-10		1	Bacillus velezensis
GCF_003047045.1	ASM304704v1	2025-07-18	Bacillus velezensis		131-4					GCF_003047045.1-RS_2025_07_18	Complete Genome	2018-04-10		1	Bacillus velezensis
GCF_002005345.1	ASM200534v1	2025-07-16	Bacillus velezensis		GH1-13					GCF_002005345.1-RS_2025_07_16	Complete Genome	2017-02-21		2	Bacillus velezensis
GCF_013122275.1	ASM1312227v1	2025-07-16	Bacillus velezensis		EN01					GCF_013122275.1-RS_2025_07_16	Complete Genome	2020-05-19		1	Bacillus velezensis
GCF_001723585.1	ASM172358v1	2025-07-16	Bacillus velezensis		M75					GCF_001723585.1-RS_2025_07_16	Complete Genome	2016-09-13		1	Bacillus velezensis
GCF_002796465.1	ASM279646v1	2025-07-16	Bacillus velezensis		CN026					GCF_002796465.1-RS_2025_07_16	Complete Genome	2017-11-27		1	Bacillus velezensis
GCF_030444515.1	ASM3044451v1	2025-07-16	Bacillus velezensis		SSF6					GCF_030444515.1-RS_2025_07_16	Complete Genome	2023-07-13		1	Bacillus velezensis
GCF_051359705.1	ASM5135970v1	2025-07-16	Bacillus velezensis		FS3					GCF_051359705.1-RS_2025_07_16	Complete Genome	2025-07-17		4	Bacillus velezensis
GCF_012974165.1	ASM1297416v1	2025-05-21	Bordetella holmesii		J862					GCF_012974165.1-RS_2025_05_21	Complete Genome	2020-05-05		1	Bordetella holmesii
GCF_012974205.1	ASM1297420v1	2025-05-21	Bordetella holmesii		J790					GCF_012974205.1-RS_2025_05_21	Complete Genome	2020-05-05		1	Bordetella holmesii
GCF_017357145.1	ASM1735714v1	2025-04-11	Bordetella holmesii		CIDM-BH3					GCF_017357145.1-RS_2025_04_11	Complete Genome	2021-03-16		1	Bordetella holmesii
GCF_000341485.2	ASM34148v2	2025-04-03	Bordetella holmesii H558		H558					GCF_000341485.2-RS_2025_04_03	Complete Genome	2016-02-08		1	Bordetella holmesii
GCF_000341465.2	ASM34146v2	2025-04-02	Bordetella holmesii F627		F627					GCF_000341465.2-RS_2025_04_02	Complete Genome	2016-02-25		1	Bordetella holmesii
GCF_016804285.1	ASM1680428v1	2025-03-27	Bordetella holmesii		H558					GCF_016804285.1-RS_2025_03_27	Complete Genome	2021-02-03		1	Bordetella holmesii
GCF_002859885.1	ASM285988v1	2025-03-14	Bordetella holmesii		F621			F621		GCF_002859885.1-RS_2025_03_14	Complete Genome	2018-01-04		1	Bordetella holmesii
GCF_002859905.1	ASM285990v1	2025-03-14	Bordetella holmesii		F617			F617		GCF_002859905.1-RS_2025_03_14	Complete Genome	2018-01-04		1	Bordetella holmesii
GCF_002859945.1	ASM285994v1	2025-03-14	Bordetella holmesii		F626			F626		GCF_002859945.1-RS_2025_03_14	Complete Genome	2018-01-04		1	Bordetella holmesii
GCF_002860005.1	ASM286000v1	2025-03-14	Bordetella holmesii		H656			H656		GCF_002860005.1-RS_2025_03_14	Complete Genome	2018-01-04		1	Bordetella holmesii
GCF_002859865.1	ASM285986v1	2025-03-14	Bordetella holmesii		F616			F616		GCF_002859865.1-RS_2025_03_14	Complete Genome	2018-01-04		1	Bordetella holmesii
GCF_002859985.1	ASM285998v1	2025-03-14	Bordetella holmesii		F615			F615		GCF_002859985.1-RS_2025_03_14	Complete Genome	2018-01-04		1	Bordetella holmesii
GCF_002860025.1	ASM286002v1	2025-03-14	Bordetella holmesii		H785			H785		GCF_002860025.1-RS_2025_03_14	Complete Genome	2018-01-04		1	Bordetella holmesii
GCF_002859845.1	ASM285984v1	2025-03-14	Bordetella holmesii		F613			F613		GCF_002859845.1-RS_2025_03_14	Complete Genome	2018-01-04		1	Bordetella holmesii
GCF_004634545.1	ASM463454v1	2025-03-07	Bordetella holmesii		F274					GCF_004634545.1-RS_2025_03_07	Complete Genome	2019-04-05		1	Bordetella holmesii
GCF_048296725.1	ASM4829672v1	2025-03-05	Bordetella holmesii ATCC 51541		CDC F5101					GCF_048296725.1-RS_2025_03_05	Complete Genome	2025-03-06		1	Bordetella holmesii
GCF_001704215.1	ASM170421v1	2025-03-05	Bordetella holmesii		H903					GCF_001704215.1-RS_2025_03_05	Complete Genome	2016-08-12		1	Bordetella holmesii
GCF_003186245.1	ASM318624v1	2025-02-18	Bordetella holmesii		C690					GCF_003186245.1-RS_2025_02_18	Complete Genome	2018-06-05		1	Bordetella holmesii
GCF_003184445.1	ASM318444v1	2025-02-18	Bordetella holmesii		F028					GCF_003184445.1-RS_2025_02_18	Complete Genome	2018-06-04		1	Bordetella holmesii
GCF_009627975.1	ASM962797v1	2025-01-28	Bordetella holmesii		D130					GCF_009627975.1-RS_2025_01_28	Complete Genome	2019-11-08		1	Bordetella holmesii
GCF_009627535.1	ASM962753v1	2025-01-28	Bordetella holmesii		H318					GCF_009627535.1-RS_2025_01_28	Complete Genome	2019-11-08		1	Bordetella holmesii
GCF_009627795.1	ASM962779v1	2025-01-28	Bordetella holmesii		F594					GCF_009627795.1-RS_2025_01_28	Complete Genome	2019-11-08		1	Bordetella holmesii
GCF_009627475.1	ASM962747v1	2025-01-28	Bordetella holmesii		H336					GCF_009627475.1-RS_2025_01_28	Complete Genome	2019-11-08		1	Bordetella holmesii
GCF_009627435.1	ASM962743v1	2025-01-28	Bordetella holmesii		H370					GCF_009627435.1-RS_2025_01_28	Complete Genome	2019-11-08		1	Bordetella holmesii
GCF_009626995.1	ASM962699v1	2025-01-28	Bordetella holmesii		H808					GCF_009626995.1-RS_2025_01_28	Complete Genome	2019-11-08		1	Bordetella holmesii
GCF_009627775.1	ASM962777v1	2025-01-28	Bordetella holmesii		F595					GCF_009627775.1-RS_2025_01_28	Complete Genome	2019-11-08		1	Bordetella holmesii
GCF_009627855.1	ASM962785v1	2025-01-28	Bordetella holmesii		F590					GCF_009627855.1-RS_2025_01_28	Complete Genome	2019-11-08		1	Bordetella holmesii
GCF_009627915.1	ASM962791v1	2025-01-28	Bordetella holmesii		F586					GCF_009627915.1-RS_2025_01_28	Complete Genome	2019-11-08		1	Bordetella holmesii
GCF_009627175.1	ASM962717v1	2025-01-28	Bordetella holmesii		H619					GCF_009627175.1-RS_2025_01_28	Complete Genome	2019-11-08		1	Bordetella holmesii
GCF_009627935.1	ASM962793v1	2025-01-28	Bordetella holmesii		F061					GCF_009627935.1-RS_2025_01_28	Complete Genome	2019-11-08		1	Bordetella holmesii
GCF_009627655.1	ASM962765v1	2025-01-28	Bordetella holmesii		H108					GCF_009627655.1-RS_2025_01_28	Complete Genome	2019-11-08		1	Bordetella holmesii
GCF_009627035.1	ASM962703v1	2025-01-28	Bordetella holmesii		H719					GCF_009627035.1-RS_2025_01_28	Complete Genome	2019-11-08		1	Bordetella holmesii
GCF_009627195.1	ASM962719v1	2025-01-28	Bordetella holmesii		H620					GCF_009627195.1-RS_2025_01_28	Complete Genome	2019-11-08		1	Bordetella holmesii
GCF_009627955.1	ASM962795v1	2025-01-28	Bordetella holmesii		F029					GCF_009627955.1-RS_2025_01_28	Complete Genome	2019-11-08		1	Bordetella holmesii
GCF_009626895.1	ASM962689v1	2025-01-28	Bordetella holmesii		I100					GCF_009626895.1-RS_2025_01_28	Complete Genome	2019-11-08		1	Bordetella holmesii
GCF_009626955.1	ASM962695v1	2025-01-28	Bordetella holmesii		H862					GCF_009626955.1-RS_2025_01_28	Complete Genome	2019-11-08		1	Bordetella holmesii
GCF_009627295.1	ASM962729v1	2025-01-28	Bordetella holmesii		H557					GCF_009627295.1-RS_2025_01_28	Complete Genome	2019-11-08		1	Bordetella holmesii
GCF_009627395.1	ASM962739v1	2025-01-28	Bordetella holmesii		H387					GCF_009627395.1-RS_2025_01_28	Complete Genome	2019-11-08		1	Bordetella holmesii
GCF_009627355.1	ASM962735v1	2025-01-28	Bordetella holmesii		H401					GCF_009627355.1-RS_2025_01_28	Complete Genome	2019-11-08		1	Bordetella holmesii
GCF_009627275.1	ASM962727v1	2025-01-28	Bordetella holmesii		H572					GCF_009627275.1-RS_2025_01_28	Complete Genome	2019-11-08		1	Bordetella holmesii
GCF_009627415.1	ASM962741v1	2025-01-28	Bordetella holmesii		H385					GCF_009627415.1-RS_2025_01_28	Complete Genome	2019-11-08		1	Bordetella holmesii
GCF_009627375.1	ASM962737v1	2025-01-28	Bordetella holmesii		H400					GCF_009627375.1-RS_2025_01_28	Complete Genome	2019-11-08		1	Bordetella holmesii
GCF_009627155.1	ASM962715v1	2025-01-28	Bordetella holmesii		H628					GCF_009627155.1-RS_2025_01_28	Complete Genome	2019-11-08		1	Bordetella holmesii
GCF_009627095.1	ASM962709v1	2025-01-28	Bordetella holmesii		H641					GCF_009627095.1-RS_2025_01_28	Complete Genome	2019-11-08		1	Bordetella holmesii
GCF_009626915.1	ASM962691v1	2025-01-28	Bordetella holmesii		H869					GCF_009626915.1-RS_2025_01_28	Complete Genome	2019-11-08		1	Bordetella holmesii
GCF_009627075.1	ASM962707v1	2025-01-28	Bordetella holmesii		H713					GCF_009627075.1-RS_2025_01_28	Complete Genome	2019-11-08		1	Bordetella holmesii
GCF_009626935.1	ASM962693v1	2025-01-28	Bordetella holmesii		H863					GCF_009626935.1-RS_2025_01_28	Complete Genome	2019-11-08		1	Bordetella holmesii
GCF_009627815.1	ASM962781v1	2025-01-28	Bordetella holmesii		F593					GCF_009627815.1-RS_2025_01_28	Complete Genome	2019-11-08		1	Bordetella holmesii
GCF_009625855.1	ASM962585v1	2025-01-28	Bordetella holmesii		J708					GCF_009625855.1-RS_2025_01_28	Complete Genome	2019-11-08		1	Bordetella holmesii
GCF_009625815.1	ASM962581v1	2025-01-28	Bordetella holmesii		J712					GCF_009625815.1-RS_2025_01_28	Complete Genome	2019-11-08		1	Bordetella holmesii
GCF_012974225.1	ASM1297422v1	2025-05-21	Bordetella parapertussis		J677					GCF_012974225.1-RS_2025_05_21	Complete Genome	2020-05-05		1	Bordetella parapertussis
GCF_012974185.1	ASM1297418v1	2025-05-21	Bordetella parapertussis		J778					GCF_012974185.1-RS_2025_05_21	Complete Genome	2020-05-05		1	Bordetella parapertussis
GCF_017357185.1	ASM1735718v1	2025-04-11	Bordetella parapertussis		CIDM-BPP2					GCF_017357185.1-RS_2025_04_11	Complete Genome	2021-03-16		1	Bordetella parapertussis
GCF_900475845.1	46758_E01	2025-04-05	Bordetella parapertussis		NCTC10520					GCF_900475845.1-RS_2025_04_05	Complete Genome	2018-06-17		1	Bordetella parapertussis
GCF_016804265.1	ASM1680426v1	2025-03-27	Bordetella parapertussis		J216					GCF_016804265.1-RS_2025_03_27	Complete Genome	2021-02-03		1	Bordetella parapertussis
GCF_002859965.1	ASM285996v1	2025-03-14	Bordetella parapertussis		H889			H889		GCF_002859965.1-RS_2025_03_14	Complete Genome	2018-01-04		1	Bordetella parapertussis
GCF_004634505.1	ASM463450v1	2025-03-07	Bordetella parapertussis		E843					GCF_004634505.1-RS_2025_03_07	Complete Genome	2019-04-05		1	Bordetella parapertussis
GCF_004634525.1	ASM463452v1	2025-03-07	Bordetella parapertussis		E762					GCF_004634525.1-RS_2025_03_07	Complete Genome	2019-04-05		1	Bordetella parapertussis
GCF_001704255.1	ASM170425v1	2025-03-05	Bordetella parapertussis		H904					GCF_001704255.1-RS_2025_03_05	Complete Genome	2016-08-12		1	Bordetella parapertussis
GCF_004008215.1	ASM400821v1	2025-02-18	Bordetella parapertussis		B160					GCF_004008215.1-RS_2025_02_18	Complete Genome	2019-01-09		1	Bordetella parapertussis
GCF_003186305.1	ASM318630v1	2025-02-18	Bordetella parapertussis		E738					GCF_003186305.1-RS_2025_02_18	Complete Genome	2018-06-05		1	Bordetella parapertussis
GCF_003186285.1	ASM318628v1	2025-02-18	Bordetella parapertussis		I440					GCF_003186285.1-RS_2025_02_18	Complete Genome	2018-06-05		1	Bordetella parapertussis
GCF_004008155.1	ASM400815v1	2025-02-18	Bordetella parapertussis		B144					GCF_004008155.1-RS_2025_02_18	Complete Genome	2019-01-09		1	Bordetella parapertussis
GCF_003186225.1	ASM318622v1	2025-02-18	Bordetella parapertussis		D577					GCF_003186225.1-RS_2025_02_18	Complete Genome	2018-06-05		1	Bordetella parapertussis
GCF_003186265.1	ASM318626v1	2025-02-18	Bordetella parapertussis		A747					GCF_003186265.1-RS_2025_02_18	Complete Genome	2018-06-05		1	Bordetella parapertussis
GCF_004008035.1	ASM400803v1	2025-02-18	Bordetella parapertussis		B271					GCF_004008035.1-RS_2025_02_18	Complete Genome	2019-01-09		1	Bordetella parapertussis
GCF_003186765.1	ASM318676v1	2025-02-18	Bordetella parapertussis		B337					GCF_003186765.1-RS_2025_02_18	Complete Genome	2018-06-05		1	Bordetella parapertussis
GCF_004007035.1	ASM400703v1	2025-02-18	Bordetella parapertussis		F585					GCF_004007035.1-RS_2025_02_18	Complete Genome	2019-01-09		1	Bordetella parapertussis
GCF_004008295.1	ASM400829v1	2025-02-18	Bordetella parapertussis		A005					GCF_004008295.1-RS_2025_02_18	Complete Genome	2019-01-09		1	Bordetella parapertussis
GCF_004008355.1	ASM400835v1	2025-02-18	Bordetella parapertussis		B149					GCF_004008355.1-RS_2025_02_18	Complete Genome	2019-01-09		1	Bordetella parapertussis
GCF_901482575.1	45813_B01	2025-02-12	Bordetella parapertussis		NCTC10522					GCF_901482575.1-RS_2025_02_12	Complete Genome	2019-05-11		1	Bordetella parapertussis
GCF_900636935.1	45813_C01	2025-02-12	Bordetella parapertussis		NCTC10524					GCF_900636935.1-RS_2025_02_12	Complete Genome	2018-12-20		1	Bordetella parapertussis
GCF_000317935.1	ASM31793v1	2025-02-11	Bordetella parapertussis Bpp5		Bpp5					GCF_000317935.1-RS_2025_02_11	Complete Genome	2012-10-08		2	Bordetella parapertussis
GCF_000195695.1	ASM19569v1	2025-02-10	Bordetella parapertussis 12822		12822					GCF_000195695.1-RS_2025_02_10	Complete Genome	2003-08-12		1	Bordetella parapertussis
GCF_009626755.1	ASM962675v1	2025-01-28	Bordetella parapertussis		I301					GCF_009626755.1-RS_2025_01_28	Complete Genome	2019-11-08		1	Bordetella parapertussis
GCF_009626735.1	ASM962673v1	2025-01-28	Bordetella parapertussis		I308					GCF_009626735.1-RS_2025_01_28	Complete Genome	2019-11-08		1	Bordetella parapertussis
GCF_009625795.1	ASM962579v1	2025-01-28	Bordetella parapertussis		J786					GCF_009625795.1-RS_2025_01_28	Complete Genome	2019-11-08		1	Bordetella parapertussis
GCF_009626315.1	ASM962631v1	2025-01-28	Bordetella parapertussis		J281					GCF_009626315.1-RS_2025_01_28	Complete Genome	2019-11-08		1	Bordetella parapertussis
GCF_009626715.1	ASM962671v1	2025-01-28	Bordetella parapertussis		I325					GCF_009626715.1-RS_2025_01_28	Complete Genome	2019-11-08		1	Bordetella parapertussis
GCF_009626875.1	ASM962687v1	2025-01-28	Bordetella parapertussis		I133					GCF_009626875.1-RS_2025_01_28	Complete Genome	2019-11-08		1	Bordetella parapertussis
GCF_009626015.1	ASM962601v1	2025-01-28	Bordetella parapertussis		J327					GCF_009626015.1-RS_2025_01_28	Complete Genome	2019-11-08		1	Bordetella parapertussis
GCF_009626355.1	ASM962635v1	2025-01-28	Bordetella parapertussis		J279					GCF_009626355.1-RS_2025_01_28	Complete Genome	2019-11-08		1	Bordetella parapertussis
GCF_009626375.1	ASM962637v1	2025-01-28	Bordetella parapertussis		J278					GCF_009626375.1-RS_2025_01_28	Complete Genome	2019-11-08		1	Bordetella parapertussis
GCF_009626055.1	ASM962605v1	2025-01-28	Bordetella parapertussis		J326					GCF_009626055.1-RS_2025_01_28	Complete Genome	2019-11-08		1	Bordetella parapertussis
GCF_009626195.1	ASM962619v1	2025-01-28	Bordetella parapertussis		J291					GCF_009626195.1-RS_2025_01_28	Complete Genome	2019-11-08		1	Bordetella parapertussis
GCF_009626435.1	ASM962643v1	2025-01-28	Bordetella parapertussis		J219					GCF_009626435.1-RS_2025_01_28	Complete Genome	2019-11-08		1	Bordetella parapertussis
GCF_009626035.1	ASM962603v1	2025-01-28	Bordetella parapertussis		J328					GCF_009626035.1-RS_2025_01_28	Complete Genome	2019-11-08		1	Bordetella parapertussis
GCF_009627255.1	ASM962725v1	2025-01-28	Bordetella parapertussis		H580					GCF_009627255.1-RS_2025_01_28	Complete Genome	2019-11-08		1	Bordetella parapertussis
GCF_009626695.1	ASM962669v1	2025-01-28	Bordetella parapertussis		I326					GCF_009626695.1-RS_2025_01_28	Complete Genome	2019-11-08		1	Bordetella parapertussis
GCF_009627755.1	ASM962775v1	2025-01-28	Bordetella parapertussis		H100					GCF_009627755.1-RS_2025_01_28	Complete Genome	2019-11-08		1	Bordetella parapertussis
GCF_009625735.1	ASM962573v1	2025-01-28	Bordetella parapertussis		J859					GCF_009625735.1-RS_2025_01_28	Complete Genome	2019-11-08		1	Bordetella parapertussis
GCF_009625955.1	ASM962595v1	2025-01-28	Bordetella parapertussis		J593					GCF_009625955.1-RS_2025_01_28	Complete Genome	2019-11-08		1	Bordetella parapertussis
GCF_009626135.1	ASM962613v1	2025-01-28	Bordetella parapertussis		J297					GCF_009626135.1-RS_2025_01_28	Complete Genome	2019-11-08		1	Bordetella parapertussis
GCF_009626335.1	ASM962633v1	2025-01-28	Bordetella parapertussis		J280					GCF_009626335.1-RS_2025_01_28	Complete Genome	2019-11-08		1	Bordetella parapertussis
GCF_009627315.1	ASM962731v1	2025-01-28	Bordetella parapertussis		H555					GCF_009627315.1-RS_2025_01_28	Complete Genome	2019-11-08		1	Bordetella parapertussis
GCF_009625915.1	ASM962591v1	2025-01-28	Bordetella parapertussis		J602					GCF_009625915.1-RS_2025_01_28	Complete Genome	2019-11-08		1	Bordetella parapertussis
GCF_009625875.1	ASM962587v1	2025-01-28	Bordetella parapertussis		J676					GCF_009625875.1-RS_2025_01_28	Complete Genome	2019-11-08		1	Bordetella parapertussis
GCF_009626595.1	ASM962659v1	2025-01-28	Bordetella parapertussis		J069					GCF_009626595.1-RS_2025_01_28	Complete Genome	2019-11-08		1	Bordetella parapertussis
GCF_009626775.1	ASM962677v1	2025-01-28	Bordetella parapertussis		I288					GCF_009626775.1-RS_2025_01_28	Complete Genome	2019-11-08		1	Bordetella parapertussis
GCF_009625895.1	ASM962589v1	2025-01-28	Bordetella parapertussis		J611					GCF_009625895.1-RS_2025_01_28	Complete Genome	2019-11-08		1	Bordetella parapertussis
GCF_030931755.1	ASM3093175v1	2025-08-30	Bordetella pertussis		D420Sm1					GCF_030931755.1-RS_2025_08_30	Complete Genome	2023-08-29		1	Bordetella pertussis
GCF_001686465.1	ASM168646v1	2025-08-25	Bordetella pertussis		VA-52					GCF_001686465.1-RS_2025_08_25	Complete Genome	2016-07-15		1	Bordetella pertussis
GCF_004635445.1	ASM463544v1	2025-08-25	Bordetella pertussis		J250					GCF_004635445.1-RS_2025_08_25	Complete Genome	2019-04-05		1	Bordetella pertussis
GCF_004637025.1	ASM463702v1	2025-08-25	Bordetella pertussis		J586					GCF_004637025.1-RS_2025_08_25	Complete Genome	2019-04-05		1	Bordetella pertussis
GCF_052058455.1	ASM5205845v1	2025-08-16	Bordetella pertussis		S5					GCF_052058455.1-RS_2025_08_16	Complete Genome	2025-08-16		1	Bordetella pertussis
GCF_030644665.1	ASM3064466v1	2025-08-09	Bordetella pertussis		S3					GCF_030644665.1-RS_2025_08_09	Complete Genome	2023-08-04		1	Bordetella pertussis
GCF_030644705.1	ASM3064470v1	2025-08-09	Bordetella pertussis		S1					GCF_030644705.1-RS_2025_08_09	Complete Genome	2023-08-04		1	Bordetella pertussis
GCF_030644645.1	ASM3064464v1	2025-08-09	Bordetella pertussis		S4					GCF_030644645.1-RS_2025_08_09	Complete Genome	2023-08-04		1	Bordetella pertussis
GCF_030644685.1	ASM3064468v1	2025-08-08	Bordetella pertussis		S2					GCF_030644685.1-RS_2025_08_08	Complete Genome	2023-08-04		1	Bordetella pertussis
GCF_004637225.1	ASM463722v1	2025-07-30	Bordetella pertussis		I182					GCF_004637225.1-RS_2025_07_30	Complete Genome	2019-04-05		1	Bordetella pertussis
GCF_050942035.1	ASM5094203v1	2025-06-18	Bordetella pertussis		BP0720/24					GCF_050942035.1-RS_2025_06_18	Complete Genome	2025-06-18		1	Bordetella pertussis
GCF_050942115.1	ASM5094211v1	2025-06-18	Bordetella pertussis		BP0054/24					GCF_050942115.1-RS_2025_06_18	Complete Genome	2025-06-18		1	Bordetella pertussis
GCF_050942065.1	ASM5094206v1	2025-06-18	Bordetella pertussis		BP16367/24					GCF_050942065.1-RS_2025_06_18	Complete Genome	2025-06-18		1	Bordetella pertussis
GCF_050942045.1	ASM5094204v1	2025-06-18	Bordetella pertussis		BP0274/24					GCF_050942045.1-RS_2025_06_18	Complete Genome	2025-06-18		1	Bordetella pertussis
GCF_050942125.1	ASM5094212v1	2025-06-18	Bordetella pertussis		BP0071/24					GCF_050942125.1-RS_2025_06_18	Complete Genome	2025-06-18		1	Bordetella pertussis
GCF_050942135.1	ASM5094213v1	2025-06-18	Bordetella pertussis		BP0055/24					GCF_050942135.1-RS_2025_06_18	Complete Genome	2025-06-18		1	Bordetella pertussis
GCF_050942055.1	ASM5094205v1	2025-06-18	Bordetella pertussis		BP1180/24					GCF_050942055.1-RS_2025_06_18	Complete Genome	2025-06-18		1	Bordetella pertussis
GCF_050942235.1	ASM5094223v1	2025-06-18	Bordetella pertussis		BP1194/24					GCF_050942235.1-RS_2025_06_18	Complete Genome	2025-06-18		1	Bordetella pertussis
GCF_023612135.1	ASM2361213v1	2025-06-04	Bordetella pertussis CS		CS					GCF_023612135.1-RS_2025_06_04	Complete Genome	2022-05-31		1	Bordetella pertussis
GCF_004635485.1	ASM463548v1	2025-04-29	Bordetella pertussis		J401					GCF_004635485.1-RS_2025_04_29	Complete Genome	2019-04-05		1	Bordetella pertussis
GCF_004635905.1	ASM463590v1	2025-04-29	Bordetella pertussis		J603					GCF_004635905.1-RS_2025_04_29	Complete Genome	2019-04-05		1	Bordetella pertussis
GCF_004635865.1	ASM463586v1	2025-04-29	Bordetella pertussis		J605					GCF_004635865.1-RS_2025_04_29	Complete Genome	2019-04-05		1	Bordetella pertussis
GCF_004635845.1	ASM463584v1	2025-04-29	Bordetella pertussis		J606					GCF_004635845.1-RS_2025_04_29	Complete Genome	2019-04-05		1	Bordetella pertussis
GCF_004635885.1	ASM463588v1	2025-04-29	Bordetella pertussis		J604					GCF_004635885.1-RS_2025_04_29	Complete Genome	2019-04-05		1	Bordetella pertussis
GCF_004636505.1	ASM463650v1	2025-04-29	Bordetella pertussis		J683					GCF_004636505.1-RS_2025_04_29	Complete Genome	2019-04-05		1	Bordetella pertussis
GCF_004636545.1	ASM463654v1	2025-04-29	Bordetella pertussis		J680					GCF_004636545.1-RS_2025_04_29	Complete Genome	2019-04-05		1	Bordetella pertussis
GCF_004636565.1	ASM463656v1	2025-04-29	Bordetella pertussis		J679					GCF_004636565.1-RS_2025_04_29	Complete Genome	2019-04-05		1	Bordetella pertussis
GCF_004636525.1	ASM463652v1	2025-04-29	Bordetella pertussis		J682					GCF_004636525.1-RS_2025_04_29	Complete Genome	2019-04-05		1	Bordetella pertussis
GCF_004635465.1	ASM463546v1	2025-04-29	Bordetella pertussis		J402					GCF_004635465.1-RS_2025_04_29	Complete Genome	2019-04-05		1	Bordetella pertussis
GCF_004635505.1	ASM463550v1	2025-04-29	Bordetella pertussis		J392					GCF_004635505.1-RS_2025_04_29	Complete Genome	2019-04-05		1	Bordetella pertussis
GCF_004635625.1	ASM463562v1	2025-04-29	Bordetella pertussis		J700					GCF_004635625.1-RS_2025_04_29	Complete Genome	2019-04-05		1	Bordetella pertussis
GCF_004635665.1	ASM463566v1	2025-04-29	Bordetella pertussis		J698					GCF_004635665.1-RS_2025_04_29	Complete Genome	2019-04-05		1	Bordetella pertussis
GCF_004635645.1	ASM463564v1	2025-04-29	Bordetella pertussis		J699					GCF_004635645.1-RS_2025_04_29	Complete Genome	2019-04-05		1	Bordetella pertussis
GCF_004636485.1	ASM463648v1	2025-04-29	Bordetella pertussis		J687					GCF_004636485.1-RS_2025_04_29	Complete Genome	2019-04-05		1	Bordetella pertussis
GCF_004635705.1	ASM463570v1	2025-04-29	Bordetella pertussis		J695					GCF_004635705.1-RS_2025_04_29	Complete Genome	2019-04-05		1	Bordetella pertussis
GCF_004635745.1	ASM463574v1	2025-04-29	Bordetella pertussis		J692					GCF_004635745.1-RS_2025_04_29	Complete Genome	2019-04-05		1	Bordetella pertussis
GCF_004636465.1	ASM463646v1	2025-04-29	Bordetella pertussis		J691					GCF_004636465.1-RS_2025_04_29	Complete Genome	2019-04-05		1	Bordetella pertussis
GCF_004635725.1	ASM463572v1	2025-04-29	Bordetella pertussis		J693					GCF_004635725.1-RS_2025_04_29	Complete Genome	2019-04-05		1	Bordetella pertussis
GCF_004635765.1	ASM463576v1	2025-04-29	Bordetella pertussis		J690					GCF_004635765.1-RS_2025_04_29	Complete Genome	2019-04-05		1	Bordetella pertussis
GCF_004635605.1	ASM463560v1	2025-04-29	Bordetella pertussis		J703					GCF_004635605.1-RS_2025_04_29	Complete Genome	2019-04-05		1	Bordetella pertussis
GCF_004636445.1	ASM463644v1	2025-04-29	Bordetella pertussis		J702					GCF_004636445.1-RS_2025_04_29	Complete Genome	2019-04-05		1	Bordetella pertussis
GCF_004635805.1	ASM463580v1	2025-04-29	Bordetella pertussis		J617					GCF_004635805.1-RS_2025_04_29	Complete Genome	2019-04-05		1	Bordetella pertussis
GCF_004635945.1	ASM463594v1	2025-04-29	Bordetella pertussis		J616					GCF_004635945.1-RS_2025_04_29	Complete Genome	2019-04-05		1	Bordetella pertussis
GCF_004635825.1	ASM463582v1	2025-04-29	Bordetella pertussis		J614					GCF_004635825.1-RS_2025_04_29	Complete Genome	2019-04-05		1	Bordetella pertussis
GCF_022407395.1	ASM2240739v1	2025-04-16	Bordetella pertussis		NZ35					GCF_022407395.1-RS_2025_04_16	Complete Genome	2022-02-28		1	Bordetella pertussis
GCF_022409395.1	ASM2240939v1	2025-04-16	Bordetella pertussis		NZ13					GCF_022409395.1-RS_2025_04_16	Complete Genome	2022-02-28		1	Bordetella pertussis
GCF_003860305.1	ASM386030v1	2025-04-16	Bordetella pertussis		BPD1					GCF_003860305.1-RS_2025_04_16	Complete Genome	2018-12-04		1	Bordetella pertussis
GCF_003355085.1	ASM335508v1	2025-04-16	Bordetella pertussis		UK76					GCF_003355085.1-RS_2025_04_16	Complete Genome	2018-08-03		1	Bordetella pertussis
GCF_022409135.1	ASM2240913v1	2025-04-16	Bordetella pertussis		NZ66					GCF_022409135.1-RS_2025_04_16	Complete Genome	2022-02-28		1	Bordetella pertussis
GCF_022407895.1	ASM2240789v1	2025-04-16	Bordetella pertussis		NZ24					GCF_022407895.1-RS_2025_04_16	Complete Genome	2022-02-28		1	Bordetella pertussis
GCF_013307165.1	ASM1330716v1	2025-07-23	Burkholderia glumae		336gr-1					GCF_013307165.1-RS_2025_07_23	Complete Genome	2020-06-09		5	Burkholderia glumae
GCF_009578005.1	ASM957800v1	2025-07-22	Burkholderia glumae		GX					GCF_009578005.1-RS_2025_07_22	Complete Genome	2019-11-05		5	Burkholderia glumae
GCF_012974245.1	ASM1297424v1	2025-07-20	Burkholderia glumae		HN1					GCF_012974245.1-RS_2025_07_20	Complete Genome	2020-05-05		5	Burkholderia glumae
GCF_013122645.1	ASM1312264v1	2025-07-20	Burkholderia glumae		HN2					GCF_013122645.1-RS_2025_07_20	Complete Genome	2020-05-19		3	Burkholderia glumae
GCF_030505635.1	ASM3050563v1	2025-07-18	Burkholderia glumae		BD_21g					GCF_030505635.1-RS_2025_07_18	Complete Genome	2023-07-19		6	Burkholderia glumae
GCF_013307145.1	ASM1330714v1	2025-07-07	Burkholderia glumae		411gr-6					GCF_013307145.1-RS_2025_07_07	Complete Genome	2020-06-09		4	Burkholderia glumae
GCF_017858835.1	ASM1785883v1	2025-04-29	Burkholderia glumae		957856-41-c					GCF_017858835.1-RS_2025_04_29	Complete Genome	2021-04-08		4	Burkholderia glumae
GCF_024662615.1	ASM2466261v1	2025-04-10	Burkholderia glumae		BGR49S					GCF_024662615.1-RS_2025_04_10	Complete Genome	2022-08-15		6	Burkholderia glumae
GCF_000960995.1	ASM96099v1	2025-04-07	Burkholderia glumae LMG 2196 = ATCC 33617		ATCC 33617					GCF_000960995.1-RS_2025_04_07	Complete Genome	2015-03-24		4	Burkholderia glumae
GCF_024663775.1	ASM2466377v1	2025-04-03	Burkholderia glumae		PW30RS					GCF_024663775.1-RS_2025_04_03	Complete Genome	2022-08-15		6	Burkholderia glumae
GCF_024664095.1	ASM2466409v1	2025-04-03	Burkholderia glumae		BGR35S					GCF_024664095.1-RS_2025_04_03	Complete Genome	2022-08-15		6	Burkholderia glumae
GCF_024663975.1	ASM2466397v1	2025-04-02	Burkholderia glumae		SW2RS					GCF_024663975.1-RS_2025_04_02	Complete Genome	2022-08-15		6	Burkholderia glumae
GCF_024664035.1	ASM2466403v1	2025-04-02	Burkholderia glumae		SEW1RS					GCF_024664035.1-RS_2025_04_02	Complete Genome	2022-08-15		6	Burkholderia glumae
GCF_024662475.1	ASM2466247v1	2025-04-02	Burkholderia glumae		BGR82S					GCF_024662475.1-RS_2025_04_02	Complete Genome	2022-08-15		6	Burkholderia glumae
GCF_024662735.1	ASM2466273v1	2025-04-02	Burkholderia glumae		BGR57S					GCF_024662735.1-RS_2025_04_02	Complete Genome	2022-08-15		6	Burkholderia glumae
GCF_024662895.1	ASM2466289v1	2025-04-02	Burkholderia glumae		BGR59S					GCF_024662895.1-RS_2025_04_02	Complete Genome	2022-08-15		6	Burkholderia glumae
GCF_024663375.1	ASM2466337v1	2025-04-02	Burkholderia glumae		TW34RS					GCF_024663375.1-RS_2025_04_02	Complete Genome	2022-08-15		6	Burkholderia glumae
GCF_024663895.1	ASM2466389v1	2025-04-02	Burkholderia glumae		EW10RS					GCF_024663895.1-RS_2025_04_02	Complete Genome	2022-08-15		6	Burkholderia glumae
GCF_024664155.1	ASM2466415v1	2025-04-02	Burkholderia glumae		BGR68S					GCF_024664155.1-RS_2025_04_02	Complete Genome	2022-08-15		6	Burkholderia glumae
GCF_024664175.1	ASM2466417v1	2025-04-02	Burkholderia glumae		BGR73S					GCF_024664175.1-RS_2025_04_02	Complete Genome	2022-08-15		6	Burkholderia glumae
GCF_024663615.1	ASM2466361v1	2025-04-02	Burkholderia glumae		PERW1RS					GCF_024663615.1-RS_2025_04_02	Complete Genome	2022-08-15		6	Burkholderia glumae
GCF_024663995.1	ASM2466399v1	2025-04-02	Burkholderia glumae		POW17RS					GCF_024663995.1-RS_2025_04_02	Complete Genome	2022-08-15		6	Burkholderia glumae
GCF_024664055.1	ASM2466405v1	2025-04-02	Burkholderia glumae		BGR22S					GCF_024664055.1-RS_2025_04_02	Complete Genome	2022-08-15		6	Burkholderia glumae
GCF_024664075.1	ASM2466407v1	2025-04-02	Burkholderia glumae		BGR28S					GCF_024664075.1-RS_2025_04_02	Complete Genome	2022-08-15		6	Burkholderia glumae
GCF_024664195.1	ASM2466419v1	2025-04-02	Burkholderia glumae		YH8					GCF_024664195.1-RS_2025_04_02	Complete Genome	2022-08-15		5	Burkholderia glumae
GCF_024664115.1	ASM2466411v1	2025-04-02	Burkholderia glumae		BGR79S					GCF_024664115.1-RS_2025_04_02	Complete Genome	2022-08-15		6	Burkholderia glumae
GCF_024662455.1	ASM2466245v1	2025-04-02	Burkholderia glumae		BGR39S					GCF_024662455.1-RS_2025_04_02	Complete Genome	2022-08-15		6	Burkholderia glumae
GCF_024663015.1	ASM2466301v1	2025-04-02	Burkholderia glumae		R5					GCF_024663015.1-RS_2025_04_02	Complete Genome	2022-08-15		5	Burkholderia glumae
GCF_024663135.1	ASM2466313v1	2025-04-02	Burkholderia glumae		BGR86S					GCF_024663135.1-RS_2025_04_02	Complete Genome	2022-08-15		7	Burkholderia glumae
GCF_024664135.1	ASM2466413v1	2025-04-02	Burkholderia glumae		BGR76S					GCF_024664135.1-RS_2025_04_02	Complete Genome	2022-08-15		6	Burkholderia glumae
GCF_024664275.1	ASM2466427v1	2025-04-01	Burkholderia glumae		BGR81S					GCF_024664275.1-RS_2025_04_01	Complete Genome	2022-08-15		5	Burkholderia glumae
GCF_024662435.1	ASM2466243v1	2025-04-01	Burkholderia glumae		BGR33S					GCF_024662435.1-RS_2025_04_01	Complete Genome	2022-08-15		4	Burkholderia glumae
GCF_024662395.1	ASM2466239v1	2025-04-01	Burkholderia glumae		BGR85S					GCF_024662395.1-RS_2025_04_01	Complete Genome	2022-08-15		5	Burkholderia glumae
GCF_024663255.1	ASM2466325v1	2025-04-01	Burkholderia glumae		SL-947S					GCF_024663255.1-RS_2025_04_01	Complete Genome	2022-08-15		5	Burkholderia glumae
GCF_024664235.1	ASM2466423v1	2025-04-01	Burkholderia glumae		R2					GCF_024664235.1-RS_2025_04_01	Complete Genome	2022-08-15		5	Burkholderia glumae
GCF_024664255.1	ASM2466425v1	2025-03-31	Burkholderia glumae		SL-2395S					GCF_024664255.1-RS_2025_03_31	Complete Genome	2022-08-15		4	Burkholderia glumae
GCF_024664015.1	ASM2466401v1	2025-03-31	Burkholderia glumae		BGR19S					GCF_024664015.1-RS_2025_03_31	Complete Genome	2022-08-15		5	Burkholderia glumae
GCF_024664215.1	ASM2466421v1	2025-03-31	Burkholderia glumae		BGR48S					GCF_024664215.1-RS_2025_03_31	Complete Genome	2022-08-15		6	Burkholderia glumae
GCF_024662415.1	ASM2466241v1	2025-03-30	Burkholderia glumae		R93					GCF_024662415.1-RS_2025_03_30	Complete Genome	2022-08-15		4	Burkholderia glumae
GCF_009931375.1	ASM993137v1	2025-03-17	Burkholderia glumae		257sh-1					GCF_009931375.1-RS_2025_03_17	Complete Genome	2020-01-27		4	Burkholderia glumae
GCF_016026055.1	ASM1602605v1	2025-02-14	Burkholderia glumae		FDAARGOS_949					GCF_016026055.1-RS_2025_02_14	Complete Genome	2020-12-14		4	Burkholderia glumae
GCF_009857095.1	ASM985709v1	2025-01-29	Burkholderia glumae AU6208		AU6208					GCF_009857095.1-RS_2025_01_29	Complete Genome	2020-01-12		3	Burkholderia glumae
GCF_026651975.1	ASM2665197v1	2025-01-19	Burkholderia glumae		YH38					GCF_026651975.1-RS_2025_01_19	Complete Genome	2022-12-05		6	Burkholderia glumae
GCF_026651995.1	ASM2665199v1	2025-01-19	Burkholderia glumae		YH43					GCF_026651995.1-RS_2025_01_19	Complete Genome	2022-12-05		6	Burkholderia glumae
GCF_026652015.1	ASM2665201v1	2025-01-19	Burkholderia glumae		YH67					GCF_026652015.1-RS_2025_01_19	Complete Genome	2022-12-05		6	Burkholderia glumae
GCF_016598875.1	ASM1659887v1	2025-01-17	Burkholderia glumae		FDAARGOS_921					GCF_016598875.1-RS_2025_01_17	Complete Genome	2021-01-10		5	Burkholderia glumae
GCF_024760645.1	ASM2476064v1	2024-09-13	Burkholderia glumae		BGR80S					GCF_024760645.1-RS_2024_09_13	Complete Genome	2022-08-29		5	Burkholderia glumae
GCF_024760585.1	ASM2476058v1	2024-09-13	Burkholderia glumae		BGR13S					GCF_024760585.1-RS_2024_09_13	Complete Genome	2022-08-29		5	Burkholderia glumae
GCF_024760625.1	ASM2476062v1	2024-09-13	Burkholderia glumae		BGR21S					GCF_024760625.1-RS_2024_09_13	Complete Genome	2022-08-29		5	Burkholderia glumae
GCF_024760605.1	ASM2476060v1	2024-09-13	Burkholderia glumae		BGR15S					GCF_024760605.1-RS_2024_09_13	Complete Genome	2022-08-29		6	Burkholderia glumae
GCF_036352035.1	ASM3635203v1	2025-08-26	Burkholderia multivorans		2023CK-01339					GCF_036352035.1-RS_2025_08_26	Complete Genome	2024-02-04		3	Burkholderia multivorans
GCF_023374355.1	ASM2337435v1	2025-08-17	Burkholderia multivorans		2019Y71421880II					GCF_023374355.1-RS_2025_08_17	Complete Genome	2022-05-16		3	Burkholderia multivorans
GCF_025643495.1	ASM2564349v1	2025-08-10	Burkholderia multivorans		NML180963					GCF_025643495.1-RS_2025_08_10	Complete Genome	2022-10-11		4	Burkholderia multivorans
GCF_025643555.1	ASM2564355v1	2025-08-10	Burkholderia multivorans		NML140411					GCF_025643555.1-RS_2025_08_10	Complete Genome	2022-10-11		3	Burkholderia multivorans
GCF_000010545.1	ASM1054v1	2025-06-16	Burkholderia multivorans ATCC 17616		ATCC 17616					GCF_000010545.1-RS_2025_06_16	Complete Genome	2008-06-04		4	Burkholderia multivorans
GCF_023374495.1	ASM2337449v1	2025-05-31	Burkholderia multivorans		2016Y70910410I					GCF_023374495.1-RS_2025_05_31	Complete Genome	2022-05-16		3	Burkholderia multivorans
GCF_023374655.1	ASM2337465v1	2025-05-31	Burkholderia multivorans		2014Y70439247					GCF_023374655.1-RS_2025_05_31	Complete Genome	2022-05-16		3	Burkholderia multivorans
GCF_023374515.1	ASM2337451v1	2025-05-31	Burkholderia multivorans		2016Y70888756VI					GCF_023374515.1-RS_2025_05_31	Complete Genome	2022-05-16		4	Burkholderia multivorans
GCF_023374535.1	ASM2337453v1	2025-05-31	Burkholderia multivorans		2016Y70836300					GCF_023374535.1-RS_2025_05_31	Complete Genome	2022-05-16		3	Burkholderia multivorans
GCF_023374895.1	ASM2337489v1	2025-05-31	Burkholderia multivorans		2007Ycf875II					GCF_023374895.1-RS_2025_05_31	Complete Genome	2022-05-16		2	Burkholderia multivorans
GCF_023374795.1	ASM2337479v1	2025-05-31	Burkholderia multivorans		2010Ycf41					GCF_023374795.1-RS_2025_05_31	Complete Genome	2022-05-16		3	Burkholderia multivorans
GCF_023374615.1	ASM2337461v1	2025-05-31	Burkholderia multivorans		2014Y70522077					GCF_023374615.1-RS_2025_05_31	Complete Genome	2022-05-16		3	Burkholderia multivorans
GCF_023374455.1	ASM2337445v1	2025-05-31	Burkholderia multivorans		2017Y71078597II					GCF_023374455.1-RS_2025_05_31	Complete Genome	2022-05-16		3	Burkholderia multivorans
GCF_023374315.1	ASM2337431v1	2025-05-31	Burkholderia multivorans		2020Y71628512IV					GCF_023374315.1-RS_2025_05_31	Complete Genome	2022-05-16		3	Burkholderia multivorans
GCF_023374635.1	ASM2337463v1	2025-05-31	Burkholderia multivorans		2014Y70518672I					GCF_023374635.1-RS_2025_05_31	Complete Genome	2022-05-16		3	Burkholderia multivorans
GCF_017165175.1	ASM1716517v1	2025-04-14	Burkholderia multivorans		P2Bm2011a					GCF_017165175.1-RS_2025_04_14	Complete Genome	2021-03-04		4	Burkholderia multivorans
GCF_017165535.1	ASM1716553v1	2025-04-14	Burkholderia multivorans		P1Bm2011a					GCF_017165535.1-RS_2025_04_14	Complete Genome	2021-03-04		3	Burkholderia multivorans
GCF_017165555.1	ASM1716555v1	2025-04-14	Burkholderia multivorans		P1Bm2009					GCF_017165555.1-RS_2025_04_14	Complete Genome	2021-03-04		4	Burkholderia multivorans
GCF_003019965.1	ASM301996v1	2025-04-13	Burkholderia multivorans		FDAARGOS_246					GCF_003019965.1-RS_2025_04_13	Complete Genome	2018-03-27		3	Burkholderia multivorans
GCF_000756005.1	ASM75600v1	2025-04-13	Burkholderia multivorans		DDS 15A-1					GCF_000756005.1-RS_2025_04_13	Complete Genome	2014-09-18		3	Burkholderia multivorans
GCF_023374375.1	ASM2337437v1	2025-04-11	Burkholderia multivorans		2019Y71417852IX					GCF_023374375.1-RS_2025_04_11	Complete Genome	2022-05-16		4	Burkholderia multivorans
GCF_000959525.1	ASM95952v1	2025-04-07	Burkholderia multivorans ATCC BAA-247		BAA-247					GCF_000959525.1-RS_2025_04_07	Complete Genome	2015-03-20		3	Burkholderia multivorans
GCF_023374875.1	ASM2337487v1	2025-04-06	Burkholderia multivorans		2008Ycf542					GCF_023374875.1-RS_2025_04_06	Complete Genome	2022-05-16		4	Burkholderia multivorans
GCF_023374595.1	ASM2337459v1	2025-04-06	Burkholderia multivorans		2014Y70532416II					GCF_023374595.1-RS_2025_04_06	Complete Genome	2022-05-16		4	Burkholderia multivorans
GCF_023374415.1	ASM2337441v1	2025-04-06	Burkholderia multivorans		2017Y71087112III					GCF_023374415.1-RS_2025_04_06	Complete Genome	2022-05-16		4	Burkholderia multivorans
GCF_023373625.1	ASM2337362v1	2025-04-04	Burkholderia multivorans		2007Ycf278					GCF_023373625.1-RS_2025_04_04	Complete Genome	2022-05-16		3	Burkholderia multivorans
GCF_023373645.1	ASM2337364v1	2025-04-04	Burkholderia multivorans		2006Ycf877					GCF_023373645.1-RS_2025_04_04	Complete Genome	2022-05-16		3	Burkholderia multivorans
GCF_023374575.1	ASM2337457v1	2025-04-04	Burkholderia multivorans		2015Y70629342III					GCF_023374575.1-RS_2025_04_04	Complete Genome	2022-05-16		3	Burkholderia multivorans
GCF_008693525.1	ASM869352v1	2025-04-04	Burkholderia multivorans		FDAARGOS_622					GCF_008693525.1-RS_2025_04_04	Complete Genome	2019-09-25		3	Burkholderia multivorans
GCF_008693485.1	ASM869348v1	2025-04-04	Burkholderia multivorans		FDAARGOS_623					GCF_008693485.1-RS_2025_04_04	Complete Genome	2019-09-25		3	Burkholderia multivorans
GCF_023374775.1	ASM2337477v1	2025-04-04	Burkholderia multivorans		2010Ycf503					GCF_023374775.1-RS_2025_04_04	Complete Genome	2022-05-16		6	Burkholderia multivorans
GCF_023374435.1	ASM2337443v1	2025-04-04	Burkholderia multivorans		2017Y71079786					GCF_023374435.1-RS_2025_04_04	Complete Genome	2022-05-16		3	Burkholderia multivorans
GCF_023374735.1	ASM2337473v1	2025-04-04	Burkholderia multivorans		2010Ycf635					GCF_023374735.1-RS_2025_04_04	Complete Genome	2022-05-16		4	Burkholderia multivorans
GCF_023374695.1	ASM2337469v1	2025-04-04	Burkholderia multivorans		2011Ycf521III					GCF_023374695.1-RS_2025_04_04	Complete Genome	2022-05-16		4	Burkholderia multivorans
GCF_003812585.1	ASM381258v1	2025-04-04	Burkholderia multivorans		FDAARGOS_548					GCF_003812585.1-RS_2025_04_04	Complete Genome	2018-11-21		3	Burkholderia multivorans
GCF_023373665.1	ASM2337366v1	2025-04-01	Burkholderia multivorans		2005Ycf971III					GCF_023373665.1-RS_2025_04_01	Complete Genome	2022-05-16		3	Burkholderia multivorans
GCF_023374395.1	ASM2337439v1	2025-04-01	Burkholderia multivorans		2019Y60005016V					GCF_023374395.1-RS_2025_04_01	Complete Genome	2022-05-16		3	Burkholderia multivorans
GCF_023374815.1	ASM2337481v1	2025-03-31	Burkholderia multivorans		2010Ycf31III					GCF_023374815.1-RS_2025_03_31	Complete Genome	2022-05-16		3	Burkholderia multivorans
GCF_023374755.1	ASM2337475v1	2025-03-31	Burkholderia multivorans		2010Ycf576V					GCF_023374755.1-RS_2025_03_31	Complete Genome	2022-05-16		3	Burkholderia multivorans
GCF_023373685.1	ASM2337368v1	2025-03-31	Burkholderia multivorans		2004Ycf1069VI					GCF_023373685.1-RS_2025_03_31	Complete Genome	2022-05-16		3	Burkholderia multivorans
GCF_003812365.1	ASM381236v1	2025-03-31	Burkholderia multivorans		FDAARGOS_547					GCF_003812365.1-RS_2025_03_31	Complete Genome	2018-11-21		3	Burkholderia multivorans
GCF_017165195.1	ASM1716519v1	2025-03-31	Burkholderia multivorans		P1Bm2015					GCF_017165195.1-RS_2025_03_31	Complete Genome	2021-03-04		3	Burkholderia multivorans
GCF_017165475.1	ASM1716547v1	2025-03-30	Burkholderia multivorans		P1Bm2014					GCF_017165475.1-RS_2025_03_30	Complete Genome	2021-03-04		3	Burkholderia multivorans
GCF_017165515.1	ASM1716551v1	2025-03-30	Burkholderia multivorans		P1Bm2011b					GCF_017165515.1-RS_2025_03_30	Complete Genome	2021-03-04		3	Burkholderia multivorans
GCF_017165495.1	ASM1716549v1	2025-03-29	Burkholderia multivorans		P1Bm2012b					GCF_017165495.1-RS_2025_03_29	Complete Genome	2021-03-04		3	Burkholderia multivorans
GCF_001718755.1	ASM171875v1	2025-03-05	Burkholderia multivorans		AU1185			AU1185		GCF_001718755.1-RS_2025_03_05	Complete Genome	2016-09-02		3	Burkholderia multivorans
GCF_001718995.1	ASM171899v1	2025-03-05	Burkholderia multivorans		MSMB1640WGS					GCF_001718995.1-RS_2025_03_05	Complete Genome	2016-09-02		3	Burkholderia multivorans
GCF_009730195.1	ASM973019v1	2025-02-07	Burkholderia multivorans		FDAARGOS_722					GCF_009730195.1-RS_2025_02_07	Complete Genome	2019-12-05		3	Burkholderia multivorans
GCF_009730035.1	ASM973003v1	2025-02-07	Burkholderia multivorans		FDAARGOS_719					GCF_009730035.1-RS_2025_02_07	Complete Genome	2019-12-05		5	Burkholderia multivorans
GCF_009730175.1	ASM973017v1	2025-02-07	Burkholderia multivorans		FDAARGOS_726					GCF_009730175.1-RS_2025_02_07	Complete Genome	2019-12-05		3	Burkholderia multivorans
GCF_051560105.1	ASM5156010v1	2025-07-30	Burkholderia pseudomallei		TSV287_S					GCF_051560105.1-RS_2025_07_30	Complete Genome	2025-07-29	JBPVQO01	2	Burkholderia pseudomallei
GCF_051560125.1	ASM5156012v1	2025-07-30	Burkholderia pseudomallei		TSV140_S					GCF_051560125.1-RS_2025_07_30	Complete Genome	2025-07-29	JBPVQR01	3	Burkholderia pseudomallei
GCF_051560145.1	ASM5156014v1	2025-07-30	Burkholderia pseudomallei		TSV82_R					GCF_051560145.1-RS_2025_07_30	Complete Genome	2025-07-29	JBPVQS01	2	Burkholderia pseudomallei
GCF_051560065.1	ASM5156006v1	2025-07-30	Burkholderia pseudomallei		TSV268_S					GCF_051560065.1-RS_2025_07_30	Complete Genome	2025-07-29	JBPVQQ01	2	Burkholderia pseudomallei
GCF_051560085.1	ASM5156008v1	2025-07-30	Burkholderia pseudomallei		TSV270_S					GCF_051560085.1-RS_2025_07_30	Complete Genome	2025-07-29	JBPVQP01	2	Burkholderia pseudomallei
GCF_004348075.1	ASM434807v1	2025-07-23	Burkholderia pseudomallei		BPs116					GCF_004348075.1-RS_2025_07_23	Complete Genome	2019-03-13		2	Burkholderia pseudomallei
GCF_004367705.1	ASM436770v1	2025-07-23	Burkholderia pseudomallei		BPs112			Melioidosis patient		GCF_004367705.1-RS_2025_07_23	Complete Genome	2019-03-23		2	Burkholderia pseudomallei
GCF_004367725.1	ASM436772v1	2025-07-23	Burkholderia pseudomallei		BPs133			Melioidosis patient		GCF_004367725.1-RS_2025_07_23	Complete Genome	2019-03-23		2	Burkholderia pseudomallei
GCF_018228525.1	ASM1822852v1	2025-07-20	Burkholderia pseudomallei		N2					GCF_018228525.1-RS_2025_07_20	Complete Genome	2021-05-03		3	Burkholderia pseudomallei
GCF_018228385.1	ASM1822838v1	2025-07-20	Burkholderia pseudomallei		BD5					GCF_018228385.1-RS_2025_07_20	Complete Genome	2021-05-03		3	Burkholderia pseudomallei
GCF_018228605.1	ASM1822860v1	2025-07-20	Burkholderia pseudomallei		AW17-22					GCF_018228605.1-RS_2025_07_20	Complete Genome	2021-05-03		3	Burkholderia pseudomallei
GCF_018228585.1	ASM1822858v1	2025-07-20	Burkholderia pseudomallei		AW44					GCF_018228585.1-RS_2025_07_20	Complete Genome	2021-05-03		3	Burkholderia pseudomallei
GCF_018228345.1	ASM1822834v1	2025-07-20	Burkholderia pseudomallei		WC19					GCF_018228345.1-RS_2025_07_20	Complete Genome	2021-05-03		3	Burkholderia pseudomallei
GCF_018228565.1	ASM1822856v1	2025-07-20	Burkholderia pseudomallei		AW17-23					GCF_018228565.1-RS_2025_07_20	Complete Genome	2021-05-03		3	Burkholderia pseudomallei
GCF_018228545.1	ASM1822854v1	2025-07-20	Burkholderia pseudomallei		AW9					GCF_018228545.1-RS_2025_07_20	Complete Genome	2021-05-03		3	Burkholderia pseudomallei
GCF_003798265.1	ASM379826v1	2025-07-16	Burkholderia pseudomallei		FDAARGOS_592					GCF_003798265.1-RS_2025_07_16	Complete Genome	2018-11-20		2	Burkholderia pseudomallei
GCF_003445415.1	ASM344541v1	2025-07-07	Burkholderia pseudomallei		BEK					GCF_003445415.1-RS_2025_07_07	Complete Genome	2014-09-18		2	Burkholderia pseudomallei
GCF_018771365.1	ASM1877136v1	2025-06-25	Burkholderia pseudomallei		VBP21822					GCF_018771365.1-RS_2025_06_25	Complete Genome	2021-06-08		4	Burkholderia pseudomallei
GCF_030297255.1	ASM3029725v1	2025-06-21	Burkholderia pseudomallei		GTC3P0254T					GCF_030297255.1-RS_2025_06_21	Complete Genome	2023-05-16		2	Burkholderia pseudomallei
GCF_030297335.1	ASM3029733v1	2025-06-21	Burkholderia pseudomallei		KM390					GCF_030297335.1-RS_2025_06_21	Complete Genome	2023-05-16		2	Burkholderia pseudomallei
GCF_030297215.1	ASM3029721v1	2025-06-21	Burkholderia pseudomallei		GTC3P0050					GCF_030297215.1-RS_2025_06_21	Complete Genome	2023-05-16		2	Burkholderia pseudomallei
GCF_030297235.1	ASM3029723v1	2025-06-21	Burkholderia pseudomallei		GTC3P0054					GCF_030297235.1-RS_2025_06_21	Complete Genome	2023-05-16		2	Burkholderia pseudomallei
GCF_030297275.1	ASM3029727v1	2025-06-21	Burkholderia pseudomallei		Kanagawa					GCF_030297275.1-RS_2025_06_21	Complete Genome	2023-05-16		2	Burkholderia pseudomallei
GCF_030297295.1	ASM3029729v1	2025-06-21	Burkholderia pseudomallei		Tokushima					GCF_030297295.1-RS_2025_06_21	Complete Genome	2023-05-16		2	Burkholderia pseudomallei
GCF_030297195.1	ASM3029719v1	2025-06-21	Burkholderia pseudomallei		GTC3P0019					GCF_030297195.1-RS_2025_06_21	Complete Genome	2023-05-16		2	Burkholderia pseudomallei
GCF_030297355.1	ASM3029735v1	2025-06-21	Burkholderia pseudomallei		KM391					GCF_030297355.1-RS_2025_06_21	Complete Genome	2023-05-16		2	Burkholderia pseudomallei
GCF_030297315.1	ASM3029731v1	2025-06-21	Burkholderia pseudomallei		KM376					GCF_030297315.1-RS_2025_06_21	Complete Genome	2023-05-16		3	Burkholderia pseudomallei
GCF_038983115.1	ASM3898311v1	2025-05-26	Burkholderia pseudomallei		SCBP007					GCF_038983115.1-RS_2025_05_26	Complete Genome	2024-05-01	JAQIYQ01	2	Burkholderia pseudomallei
GCF_038983225.1	ASM3898322v1	2025-05-26	Burkholderia pseudomallei		SCBP001					GCF_038983225.1-RS_2025_05_26	Complete Genome	2024-05-01	JAQIYP01	2	Burkholderia pseudomallei
GCF_050320195.1	UFBP490F	2025-05-13	Burkholderia pseudomallei		490f					GCF_050320195.1-RS_2025_05_13	Complete Genome	2025-05-14		2	Burkholderia pseudomallei
GCF_016864355.1	ASM1686435v1	2025-04-20	Burkholderia pseudomallei		VB29710					GCF_016864355.1-RS_2025_04_20	Complete Genome	2021-02-11		2	Burkholderia pseudomallei
GCF_017378355.1	ASM1737835v1	2025-04-20	Burkholderia pseudomallei		VBP21885					GCF_017378355.1-RS_2025_04_20	Complete Genome	2021-03-18		2	Burkholderia pseudomallei
GCF_017378235.1	ASM1737823v1	2025-04-20	Burkholderia pseudomallei		VBM23831					GCF_017378235.1-RS_2025_04_20	Complete Genome	2021-03-18		3	Burkholderia pseudomallei
GCF_004367685.1	ASM436768v1	2025-04-19	Burkholderia pseudomallei		BPs123					GCF_004367685.1-RS_2025_04_19	Complete Genome	2019-03-23		2	Burkholderia pseudomallei
GCF_004348055.1	ASM434805v1	2025-04-19	Burkholderia pseudomallei		BPs115					GCF_004348055.1-RS_2025_04_19	Complete Genome	2019-03-13		2	Burkholderia pseudomallei
GCF_004367665.1	ASM436766v1	2025-04-19	Burkholderia pseudomallei		BPs114					GCF_004367665.1-RS_2025_04_19	Complete Genome	2019-03-23		2	Burkholderia pseudomallei
GCF_017378195.1	ASM1737819v1	2025-04-16	Burkholderia pseudomallei		VBM21885					GCF_017378195.1-RS_2025_04_16	Complete Genome	2021-03-18		2	Burkholderia pseudomallei
GCF_017378275.1	ASM1737827v1	2025-04-16	Burkholderia pseudomallei		VBP399					GCF_017378275.1-RS_2025_04_16	Complete Genome	2021-03-18		2	Burkholderia pseudomallei
GCF_017378155.1	ASM1737815v1	2025-04-16	Burkholderia pseudomallei		VBM21822					GCF_017378155.1-RS_2025_04_16	Complete Genome	2021-03-18		3	Burkholderia pseudomallei
GCF_017378435.1	ASM1737843v1	2025-04-16	Burkholderia pseudomallei		VBP23831					GCF_017378435.1-RS_2025_04_16	Complete Genome	2021-03-18		2	Burkholderia pseudomallei
GCF_004323015.1	ASM432301v1	2025-04-11	Burkholderia pseudomallei		BPs110					GCF_004323015.1-RS_2025_04_11	Complete Genome	2019-03-04		2	Burkholderia pseudomallei
GCF_004323035.1	ASM432303v1	2025-04-11	Burkholderia pseudomallei		BPs111					GCF_004323035.1-RS_2025_04_11	Complete Genome	2019-03-04		2	Burkholderia pseudomallei
GCF_000757015.2	ASM75701v2	2025-04-07	Burkholderia pseudomallei		PHLS 112					GCF_000757015.2-RS_2025_04_07	Complete Genome	2015-03-20		2	Burkholderia pseudomallei
GCF_000959305.1	ASM95930v1	2025-04-07	Burkholderia pseudomallei		MSHR668					GCF_000959305.1-RS_2025_04_07	Complete Genome	2015-03-20		2	Burkholderia pseudomallei
GCF_000959285.1	ASM95928v1	2025-04-07	Burkholderia pseudomallei K96243		K96243					GCF_000959285.1-RS_2025_04_07	Complete Genome	2015-03-20		2	Burkholderia pseudomallei
GCF_000959145.1	ASM95914v1	2025-04-07	Burkholderia pseudomallei 406e		406E					GCF_000959145.1-RS_2025_04_07	Complete Genome	2015-03-20		2	Burkholderia pseudomallei
GCF_000959125.1	ASM95912v1	2025-04-07	Burkholderia pseudomallei 1026b		1026b					GCF_000959125.1-RS_2025_04_07	Complete Genome	2015-03-20		2	Burkholderia pseudomallei
GCF_000757035.2	ASM75703v2	2025-04-07	Burkholderia pseudomallei Pasteur 52237		Pasteur 52237					GCF_000757035.2-RS_2025_04_07	Complete Genome	2015-03-20		2	Burkholderia pseudomallei
GCF_000959265.1	ASM95926v1	2025-04-07	Burkholderia pseudomallei 7894		7894					GCF_000959265.1-RS_2025_04_07	Complete Genome	2015-03-20		2	Burkholderia pseudomallei
GCF_000959225.1	ASM95922v1	2025-04-07	Burkholderia pseudomallei MSHR2543		MSHR2543					GCF_000959225.1-RS_2025_04_07	Complete Genome	2015-03-20		2	Burkholderia pseudomallei
GCF_024599655.1	ASM2459965v1	2025-08-24	Enterobacter asburiae		R_A5.MM					GCF_024599655.1-RS_2025_08_24	Complete Genome	2022-08-09		1	Enterobacter asburiae
GCF_052039465.1	ASM5203946v1	2025-08-15	Enterobacter asburiae		NY14333					GCF_052039465.1-RS_2025_08_15	Complete Genome	2025-08-16		3	Enterobacter asburiae
GCF_051903055.1	ASM5190305v1	2025-08-08	Enterobacter asburiae		NY14272					GCF_051903055.1-RS_2025_08_08	Complete Genome	2025-08-09		4	Enterobacter asburiae
GCF_030505295.1	ASM3050529v1	2025-07-18	Enterobacter asburiae		IK3					GCF_030505295.1-RS_2025_07_18	Complete Genome	2023-07-19		5	Enterobacter asburiae
GCF_030444575.1	ASM3044457v1	2025-07-16	Enterobacter asburiae		BP16m1					GCF_030444575.1-RS_2025_07_16	Complete Genome	2023-07-13		3	Enterobacter asburiae
GCF_030444555.1	ASM3044455v1	2025-07-16	Enterobacter asburiae		MP4m4					GCF_030444555.1-RS_2025_07_16	Complete Genome	2023-07-13		3	Enterobacter asburiae
GCF_030444535.1	ASM3044453v1	2025-07-16	Enterobacter asburiae		MO13m20					GCF_030444535.1-RS_2025_07_16	Complete Genome	2023-07-13		14	Enterobacter asburiae
GCF_030406145.1	ASM3040614v1	2025-07-06	Enterobacter asburiae		RG1					GCF_030406145.1-RS_2025_07_06	Complete Genome	2023-07-04		1	Enterobacter asburiae
GCF_050883555.1	ASM5088355v1	2025-06-11	Enterobacter asburiae		NY3233					GCF_050883555.1-RS_2025_06_11	Complete Genome	2025-06-12		3	Enterobacter asburiae
GCF_030179835.1	ASM3017983v1	2025-06-05	Enterobacter asburiae		2017-45-54-05					GCF_030179835.1-RS_2025_06_05	Complete Genome	2023-06-06		5	Enterobacter asburiae
GCF_030179805.1	ASM3017980v1	2025-06-05	Enterobacter asburiae		2017-45-80					GCF_030179805.1-RS_2025_06_05	Complete Genome	2023-06-06		3	Enterobacter asburiae
GCF_008364575.2	ASM836457v2	2025-06-05	Enterobacter asburiae		E2					GCF_008364575.2-RS_2025_06_05	Complete Genome	2024-06-06		1	Enterobacter asburiae
GCF_023023265.1	ASM2302326v1	2025-05-21	Enterobacter asburiae		AR0468-yvys					GCF_023023265.1-RS_2025_05_21	Complete Genome	2022-04-18		8	Enterobacter asburiae
GCF_023023045.1	ASM2302304v1	2025-05-21	Enterobacter asburiae		161373-yvys					GCF_023023045.1-RS_2025_05_21	Complete Genome	2022-04-18		4	Enterobacter asburiae
GCF_039623865.1	ASM3962386v1	2025-05-18	Enterobacter asburiae		WUM-UW/843					GCF_039623865.1-RS_2025_05_18	Complete Genome	2024-05-18		3	Enterobacter asburiae
GCF_019968865.1	ASM1996886v1	2025-05-13	Enterobacter asburiae		JBIWA002					GCF_019968865.1-RS_2025_05_13	Complete Genome	2021-09-14		6	Enterobacter asburiae
GCF_019968785.1	ASM1996878v1	2025-05-13	Enterobacter asburiae		JBIWA007					GCF_019968785.1-RS_2025_05_13	Complete Genome	2021-09-14		5	Enterobacter asburiae
GCF_050158175.1	ASM5015817v1	2025-05-07	Enterobacter asburiae		A26618					GCF_050158175.1-RS_2025_05_07	Complete Genome	2025-05-14		5	Enterobacter asburiae
GCF_038727575.1	ASM3872757v1	2025-05-02	Enterobacter asburiae		GDFQ9D152					GCF_038727575.1-RS_2025_05_02	Complete Genome	2024-05-03		4	Enterobacter asburiae
GCF_035556915.1	ASM3555691v2	2025-04-21	Enterobacter asburiae		2024CK-00035					GCF_035556915.1-RS_2025_04_21	Complete Genome	2024-04-06		1	Enterobacter asburiae
GCF_023023145.1	ASM2302314v1	2025-04-14	Enterobacter asburiae		AR2284-yvys					GCF_023023145.1-RS_2025_04_14	Complete Genome	2022-04-18		4	Enterobacter asburiae
GCF_023101705.1	ASM2310170v1	2025-04-14	Enterobacter asburiae		16773-yvys					GCF_023101705.1-RS_2025_04_14	Complete Genome	2022-04-18		7	Enterobacter asburiae
GCF_013784425.1	ASM1378442v1	2025-04-14	Enterobacter asburiae		RHBSTW-00516					GCF_013784425.1-RS_2025_04_14	Complete Genome	2020-07-28		1	Enterobacter asburiae
GCF_013782005.1	ASM1378200v1	2025-04-14	Enterobacter asburiae		RHBSTW-01009					GCF_013782005.1-RS_2025_04_14	Complete Genome	2020-07-28		3	Enterobacter asburiae
GCF_009811955.2	SM1_v3	2025-04-11	Enterobacter asburiae		SM1					GCF_009811955.2-RS_2025_04_11	Complete Genome	2025-04-15		1	Enterobacter asburiae
GCF_013740195.1	ASM1374019v1	2025-04-09	Enterobacter asburiae		RHBSTW-00542					GCF_013740195.1-RS_2025_04_09	Complete Genome	2020-07-27		5	Enterobacter asburiae
GCF_022570715.1	ASM2257071v1	2025-04-08	Enterobacter asburiae		5549					GCF_022570715.1-RS_2025_04_08	Complete Genome	2022-03-15		3	Enterobacter asburiae
GCF_028622135.1	ASM2862213v1	2025-03-25	Enterobacter asburiae		2022CK-00757					GCF_028622135.1-RS_2025_03_25	Complete Genome	2023-02-15		5	Enterobacter asburiae
GCF_027595525.1	ASM2759552v1	2025-02-21	Enterobacter asburiae		S3_CRE3					GCF_027595525.1-RS_2025_02_21	Complete Genome	2023-01-09		1	Enterobacter asburiae
GCF_016027695.1	ASM1602769v1	2025-02-14	Enterobacter asburiae		FDAARGOS_892					GCF_016027695.1-RS_2025_02_14	Complete Genome	2020-12-14		3	Enterobacter asburiae
GCF_011396735.1	ASM1139673v1	2025-02-13	Enterobacter asburiae		A2563					GCF_011396735.1-RS_2025_02_13	Complete Genome	2020-02-06		1	Enterobacter asburiae
GCF_007035645.1	ASM703564v1	2025-02-13	Enterobacter asburiae		1808-013					GCF_007035645.1-RS_2025_02_13	Complete Genome	2019-05-14		2	Enterobacter asburiae
GCF_001022095.1	ASM102209v1	2025-01-31	Enterobacter asburiae		CAV1043					GCF_001022095.1-RS_2025_01_31	Complete Genome	2015-06-09		7	Enterobacter asburiae
GCF_000632395.1	ASM63239v1	2025-01-31	Enterobacter asburiae L1		L1					GCF_000632395.1-RS_2025_01_31	Complete Genome	2014-04-15		1	Enterobacter asburiae
GCF_047159435.1	ASM4715943v1	2025-01-26	Enterobacter asburiae		GPC19-245					GCF_047159435.1-RS_2025_01_26	Complete Genome	2025-01-26		2	Enterobacter asburiae
GCF_015168595.1	ASM1516859v1	2024-12-21	Enterobacter asburiae		SD4L					GCF_015168595.1-RS_2024_12_21	Complete Genome	2020-11-02		2	Enterobacter asburiae
GCF_034331165.1	ASM3433116v2	2024-12-16	Enterobacter asburiae		2023CK-01510					GCF_034331165.1-RS_2024_12_16	Complete Genome	2024-12-06		2	Enterobacter asburiae
GCF_007035805.1	ASM703580v1	2024-12-13	Enterobacter asburiae		17Nkhm-UP2					GCF_007035805.1-RS_2024_12_13	Complete Genome	2019-05-14		2	Enterobacter asburiae
GCF_017347425.1	ASM1734742v1	2024-12-01	Enterobacter asburiae		En30					GCF_017347425.1-RS_2024_12_01	Complete Genome	2021-02-26		3	Enterobacter asburiae
GCF_019048485.1	ASM1904848v1	2024-12-01	Enterobacter asburiae		FDAARGOS 1432					GCF_019048485.1-RS_2024_12_01	Complete Genome	2021-06-28		4	Enterobacter asburiae
GCF_018394395.1	ASM1839439v1	2024-12-01	Enterobacter asburiae		L1 delta-T1RM					GCF_018394395.1-RS_2024_12_01	Complete Genome	2021-05-18		1	Enterobacter asburiae
GCF_003940765.1	ASM394076v1	2024-11-30	Enterobacter asburiae		CAV1043					GCF_003940765.1-RS_2024_11_30	Complete Genome	2018-12-12		1	Enterobacter asburiae
GCF_001521715.1	ASM152171v1	2024-11-29	Enterobacter asburiae		ATCC 35953					GCF_001521715.1-RS_2024_11_29	Complete Genome	2016-01-21		5	Enterobacter asburiae
GCF_025999975.1	ASM2599997v1	2024-11-26	Enterobacter asburiae		KAM576					GCF_025999975.1-RS_2024_11_26	Complete Genome	2022-10-11		7	Enterobacter asburiae
GCF_019973695.1	ASM1997369v1	2024-11-19	Enterobacter asburiae		Ent261					GCF_019973695.1-RS_2024_11_19	Complete Genome	2021-09-02		2	Enterobacter asburiae
GCF_045013525.1	ASM4501352v1	2024-11-19	Enterobacter asburiae		1-6_W4-1_h					GCF_045013525.1-RS_2024_11_19	Complete Genome	2024-11-21		4	Enterobacter asburiae
GCF_033130105.1	ASM3313010v1	2024-11-06	Enterobacter asburiae		TA61661					GCF_033130105.1-RS_2024_11_06	Complete Genome	2023-06-30		2	Enterobacter asburiae
GCF_044344475.1	ASM4434447v1	2024-11-05	Enterobacter asburiae		FUJ80072					GCF_044344475.1-RS_2024_11_05	Complete Genome	2024-11-06		2	Enterobacter asburiae
GCF_043966055.1	ASM4396605v1	2024-10-29	Enterobacter asburiae		ECC-232					GCF_043966055.1-RS_2024_10_29	Complete Genome	2024-10-29		3	Enterobacter asburiae
GCF_043965215.1	ASM4396521v1	2024-10-29	Enterobacter asburiae		ECC-253					GCF_043965215.1-RS_2024_10_29	Complete Genome	2024-10-29		2	Enterobacter asburiae
GCF_052073595.1	ASM5207359v1	2025-08-17	Enterobacter hormaechei		EH18242023BG					GCF_052073595.1-RS_2025_08_17	Complete Genome	2025-08-17	JBQHIK01	6	Enterobacter hormaechei
GCF_052073625.1	ASM5207362v1	2025-08-17	Enterobacter hormaechei		EH36082023BG					GCF_052073625.1-RS_2025_08_17	Complete Genome	2025-08-17	JBQHIL01	4	Enterobacter hormaechei
GCF_052073395.1	ASM5207339v1	2025-08-17	Enterobacter hormaechei		EH9642024BG					GCF_052073395.1-RS_2025_08_17	Complete Genome	2025-08-17	JBQHIM01	3	Enterobacter hormaechei
GCF_030732205.1	ASM3073220v1	2025-08-14	Enterobacter hormaechei		RSY19					GCF_030732205.1-RS_2025_08_14	Complete Genome	2023-08-15		2	Enterobacter hormaechei
GCF_030717405.1	ASM3071740v1	2025-08-11	Enterobacter hormaechei		MRSN791417					GCF_030717405.1-RS_2025_08_11	Complete Genome	2023-08-12		9	Enterobacter hormaechei
GCF_051799885.1	ASM5179988v1	2025-08-05	Enterobacter hormaechei		ST4					GCF_051799885.1-RS_2025_08_05	Complete Genome	2025-08-06		1	Enterobacter hormaechei
GCF_051617875.1	ASM5161787v1	2025-07-31	Enterobacter hormaechei		CPO413					GCF_051617875.1-RS_2025_07_31	Complete Genome	2025-08-01		4	Enterobacter hormaechei
GCF_051560505.1	ASM5156050v1	2025-07-30	Enterobacter hormaechei		CPO025					GCF_051560505.1-RS_2025_07_30	Complete Genome	2025-07-31		3	Enterobacter hormaechei
GCF_051561185.1	ASM5156118v1	2025-07-30	Enterobacter hormaechei		CPO278					GCF_051561185.1-RS_2025_07_30	Complete Genome	2025-07-31		2	Enterobacter hormaechei
GCF_051549645.1	ASM5154964v1	2025-07-30	Enterobacter hormaechei		EN2209347					GCF_051549645.1-RS_2025_07_30	Complete Genome	2025-07-31		4	Enterobacter hormaechei
GCF_030486465.1	ASM3048646v1	2025-07-16	Enterobacter hormaechei subsp. xiangfangensis		Eh8322_LBHALD					GCF_030486465.1-RS_2025_07_16	Complete Genome	2023-07-16		3	Enterobacter hormaechei
GCF_051307155.1	ASM5130715v1	2025-07-14	Enterobacter hormaechei		APO23					GCF_051307155.1-RS_2025_07_14	Complete Genome	2025-07-15		2	Enterobacter hormaechei
GCF_030413825.1	ASM3041382v1	2025-07-11	Enterobacter hormaechei		Eh202_LBHALD					GCF_030413825.1-RS_2025_07_11	Complete Genome	2023-07-10		2	Enterobacter hormaechei
GCF_051131905.1	ASM5113190v1	2025-06-29	Enterobacter hormaechei		EH60					GCF_051131905.1-RS_2025_06_29	Complete Genome	2025-06-29		8	Enterobacter hormaechei
GCF_051093635.1	ASM5109363v1	2025-06-27	Enterobacter hormaechei		NY14259					GCF_051093635.1-RS_2025_06_27	Complete Genome	2025-06-27		5	Enterobacter hormaechei
GCF_051092895.1	ASM5109289v1	2025-06-27	Enterobacter hormaechei		NY14255					GCF_051092895.1-RS_2025_06_27	Complete Genome	2025-06-27		9	Enterobacter hormaechei
GCF_051092825.1	ASM5109282v1	2025-06-27	Enterobacter hormaechei subsp. xiangfangensis		NY14253					GCF_051092825.1-RS_2025_06_27	Complete Genome	2025-06-27		6	Enterobacter hormaechei
GCF_051093565.1	ASM5109356v1	2025-06-27	Enterobacter hormaechei subsp. xiangfangensis		NY14256					GCF_051093565.1-RS_2025_06_27	Complete Genome	2025-06-27		5	Enterobacter hormaechei
GCF_051092005.1	ASM5109200v1	2025-06-27	Enterobacter hormaechei subsp. xiangfangensis		NY14244					GCF_051092005.1-RS_2025_06_27	Complete Genome	2025-06-27		6	Enterobacter hormaechei
GCF_051092075.1	ASM5109207v1	2025-06-27	Enterobacter hormaechei subsp. xiangfangensis		NY14250					GCF_051092075.1-RS_2025_06_27	Complete Genome	2025-06-27		5	Enterobacter hormaechei
GCF_051091335.1	ASM5109133v1	2025-06-26	Enterobacter hormaechei		NY14116					GCF_051091335.1-RS_2025_06_26	Complete Genome	2025-06-27		5	Enterobacter hormaechei
GCF_051089675.1	ASM5108967v1	2025-06-26	Enterobacter hormaechei		NY5732					GCF_051089675.1-RS_2025_06_26	Complete Genome	2025-06-27		4	Enterobacter hormaechei
GCF_051090075.1	ASM5109007v1	2025-06-26	Enterobacter hormaechei		NY5808					GCF_051090075.1-RS_2025_06_26	Complete Genome	2025-06-27		3	Enterobacter hormaechei
GCF_051090735.1	ASM5109073v1	2025-06-26	Enterobacter hormaechei subsp. xiangfangensis		NY5821					GCF_051090735.1-RS_2025_06_26	Complete Genome	2025-06-27		3	Enterobacter hormaechei
GCF_051091715.1	ASM5109171v1	2025-06-26	Enterobacter hormaechei subsp. xiangfangensis		NY14234					GCF_051091715.1-RS_2025_06_26	Complete Genome	2025-06-27		4	Enterobacter hormaechei
GCF_051089665.1	ASM5108966v1	2025-06-26	Enterobacter hormaechei subsp. xiangfangensis		NY5744					GCF_051089665.1-RS_2025_06_26	Complete Genome	2025-06-27		3	Enterobacter hormaechei
GCF_051091755.1	ASM5109175v1	2025-06-26	Enterobacter hormaechei subsp. xiangfangensis		NY14237					GCF_051091755.1-RS_2025_06_26	Complete Genome	2025-06-27		6	Enterobacter hormaechei
GCF_051090725.1	ASM5109072v1	2025-06-26	Enterobacter hormaechei subsp. xiangfangensis		NY5818					GCF_051090725.1-RS_2025_06_26	Complete Genome	2025-06-27		6	Enterobacter hormaechei
GCF_038627025.1	ASM3862702v2	2025-06-23	Enterobacter hormaechei		2024CK-00477					GCF_038627025.1-RS_2025_06_23	Complete Genome	2024-06-12		3	Enterobacter hormaechei
GCF_038627095.1	ASM3862709v2	2025-06-23	Enterobacter hormaechei		2024CK-00534					GCF_038627095.1-RS_2025_06_23	Complete Genome	2024-06-12		3	Enterobacter hormaechei
GCF_038627045.1	ASM3862704v2	2025-06-23	Enterobacter hormaechei		2024CK-00476					GCF_038627045.1-RS_2025_06_23	Complete Genome	2024-06-12		3	Enterobacter hormaechei
GCF_038418305.1	ASM3841830v2	2025-06-23	Enterobacter hormaechei		2024CK-00459					GCF_038418305.1-RS_2025_06_23	Complete Genome	2024-06-12		6	Enterobacter hormaechei
GCF_030324195.1	ASM3032419v1	2025-06-22	Enterobacter hormaechei		EHX_PAT_001					GCF_030324195.1-RS_2025_06_22	Complete Genome	2023-06-22		4	Enterobacter hormaechei
GCF_023734835.1	ASM2373483v1	2025-06-20	Enterobacter hormaechei		FUJ80003					GCF_023734835.1-RS_2025_06_20	Complete Genome	2022-06-05		2	Enterobacter hormaechei
GCF_050883155.1	ASM5088315v1	2025-06-11	Enterobacter hormaechei		NY3181					GCF_050883155.1-RS_2025_06_11	Complete Genome	2025-06-12		6	Enterobacter hormaechei
GCF_050883685.1	ASM5088368v1	2025-06-11	Enterobacter hormaechei		NY3627					GCF_050883685.1-RS_2025_06_11	Complete Genome	2025-06-12		3	Enterobacter hormaechei
GCF_050871255.1	ASM5087125v1	2025-06-11	Enterobacter hormaechei		NY2616					GCF_050871255.1-RS_2025_06_11	Complete Genome	2025-06-12		3	Enterobacter hormaechei
GCF_050884245.1	ASM5088424v1	2025-06-11	Enterobacter hormaechei		NY5292					GCF_050884245.1-RS_2025_06_11	Complete Genome	2025-06-12		3	Enterobacter hormaechei
GCF_050871265.1	ASM5087126v1	2025-06-11	Enterobacter hormaechei		NY2861					GCF_050871265.1-RS_2025_06_11	Complete Genome	2025-06-12		4	Enterobacter hormaechei
GCF_050871225.1	ASM5087122v1	2025-06-11	Enterobacter hormaechei		NY1016					GCF_050871225.1-RS_2025_06_11	Complete Genome	2025-06-12		4	Enterobacter hormaechei
GCF_050871245.1	ASM5087124v1	2025-06-11	Enterobacter hormaechei subsp. xiangfangensis		NY1526					GCF_050871245.1-RS_2025_06_11	Complete Genome	2025-06-12		5	Enterobacter hormaechei
GCF_050871235.1	ASM5087123v1	2025-06-11	Enterobacter hormaechei subsp. xiangfangensis		NY1316					GCF_050871235.1-RS_2025_06_11	Complete Genome	2025-06-12		4	Enterobacter hormaechei
GCF_050883545.1	ASM5088354v1	2025-06-11	Enterobacter hormaechei subsp. xiangfangensis		NY3231					GCF_050883545.1-RS_2025_06_11	Complete Genome	2025-06-12		3	Enterobacter hormaechei
GCF_050883695.1	ASM5088369v1	2025-06-11	Enterobacter hormaechei subsp. xiangfangensis		NY5291					GCF_050883695.1-RS_2025_06_11	Complete Genome	2025-06-12		6	Enterobacter hormaechei
GCF_050871215.1	ASM5087121v1	2025-06-11	Enterobacter hormaechei subsp. xiangfangensis		NY14233					GCF_050871215.1-RS_2025_06_11	Complete Genome	2025-06-12		2	Enterobacter hormaechei
GCF_038069265.1	ASM3806926v2	2025-06-09	Enterobacter hormaechei		2024CK-00374					GCF_038069265.1-RS_2025_06_09	Complete Genome	2024-05-31		4	Enterobacter hormaechei
GCF_038626985.1	ASM3862698v2	2025-06-09	Enterobacter hormaechei		2024CK-00479					GCF_038626985.1-RS_2025_06_09	Complete Genome	2024-05-31		4	Enterobacter hormaechei
GCF_008370065.2	ASM837006v2	2025-06-05	Enterobacter hormaechei		E11					GCF_008370065.2-RS_2025_06_05	Complete Genome	2024-06-06		2	Enterobacter hormaechei
GCF_025398395.2	ASM2539839v2	2025-06-02	Enterobacter hormaechei		2020CK-00376					GCF_025398395.2-RS_2025_06_02	Complete Genome	2023-06-02		3	Enterobacter hormaechei
GCF_039906065.1	ASM3990606v1	2025-05-30	Enterobacter hormaechei		YY1					GCF_039906065.1-RS_2025_05_30	Complete Genome	2024-05-31		2	Enterobacter hormaechei
GCF_013403545.1	ASM1340354v1	2025-08-22	Enterobacter roggenkampii		KQ-01					GCF_013403545.1-RS_2025_08_22	Complete Genome	2020-07-13		1	Enterobacter roggenkampii
GCF_013389415.1	ASM1338941v1	2025-08-16	Enterobacter roggenkampii		ED5					GCF_013389415.1-RS_2025_08_16	Complete Genome	2020-07-05		2	Enterobacter roggenkampii
GCF_019047025.1	ASM1904702v1	2025-07-20	Enterobacter roggenkampii		FDAARGOS 1430					GCF_019047025.1-RS_2025_07_20	Complete Genome	2021-06-28		3	Enterobacter roggenkampii
GCF_030384865.1	ASM3038486v1	2025-07-03	Enterobacter roggenkampii		WL374					GCF_030384865.1-RS_2025_07_03	Complete Genome	2023-07-02		5	Enterobacter roggenkampii
GCF_051090065.1	ASM5109006v1	2025-06-26	Enterobacter roggenkampii		NY5815					GCF_051090065.1-RS_2025_06_26	Complete Genome	2025-06-27		5	Enterobacter roggenkampii
GCF_038627005.1	ASM3862700v2	2025-06-23	Enterobacter roggenkampii		2024CK-00478					GCF_038627005.1-RS_2025_06_23	Complete Genome	2024-06-12		4	Enterobacter roggenkampii
GCF_016756655.1	ASM1675665v1	2025-06-16	Enterobacter roggenkampii		OIPH-N260					GCF_016756655.1-RS_2025_06_16	Complete Genome	2021-01-04		5	Enterobacter roggenkampii
GCF_050883145.1	ASM5088314v1	2025-06-11	Enterobacter roggenkampii		NY3142					GCF_050883145.1-RS_2025_06_11	Complete Genome	2025-06-12		5	Enterobacter roggenkampii
GCF_023650875.1	ASM2365087v1	2025-06-09	Enterobacter roggenkampii		GD21SC1505					GCF_023650875.1-RS_2025_06_09	Complete Genome	2022-06-06		6	Enterobacter roggenkampii
GCF_030179035.1	ASM3017903v1	2025-06-05	Enterobacter roggenkampii		2017-45-51-04-01					GCF_030179035.1-RS_2025_06_05	Complete Genome	2023-06-06		6	Enterobacter roggenkampii
GCF_030179635.1	ASM3017963v1	2025-06-05	Enterobacter roggenkampii		2017-45-131-01A					GCF_030179635.1-RS_2025_06_05	Complete Genome	2023-06-06		3	Enterobacter roggenkampii
GCF_039727605.1	ASM3972760v1	2025-05-22	Enterobacter roggenkampii		L3897					GCF_039727605.1-RS_2025_05_22	Complete Genome	2024-05-24		2	Enterobacter roggenkampii
GCF_023375625.1	ASM2337562v1	2025-05-21	Enterobacter roggenkampii		Ek140					GCF_023375625.1-RS_2025_05_21	Complete Genome	2022-05-16		2	Enterobacter roggenkampii
GCF_023375585.1	ASM2337558v1	2025-05-21	Enterobacter roggenkampii		K666					GCF_023375585.1-RS_2025_05_21	Complete Genome	2022-05-16		7	Enterobacter roggenkampii
GCF_023375565.1	ASM2337556v1	2025-05-21	Enterobacter roggenkampii		K475-2					GCF_023375565.1-RS_2025_05_21	Complete Genome	2022-05-16		5	Enterobacter roggenkampii
GCF_023023065.1	ASM2302306v1	2025-05-21	Enterobacter roggenkampii		13840-yvys					GCF_023023065.1-RS_2025_05_21	Complete Genome	2022-04-18		2	Enterobacter roggenkampii
GCF_025021485.1	ASM2502148v1	2025-05-06	Enterobacter roggenkampii		RX.G5M56					GCF_025021485.1-RS_2025_05_06	Complete Genome	2022-09-07		1	Enterobacter roggenkampii
GCF_004684365.1	ASM468436v1	2025-04-29	Enterobacter roggenkampii		BP10374					GCF_004684365.1-RS_2025_04_29	Complete Genome	2019-04-07		1	Enterobacter roggenkampii
GCF_029834495.1	ASM2983449v1	2025-04-19	Enterobacter roggenkampii		EOBSR_19					GCF_029834495.1-RS_2025_04_19	Complete Genome	2023-04-19		2	Enterobacter roggenkampii
GCF_049605525.1	ASM4960552v1	2025-04-17	Enterobacter roggenkampii		JARB-T-NT00318					GCF_049605525.1-RS_2025_04_17	Complete Genome	2025-04-19		6	Enterobacter roggenkampii
GCF_013742615.1	ASM1374261v1	2025-04-16	Enterobacter roggenkampii		RHBSTW-00309					GCF_013742615.1-RS_2025_04_16	Complete Genome	2020-07-27		5	Enterobacter roggenkampii
GCF_029536245.1	ASM2953624v1	2025-04-16	Enterobacter roggenkampii		0-E					GCF_029536245.1-RS_2025_04_16	Complete Genome	2023-04-01		5	Enterobacter roggenkampii
GCF_013635755.1	ASM1363575v1	2025-04-16	Enterobacter roggenkampii		RHBSTW-00002					GCF_013635755.1-RS_2025_04_16	Complete Genome	2020-07-24		11	Enterobacter roggenkampii
GCF_029542685.1	ASM2954268v1	2025-04-15	Enterobacter roggenkampii		ws6-3					GCF_029542685.1-RS_2025_04_15	Complete Genome	2023-04-03		1	Enterobacter roggenkampii
GCF_029542705.1	ASM2954270v1	2025-04-15	Enterobacter roggenkampii		WS28-4					GCF_029542705.1-RS_2025_04_15	Complete Genome	2023-04-03		1	Enterobacter roggenkampii
GCF_029542745.1	ASM2954274v1	2025-04-15	Enterobacter roggenkampii		WS22-2					GCF_029542745.1-RS_2025_04_15	Complete Genome	2023-04-03		2	Enterobacter roggenkampii
GCF_029718635.1	ASM2971863v1	2025-04-13	Enterobacter roggenkampii		RHB21-E1-C01					GCF_029718635.1-RS_2025_04_13	Complete Genome	2023-04-13		1	Enterobacter roggenkampii
GCF_002211685.1	ASM221168v1	2025-04-11	Enterobacter roggenkampii		704SK10					GCF_002211685.1-RS_2025_04_11	Complete Genome	2017-06-30		3	Enterobacter roggenkampii
GCF_013728935.1	ASM1372893v1	2025-04-11	Enterobacter roggenkampii		RHBSTW-00872					GCF_013728935.1-RS_2025_04_11	Complete Genome	2020-07-27		2	Enterobacter roggenkampii
GCF_002007805.1	ASM200780v1	2025-04-11	Enterobacter roggenkampii		R11					GCF_002007805.1-RS_2025_04_11	Complete Genome	2017-02-28		5	Enterobacter roggenkampii
GCF_013725995.1	ASM1372599v1	2025-04-11	Enterobacter roggenkampii		RHBSTW-00925					GCF_013725995.1-RS_2025_04_11	Complete Genome	2020-07-27		3	Enterobacter roggenkampii
GCF_004138605.1	ASM413860v1	2025-04-11	Enterobacter roggenkampii		ECY546					GCF_004138605.1-RS_2025_04_11	Complete Genome	2019-02-05		2	Enterobacter roggenkampii
GCF_013733395.1	ASM1373339v1	2025-04-11	Enterobacter roggenkampii		RHBSTW-00695					GCF_013733395.1-RS_2025_04_11	Complete Genome	2020-07-27		6	Enterobacter roggenkampii
GCF_023023685.1	ASM2302368v1	2025-04-02	Enterobacter roggenkampii		12795-yvys					GCF_023023685.1-RS_2025_04_02	Complete Genome	2022-04-18		4	Enterobacter roggenkampii
GCF_023195715.1	ASM2319571v1	2025-03-31	Enterobacter roggenkampii		C3-17			C3-17		GCF_023195715.1-RS_2025_03_31	Complete Genome	2022-05-01		12	Enterobacter roggenkampii
GCF_001729805.1	ASM172980v1	2025-03-05	Enterobacter roggenkampii		DSM 16690					GCF_001729805.1-RS_2025_03_05	Complete Genome	2016-09-16		2	Enterobacter roggenkampii
GCF_018596855.2	ASM1859685v2	2025-02-26	Enterobacter roggenkampii		120063					GCF_018596855.2-RS_2025_02_26	Complete Genome	2023-01-30		7	Enterobacter roggenkampii
GCF_042710995.1	ASM4271099v2	2025-02-23	Enterobacter roggenkampii					2024CK-01530		GCF_042710995.1-RS_2025_02_23	Complete Genome	2025-02-13		1	Enterobacter roggenkampii
GCF_009184765.2	ASM918476v2	2025-02-06	Enterobacter roggenkampii		WCHER090065					GCF_009184765.2-RS_2025_02_06	Complete Genome	2019-11-07		3	Enterobacter roggenkampii
GCF_047117625.1	ASM4711762v1	2025-01-25	Enterobacter roggenkampii		WL111					GCF_047117625.1-RS_2025_01_25	Complete Genome	2025-01-25		7	Enterobacter roggenkampii
GCF_047116295.1	ASM4711629v1	2025-01-25	Enterobacter roggenkampii		WL110					GCF_047116295.1-RS_2025_01_25	Complete Genome	2025-01-25		6	Enterobacter roggenkampii
GCF_020881955.1	ASM2088195v1	2025-01-11	Enterobacter roggenkampii		POL1					GCF_020881955.1-RS_2025_01_11	Complete Genome	2021-11-16		3	Enterobacter roggenkampii
GCF_015136315.1	ASM1513631v1	2024-12-16	Enterobacter roggenkampii		STW0522-66					GCF_015136315.1-RS_2024_12_16	Complete Genome	2020-10-08		8	Enterobacter roggenkampii
GCF_041462765.1	ASM4146276v2	2024-12-16	Enterobacter roggenkampii		2024CK-01276					GCF_041462765.1-RS_2024_12_16	Complete Genome	2024-12-06		2	Enterobacter roggenkampii
GCF_000807415.2	ASM80741v4	2024-12-10	Enterobacter roggenkampii		35734					GCF_000807415.2-RS_2024_12_10	Complete Genome	2015-08-18		4	Enterobacter roggenkampii
GCF_021347605.1	ASM2134760v1	2024-12-01	Enterobacter roggenkampii		F1057					GCF_021347605.1-RS_2024_12_01	Complete Genome	2022-01-03		2	Enterobacter roggenkampii
GCF_025999915.1	ASM2599991v1	2024-11-26	Enterobacter roggenkampii		KAM546					GCF_025999915.1-RS_2024_11_26	Complete Genome	2022-10-11		13	Enterobacter roggenkampii
GCF_043965975.1	ASM4396597v1	2024-10-29	Enterobacter roggenkampii		ECC-247					GCF_043965975.1-RS_2024_10_29	Complete Genome	2024-10-29		4	Enterobacter roggenkampii
GCF_043968015.1	ASM4396801v1	2024-10-29	Enterobacter roggenkampii		ECC-180					GCF_043968015.1-RS_2024_10_29	Complete Genome	2024-10-29		1	Enterobacter roggenkampii
GCF_014524505.1	ASM1452450v1	2024-10-27	Enterobacter roggenkampii		Ecl_20_981					GCF_014524505.1-RS_2024_10_27	Complete Genome	2020-09-11		4	Enterobacter roggenkampii
GCF_024532325.1	ASM2453232v1	2025-08-18	Escherichia albertii		133_1_GWG_A					GCF_024532325.1-RS_2025_08_18	Complete Genome	2022-08-04		3	Escherichia albertii
GCF_024532175.1	ASM2453217v1	2025-08-18	Escherichia albertii		222_1_EW_B					GCF_024532175.1-RS_2025_08_18	Complete Genome	2022-08-04		1	Escherichia albertii
GCF_024532365.1	ASM2453236v1	2025-08-18	Escherichia albertii		112_1_EW_A					GCF_024532365.1-RS_2025_08_18	Complete Genome	2022-08-04		3	Escherichia albertii
GCF_024532135.1	ASM2453213v1	2025-08-18	Escherichia albertii		233_2_GWG_B					GCF_024532135.1-RS_2025_08_18	Complete Genome	2022-08-04		3	Escherichia albertii
GCF_024532385.1	ASM2453238v1	2025-08-18	Escherichia albertii		110_1_TBG_A					GCF_024532385.1-RS_2025_08_18	Complete Genome	2022-08-04		2	Escherichia albertii
GCF_024532055.1	ASM2453205v1	2025-08-18	Escherichia albertii		254_1_EW_B					GCF_024532055.1-RS_2025_08_18	Complete Genome	2022-08-04		3	Escherichia albertii
GCF_024532155.1	ASM2453215v1	2025-08-18	Escherichia albertii		231_1_NP_B					GCF_024532155.1-RS_2025_08_18	Complete Genome	2022-08-04		3	Escherichia albertii
GCF_024532225.1	ASM2453222v1	2025-08-18	Escherichia albertii		205_2_TBG_B					GCF_024532225.1-RS_2025_08_18	Complete Genome	2022-08-04		2	Escherichia albertii
GCF_024532305.1	ASM2453230v1	2025-08-18	Escherichia albertii		147_1_TBG_A					GCF_024532305.1-RS_2025_08_18	Complete Genome	2022-08-04		5	Escherichia albertii
GCF_024532245.1	ASM2453224v1	2025-08-18	Escherichia albertii		155_2_TBG_A					GCF_024532245.1-RS_2025_08_18	Complete Genome	2022-08-04		3	Escherichia albertii
GCF_024532265.1	ASM2453226v1	2025-08-18	Escherichia albertii		153_2_TBG_A					GCF_024532265.1-RS_2025_08_18	Complete Genome	2022-08-04		3	Escherichia albertii
GCF_024532095.1	ASM2453209v1	2025-08-18	Escherichia albertii		251_2_EW_B					GCF_024532095.1-RS_2025_08_18	Complete Genome	2022-08-04		3	Escherichia albertii
GCF_024532115.1	ASM2453211v1	2025-08-18	Escherichia albertii		247_2_EW_B					GCF_024532115.1-RS_2025_08_18	Complete Genome	2022-08-04		3	Escherichia albertii
GCF_024532075.1	ASM2453207v1	2025-08-18	Escherichia albertii		253_2_EW_B					GCF_024532075.1-RS_2025_08_18	Complete Genome	2022-08-04		3	Escherichia albertii
GCF_024532345.1	ASM2453234v1	2025-08-18	Escherichia albertii		121_1_EW_A					GCF_024532345.1-RS_2025_08_18	Complete Genome	2022-08-04		1	Escherichia albertii
GCF_024532425.1	ASM2453242v1	2025-08-18	Escherichia albertii		104_2_TS_A					GCF_024532425.1-RS_2025_08_18	Complete Genome	2022-08-04		1	Escherichia albertii
GCF_028622615.1	ASM2862261v1	2025-08-06	Escherichia albertii		BIA_11					GCF_028622615.1-RS_2025_08_06	Complete Genome	2023-02-15		4	Escherichia albertii
GCF_040114695.1	ASM4011469v1	2025-06-11	Escherichia albertii		FH2023039					GCF_040114695.1-RS_2025_06_11	Complete Genome	2024-06-12		3	Escherichia albertii
GCF_040114625.1	ASM4011462v1	2025-06-11	Escherichia albertii		ESA311					GCF_040114625.1-RS_2025_06_11	Complete Genome	2024-06-12		6	Escherichia albertii
GCF_016904795.1	ASM1690479v2	2025-04-22	Escherichia albertii		Sample 166					GCF_016904795.1-RS_2025_04_22	Complete Genome	2021-03-10		4	Escherichia albertii
GCF_016904815.1	ASM1690481v2	2025-04-22	Escherichia albertii		Sample 165					GCF_016904815.1-RS_2025_04_22	Complete Genome	2021-03-10		5	Escherichia albertii
GCF_016904775.2	ASM1690477v2	2025-04-22	Escherichia albertii		Sample 168					GCF_016904775.2-RS_2025_04_22	Complete Genome	2021-03-10		3	Escherichia albertii
GCF_016904735.2	ASM1690473v2	2025-04-22	Escherichia albertii		Sample 170					GCF_016904735.2-RS_2025_04_22	Complete Genome	2021-03-10		3	Escherichia albertii
GCF_016904715.2	ASM1690471v2	2025-04-22	Escherichia albertii		Sample 169					GCF_016904715.2-RS_2025_04_22	Complete Genome	2021-03-10		3	Escherichia albertii
GCF_016904755.1	ASM1690475v2	2025-04-22	Escherichia albertii		Sample 167					GCF_016904755.1-RS_2025_04_22	Complete Genome	2021-03-10		2	Escherichia albertii
GCF_003864095.1	ASM386409v1	2025-04-13	Escherichia albertii		NCTC 9362					GCF_003864095.1-RS_2025_04_13	Complete Genome	2018-12-05		2	Escherichia albertii
GCF_017357745.1	ASM1735774v1	2025-04-11	Escherichia albertii		RM9973					GCF_017357745.1-RS_2025_04_11	Complete Genome	2021-03-16		3	Escherichia albertii
GCF_003864075.1	ASM386407v1	2025-04-09	Escherichia albertii		2010C-3449					GCF_003864075.1-RS_2025_04_09	Complete Genome	2018-12-05		1	Escherichia albertii
GCF_003312545.2	ASM331254v2	2025-04-09	Escherichia albertii		2013C-4143					GCF_003312545.2-RS_2025_04_09	Complete Genome	2018-12-06		1	Escherichia albertii
GCF_003860385.1	ASM386038v1	2025-04-09	Escherichia albertii		2014C-4015					GCF_003860385.1-RS_2025_04_09	Complete Genome	2018-12-04		4	Escherichia albertii
GCF_003316815.1	ASM331681v2	2025-04-01	Escherichia albertii		07-3866					GCF_003316815.1-RS_2025_04_01	Complete Genome	2018-12-06		2	Escherichia albertii
GCF_003312485.2	ASM331248v2	2025-04-01	Escherichia albertii		05-3106					GCF_003312485.2-RS_2025_04_01	Complete Genome	2018-12-06		3	Escherichia albertii
GCF_003860365.1	ASM386036v1	2025-04-01	Escherichia albertii		06-3542					GCF_003860365.1-RS_2025_04_01	Complete Genome	2018-12-04		2	Escherichia albertii
GCF_028622335.1	ASM2862233v1	2025-03-25	Escherichia albertii		BIA_5-2					GCF_028622335.1-RS_2025_03_25	Complete Genome	2023-02-15		2	Escherichia albertii
GCF_028622215.1	ASM2862221v1	2025-03-25	Escherichia albertii		BIA_89-5					GCF_028622215.1-RS_2025_03_25	Complete Genome	2023-02-15		2	Escherichia albertii
GCF_028622195.1	ASM2862219v1	2025-03-25	Escherichia albertii		BIA_7					GCF_028622195.1-RS_2025_03_25	Complete Genome	2023-02-15		6	Escherichia albertii
GCF_028622595.1	ASM2862259v1	2025-03-25	Escherichia albertii		BIA_22					GCF_028622595.1-RS_2025_03_25	Complete Genome	2023-02-15		9	Escherichia albertii
GCF_028622555.1	ASM2862255v1	2025-03-25	Escherichia albertii		BIA_18					GCF_028622555.1-RS_2025_03_25	Complete Genome	2023-02-15		6	Escherichia albertii
GCF_028622635.1	ASM2862263v1	2025-03-25	Escherichia albertii		BIA_17					GCF_028622635.1-RS_2025_03_25	Complete Genome	2023-02-15		4	Escherichia albertii
GCF_028622415.1	ASM2862241v1	2025-03-25	Escherichia albertii		BIA_24					GCF_028622415.1-RS_2025_03_25	Complete Genome	2023-02-15		8	Escherichia albertii
GCF_028622655.1	ASM2862265v1	2025-03-25	Escherichia albertii		BIA_16-3					GCF_028622655.1-RS_2025_03_25	Complete Genome	2023-02-15		3	Escherichia albertii
GCF_028622355.1	ASM2862235v1	2025-03-25	Escherichia albertii		BIA_40					GCF_028622355.1-RS_2025_03_25	Complete Genome	2023-02-15		4	Escherichia albertii
GCF_028622495.1	ASM2862249v1	2025-03-25	Escherichia albertii		BIA_32					GCF_028622495.1-RS_2025_03_25	Complete Genome	2023-02-15		6	Escherichia albertii
GCF_028622395.1	ASM2862239v1	2025-03-25	Escherichia albertii		BIA_13					GCF_028622395.1-RS_2025_03_25	Complete Genome	2023-02-15		9	Escherichia albertii
GCF_028622535.1	ASM2862253v1	2025-03-25	Escherichia albertii		BIA_25					GCF_028622535.1-RS_2025_03_25	Complete Genome	2023-02-15		5	Escherichia albertii
GCF_028622455.1	ASM2862245v1	2025-03-25	Escherichia albertii		BIA_36					GCF_028622455.1-RS_2025_03_25	Complete Genome	2023-02-15		5	Escherichia albertii
GCF_028622295.1	ASM2862229v1	2025-03-25	Escherichia albertii		BIA_5					GCF_028622295.1-RS_2025_03_25	Complete Genome	2023-02-15		5	Escherichia albertii
GCF_028622435.1	ASM2862243v1	2025-03-25	Escherichia albertii		BIA_4					GCF_028622435.1-RS_2025_03_25	Complete Genome	2023-02-15		5	Escherichia albertii
GCF_028622515.1	ASM2862251v1	2025-03-25	Escherichia albertii		BIA_15					GCF_028622515.1-RS_2025_03_25	Complete Genome	2023-02-15		5	Escherichia albertii
GCF_028622475.1	ASM2862247v1	2025-03-25	Escherichia albertii		BIA_35					GCF_028622475.1-RS_2025_03_25	Complete Genome	2023-02-15		5	Escherichia albertii
GCF_001618345.2	ASM161834v2	2025-08-31	Escherichia coli		Ecol_745					GCF_001618345.2-RS_2025_08_31	Complete Genome	2016-07-12		2	Escherichia coli
GCF_034643695.1	ASM3464369v1	2025-08-31	Escherichia coli		KE47					GCF_034643695.1-RS_2025_08_31	Complete Genome	2023-12-26		2	Escherichia coli
GCF_003122105.1	ASM312210v1	2025-08-31	Escherichia coli		ECCRA-119					GCF_003122105.1-RS_2025_08_31	Complete Genome	2018-05-13		4	Escherichia coli
GCF_030717665.1	ASM3071766v1	2025-08-27	Escherichia coli		QML220601					GCF_030717665.1-RS_2025_08_27	Complete Genome	2023-08-13		2	Escherichia coli
GCF_024499095.1	ASM2449909v1	2025-08-27	Escherichia coli		CPww7					GCF_024499095.1-RS_2025_08_27	Complete Genome	2022-08-01		6	Escherichia coli
GCF_024499265.1	ASM2449926v1	2025-08-27	Escherichia coli		LP50-1					GCF_024499265.1-RS_2025_08_27	Complete Genome	2022-08-01		8	Escherichia coli
GCF_024496025.1	ASM2449602v1	2025-08-27	Escherichia coli		035152					GCF_024496025.1-RS_2025_08_27	Complete Genome	2022-07-31		2	Escherichia coli
GCF_024499115.1	ASM2449911v1	2025-08-27	Escherichia coli		CP52E					GCF_024499115.1-RS_2025_08_27	Complete Genome	2022-08-01		6	Escherichia coli
GCF_024499305.1	ASM2449930v1	2025-08-27	Escherichia coli		JSMCR1					GCF_024499305.1-RS_2025_08_27	Complete Genome	2022-08-01		6	Escherichia coli
GCF_024499155.1	ASM2449915v1	2025-08-27	Escherichia coli		CPF6					GCF_024499155.1-RS_2025_08_27	Complete Genome	2022-08-01		11	Escherichia coli
GCF_024499175.1	ASM2449917v1	2025-08-27	Escherichia coli		CPE35					GCF_024499175.1-RS_2025_08_27	Complete Genome	2022-08-01		9	Escherichia coli
GCF_030717825.1	ASM3071782v1	2025-08-27	Escherichia coli		QML220614					GCF_030717825.1-RS_2025_08_27	Complete Genome	2023-08-13		2	Escherichia coli
GCF_001679985.1	ASM167998v1	2025-08-25	Escherichia coli		210205630					GCF_001679985.1-RS_2025_08_25	Complete Genome	2016-07-06		6	Escherichia coli
GCF_024331495.2	ASM2433149v2	2025-08-25	Escherichia coli		MLI106K2					GCF_024331495.2-RS_2025_08_25	Complete Genome	2023-02-08		4	Escherichia coli
GCF_024331345.2	ASM2433134v2	2025-08-25	Escherichia coli		MLI104K2					GCF_024331345.2-RS_2025_08_25	Complete Genome	2023-02-08		2	Escherichia coli
GCF_023370135.1	ASM2337013v1	2025-08-25	Escherichia coli		2-1					GCF_023370135.1-RS_2025_08_25	Complete Genome	2022-05-15		5	Escherichia coli
GCF_028551195.1	ASM2855119v1	2025-08-25	Escherichia coli		CUVM3					GCF_028551195.1-RS_2025_08_25	Complete Genome	2023-02-08		6	Escherichia coli
GCF_002077195.1	ASM207719v1	2025-08-25	Escherichia coli		FAM21845					GCF_002077195.1-RS_2025_08_25	Complete Genome	2017-04-03		6	Escherichia coli
GCF_018323825.1	ASM1832382v1	2025-08-25	Escherichia coli		Ec387					GCF_018323825.1-RS_2025_08_25	Complete Genome	2021-04-20		3	Escherichia coli
GCF_019211745.1	ASM1921174v1	2025-08-23	Escherichia coli		Sx181-0-1					GCF_019211745.1-RS_2025_08_23	Complete Genome	2021-07-14		2	Escherichia coli
GCF_030708015.1	ASM3070801v1	2025-08-22	Escherichia coli		R4					GCF_030708015.1-RS_2025_08_22	Complete Genome	2023-08-10		2	Escherichia coli
GCF_030707995.1	ASM3070799v1	2025-08-22	Escherichia coli		R6					GCF_030707995.1-RS_2025_08_22	Complete Genome	2023-08-10		4	Escherichia coli
GCF_030717525.1	ASM3071752v1	2025-08-22	Escherichia coli		GON1437					GCF_030717525.1-RS_2025_08_22	Complete Genome	2023-08-12		2	Escherichia coli
GCF_030717505.1	ASM3071750v1	2025-08-22	Escherichia coli		JCH8249					GCF_030717505.1-RS_2025_08_22	Complete Genome	2023-08-12		2	Escherichia coli
GCF_030717485.1	ASM3071748v1	2025-08-22	Escherichia coli		JCH767					GCF_030717485.1-RS_2025_08_22	Complete Genome	2023-08-12		1	Escherichia coli
GCF_030708055.1	ASM3070805v1	2025-08-22	Escherichia coli		R2					GCF_030708055.1-RS_2025_08_22	Complete Genome	2023-08-10		4	Escherichia coli
GCF_030708375.1	ASM3070837v1	2025-08-22	Escherichia coli		DJH_137urine					GCF_030708375.1-RS_2025_08_22	Complete Genome	2023-08-10		4	Escherichia coli
GCF_030708255.1	ASM3070825v1	2025-08-21	Escherichia coli		S6					GCF_030708255.1-RS_2025_08_21	Complete Genome	2023-08-10		3	Escherichia coli
GCF_030708155.1	ASM3070815v1	2025-08-21	Escherichia coli		S13					GCF_030708155.1-RS_2025_08_21	Complete Genome	2023-08-10		3	Escherichia coli
GCF_030708175.1	ASM3070817v1	2025-08-21	Escherichia coli		S12					GCF_030708175.1-RS_2025_08_21	Complete Genome	2023-08-10		2	Escherichia coli
GCF_030708135.1	ASM3070813v1	2025-08-21	Escherichia coli		S14					GCF_030708135.1-RS_2025_08_21	Complete Genome	2023-08-10		3	Escherichia coli
GCF_030708275.1	ASM3070827v1	2025-08-21	Escherichia coli		S5					GCF_030708275.1-RS_2025_08_21	Complete Genome	2023-08-10		3	Escherichia coli
GCF_030708235.1	ASM3070823v1	2025-08-21	Escherichia coli		S7					GCF_030708235.1-RS_2025_08_21	Complete Genome	2023-08-10		6	Escherichia coli
GCF_030708215.1	ASM3070821v1	2025-08-21	Escherichia coli		S8					GCF_030708215.1-RS_2025_08_21	Complete Genome	2023-08-10		2	Escherichia coli
GCF_030708535.1	ASM3070853v1	2025-08-21	Escherichia coli		R14					GCF_030708535.1-RS_2025_08_21	Complete Genome	2023-08-10		4	Escherichia coli
GCF_030707875.1	ASM3070787v1	2025-08-21	Escherichia coli		R12					GCF_030707875.1-RS_2025_08_21	Complete Genome	2023-08-10		2	Escherichia coli
GCF_030708295.1	ASM3070829v1	2025-08-21	Escherichia coli		S4					GCF_030708295.1-RS_2025_08_21	Complete Genome	2023-08-10		2	Escherichia coli
GCF_030707915.1	ASM3070791v1	2025-08-21	Escherichia coli		R10					GCF_030707915.1-RS_2025_08_21	Complete Genome	2023-08-10		2	Escherichia coli
GCF_030708315.1	ASM3070831v1	2025-08-21	Escherichia coli		S3					GCF_030708315.1-RS_2025_08_21	Complete Genome	2023-08-10		1	Escherichia coli
GCF_030707855.1	ASM3070785v1	2025-08-21	Escherichia coli		R13					GCF_030707855.1-RS_2025_08_21	Complete Genome	2023-08-10		2	Escherichia coli
GCF_030707895.1	ASM3070789v1	2025-08-21	Escherichia coli		R11					GCF_030707895.1-RS_2025_08_21	Complete Genome	2023-08-10		7	Escherichia coli
GCF_030707975.1	ASM3070797v1	2025-08-21	Escherichia coli		R7					GCF_030707975.1-RS_2025_08_21	Complete Genome	2023-08-10		4	Escherichia coli
GCF_030708335.1	ASM3070833v1	2025-08-21	Escherichia coli		S2					GCF_030708335.1-RS_2025_08_21	Complete Genome	2023-08-10		4	Escherichia coli
GCF_030707935.1	ASM3070793v1	2025-08-21	Escherichia coli		R9					GCF_030707935.1-RS_2025_08_21	Complete Genome	2023-08-10		8	Escherichia coli
GCF_030707955.1	ASM3070795v1	2025-08-21	Escherichia coli		R8					GCF_030707955.1-RS_2025_08_21	Complete Genome	2023-08-10		2	Escherichia coli
GCF_030708195.1	ASM3070819v1	2025-08-21	Escherichia coli		S9					GCF_030708195.1-RS_2025_08_21	Complete Genome	2023-08-10		4	Escherichia coli
GCF_030708395.1	ASM3070839v1	2025-08-21	Escherichia coli		DJH_183sputum					GCF_030708395.1-RS_2025_08_21	Complete Genome	2023-08-10		3	Escherichia coli
GCF_024467035.1	ASM2446703v1	2025-08-21	Escherichia coli		M171-1					GCF_024467035.1-RS_2025_08_21	Complete Genome	2022-07-28		3	Escherichia coli
GCF_052122755.1	ASM5212275v1	2025-08-19	Escherichia coli		2020N21-110-15					GCF_052122755.1-RS_2025_08_19	Complete Genome	2025-08-19	JBQJRS01	21	Escherichia coli
GCF_052122845.1	ASM5212284v1	2025-08-19	Escherichia coli		2020N21-110-24					GCF_052122845.1-RS_2025_08_19	Complete Genome	2025-08-19	JBQJRT01	15	Escherichia coli
GCF_003944565.2	ASM394456v2	2025-07-31	Escherichia fergusonii		EFCF056					GCF_003944565.2-RS_2025_07_31	Complete Genome	2019-06-10		7	Escherichia fergusonii
GCF_019047545.1	ASM1904754v1	2025-07-20	Escherichia fergusonii		FDAARGOS 1438					GCF_019047545.1-RS_2025_07_20	Complete Genome	2021-06-28		1	Escherichia fergusonii
GCF_013171325.1	ASM1317132v1	2025-07-17	Escherichia fergusonii		HNCF11W					GCF_013171325.1-RS_2025_07_17	Complete Genome	2020-05-26		3	Escherichia fergusonii
GCF_030296855.1	ASM3029685v1	2025-06-21	Escherichia fergusonii		30038					GCF_030296855.1-RS_2025_06_21	Complete Genome	2023-04-05		5	Escherichia fergusonii
GCF_030035445.1	ASM3003544v1	2025-05-18	Escherichia fergusonii		XJ19MCE1					GCF_030035445.1-RS_2025_05_18	Complete Genome	2023-05-18		8	Escherichia fergusonii
GCF_020883415.1	ASM2088341v1	2025-04-21	Escherichia fergusonii		EF20JDJ4045					GCF_020883415.1-RS_2025_04_21	Complete Genome	2021-11-18		6	Escherichia fergusonii
GCF_020105775.1	ASM2010577v1	2025-04-21	Escherichia fergusonii		EF31					GCF_020105775.1-RS_2025_04_21	Complete Genome	2021-09-23		3	Escherichia fergusonii
GCF_020023425.1	ASM2002342v1	2025-04-21	Escherichia fergusonii		EF91					GCF_020023425.1-RS_2025_04_21	Complete Genome	2021-09-17		3	Escherichia fergusonii
GCF_029718025.1	ASM2971802v1	2025-04-13	Escherichia fergusonii		RHB02-E1-C03					GCF_029718025.1-RS_2025_04_13	Complete Genome	2023-04-13		6	Escherichia fergusonii
GCF_029719885.1	ASM2971988v1	2025-04-13	Escherichia fergusonii		RHB44-C21					GCF_029719885.1-RS_2025_04_13	Complete Genome	2023-04-13		3	Escherichia fergusonii
GCF_029716165.1	ASM2971616v1	2025-04-13	Escherichia fergusonii		RHB16-E2-C07					GCF_029716165.1-RS_2025_04_13	Complete Genome	2023-04-13		2	Escherichia fergusonii
GCF_029720005.1	ASM2972000v1	2025-04-13	Escherichia fergusonii		RHB44-C01					GCF_029720005.1-RS_2025_04_13	Complete Genome	2023-04-13		6	Escherichia fergusonii
GCF_029719985.1	ASM2971998v1	2025-04-13	Escherichia fergusonii		RHB44-C03					GCF_029719985.1-RS_2025_04_13	Complete Genome	2023-04-13		7	Escherichia fergusonii
GCF_013799825.1	ASM1379982v1	2025-04-10	Escherichia fergusonii		RHB42-C13					GCF_013799825.1-RS_2025_04_10	Complete Genome	2020-07-28		4	Escherichia fergusonii
GCF_013820845.1	ASM1382084v1	2025-04-09	Escherichia fergusonii		RHB32-C05					GCF_013820845.1-RS_2025_04_09	Complete Genome	2020-07-28		4	Escherichia fergusonii
GCF_013829265.1	ASM1382926v1	2025-04-09	Escherichia fergusonii		RHB28-C21					GCF_013829265.1-RS_2025_04_09	Complete Genome	2020-07-28		7	Escherichia fergusonii
GCF_013834165.1	ASM1383416v1	2025-04-09	Escherichia fergusonii		RHB26-C09					GCF_013834165.1-RS_2025_04_09	Complete Genome	2020-07-28		1	Escherichia fergusonii
GCF_036511175.1	ASM3651117v1	2025-04-09	Escherichia fergusonii		22C057LT					GCF_036511175.1-RS_2025_04_09	Complete Genome	2023-09-02		6	Escherichia fergusonii
GCF_036509855.1	ASM3650985v1	2025-04-09	Escherichia fergusonii		18B226LT					GCF_036509855.1-RS_2025_04_09	Complete Genome	2023-09-02		7	Escherichia fergusonii
GCF_013838265.1	ASM1383826v1	2025-04-09	Escherichia fergusonii		RHB24-C08					GCF_013838265.1-RS_2025_04_09	Complete Genome	2020-07-28		1	Escherichia fergusonii
GCF_013838465.1	ASM1383846v1	2025-04-09	Escherichia fergusonii		RHB24-C06					GCF_013838465.1-RS_2025_04_09	Complete Genome	2020-07-28		1	Escherichia fergusonii
GCF_013819325.1	ASM1381932v1	2025-04-04	Escherichia fergusonii		RHB33-C04					GCF_013819325.1-RS_2025_04_04	Complete Genome	2020-07-28		5	Escherichia fergusonii
GCF_013819085.1	ASM1381908v1	2025-04-04	Escherichia fergusonii		RHB33-C07					GCF_013819085.1-RS_2025_04_04	Complete Genome	2020-07-28		5	Escherichia fergusonii
GCF_036511355.1	ASM3651135v1	2025-04-04	Escherichia fergusonii		22C065LT					GCF_036511355.1-RS_2025_04_04	Complete Genome	2023-09-02		5	Escherichia fergusonii
GCF_036510595.1	ASM3651059v1	2025-04-04	Escherichia fergusonii		22C036LT					GCF_036510595.1-RS_2025_04_04	Complete Genome	2023-09-02		5	Escherichia fergusonii
GCF_036510815.1	ASM3651081v1	2025-04-04	Escherichia fergusonii		22C037LT					GCF_036510815.1-RS_2025_04_04	Complete Genome	2023-09-02		5	Escherichia fergusonii
GCF_013813205.1	ASM1381320v1	2025-04-03	Escherichia fergusonii		RHB38-C07					GCF_013813205.1-RS_2025_04_03	Complete Genome	2020-07-28		6	Escherichia fergusonii
GCF_013801425.1	ASM1380142v1	2025-04-03	Escherichia fergusonii		RHB41-C20					GCF_013801425.1-RS_2025_04_03	Complete Genome	2020-07-28		6	Escherichia fergusonii
GCF_013801845.1	ASM1380184v1	2025-04-03	Escherichia fergusonii		RHB41-C15					GCF_013801845.1-RS_2025_04_03	Complete Genome	2020-07-28		6	Escherichia fergusonii
GCF_013820225.1	ASM1382022v1	2025-04-03	Escherichia fergusonii		RHB32-C16					GCF_013820225.1-RS_2025_04_03	Complete Genome	2020-07-28		5	Escherichia fergusonii
GCF_013820465.1	ASM1382046v1	2025-04-03	Escherichia fergusonii		RHB32-C09					GCF_013820465.1-RS_2025_04_03	Complete Genome	2020-07-28		5	Escherichia fergusonii
GCF_013798785.1	ASM1379878v1	2025-04-03	Escherichia fergusonii		RHB42-C24					GCF_013798785.1-RS_2025_04_03	Complete Genome	2020-07-28		4	Escherichia fergusonii
GCF_013800985.1	ASM1380098v1	2025-04-03	Escherichia fergusonii		RHB42-C01					GCF_013800985.1-RS_2025_04_03	Complete Genome	2020-07-28		4	Escherichia fergusonii
GCF_013899845.1	ASM1389984v1	2025-04-03	Escherichia fergusonii		RHB10-C04					GCF_013899845.1-RS_2025_04_03	Complete Genome	2020-07-29		4	Escherichia fergusonii
GCF_013899685.1	ASM1389968v1	2025-04-03	Escherichia fergusonii		RHB10-C23					GCF_013899685.1-RS_2025_04_03	Complete Genome	2020-07-29		4	Escherichia fergusonii
GCF_036510415.1	ASM3651041v1	2025-04-03	Escherichia fergusonii		22C021LT					GCF_036510415.1-RS_2025_04_03	Complete Genome	2023-09-02		5	Escherichia fergusonii
GCF_036510215.1	ASM3651021v1	2025-04-03	Escherichia fergusonii		18B269LT					GCF_036510215.1-RS_2025_04_03	Complete Genome	2023-09-02		5	Escherichia fergusonii
GCF_036511015.1	ASM3651101v1	2025-04-03	Escherichia fergusonii		22C056LT					GCF_036511015.1-RS_2025_04_03	Complete Genome	2023-09-02		5	Escherichia fergusonii
GCF_036510035.1	ASM3651003v1	2025-04-03	Escherichia fergusonii		18B233LT					GCF_036510035.1-RS_2025_04_03	Complete Genome	2023-09-02		5	Escherichia fergusonii
GCF_013923185.1	ASM1392318v1	2025-04-02	Escherichia fergusonii		RHB02-C22					GCF_013923185.1-RS_2025_04_02	Complete Genome	2020-07-30		6	Escherichia fergusonii
GCF_013596835.1	ASM1359683v1	2025-04-02	Escherichia fergusonii		RHB28-C13					GCF_013596835.1-RS_2025_04_02	Complete Genome	2020-07-24		6	Escherichia fergusonii
GCF_013834525.1	ASM1383452v1	2025-04-02	Escherichia fergusonii		RHB26-C03					GCF_013834525.1-RS_2025_04_02	Complete Genome	2020-07-28		2	Escherichia fergusonii
GCF_013813425.1	ASM1381342v1	2025-04-02	Escherichia fergusonii		RHB38-C04					GCF_013813425.1-RS_2025_04_02	Complete Genome	2020-07-28		3	Escherichia fergusonii
GCF_013819565.1	ASM1381956v1	2025-04-02	Escherichia fergusonii		RHB32-C22					GCF_013819565.1-RS_2025_04_02	Complete Genome	2020-07-28		3	Escherichia fergusonii
GCF_013822105.1	ASM1382210v1	2025-04-02	Escherichia fergusonii		RHB31-C13					GCF_013822105.1-RS_2025_04_02	Complete Genome	2020-07-28		1	Escherichia fergusonii
GCF_013836325.1	ASM1383632v1	2025-04-02	Escherichia fergusonii		RHB25-C10					GCF_013836325.1-RS_2025_04_02	Complete Genome	2020-07-28		2	Escherichia fergusonii
GCF_013893835.1	ASM1389383v1	2025-04-02	Escherichia fergusonii		RHB18-C04					GCF_013893835.1-RS_2025_04_02	Complete Genome	2020-07-29		3	Escherichia fergusonii
GCF_013591455.1	ASM1359145v1	2025-04-02	Escherichia fergusonii		RHB41-C23					GCF_013591455.1-RS_2025_04_02	Complete Genome	2020-07-24		9	Escherichia fergusonii
GCF_013894595.1	ASM1389459v1	2025-04-02	Escherichia fergusonii		RHB17-C11					GCF_013894595.1-RS_2025_04_02	Complete Genome	2020-07-29		1	Escherichia fergusonii
GCF_013886195.1	ASM1388619v1	2025-04-02	Escherichia fergusonii		RHB23-C02					GCF_013886195.1-RS_2025_04_02	Complete Genome	2020-07-29		4	Escherichia fergusonii
GCF_024496165.1	ASM2449616v1	2025-08-27	Klebsiella pneumoniae		hvKP340					GCF_024496165.1-RS_2025_08_27	Complete Genome	2022-07-31		8	Klebsiella pneumoniae
GCF_030717705.1	ASM3071770v1	2025-08-27	Klebsiella pneumoniae		CRKP-B8					GCF_030717705.1-RS_2025_08_27	Complete Genome	2023-08-13		6	Klebsiella pneumoniae
GCF_024496125.1	ASM2449612v1	2025-08-27	Klebsiella pneumoniae		hvKP323					GCF_024496125.1-RS_2025_08_27	Complete Genome	2022-07-31		6	Klebsiella pneumoniae
GCF_024496185.1	ASM2449618v1	2025-08-27	Klebsiella pneumoniae		hvKP841					GCF_024496185.1-RS_2025_08_27	Complete Genome	2022-07-31		6	Klebsiella pneumoniae
GCF_030717725.1	ASM3071772v1	2025-08-27	Klebsiella pneumoniae		CRKP-F1					GCF_030717725.1-RS_2025_08_27	Complete Genome	2023-08-13		6	Klebsiella pneumoniae
GCF_024496145.1	ASM2449614v1	2025-08-27	Klebsiella pneumoniae		hvKP319					GCF_024496145.1-RS_2025_08_27	Complete Genome	2022-07-31		6	Klebsiella pneumoniae
GCF_024498895.1	ASM2449889v1	2025-08-27	Klebsiella pneumoniae		K-28					GCF_024498895.1-RS_2025_08_27	Complete Genome	2022-08-01		2	Klebsiella pneumoniae
GCF_024505665.1	ASM2450566v1	2025-08-27	Klebsiella pneumoniae		KPA1					GCF_024505665.1-RS_2025_08_27	Complete Genome	2022-08-02		7	Klebsiella pneumoniae
GCF_024496205.1	ASM2449620v1	2025-08-27	Klebsiella pneumoniae		hvKP859					GCF_024496205.1-RS_2025_08_27	Complete Genome	2022-07-31		6	Klebsiella pneumoniae
GCF_024496265.1	ASM2449626v1	2025-08-26	Klebsiella pneumoniae		150040X1B1					GCF_024496265.1-RS_2025_08_26	Complete Genome	2022-07-31		5	Klebsiella pneumoniae
GCF_024498655.1	ASM2449865v1	2025-08-26	Klebsiella pneumoniae		KPK3					GCF_024498655.1-RS_2025_08_26	Complete Genome	2022-08-01		4	Klebsiella pneumoniae
GCF_021166215.1	ASM2116621v1	2025-08-25	Klebsiella pneumoniae		53370					GCF_021166215.1-RS_2025_08_25	Complete Genome	2021-12-12		3	Klebsiella pneumoniae
GCF_021137875.1	ASM2113787v1	2025-08-25	Klebsiella pneumoniae		400195-2-18					GCF_021137875.1-RS_2025_08_25	Complete Genome	2021-12-09		4	Klebsiella pneumoniae
GCF_036541145.1	ASM3654114v1	2025-08-25	Klebsiella pneumoniae		CRE-44					GCF_036541145.1-RS_2025_08_25	Complete Genome	2024-02-10		2	Klebsiella pneumoniae
GCF_002852675.2	ASM285267v2	2025-08-25	Klebsiella pneumoniae subsp. pneumoniae		WCHKP020130					GCF_002852675.2-RS_2025_08_25	Complete Genome	2023-02-08		5	Klebsiella pneumoniae
GCF_030704345.1	ASM3070434v1	2025-08-21	Klebsiella pneumoniae		KPN5752					GCF_030704345.1-RS_2025_08_21	Complete Genome	2023-08-09		7	Klebsiella pneumoniae
GCF_028364475.1	ASM2836447v3	2025-08-21	Klebsiella pneumoniae		2023CK-00047					GCF_028364475.1-RS_2025_08_21	Complete Genome	2023-08-05		5	Klebsiella pneumoniae
GCF_028626845.1	ASM2862684v3	2025-08-21	Klebsiella pneumoniae		2023CK-00111					GCF_028626845.1-RS_2025_08_21	Complete Genome	2023-08-09		4	Klebsiella pneumoniae
GCF_024396875.1	ASM2439687v1	2025-08-20	Klebsiella pneumoniae subsp. pneumoniae		KP82					GCF_024396875.1-RS_2025_08_20	Complete Genome	2022-07-25		8	Klebsiella pneumoniae
GCF_024397375.1	ASM2439737v1	2025-08-19	Klebsiella pneumoniae		FZKP4523					GCF_024397375.1-RS_2025_08_19	Complete Genome	2022-07-25		4	Klebsiella pneumoniae
GCF_030685635.1	ASM3068563v1	2025-08-19	Klebsiella pneumoniae		GDFK0508					GCF_030685635.1-RS_2025_08_19	Complete Genome	2023-08-08		1	Klebsiella pneumoniae
GCF_030685615.1	ASM3068561v1	2025-08-19	Klebsiella pneumoniae		GDFK0181					GCF_030685615.1-RS_2025_08_19	Complete Genome	2023-08-08		1	Klebsiella pneumoniae
GCF_030644565.1	ASM3064456v1	2025-08-19	Klebsiella pneumoniae		Kp_2016-319					GCF_030644565.1-RS_2025_08_19	Complete Genome	2023-08-04		2	Klebsiella pneumoniae
GCF_030644545.1	ASM3064454v1	2025-08-19	Klebsiella pneumoniae		Kp_2016-1198					GCF_030644545.1-RS_2025_08_19	Complete Genome	2023-08-04		2	Klebsiella pneumoniae
GCF_030644625.1	ASM3064462v1	2025-08-19	Klebsiella pneumoniae		Kp_2019-1764					GCF_030644625.1-RS_2025_08_19	Complete Genome	2023-08-04		2	Klebsiella pneumoniae
GCF_024398905.1	ASM2439890v1	2025-08-19	Klebsiella pneumoniae		MEI009					GCF_024398905.1-RS_2025_08_19	Complete Genome	2022-07-25		3	Klebsiella pneumoniae
GCF_024396855.1	ASM2439685v1	2025-08-19	Klebsiella pneumoniae subsp. pneumoniae		KP21					GCF_024396855.1-RS_2025_08_19	Complete Genome	2022-07-25		4	Klebsiella pneumoniae
GCF_024397235.1	ASM2439723v1	2025-08-19	Klebsiella pneumoniae subsp. pneumoniae		KP29					GCF_024397235.1-RS_2025_08_19	Complete Genome	2022-07-25		5	Klebsiella pneumoniae
GCF_024397075.1	ASM2439707v1	2025-08-19	Klebsiella pneumoniae subsp. pneumoniae		KP65					GCF_024397075.1-RS_2025_08_19	Complete Genome	2022-07-25		4	Klebsiella pneumoniae
GCF_002300675.1	ASM230067v2	2025-08-18	Klebsiella pneumoniae		VBA2172					GCF_002300675.1-RS_2025_08_18	Complete Genome	2019-02-28		7	Klebsiella pneumoniae
GCF_946966015.1	ARGID_33072	2025-08-18	Klebsiella pneumoniae					65326252-51f1-11ec-980a-fa163eea3084		GCF_946966015.1-RS_2025_08_18	Complete Genome	2022-09-25		3	Klebsiella pneumoniae
GCF_001455995.1	MS6671.v1	2025-08-18	Klebsiella pneumoniae		MS6671					GCF_001455995.1-RS_2025_08_18	Complete Genome	2015-12-01		7	Klebsiella pneumoniae
GCF_030644605.1	ASM3064460v1	2025-08-18	Klebsiella pneumoniae		Kp_2016-1200					GCF_030644605.1-RS_2025_08_18	Complete Genome	2023-08-04		3	Klebsiella pneumoniae
GCF_030644585.1	ASM3064458v1	2025-08-18	Klebsiella pneumoniae		Kp_2019-1792					GCF_030644585.1-RS_2025_08_18	Complete Genome	2023-08-04		3	Klebsiella pneumoniae
GCF_003571705.1	ASM357170v1	2025-08-18	Klebsiella pneumoniae		AR_0109					GCF_003571705.1-RS_2025_08_18	Complete Genome	2018-09-16		7	Klebsiella pneumoniae
GCF_004010995.1	ASM401099v1	2025-08-18	Klebsiella pneumoniae		08EU827					GCF_004010995.1-RS_2025_08_18	Complete Genome	2019-01-10		5	Klebsiella pneumoniae
GCF_030582295.1	ASM3058229v1	2025-08-18	Klebsiella pneumoniae		AZJ065					GCF_030582295.1-RS_2025_08_18	Complete Genome	2023-08-02		3	Klebsiella pneumoniae
GCF_024637895.1	ASM2463789v1	2025-08-18	Klebsiella pneumoniae		SHX180					GCF_024637895.1-RS_2025_08_18	Complete Genome	2022-08-12		3	Klebsiella pneumoniae
GCF_024637995.1	ASM2463799v1	2025-08-18	Klebsiella pneumoniae		KPTCM					GCF_024637995.1-RS_2025_08_18	Complete Genome	2022-08-12		10	Klebsiella pneumoniae
GCF_030553015.1	ASM3055301v1	2025-08-17	Klebsiella pneumoniae		SP1030					GCF_030553015.1-RS_2025_08_17	Complete Genome	2023-07-30		4	Klebsiella pneumoniae
GCF_024346655.1	ASM2434665v1	2025-08-17	Klebsiella pneumoniae		XHKP6					GCF_024346655.1-RS_2025_08_17	Complete Genome	2022-07-20		4	Klebsiella pneumoniae
GCF_052068375.1	ASM5206837v1	2025-08-17	Klebsiella pneumoniae		KP7452024BG					GCF_052068375.1-RS_2025_08_17	Complete Genome	2025-08-17	JBQHIX01	4	Klebsiella pneumoniae
GCF_030552995.1	ASM3055299v1	2025-08-17	Klebsiella pneumoniae		F1025					GCF_030552995.1-RS_2025_08_17	Complete Genome	2023-07-30		7	Klebsiella pneumoniae
GCF_052068255.1	ASM5206825v1	2025-08-17	Klebsiella pneumoniae		KP6432024BG					GCF_052068255.1-RS_2025_08_17	Complete Genome	2025-08-17	JBQHIW01	3	Klebsiella pneumoniae
GCF_024346695.1	ASM2434669v1	2025-08-17	Klebsiella pneumoniae		XHKP53					GCF_024346695.1-RS_2025_08_17	Complete Genome	2022-07-20		4	Klebsiella pneumoniae
GCF_052063115.1	ASM5206311v1	2025-08-17	Klebsiella pneumoniae		HN148					GCF_052063115.1-RS_2025_08_16	Complete Genome	2025-08-17		3	Klebsiella pneumoniae
GCF_024346895.1	ASM2434689v1	2025-08-16	Klebsiella pneumoniae		XHKPN391					GCF_024346895.1-RS_2025_08_16	Complete Genome	2022-07-20		4	Klebsiella pneumoniae
GCF_024346735.1	ASM2434673v1	2025-08-16	Klebsiella pneumoniae		XHKP75					GCF_024346735.1-RS_2025_08_16	Complete Genome	2022-07-20		5	Klebsiella pneumoniae
GCF_024346815.1	ASM2434681v1	2025-08-16	Klebsiella pneumoniae		XHKP502					GCF_024346815.1-RS_2025_08_16	Complete Genome	2022-07-20		6	Klebsiella pneumoniae
GCF_024346775.1	ASM2434677v1	2025-08-16	Klebsiella pneumoniae		XHKP309					GCF_024346775.1-RS_2025_08_16	Complete Genome	2022-07-20		4	Klebsiella pneumoniae
GCF_030931735.1	ASM3093173v1	2025-08-30	Klebsiella quasipneumoniae subsp. similipneumoniae		KQ20786					GCF_030931735.1-RS_2025_08_30	Complete Genome	2023-08-29		4	Klebsiella quasipneumoniae
GCF_030931055.1	ASM3093105v1	2025-08-30	Klebsiella quasipneumoniae subsp. similipneumoniae		KQ20605					GCF_030931055.1-RS_2025_08_30	Complete Genome	2023-08-29		4	Klebsiella quasipneumoniae
GCF_052220985.1	ASM5222098v1	2025-08-25	Klebsiella quasipneumoniae subsp. similipneumoniae		EW1161					GCF_052220985.1-RS_2025_08_25	Complete Genome	2025-08-25	JBQPMZ01	5	Klebsiella quasipneumoniae
GCF_003443835.1	ASM344383v1	2025-08-22	Klebsiella quasipneumoniae		L22					GCF_003443835.1-RS_2025_08_22	Complete Genome	2018-09-04		6	Klebsiella quasipneumoniae
GCF_051620715.1	ASM5162071v1	2025-07-31	Klebsiella quasipneumoniae subsp. similipneumoniae		KPE043					GCF_051620715.1-RS_2025_07_31	Complete Genome	2025-08-01		4	Klebsiella quasipneumoniae
GCF_030490185.1	ASM3049018v1	2025-07-16	Klebsiella quasipneumoniae		2020S07-155					GCF_030490185.1-RS_2025_07_16	Complete Genome	2023-07-17		9	Klebsiella quasipneumoniae
GCF_024134525.1	ASM2413452v1	2025-07-13	Klebsiella quasipneumoniae		Y7-3					GCF_024134525.1-RS_2025_07_13	Complete Genome	2022-07-04		3	Klebsiella quasipneumoniae
GCF_023920245.1	ASM2392024v1	2025-07-04	Klebsiella quasipneumoniae		EF262					GCF_023920245.1-RS_2025_07_04	Complete Genome	2022-06-27		7	Klebsiella quasipneumoniae
GCF_051122745.1	ASM5112274v1	2025-06-28	Klebsiella quasipneumoniae subsp. similipneumoniae		T11					GCF_051122745.1-RS_2025_06_28	Complete Genome	2025-06-28		7	Klebsiella quasipneumoniae
GCF_051098725.1	ASM5109872v1	2025-06-27	Klebsiella quasipneumoniae		DA76139					GCF_051098725.1-RS_2025_06_27	Complete Genome	2025-06-27		4	Klebsiella quasipneumoniae
GCF_050932645.1	ASM5093264v1	2025-06-17	Klebsiella quasipneumoniae		QF					GCF_050932645.1-RS_2025_06_17	Complete Genome	2025-06-17		2	Klebsiella quasipneumoniae
GCF_050921945.1	ASM5092194v1	2025-06-16	Klebsiella quasipneumoniae subsp. quasipneumoniae		YZ22PK101					GCF_050921945.1-RS_2025_06_16	Complete Genome	2025-06-17		4	Klebsiella quasipneumoniae
GCF_050921935.1	ASM5092193v1	2025-06-16	Klebsiella quasipneumoniae subsp. quasipneumoniae		YZ22PK095					GCF_050921935.1-RS_2025_06_16	Complete Genome	2025-06-17		3	Klebsiella quasipneumoniae
GCF_023650855.1	ASM2365085v1	2025-06-09	Klebsiella quasipneumoniae		GLW9C22					GCF_023650855.1-RS_2025_06_09	Complete Genome	2022-06-06		4	Klebsiella quasipneumoniae
GCF_050847385.1	ASM5084738v1	2025-06-09	Klebsiella quasipneumoniae		NCKUH114					GCF_050847385.1-RS_2025_06_09	Complete Genome	2025-06-09		7	Klebsiella quasipneumoniae
GCF_050847265.1	Toby_K_quasipneumoniae_TMH.W1	2025-06-09	Klebsiella quasipneumoniae subsp. similipneumoniae		TMH.W1					GCF_050847265.1-RS_2025_06_09	Complete Genome	2025-06-09		1	Klebsiella quasipneumoniae
GCF_905331345.2	AI3010v1_cpp	2025-06-04	Klebsiella quasipneumoniae					0		GCF_905331345.2-RS_2025_06_04	Complete Genome	2022-05-24		4	Klebsiella quasipneumoniae
GCF_023573605.1	ASM2357360v1	2025-06-02	Klebsiella quasipneumoniae		NE1					GCF_023573605.1-RS_2025_06_02	Complete Genome	2022-05-29		3	Klebsiella quasipneumoniae
GCF_050572645.1	ASM5057264v1	2025-05-27	Klebsiella quasipneumoniae		KP1226					GCF_050572645.1-RS_2025_05_27	Complete Genome	2025-05-29		2	Klebsiella quasipneumoniae
GCF_039721945.1	ASM3972194v1	2025-05-22	Klebsiella quasipneumoniae		397					GCF_039721945.1-RS_2025_05_22	Complete Genome	2024-05-24		2	Klebsiella quasipneumoniae
GCF_030020875.1	ASM3002087v1	2025-05-16	Klebsiella quasipneumoniae		M7					GCF_030020875.1-RS_2025_05_16	Complete Genome	2023-05-16		7	Klebsiella quasipneumoniae
GCF_023205055.1	ASM2320505v1	2025-05-14	Klebsiella quasipneumoniae		KP20-558					GCF_023205055.1-RS_2025_05_14	Complete Genome	2022-05-02		7	Klebsiella quasipneumoniae
GCF_013377595.2	ASM1337759v2	2025-05-13	Klebsiella quasipneumoniae		F3-6P(1)					GCF_013377595.2-RS_2025_05_13	Complete Genome	2023-05-11		1	Klebsiella quasipneumoniae
GCF_013377665.2	ASM1337766v2	2025-05-13	Klebsiella quasipneumoniae		F3-6P(2)					GCF_013377665.2-RS_2025_05_13	Complete Genome	2023-05-11		1	Klebsiella quasipneumoniae
GCF_013366555.2	ASM1336655v2	2025-05-13	Klebsiella quasipneumoniae		IF1SW-P3					GCF_013366555.2-RS_2025_05_13	Complete Genome	2023-05-11		1	Klebsiella quasipneumoniae
GCF_013366575.2	ASM1336657v2	2025-05-13	Klebsiella quasipneumoniae		IF1SW-P4					GCF_013366575.2-RS_2025_05_13	Complete Genome	2023-05-11		1	Klebsiella quasipneumoniae
GCF_013366585.2	ASM1336658v2	2025-05-13	Klebsiella quasipneumoniae		IF2SW-P1					GCF_013366585.2-RS_2025_05_13	Complete Genome	2023-05-11		1	Klebsiella quasipneumoniae
GCF_013366635.2	ASM1336663v2	2025-05-13	Klebsiella quasipneumoniae		IF1SW-B2					GCF_013366635.2-RS_2025_05_13	Complete Genome	2023-05-11		1	Klebsiella quasipneumoniae
GCF_013366565.2	ASM1336656v2	2025-05-13	Klebsiella quasipneumoniae		IF2SW-B3					GCF_013366565.2-RS_2025_05_13	Complete Genome	2023-05-11		1	Klebsiella quasipneumoniae
GCF_013377655.2	ASM1337765v2	2025-05-13	Klebsiella quasipneumoniae		IIIF3SW-P1					GCF_013377655.2-RS_2025_05_13	Complete Genome	2023-05-11		1	Klebsiella quasipneumoniae
GCF_038430715.1	ASM3843071v1	2025-04-23	Klebsiella quasipneumoniae		2012C06-006					GCF_038430715.1-RS_2025_04_23	Complete Genome	2024-04-24		4	Klebsiella quasipneumoniae
GCF_022353865.1	ASM2235386v1	2025-04-18	Klebsiella quasipneumoniae		SWHEFF_72					GCF_022353865.1-RS_2025_04_18	Complete Genome	2022-02-22		5	Klebsiella quasipneumoniae
GCF_013408885.1	ASM1340888v1	2025-04-18	Klebsiella quasipneumoniae		68-17					GCF_013408885.1-RS_2025_04_18	Complete Genome	2020-07-13		1	Klebsiella quasipneumoniae
GCF_024347795.1	ASM2434779v1	2025-04-18	Klebsiella quasipneumoniae subsp. quasipneumoniae		KAM644					GCF_024347795.1-RS_2025_04_18	Complete Genome	2022-07-06		13	Klebsiella quasipneumoniae
GCF_024347755.1	ASM2434775v1	2025-04-18	Klebsiella quasipneumoniae subsp. quasipneumoniae		KAM622					GCF_024347755.1-RS_2025_04_18	Complete Genome	2022-07-06		11	Klebsiella quasipneumoniae
GCF_022313415.2	ASM2231341v2	2025-04-16	Klebsiella quasipneumoniae subsp. similipneumoniae		IF3SW-P1					GCF_022313415.2-RS_2025_04_16	Complete Genome	2022-05-10		2	Klebsiella quasipneumoniae
GCF_013624775.1	ASM1362477v1	2025-04-08	Klebsiella quasipneumoniae		RHBSTW-00138					GCF_013624775.1-RS_2025_04_08	Complete Genome	2020-07-24		15	Klebsiella quasipneumoniae
GCF_023373565.1	ASM2337356v1	2025-04-08	Klebsiella quasipneumoniae		AR8538					GCF_023373565.1-RS_2025_04_08	Complete Genome	2022-05-16		5	Klebsiella quasipneumoniae
GCF_022494055.1	ASM2249405v1	2025-04-08	Klebsiella quasipneumoniae		STLEFF_28					GCF_022494055.1-RS_2025_04_08	Complete Genome	2022-03-07		7	Klebsiella quasipneumoniae
GCF_037224975.1	ASM3722497v1	2025-04-05	Klebsiella quasipneumoniae		GN04638					GCF_037224975.1-RS_2025_04_05	Complete Genome	2024-04-05		3	Klebsiella quasipneumoniae
GCF_037287485.1	ASM3728748v1	2025-04-05	Klebsiella quasipneumoniae		GN04474					GCF_037287485.1-RS_2025_04_05	Complete Genome	2024-04-05		3	Klebsiella quasipneumoniae
GCF_037950385.1	ASM3795038v1	2025-04-05	Klebsiella quasipneumoniae subsp. similipneumoniae		SHOUER1256					GCF_037950385.1-RS_2025_04_05	Complete Genome	2024-04-06		3	Klebsiella quasipneumoniae
GCF_022433565.1	ASM2243356v1	2025-04-02	Klebsiella quasipneumoniae		ARLG-8054					GCF_022433565.1-RS_2025_04_02	Complete Genome	2022-03-01		2	Klebsiella quasipneumoniae
GCF_019915565.1	ASM1991556v1	2025-04-02	Klebsiella quasipneumoniae		MMCC7					GCF_019915565.1-RS_2025_04_02	Complete Genome	2021-09-09		2	Klebsiella quasipneumoniae
GCF_001596075.2	ASM159607v2	2025-03-05	Klebsiella quasipneumoniae		ATCC 700603			K6		GCF_001596075.2-RS_2025_03_05	Complete Genome	2016-11-22		3	Klebsiella quasipneumoniae
GCF_002240295.1	ASM224029v1	2025-03-05	Klebsiella quasipneumoniae		HKUOPA4					GCF_002240295.1-RS_2025_03_05	Complete Genome	2017-08-03		1	Klebsiella quasipneumoniae
GCF_002240315.1	ASM224031v1	2025-03-05	Klebsiella quasipneumoniae		HKUOPJ4					GCF_002240315.1-RS_2025_03_05	Complete Genome	2017-08-03		1	Klebsiella quasipneumoniae
GCF_002240335.1	ASM224033v1	2025-03-05	Klebsiella quasipneumoniae		HKUOPL4					GCF_002240335.1-RS_2025_03_05	Complete Genome	2017-08-03		1	Klebsiella quasipneumoniae
GCF_021245755.2	ASM2124575v2	2025-02-22	Klebsiella quasipneumoniae		AF004KP1					GCF_021245755.2-RS_2025_02_22	Complete Genome	2025-02-22		6	Klebsiella quasipneumoniae
GCF_026967715.1	ASM2696771v1	2025-02-05	Klebsiella quasipneumoniae		2022CK-00516					GCF_026967715.1-RS_2025_02_05	Complete Genome	2022-12-18		4	Klebsiella quasipneumoniae
GCF_052039215.1	ASM5203921v1	2025-08-15	Klebsiella variicola		Kv_2g					GCF_052039215.1-RS_2025_08_15	Complete Genome	2025-08-16		3	Klebsiella variicola
GCF_051619525.1	ASM5161952v1	2025-07-31	Klebsiella variicola subsp. variicola		KPE040					GCF_051619525.1-RS_2025_07_31	Complete Genome	2025-08-01		5	Klebsiella variicola
GCF_030505415.1	ASM3050541v1	2025-07-18	Klebsiella variicola		LY16					GCF_030505415.1-RS_2025_07_18	Complete Genome	2023-07-19		2	Klebsiella variicola
GCF_030489965.1	ASM3048996v1	2025-07-16	Klebsiella variicola		2020C01-081					GCF_030489965.1-RS_2025_07_16	Complete Genome	2023-07-17		5	Klebsiella variicola
GCF_024138755.1	ASM2413875v1	2025-07-14	Klebsiella variicola		KGB_1					GCF_024138755.1-RS_2025_07_14	Complete Genome	2022-07-05		3	Klebsiella variicola
GCF_030376705.1	ASM3037670v1	2025-06-30	Klebsiella variicola		22KM2707					GCF_030376705.1-RS_2025_06_30	Complete Genome	2023-06-30		2	Klebsiella variicola
GCF_051122715.1	ASM5112271v1	2025-06-28	Klebsiella variicola		HWS1					GCF_051122715.1-RS_2025_06_28	Complete Genome	2025-06-28		1	Klebsiella variicola
GCF_050990805.1	ASM5099080v1	2025-06-19	Klebsiella variicola		KLE2					GCF_050990805.1-RS_2025_06_19	Complete Genome	2025-06-19		2	Klebsiella variicola
GCF_050990795.1	ASM5099079v1	2025-06-18	Klebsiella variicola		KLE3					GCF_050990795.1-RS_2025_06_18	Complete Genome	2025-06-19		2	Klebsiella variicola
GCF_050870805.1	ASM5087080v1	2025-06-11	Klebsiella variicola		T117					GCF_050870805.1-RS_2025_06_11	Complete Genome	2025-06-12		3	Klebsiella variicola
GCF_050847395.1	ASM5084739v1	2025-06-09	Klebsiella variicola		NTUH73					GCF_050847395.1-RS_2025_06_09	Complete Genome	2025-06-09		4	Klebsiella variicola
GCF_905335825.2	AN2340v1_cp	2025-06-04	Klebsiella variicola					0		GCF_905335825.2-RS_2025_06_04	Complete Genome	2022-05-24		4	Klebsiella variicola
GCF_023588825.1	ASM2358882v1	2025-06-03	Klebsiella variicola		17YN56					GCF_023588825.1-RS_2025_06_03	Complete Genome	2022-05-30		1	Klebsiella variicola
GCF_049262525.1	ASM4926252v1	2025-06-01	Klebsiella variicola		GTVSS-026					GCF_049262525.1-RS_2025_06_01	Complete Genome	2025-05-22		1	Klebsiella variicola
GCF_050500315.1	ASM5050031v1	2025-05-21	Klebsiella variicola		ZSLY01					GCF_050500315.1-RS_2025_05_21	Complete Genome	2025-05-22		3	Klebsiella variicola
GCF_050499735.1	ASM5049973v1	2025-05-21	Klebsiella variicola		ZB-1					GCF_050499735.1-RS_2025_05_21	Complete Genome	2025-05-22		4	Klebsiella variicola
GCF_022453785.1	ASM2245378v1	2025-05-18	Klebsiella variicola subsp. variicola		ML.9ba2					GCF_022453785.1-RS_2025_05_18	Complete Genome	2022-03-03		2	Klebsiella variicola
GCF_030007315.1	ASM3000731v1	2025-05-14	Klebsiella variicola		J57					GCF_030007315.1-RS_2025_05_14	Complete Genome	2023-05-13		5	Klebsiella variicola
GCF_033970445.1	ASM3397044v2	2025-05-12	Klebsiella variicola		2023EP-00289					GCF_033970445.1-RS_2025_05_12	Complete Genome	2024-04-25		3	Klebsiella variicola
GCF_039566115.1	ASM3956611v1	2025-05-09	Klebsiella variicola		K3					GCF_039566115.1-RS_2025_05_09	Complete Genome	2024-05-10		1	Klebsiella variicola
GCF_039545775.1	ASM3954577v1	2025-05-07	Klebsiella variicola		LL2208					GCF_039545775.1-RS_2025_05_07	Complete Genome	2024-05-08		1	Klebsiella variicola
GCF_050175235.1	ASM5017523v1	2025-05-07	Klebsiella variicola		A24775					GCF_050175235.1-RS_2025_05_07	Complete Genome	2025-05-14		3	Klebsiella variicola
GCF_038442825.1	ASM3844282v1	2025-04-24	Klebsiella variicola		2024HQ-00003					GCF_038442825.1-RS_2025_04_24	Complete Genome	2024-04-25		3	Klebsiella variicola
GCF_034331225.1	ASM3433122v2	2025-04-21	Klebsiella variicola		2023CK-01508					GCF_034331225.1-RS_2025_04_21	Complete Genome	2024-01-14		4	Klebsiella variicola
GCF_038178705.1	ASM3817870v1	2025-04-17	Klebsiella variicola		KVTMDU					GCF_038178705.1-RS_2025_04_17	Complete Genome	2024-04-17		15	Klebsiella variicola
GCF_037287495.1	ASM3728749v1	2025-04-17	Klebsiella variicola		GN02708					GCF_037287495.1-RS_2025_04_17	Complete Genome	2024-04-05		1	Klebsiella variicola
GCF_041857135.1	kv240612_barcode19	2025-04-07	Klebsiella variicola		kv240612_barcode19					GCF_041857135.1-RS_2025_04_07	Complete Genome	2024-09-08		2	Klebsiella variicola
GCF_036687405.1	ASM3668740v1	2025-04-05	Klebsiella variicola		B19321					GCF_036687405.1-RS_2025_04_05	Complete Genome	2024-04-05		3	Klebsiella variicola
GCF_000019565.1	ASM1956v1	2025-04-04	Klebsiella variicola		342					GCF_000019565.1-RS_2025_04_04	Complete Genome	2008-09-24		3	Klebsiella variicola
GCF_028871695.1	ASM2887169v1	2025-04-03	Klebsiella variicola		SHET-01					GCF_028871695.1-RS_2025_04_03	Complete Genome	2023-02-27		3	Klebsiella variicola
GCF_013728275.1	ASM1372827v1	2025-04-02	Klebsiella variicola		RHBSTW-00883					GCF_013728275.1-RS_2025_04_02	Complete Genome	2020-07-27		3	Klebsiella variicola
GCF_049200665.1	ASM4920066v1	2025-04-02	Klebsiella variicola		2018C01-122					GCF_049200665.1-RS_2025_04_02	Complete Genome	2025-04-04		4	Klebsiella variicola
GCF_000828055.2	ASM82805v2	2025-03-05	Klebsiella variicola		DSM 15968					GCF_000828055.2-RS_2025_03_05	Complete Genome	2016-07-29		1	Klebsiella variicola
GCF_001989495.1	ASM198949v1	2025-03-05	Klebsiella variicola		GJ1					GCF_001989495.1-RS_2025_03_05	Complete Genome	2017-02-07		4	Klebsiella variicola
GCF_001989515.1	ASM198951v1	2025-03-05	Klebsiella variicola		GJ2					GCF_001989515.1-RS_2025_03_05	Complete Genome	2017-02-07		5	Klebsiella variicola
GCF_001989535.1	ASM198953v1	2025-03-05	Klebsiella variicola		GJ3					GCF_001989535.1-RS_2025_03_05	Complete Genome	2017-02-07		5	Klebsiella variicola
GCF_047947005.1	ASM4794700v1	2025-02-25	Klebsiella variicola		KP692JT					GCF_047947005.1-RS_2025_02_25	Complete Genome	2025-02-28		6	Klebsiella variicola
GCF_023703815.1	ASM2370381v1	2025-02-18	Klebsiella variicola		FF907					GCF_023703815.1-RS_2025_02_18	Complete Genome	2022-06-13		1	Klebsiella variicola
GCF_025579425.1	ASM2557942v2	2025-02-17	Klebsiella variicola		2022CK-00504					GCF_025579425.1-RS_2025_02_17	Complete Genome	2022-12-29		4	Klebsiella variicola
GCF_026069095.1	ASM2606909v2	2025-02-17	Klebsiella variicola		2022CK-00568					GCF_026069095.1-RS_2025_02_17	Complete Genome	2022-12-29		6	Klebsiella variicola
GCF_025579405.1	ASM2557940v2	2025-02-17	Klebsiella variicola		2022CK-00502					GCF_025579405.1-RS_2025_02_17	Complete Genome	2022-12-29		4	Klebsiella variicola
GCF_025579445.1	ASM2557944v2	2025-02-17	Klebsiella variicola		2022CK-00500					GCF_025579445.1-RS_2025_02_17	Complete Genome	2022-12-29		4	Klebsiella variicola
GCF_025676845.1	ASM2567684v2	2025-02-17	Klebsiella variicola		2022CK-00505					GCF_025676845.1-RS_2025_02_17	Complete Genome	2022-12-29		5	Klebsiella variicola
GCF_025579525.1	ASM2557952v2	2025-02-17	Klebsiella variicola		2022CK-00503					GCF_025579525.1-RS_2025_02_17	Complete Genome	2022-12-29		4	Klebsiella variicola
GCF_025676585.1	ASM2567658v2	2025-02-17	Klebsiella variicola		2022CK-00501					GCF_025676585.1-RS_2025_02_17	Complete Genome	2022-12-29		4	Klebsiella variicola
GCF_026069065.1	ASM2606906v2	2025-02-17	Klebsiella variicola		2022CK-00567					GCF_026069065.1-RS_2025_02_17	Complete Genome	2022-12-29		7	Klebsiella variicola
GCF_021228835.1	ASM2122883v1	2025-02-16	Klebsiella variicola subsp. variicola		KPN692					GCF_021228835.1-RS_2025_02_16	Complete Genome	2021-12-19		6	Klebsiella variicola
GCF_036452015.1	ASM3645201v1	2025-02-08	Klebsiella variicola		PS00262.4					GCF_036452015.1-RS_2025_02_08	Complete Genome	2024-02-08		5	Klebsiella variicola
GCF_026967735.1	ASM2696773v1	2025-02-05	Klebsiella variicola		2022CK-00564					GCF_026967735.1-RS_2025_02_05	Complete Genome	2022-12-18		4	Klebsiella variicola
GCF_026967755.1	ASM2696775v1	2025-02-05	Klebsiella variicola		2022CK-00565					GCF_026967755.1-RS_2025_02_05	Complete Genome	2022-12-18		4	Klebsiella variicola
GCF_024507955.1	ASM2450795v1	2025-08-27	Pseudomonas aeruginosa		ATCC 27853					GCF_024507955.1-RS_2025_08_27	Complete Genome	2022-08-03		1	Pseudomonas aeruginosa
GCF_022570415.1	ASM2257041v1	2025-08-25	Pseudomonas aeruginosa		H05					GCF_022570415.1-RS_2025_08_25	Complete Genome	2022-03-15		2	Pseudomonas aeruginosa
GCF_001632245.1	ASM163224v1	2025-08-25	Pseudomonas aeruginosa		BAMCPA07-48					GCF_001632245.1-RS_2025_08_25	Complete Genome	2016-04-26		1	Pseudomonas aeruginosa
GCF_022570435.1	ASM2257043v1	2025-08-25	Pseudomonas aeruginosa		H04					GCF_022570435.1-RS_2025_08_25	Complete Genome	2022-03-15		1	Pseudomonas aeruginosa
GCF_022570455.1	ASM2257045v1	2025-08-25	Pseudomonas aeruginosa		H03					GCF_022570455.1-RS_2025_08_25	Complete Genome	2022-03-15		1	Pseudomonas aeruginosa
GCF_022570115.1	ASM2257011v1	2025-08-25	Pseudomonas aeruginosa		H08					GCF_022570115.1-RS_2025_08_25	Complete Genome	2022-03-15		1	Pseudomonas aeruginosa
GCF_022570235.1	ASM2257023v1	2025-08-25	Pseudomonas aeruginosa		H07					GCF_022570235.1-RS_2025_08_25	Complete Genome	2022-03-15		1	Pseudomonas aeruginosa
GCF_001516105.1	ASM151610v1	2025-08-25	Pseudomonas aeruginosa		T63266					GCF_001516105.1-RS_2025_08_25	Complete Genome	2016-01-15		1	Pseudomonas aeruginosa
GCF_001606045.1	ASM160604v1	2025-08-25	Pseudomonas aeruginosa		N17-1					GCF_001606045.1-RS_2025_08_25	Complete Genome	2016-04-04		1	Pseudomonas aeruginosa
GCF_000026645.1	ASM2664v1	2025-08-25	Pseudomonas aeruginosa LESB58		LESB58					GCF_000026645.1-RS_2025_08_25	Complete Genome	2008-12-24		1	Pseudomonas aeruginosa
GCF_000496455.2	ASM49645v2	2025-08-25	Pseudomonas aeruginosa DHS01		DH01					GCF_000496455.2-RS_2025_08_25	Complete Genome	2016-01-25		1	Pseudomonas aeruginosa
GCF_052171915.1	ASM5217191v1	2025-08-21	Pseudomonas aeruginosa		CRPA-9					GCF_052171915.1-RS_2025_08_21	Complete Genome	2025-08-21	JBQJKB01	2	Pseudomonas aeruginosa
GCF_013376775.1	ASM1337677v1	2025-08-21	Pseudomonas aeruginosa		CDN129					GCF_013376775.1-RS_2025_08_21	Complete Genome	2020-06-30		1	Pseudomonas aeruginosa
GCF_028366415.1	ASM2836641v3	2025-08-19	Pseudomonas aeruginosa		2023CK-00048					GCF_028366415.1-RS_2025_08_19	Complete Genome	2023-08-06		1	Pseudomonas aeruginosa
GCF_022569975.1	ASM2256997v1	2025-08-19	Pseudomonas aeruginosa		H10					GCF_022569975.1-RS_2025_08_19	Complete Genome	2022-03-15		1	Pseudomonas aeruginosa
GCF_022569995.1	ASM2256999v1	2025-08-19	Pseudomonas aeruginosa		H09					GCF_022569995.1-RS_2025_08_19	Complete Genome	2022-03-15		1	Pseudomonas aeruginosa
GCF_022533445.1	ASM2253344v1	2025-08-18	Pseudomonas aeruginosa		ISS SRV-K					GCF_022533445.1-RS_2025_08_18	Complete Genome	2022-03-09		2	Pseudomonas aeruginosa
GCF_030563585.1	ASM3056358v1	2025-08-18	Pseudomonas aeruginosa		AU10241			AU10241_L13_Resistant		GCF_030563585.1-RS_2025_08_18	Complete Genome	2023-08-01		1	Pseudomonas aeruginosa
GCF_030564045.1	ASM3056404v1	2025-08-18	Pseudomonas aeruginosa		AU10241					GCF_030564045.1-RS_2025_08_18	Complete Genome	2023-08-01		1	Pseudomonas aeruginosa
GCF_030563765.1	ASM3056376v1	2025-08-18	Pseudomonas aeruginosa		AU10241			AU10241_L13_Control		GCF_030563765.1-RS_2025_08_18	Complete Genome	2023-08-01		1	Pseudomonas aeruginosa
GCF_052072165.1	ASM5207216v1	2025-08-17	Pseudomonas aeruginosa		PAMS					GCF_052072165.1-RS_2025_08_17	Complete Genome	2025-08-17	JBQGPN01	2	Pseudomonas aeruginosa
GCF_051989275.1	ASM5198927v1	2025-08-14	Pseudomonas aeruginosa		HNIBRBA1976					GCF_051989275.1-RS_2025_08_14	Complete Genome	2025-08-15		1	Pseudomonas aeruginosa
GCF_051988505.1	ASM5198850v1	2025-08-14	Pseudomonas aeruginosa		HNIBRBA3474					GCF_051988505.1-RS_2025_08_14	Complete Genome	2025-08-15		1	Pseudomonas aeruginosa
GCF_051905005.1	ASM5190500v1	2025-08-11	Pseudomonas aeruginosa		71					GCF_051905005.1-RS_2025_08_11	Complete Genome	2025-08-11		1	Pseudomonas aeruginosa
GCF_013343415.1	ASM1334341v1	2025-08-11	Pseudomonas aeruginosa		DVT421					GCF_013343415.1-RS_2025_08_11	Complete Genome	2020-06-15		1	Pseudomonas aeruginosa
GCF_024089395.1	ASM2408939v1	2025-08-11	Pseudomonas aeruginosa		PAO1_Mat-X-1					GCF_024089395.1-RS_2025_08_11	Complete Genome	2022-06-30		1	Pseudomonas aeruginosa
GCF_022569855.1	ASM2256985v1	2025-08-08	Pseudomonas aeruginosa		H20					GCF_022569855.1-RS_2025_08_08	Complete Genome	2022-03-15		1	Pseudomonas aeruginosa
GCF_022569915.1	ASM2256991v1	2025-08-07	Pseudomonas aeruginosa		H16					GCF_022569915.1-RS_2025_08_07	Complete Genome	2022-03-15		1	Pseudomonas aeruginosa
GCF_051853055.1	ASM5185305v1	2025-08-07	Pseudomonas aeruginosa		AUS531					GCF_051853055.1-RS_2025_08_07	Complete Genome	2025-08-08		1	Pseudomonas aeruginosa
GCF_013343515.1	ASM1334351v1	2025-08-06	Pseudomonas aeruginosa		DVT413					GCF_013343515.1-RS_2025_08_06	Complete Genome	2020-06-15		1	Pseudomonas aeruginosa
GCF_024300845.1	ASM2430084v1	2025-08-06	Pseudomonas aeruginosa		R20-14					GCF_024300845.1-RS_2025_08_06	Complete Genome	2022-07-18		2	Pseudomonas aeruginosa
GCF_022569895.1	ASM2256989v1	2025-08-06	Pseudomonas aeruginosa		H17					GCF_022569895.1-RS_2025_08_06	Complete Genome	2022-03-15		1	Pseudomonas aeruginosa
GCF_002411865.3	ASM241186v3	2025-08-05	Pseudomonas aeruginosa		97					GCF_002411865.3-RS_2025_08_05	Complete Genome	2019-02-06		1	Pseudomonas aeruginosa
GCF_013347245.1	ASM1334724v1	2025-08-05	Pseudomonas aeruginosa		CDN118					GCF_013347245.1-RS_2025_08_05	Complete Genome	2020-06-16		1	Pseudomonas aeruginosa
GCF_005305005.1	ASM530500v1	2025-08-05	Pseudomonas aeruginosa		PA298					GCF_005305005.1-RS_2025_08_05	Complete Genome	2019-05-14		2	Pseudomonas aeruginosa
GCF_013343375.1	ASM1334337v1	2025-08-05	Pseudomonas aeruginosa		DVT425					GCF_013343375.1-RS_2025_08_05	Complete Genome	2020-06-15		1	Pseudomonas aeruginosa
GCF_013343475.1	ASM1334347v1	2025-08-05	Pseudomonas aeruginosa		DVT779					GCF_013343475.1-RS_2025_08_05	Complete Genome	2020-06-15		1	Pseudomonas aeruginosa
GCF_028994395.2	ASM2899439v2	2025-08-03	Pseudomonas aeruginosa		PE21					GCF_028994395.2-RS_2025_08_03	Complete Genome	2025-07-22	JARDUV02	2	Pseudomonas aeruginosa
GCF_003433235.1	ASM343323v1	2025-08-03	Pseudomonas aeruginosa		24Pae112					GCF_003433235.1-RS_2025_08_03	Complete Genome	2018-08-30		1	Pseudomonas aeruginosa
GCF_024266935.1	ASM2426693v1	2025-08-03	Pseudomonas aeruginosa		PA-2					GCF_024266935.1-RS_2025_08_03	Complete Genome	2022-07-14		2	Pseudomonas aeruginosa
GCF_024266915.1	ASM2426691v1	2025-08-03	Pseudomonas aeruginosa		PA-1					GCF_024266915.1-RS_2025_08_03	Complete Genome	2022-07-14		2	Pseudomonas aeruginosa
GCF_013255565.1	ASM1325556v1	2025-08-03	Pseudomonas aeruginosa		PSE6684					GCF_013255565.1-RS_2025_08_03	Complete Genome	2020-06-03		1	Pseudomonas aeruginosa
GCF_013343335.1	ASM1334333v1	2025-08-03	Pseudomonas aeruginosa		DVT429					GCF_013343335.1-RS_2025_08_03	Complete Genome	2020-06-15		1	Pseudomonas aeruginosa
GCF_013343395.1	ASM1334339v1	2025-08-03	Pseudomonas aeruginosa		DVT423					GCF_013343395.1-RS_2025_08_03	Complete Genome	2020-06-15		1	Pseudomonas aeruginosa
GCF_013343575.1	ASM1334357v1	2025-08-03	Pseudomonas aeruginosa		DVT401					GCF_013343575.1-RS_2025_08_03	Complete Genome	2020-06-15		1	Pseudomonas aeruginosa
GCF_013343315.1	ASM1334331v1	2025-08-03	Pseudomonas aeruginosa		DVT729					GCF_013343315.1-RS_2025_08_03	Complete Genome	2020-06-15		1	Pseudomonas aeruginosa
GCF_013343495.1	ASM1334349v1	2025-08-03	Pseudomonas aeruginosa		DVT414					GCF_013343495.1-RS_2025_08_03	Complete Genome	2020-06-15		1	Pseudomonas aeruginosa
GCF_013260445.1	ASM1326044v1	2025-08-03	Pseudomonas aeruginosa		YD001					GCF_013260445.1-RS_2025_08_03	Complete Genome	2020-06-03		1	Pseudomonas aeruginosa
GCF_024266805.1	ASM2426680v1	2025-08-03	Pseudomonas aeruginosa		F13					GCF_024266805.1-RS_2025_08_03	Complete Genome	2022-07-14		1	Pseudomonas aeruginosa
GCF_013343355.1	ASM1334335v1	2025-08-03	Pseudomonas aeruginosa		DVT427					GCF_013343355.1-RS_2025_08_03	Complete Genome	2020-06-15		1	Pseudomonas aeruginosa
GCF_030717425.1	ASM3071742v1	2025-08-23	Pseudomonas putida		MRSN365855					GCF_030717425.1-RS_2025_08_23	Complete Genome	2023-08-12		3	Pseudomonas putida
GCF_052075905.1	ASM5207590v1	2025-08-18	Pseudomonas putida		S2/27					GCF_052075905.1-RS_2025_08_18	Complete Genome	2025-08-18		1	Pseudomonas putida
GCF_024508115.1	ASM2450811v1	2025-08-16	Pseudomonas putida		ATCC 12633					GCF_024508115.1-RS_2025_08_16	Complete Genome	2022-08-03		1	Pseudomonas putida
GCF_051934435.1	ASM5193443v1	2025-08-13	Pseudomonas putida		rG-M					GCF_051934435.1-RS_2025_08_13	Complete Genome	2025-08-13		1	Pseudomonas putida
GCF_051934905.1	ASM5193490v1	2025-08-13	Pseudomonas putida		rG2-E					GCF_051934905.1-RS_2025_08_13	Complete Genome	2025-08-13		1	Pseudomonas putida
GCF_051941265.1	ASM5194126v1	2025-08-13	Pseudomonas putida		CD					GCF_051941265.1-RS_2025_08_13	Complete Genome	2025-08-13		1	Pseudomonas putida
GCF_024266625.1	ASM2426662v1	2025-08-03	Pseudomonas putida		HSM-C2					GCF_024266625.1-RS_2025_08_03	Complete Genome	2022-07-14		1	Pseudomonas putida
GCF_002741075.1	IEC330191.0	2025-07-24	Pseudomonas putida		IEC33019					GCF_002741075.1-RS_2025_07_24	Complete Genome	2016-08-05		2	Pseudomonas putida
GCF_013305625.2	ASM1330562v2	2025-07-23	Pseudomonas putida		NY5709					GCF_013305625.2-RS_2025_07_23	Complete Genome	2020-06-09		2	Pseudomonas putida
GCF_030440385.1	ASM3044038v1	2025-07-22	Pseudomonas putida		KT2440			PCA		GCF_030440385.1-RS_2025_07_22	Complete Genome	2023-07-12		1	Pseudomonas putida
GCF_024125675.1	ASM2412567v1	2025-07-21	Pseudomonas putida		PCL1760					GCF_024125675.1-RS_2025_07_21	Complete Genome	2022-07-03		1	Pseudomonas putida
GCF_051246325.1	ASM5124632v1	2025-07-09	Pseudomonas putida		PSBB026					GCF_051246325.1-RS_2025_07_09	Complete Genome	2025-07-10		1	Pseudomonas putida
GCF_040250365.1	CIAD_PPut_1.0	2025-06-28	Pseudomonas putida		CRA-04					GCF_040250365.1-RS_2025_06_28	Complete Genome	2024-06-22		1	Pseudomonas putida
GCF_050989985.1	ASM5098998v1	2025-06-18	Pseudomonas putida		PSE9					GCF_050989985.1-RS_2025_06_18	Complete Genome	2025-06-19		1	Pseudomonas putida
GCF_050990305.1	ASM5099030v1	2025-06-18	Pseudomonas putida		PSE7					GCF_050990305.1-RS_2025_06_18	Complete Genome	2025-06-19		1	Pseudomonas putida
GCF_018141045.1	ASM1814104v1	2025-06-14	Pseudomonas putida		YC-AE1					GCF_018141045.1-RS_2025_06_14	Complete Genome	2021-04-27		4	Pseudomonas putida
GCF_000281215.1	ASM28121v1	2025-06-10	Pseudomonas putida DOT-T1E		DOT-T1E					GCF_000281215.1-RS_2025_06_10	Complete Genome	2012-07-24		1	Pseudomonas putida
GCF_029590515.1	ASM2959051v1	2025-06-03	Pseudomonas putida		AHSWHJXPP1					GCF_029590515.1-RS_2025_06_03	Complete Genome	2023-04-05		1	Pseudomonas putida
GCF_024662335.1	ASM2466233v1	2025-05-29	Pseudomonas putida		KT2440			pMBEC6		GCF_024662335.1-RS_2025_05_29	Complete Genome	2022-08-15		1	Pseudomonas putida
GCF_024662315.1	ASM2466231v1	2025-05-29	Pseudomonas putida		KT2440			pnCas9-BEC6-C		GCF_024662315.1-RS_2025_05_29	Complete Genome	2022-08-15		1	Pseudomonas putida
GCF_024662355.1	ASM2466235v1	2025-05-29	Pseudomonas putida		KT2440			pSEVA631		GCF_024662355.1-RS_2025_05_29	Complete Genome	2022-08-15		1	Pseudomonas putida
GCF_003671955.1	ASM367195v1	2025-05-29	Pseudomonas putida		B4					GCF_003671955.1-RS_2025_05_29	Complete Genome	2018-10-22		1	Pseudomonas putida
GCF_009883635.2	ASM988363v2	2025-05-27	Pseudomonas putida		W5					GCF_009883635.2-RS_2025_05_27	Complete Genome	2020-02-07		1	Pseudomonas putida
GCF_039634515.1	ASM3963451v1	2025-05-26	Pseudomonas putida		NY11286					GCF_039634515.1-RS_2025_05_26	Complete Genome	2024-05-15		2	Pseudomonas putida
GCF_022354785.1	ASM2235478v1	2025-05-24	Pseudomonas putida		LWPZF					GCF_022354785.1-RS_2025_05_24	Complete Genome	2022-02-22		2	Pseudomonas putida
GCF_003228315.1	ASM322831v1	2025-05-23	Pseudomonas putida		JBC17					GCF_003228315.1-RS_2025_05_23	Complete Genome	2018-06-15		1	Pseudomonas putida
GCF_000325725.1	ASM32572v1	2025-05-22	Pseudomonas putida HB3267		PC9					GCF_000325725.1-RS_2025_05_22	Complete Genome	2012-12-19		2	Pseudomonas putida
GCF_003290365.1	ASM329036v1	2025-05-21	Pseudomonas putida		NX-1					GCF_003290365.1-RS_2025_05_21	Complete Genome	2018-07-08		1	Pseudomonas putida
GCF_038095575.1	Engineered_P.putida_DSM6125	2025-04-30	Pseudomonas putida					UW0SKVC2		GCF_038095575.1-RS_2025_04_30	Complete Genome	2024-04-15		1	Pseudomonas putida
GCF_037756035.1	ASM3775603v1	2025-04-28	Pseudomonas putida					FELIX_MS547		GCF_037756035.1-RS_2025_04_28	Complete Genome	2024-04-05		1	Pseudomonas putida
GCF_037758665.1	ASM3775866v1	2025-04-28	Pseudomonas putida					FELIX_MS641		GCF_037758665.1-RS_2025_04_28	Complete Genome	2024-04-05		1	Pseudomonas putida
GCF_000264665.3	ASM26466v2	2025-04-26	Pseudomonas putida ND6		ND6					GCF_000264665.3-RS_2025_04_26	Complete Genome	2012-05-29		3	Pseudomonas putida
GCF_000183645.1	ASM18364v1	2025-04-26	Pseudomonas putida BIRD-1		BIRD-1					GCF_000183645.1-RS_2025_04_26	Complete Genome	2010-12-03		1	Pseudomonas putida
GCF_000219705.1	ASM21970v1	2025-04-26	Pseudomonas putida S16		S16					GCF_000219705.1-RS_2025_04_26	Complete Genome	2011-06-30		1	Pseudomonas putida
GCF_049486675.1	ASM4948667v1	2025-04-12	Pseudomonas putida		SEM11					GCF_049486675.1-RS_2025_04_12	Complete Genome	2025-04-15		1	Pseudomonas putida
GCF_037100255.1	ASM3710025v1	2025-04-05	Pseudomonas putida		WBB028					GCF_037100255.1-RS_2025_04_05	Complete Genome	2024-04-05		1	Pseudomonas putida
GCF_001630725.2	ASM163072v2	2025-04-02	Pseudomonas putida		JQ581					GCF_001630725.2-RS_2025_04_02	Complete Genome	2020-05-05		1	Pseudomonas putida
GCF_001886975.1	ASM188697v1	2025-03-23	Pseudomonas putida		PP112420					GCF_001886975.1-RS_2025_03_23	Complete Genome	2016-11-28		1	Pseudomonas putida
GCF_000271965.2	ASM27196v2	2025-03-23	Pseudomonas putida SJTE-1		SJTE-1					GCF_000271965.2-RS_2025_03_23	Complete Genome	2016-06-02		1	Pseudomonas putida
GCF_001767335.1	ASM176733v1	2025-03-23	Pseudomonas putida JB		JB					GCF_001767335.1-RS_2025_03_23	Complete Genome	2016-10-18		1	Pseudomonas putida
GCF_027886665.1	ASM2788666v1	2025-03-20	Pseudomonas putida		PD584					GCF_027886665.1-RS_2025_03_20	Complete Genome	2023-01-17		2	Pseudomonas putida
GCF_027886645.1	ASM2788664v1	2025-03-20	Pseudomonas putida		PD584_L3					GCF_027886645.1-RS_2025_03_20	Complete Genome	2023-01-17		2	Pseudomonas putida
GCF_027886605.1	ASM2788660v1	2025-03-20	Pseudomonas putida		PD689_delTT1					GCF_027886605.1-RS_2025_03_20	Complete Genome	2023-01-17		2	Pseudomonas putida
GCF_027595085.1	ASM2759508v1	2025-03-19	Pseudomonas putida		NY4811					GCF_027595085.1-RS_2025_03_19	Complete Genome	2023-01-09		1	Pseudomonas putida
GCF_014076515.1	ASM1407651v1	2025-03-19	Pseudomonas putida		T25-27					GCF_014076515.1-RS_2025_03_19	Complete Genome	2020-08-05		2	Pseudomonas putida
GCF_016406145.1	ASM1640614v1	2025-03-19	Pseudomonas putida		BR-PH17					GCF_016406145.1-RS_2025_03_19	Complete Genome	2020-12-27		2	Pseudomonas putida
GCF_900636645.1	43295_H02	2025-03-17	Pseudomonas putida		NCTC13186					GCF_900636645.1-RS_2025_03_17	Complete Genome	2018-12-20		1	Pseudomonas putida
GCF_009938035.1	ASM993803v1	2025-03-17	Pseudomonas putida		TS312					GCF_009938035.1-RS_2025_03_17	Complete Genome	2020-01-15		1	Pseudomonas putida
GCF_014162535.1	ASM1416253v1	2025-03-17	Pseudomonas putida		WP8-W18-CRE-01					GCF_014162535.1-RS_2025_03_17	Complete Genome	2020-07-21		1	Pseudomonas putida
GCF_014169055.1	ASM1416905v1	2025-03-17	Pseudomonas putida		WP4-W18-CRE-03					GCF_014169055.1-RS_2025_03_17	Complete Genome	2020-07-21		2	Pseudomonas putida
GCF_000452445.2	ASM45244v3	2025-08-17	Pseudomonas syringae pv. pisi str. PP1		PP1					GCF_000452445.2-RS_2025_08_17	Complete Genome	2018-12-02		4	Pseudomonas syringae
GCF_052041385.1	ASM5204138v1	2025-08-15	Pseudomonas syringae		USA0087					GCF_052041385.1-RS_2025_08_15	Complete Genome	2025-08-16		1	Pseudomonas syringae
GCF_052042155.1	ASM5204215v1	2025-08-15	Pseudomonas syringae		P3.01.09C09					GCF_052042155.1-RS_2025_08_15	Complete Genome	2025-08-16		1	Pseudomonas syringae
GCF_052042645.1	ASM5204264v1	2025-08-15	Pseudomonas syringae		P4.01.01.C03					GCF_052042645.1-RS_2025_08_15	Complete Genome	2025-08-16		2	Pseudomonas syringae
GCF_052043265.1	ASM5204326v1	2025-08-15	Pseudomonas syringae		SZ0049					GCF_052043265.1-RS_2025_08_15	Complete Genome	2025-08-16		1	Pseudomonas syringae
GCF_052042875.1	ASM5204287v1	2025-08-15	Pseudomonas syringae		USA0088					GCF_052042875.1-RS_2025_08_15	Complete Genome	2025-08-16		1	Pseudomonas syringae
GCF_052041185.1	ASM5204118v1	2025-08-15	Pseudomonas syringae		SZB0008					GCF_052041185.1-RS_2025_08_15	Complete Genome	2025-08-16		1	Pseudomonas syringae
GCF_052041915.1	ASM5204191v1	2025-08-15	Pseudomonas syringae		SZ0119					GCF_052041915.1-RS_2025_08_15	Complete Genome	2025-08-16		1	Pseudomonas syringae
GCF_051943005.1	ASM5194300v1	2025-08-13	Pseudomonas syringae		CC1429					GCF_051943005.1-RS_2025_08_13	Complete Genome	2025-08-13		2	Pseudomonas syringae
GCF_051943055.1	ASM5194305v1	2025-08-13	Pseudomonas syringae		DG1A_7					GCF_051943055.1-RS_2025_08_13	Complete Genome	2025-08-13		2	Pseudomonas syringae
GCF_051941335.1	ASM5194133v1	2025-08-13	Pseudomonas syringae		41D					GCF_051941335.1-RS_2025_08_13	Complete Genome	2025-08-13		2	Pseudomonas syringae
GCF_051942485.1	ASM5194248v1	2025-08-13	Pseudomonas syringae		DG1A_21					GCF_051942485.1-RS_2025_08_13	Complete Genome	2025-08-13		1	Pseudomonas syringae
GCF_051943525.1	ASM5194352v1	2025-08-13	Pseudomonas syringae		DGA5F1-1					GCF_051943525.1-RS_2025_08_13	Complete Genome	2025-08-13		2	Pseudomonas syringae
GCF_051944155.1	ASM5194415v1	2025-08-13	Pseudomonas syringae		DGA11F1-17					GCF_051944155.1-RS_2025_08_13	Complete Genome	2025-08-13		1	Pseudomonas syringae
GCF_051904935.1	ASM5190493v1	2025-08-11	Pseudomonas syringae		CEB0023					GCF_051904935.1-RS_2025_08_11	Complete Genome	2025-08-11		1	Pseudomonas syringae
GCF_051904825.1	ASM5190482v1	2025-08-11	Pseudomonas syringae		3A					GCF_051904825.1-RS_2025_08_11	Complete Genome	2025-08-11		1	Pseudomonas syringae
GCF_051904875.1	ASM5190487v1	2025-08-11	Pseudomonas syringae		11C					GCF_051904875.1-RS_2025_08_11	Complete Genome	2025-08-11		1	Pseudomonas syringae
GCF_051904975.1	ASM5190497v1	2025-08-11	Pseudomonas syringae		GAB0016					GCF_051904975.1-RS_2025_08_11	Complete Genome	2025-08-11		1	Pseudomonas syringae
GCF_051904915.1	ASM5190491v1	2025-08-11	Pseudomonas syringae		CCE0067					GCF_051904915.1-RS_2025_08_11	Complete Genome	2025-08-11		1	Pseudomonas syringae
GCF_051904955.1	ASM5190495v1	2025-08-11	Pseudomonas syringae		CC1434					GCF_051904955.1-RS_2025_08_11	Complete Genome	2025-08-11		1	Pseudomonas syringae
GCF_051904885.1	ASM5190488v1	2025-08-11	Pseudomonas syringae		19B					GCF_051904885.1-RS_2025_08_11	Complete Genome	2025-08-11		1	Pseudomonas syringae
GCF_051904965.1	ASM5190496v1	2025-08-11	Pseudomonas syringae		CEB0083					GCF_051904965.1-RS_2025_08_11	Complete Genome	2025-08-11		1	Pseudomonas syringae
GCF_051904905.1	ASM5190490v1	2025-08-11	Pseudomonas syringae		DGA9CS5-15					GCF_051904905.1-RS_2025_08_11	Complete Genome	2025-08-11		1	Pseudomonas syringae
GCF_051904985.1	ASM5190498v1	2025-08-11	Pseudomonas syringae		DGA9CS5-8					GCF_051904985.1-RS_2025_08_11	Complete Genome	2025-08-11		1	Pseudomonas syringae
GCF_051904895.1	ASM5190489v1	2025-08-11	Pseudomonas syringae		CSZ0293					GCF_051904895.1-RS_2025_08_11	Complete Genome	2025-08-11		1	Pseudomonas syringae
GCF_000452705.1	ASM45270v3	2025-08-03	Pseudomonas syringae CC1557		CC1557					GCF_000452705.1-RS_2025_08_03	Complete Genome	2014-01-16		2	Pseudomonas syringae
GCF_000988485.1	ASM98848v1	2025-07-24	Pseudomonas syringae pv. syringae B301D		B301D					GCF_000988485.1-RS_2025_07_24	Complete Genome	2015-05-06		1	Pseudomonas syringae
GCF_003047185.1	ASM304718v1	2025-07-18	Pseudomonas syringae pv. atrofaciens		LMG5095			Triticum aestivum (Aestivum Group)		GCF_003047185.1-RS_2025_07_18	Complete Genome	2018-04-10		1	Pseudomonas syringae
GCF_000988395.1	ASM98839v1	2025-07-17	Pseudomonas syringae pv. syringae HS191		HS191					GCF_000988395.1-RS_2025_07_17	Complete Genome	2015-05-06		2	Pseudomonas syringae
GCF_000452585.2	ASM45258v3	2025-07-16	Pseudomonas syringae CC457		CC457					GCF_000452585.2-RS_2025_07_16	Complete Genome	2023-07-13		1	Pseudomonas syringae
GCF_051131235.1	ASM5113123v1	2025-06-28	Pseudomonas syringae pv. actinidiae		FX219					GCF_051131235.1-RS_2025_06_28	Complete Genome	2025-06-29		1	Pseudomonas syringae
GCF_949769235.1	DAPP-PG 215 v1	2025-06-27	Pseudomonas syringae pv. tomato		DAPP-PG 215			IPVPG 215		GCF_949769235.1-RS_2025_06_27	Complete Genome	2023-06-27		3	Pseudomonas syringae
GCF_023278085.1	ASM2327808v1	2025-06-15	Pseudomonas syringae		PA-2-9E					GCF_023278085.1-RS_2025_06_15	Complete Genome	2022-05-09		2	Pseudomonas syringae
GCF_023277945.1	ASM2327794v1	2025-06-15	Pseudomonas syringae pv. syringae		Pss9644					GCF_023277945.1-RS_2025_06_15	Complete Genome	2022-05-09		2	Pseudomonas syringae
GCF_030035225.1	ASM3003522v1	2025-06-15	Pseudomonas syringae pv. syringae		B48					GCF_030035225.1-RS_2025_06_15	Complete Genome	2023-05-18		1	Pseudomonas syringae
GCF_050916335.1	ASM5091633v1	2025-06-13	Pseudomonas syringae		LS1					GCF_050916335.1-RS_2025_06_13	Complete Genome	2025-06-14		1	Pseudomonas syringae
GCF_030252405.1	ASM3025240v1	2025-06-11	Pseudomonas syringae pv. antirrhini str. 126		126					GCF_030252405.1-RS_2025_06_11	Complete Genome	2023-06-11		2	Pseudomonas syringae
GCF_018394375.1	ASM1839437v1	2025-05-25	Pseudomonas syringae		Susan2139					GCF_018394375.1-RS_2025_05_25	Complete Genome	2021-05-18		2	Pseudomonas syringae
GCF_018388525.1	ASM1838852v1	2025-05-25	Pseudomonas syringae		U643					GCF_018388525.1-RS_2025_05_25	Complete Genome	2021-05-17		1	Pseudomonas syringae
GCF_018388485.1	ASM1838848v1	2025-05-25	Pseudomonas syringae		KF529					GCF_018388485.1-RS_2025_05_25	Complete Genome	2021-05-17		1	Pseudomonas syringae
GCF_018388505.1	ASM1838850v1	2025-05-25	Pseudomonas syringae		Susan762					GCF_018388505.1-RS_2025_05_25	Complete Genome	2021-05-17		1	Pseudomonas syringae
GCF_001281365.1	ASM128136v1	2025-05-23	Pseudomonas syringae UMAF0158		UMAF0158					GCF_001281365.1-RS_2025_05_23	Complete Genome	2015-09-14		2	Pseudomonas syringae
GCF_000145845.2	ASM14584v2	2025-05-21	Pseudomonas syringae pv. maculicola str. ES4326		ES4326					GCF_000145845.2-RS_2025_05_21	Complete Genome	2020-01-13		5	Pseudomonas syringae
GCF_000145825.2	ASM14582v2	2025-05-17	Pseudomonas syringae Cit 7		Cit 7					GCF_000145825.2-RS_2025_05_17	Complete Genome	2021-05-03		1	Pseudomonas syringae
GCF_023167685.1	ASM2316768v1	2025-05-14	Pseudomonas syringae pv. actinidiae		MAFF613020					GCF_023167685.1-RS_2025_05_14	Complete Genome	2022-04-02		3	Pseudomonas syringae
GCF_016694755.2	ASM1669475v2	2025-04-27	Pseudomonas syringae		BIM B-268					GCF_016694755.2-RS_2025_04_27	Complete Genome	2021-04-19		1	Pseudomonas syringae
GCF_031582985.1	ASM3158298v1	2025-04-21	Pseudomonas syringae pv. actinidiae		QSY6					GCF_031582985.1-RS_2025_04_21	Complete Genome	2023-09-17		2	Pseudomonas syringae
GCF_032812665.1	ASM3281266v1	2025-04-21	Pseudomonas syringae pv. actinidiae		YXH1					GCF_032812665.1-RS_2025_04_21	Complete Genome	2023-10-18		2	Pseudomonas syringae
GCF_032810905.1	ASM3281090v1	2025-04-21	Pseudomonas syringae pv. actinidiae		JZY2					GCF_032810905.1-RS_2025_04_21	Complete Genome	2023-10-18		2	Pseudomonas syringae
GCF_000452605.2	ASM45260v3	2025-04-17	Pseudomonas syringae CC440		CC440					GCF_000452605.2-RS_2025_04_17	Complete Genome	2022-04-04		1	Pseudomonas syringae
GCF_052363745.1	ASM5236374v1	2025-09-01	Staphylococcus aureus		0617SA27					GCF_052363745.1-RS_2025_09_01	Complete Genome	2025-09-01		1	Staphylococcus aureus
GCF_030717645.1	ASM3071764v1	2025-08-27	Staphylococcus aureus		1.6					GCF_030717645.1-RS_2025_08_27	Complete Genome	2023-08-13		3	Staphylococcus aureus
GCF_030717565.1	ASM3071756v1	2025-08-27	Staphylococcus aureus		2.4b					GCF_030717565.1-RS_2025_08_27	Complete Genome	2023-08-13		2	Staphylococcus aureus
GCF_030717625.1	ASM3071762v1	2025-08-27	Staphylococcus aureus		1.9b					GCF_030717625.1-RS_2025_08_27	Complete Genome	2023-08-13		2	Staphylococcus aureus
GCF_030717585.1	ASM3071758v1	2025-08-27	Staphylococcus aureus		2.3a					GCF_030717585.1-RS_2025_08_27	Complete Genome	2023-08-13		2	Staphylococcus aureus
GCF_030717545.1	ASM3071754v1	2025-08-27	Staphylococcus aureus		2.4a					GCF_030717545.1-RS_2025_08_27	Complete Genome	2023-08-13		2	Staphylococcus aureus
GCF_030717605.1	ASM3071760v1	2025-08-27	Staphylococcus aureus		2.1					GCF_030717605.1-RS_2025_08_27	Complete Genome	2023-08-13		3	Staphylococcus aureus
GCF_030252695.1	ASM3025269v1	2025-08-25	Staphylococcus aureus		CC239-MRSA-III(var.)			Trinidad&Tobago_2020-048_8421A		GCF_030252695.1-RS_2025_08_25	Complete Genome	2023-06-12		1	Staphylococcus aureus
GCF_001656045.1	ASM165604v1	2025-08-25	Staphylococcus aureus		08-02119					GCF_001656045.1-RS_2025_08_25	Complete Genome	2016-06-03		1	Staphylococcus aureus
GCF_015732455.1	ASM1573245v1	2025-08-25	Staphylococcus aureus		MSSA01					GCF_015732455.1-RS_2025_08_25	Complete Genome	2020-12-03		1	Staphylococcus aureus
GCF_002089055.1	ASM208905v1	2025-08-25	Staphylococcus aureus		GD5					GCF_002089055.1-RS_2025_08_25	Complete Genome	2017-04-13		1	Staphylococcus aureus
GCF_030252775.1	ASM3025277v1	2025-08-25	Staphylococcus aureus		CC8-MSSA (PVL+)			Trinidad&Tobago_2020-042_7641M		GCF_030252775.1-RS_2025_08_25	Complete Genome	2023-06-12		2	Staphylococcus aureus
GCF_002202075.1	ASM220207v1	2025-08-25	Staphylococcus aureus		Seattle 1945			G477		GCF_002202075.1-RS_2025_08_25	Complete Genome	2017-06-20		2	Staphylococcus aureus
GCF_001656075.1	ASM165607v1	2025-08-25	Staphylococcus aureus		08-02300					GCF_001656075.1-RS_2025_08_25	Complete Genome	2016-06-03		1	Staphylococcus aureus
GCF_000284535.1	ASM28453v1	2025-08-25	Staphylococcus aureus subsp. aureus HO 5096 0412		HO 5096 0412					GCF_000284535.1-RS_2025_08_25	Complete Genome	2012-04-23		1	Staphylococcus aureus
GCF_000253135.1	ASM25313v1	2025-08-25	Staphylococcus aureus subsp. aureus ECT-R 2					ECT-R 2		GCF_000253135.1-RS_2025_08_25	Complete Genome	2010-11-24		3	Staphylococcus aureus
GCF_024399355.1	ASM2439935v1	2025-08-19	Staphylococcus aureus		Sta2021010					GCF_024399355.1-RS_2025_08_19	Complete Genome	2022-07-25		1	Staphylococcus aureus
GCF_030644005.1	ASM3064400v1	2025-08-19	Staphylococcus aureus		1.10					GCF_030644005.1-RS_2025_08_19	Complete Genome	2023-08-04		1	Staphylococcus aureus
GCF_030644065.1	ASM3064406v1	2025-08-19	Staphylococcus aureus		1.7					GCF_030644065.1-RS_2025_08_19	Complete Genome	2023-08-04		1	Staphylococcus aureus
GCF_030643945.1	ASM3064394v1	2025-08-19	Staphylococcus aureus		2.5					GCF_030643945.1-RS_2025_08_19	Complete Genome	2023-08-04		1	Staphylococcus aureus
GCF_030644145.1	ASM3064414v1	2025-08-19	Staphylococcus aureus		1.2					GCF_030644145.1-RS_2025_08_19	Complete Genome	2023-08-04		1	Staphylococcus aureus
GCF_001611365.1	ASM161136v1	2025-08-19	Staphylococcus aureus		ST20130942					GCF_001611365.1-RS_2025_08_19	Complete Genome	2016-04-05		2	Staphylococcus aureus
GCF_024399375.1	ASM2439937v1	2025-08-19	Staphylococcus aureus		Sta2021027					GCF_024399375.1-RS_2025_08_19	Complete Genome	2022-07-25		1	Staphylococcus aureus
GCF_030533935.1	ASM3053393v1	2025-08-18	Staphylococcus aureus		SA17-SX					GCF_030533935.1-RS_2025_08_18	Complete Genome	2023-07-25		2	Staphylococcus aureus
GCF_030644125.1	ASM3064412v1	2025-08-18	Staphylococcus aureus		1.3					GCF_030644125.1-RS_2025_08_18	Complete Genome	2023-08-04		1	Staphylococcus aureus
GCF_030644165.1	ASM3064416v1	2025-08-18	Staphylococcus aureus		1.1					GCF_030644165.1-RS_2025_08_18	Complete Genome	2023-08-04		1	Staphylococcus aureus
GCF_030644025.1	ASM3064402v1	2025-08-18	Staphylococcus aureus		1.9a					GCF_030644025.1-RS_2025_08_18	Complete Genome	2023-08-04		1	Staphylococcus aureus
GCF_030643965.1	ASM3064396v1	2025-08-18	Staphylococcus aureus		2.3b					GCF_030643965.1-RS_2025_08_18	Complete Genome	2023-08-04		1	Staphylococcus aureus
GCF_030643985.1	ASM3064398v1	2025-08-18	Staphylococcus aureus		2.2					GCF_030643985.1-RS_2025_08_18	Complete Genome	2023-08-04		1	Staphylococcus aureus
GCF_030643925.1	ASM3064392v1	2025-08-18	Staphylococcus aureus		2.6					GCF_030643925.1-RS_2025_08_18	Complete Genome	2023-08-04		1	Staphylococcus aureus
GCF_030644105.1	ASM3064410v1	2025-08-18	Staphylococcus aureus		1.4					GCF_030644105.1-RS_2025_08_18	Complete Genome	2023-08-04		1	Staphylococcus aureus
GCF_030644085.1	ASM3064408v1	2025-08-18	Staphylococcus aureus		1.5					GCF_030644085.1-RS_2025_08_18	Complete Genome	2023-08-04		1	Staphylococcus aureus
GCF_030644045.1	ASM3064404v1	2025-08-18	Staphylococcus aureus		1.8					GCF_030644045.1-RS_2025_08_18	Complete Genome	2023-08-04		1	Staphylococcus aureus
GCF_020702545.2	ASM2070254v2	2025-08-17	Staphylococcus aureus		0610-H-2A					GCF_020702545.2-RS_2025_08_17	Complete Genome	2022-06-27		3	Staphylococcus aureus
GCF_019134635.1	ASM1913463v1	2025-08-16	Staphylococcus aureus		WHC07					GCF_019134635.1-RS_2025_08_16	Complete Genome	2021-07-06		1	Staphylococcus aureus
GCF_052049695.1	ASM5204969v1	2025-08-15	Staphylococcus aureus		NM2025-6					GCF_052049695.1-RS_2025_08_15	Complete Genome	2025-08-16		1	Staphylococcus aureus
GCF_019134615.1	ASM1913461v1	2025-08-15	Staphylococcus aureus		WHC09					GCF_019134615.1-RS_2025_08_15	Complete Genome	2021-07-06		2	Staphylococcus aureus
GCF_022163365.2	ASM2216336v2	2025-08-10	Staphylococcus aureus		MN8					GCF_022163365.2-RS_2025_08_10	Complete Genome	2024-05-02		1	Staphylococcus aureus
GCF_022163485.2	ASM2216348v2	2025-08-10	Staphylococcus aureus		FRI-1169					GCF_022163485.2-RS_2025_08_10	Complete Genome	2024-05-02		2	Staphylococcus aureus
GCF_030534215.1	ASM3053421v1	2025-08-07	Staphylococcus aureus		SA03-SX					GCF_030534215.1-RS_2025_08_07	Complete Genome	2023-07-25		1	Staphylococcus aureus
GCF_024296845.1	ASM2429684v1	2025-08-07	Staphylococcus aureus		MN8					GCF_024296845.1-RS_2025_08_07	Complete Genome	2022-07-17		1	Staphylococcus aureus
GCF_030534135.1	ASM3053413v1	2025-08-07	Staphylococcus aureus		SA07-SX					GCF_030534135.1-RS_2025_08_07	Complete Genome	2023-07-25		1	Staphylococcus aureus
GCF_030534195.1	ASM3053419v1	2025-08-07	Staphylococcus aureus		SA04-SX					GCF_030534195.1-RS_2025_08_07	Complete Genome	2023-07-25		2	Staphylococcus aureus
GCF_030534255.1	ASM3053425v1	2025-08-07	Staphylococcus aureus		SA01-SX					GCF_030534255.1-RS_2025_08_07	Complete Genome	2023-07-25		1	Staphylococcus aureus
GCF_030534235.1	ASM3053423v1	2025-08-07	Staphylococcus aureus		SA02-SX					GCF_030534235.1-RS_2025_08_07	Complete Genome	2023-07-25		1	Staphylococcus aureus
GCF_030534055.1	ASM3053405v1	2025-08-06	Staphylococcus aureus		SA11-SX					GCF_030534055.1-RS_2025_08_06	Complete Genome	2023-07-25		2	Staphylococcus aureus
GCF_030534095.1	ASM3053409v1	2025-08-06	Staphylococcus aureus		SA09-SX					GCF_030534095.1-RS_2025_08_06	Complete Genome	2023-07-25		1	Staphylococcus aureus
GCF_030533465.1	ASM3053346v1	2025-08-06	Staphylococcus aureus		SA38-SX					GCF_030533465.1-RS_2025_08_06	Complete Genome	2023-07-25		1	Staphylococcus aureus
GCF_030533495.1	ASM3053349v1	2025-08-06	Staphylococcus aureus		SA37-SX					GCF_030533495.1-RS_2025_08_06	Complete Genome	2023-07-25		1	Staphylococcus aureus
GCF_030533665.1	ASM3053366v1	2025-08-06	Staphylococcus aureus		SA29-SX					GCF_030533665.1-RS_2025_08_06	Complete Genome	2023-07-25		2	Staphylococcus aureus
GCF_052063215.1	ASM5206321v1	2025-08-17	Staphylococcus epidermidis		HDRNA_17_K01					GCF_052063215.1-RS_2025_08_17	Complete Genome	2025-08-17		3	Staphylococcus epidermidis
GCF_052063205.1	ASM5206320v1	2025-08-16	Staphylococcus epidermidis		HDRNA_16					GCF_052063205.1-RS_2025_08_16	Complete Genome	2025-08-17		5	Staphylococcus epidermidis
GCF_052063155.1	ASM5206315v1	2025-08-16	Staphylococcus epidermidis		HDRNA_03_K01					GCF_052063155.1-RS_2025_08_16	Complete Genome	2025-08-17		1	Staphylococcus epidermidis
GCF_052063175.1	ASM5206317v1	2025-08-16	Staphylococcus epidermidis		HDRNA_07_K01					GCF_052063175.1-RS_2025_08_16	Complete Genome	2025-08-17		2	Staphylococcus epidermidis
GCF_052063145.1	ASM5206314v1	2025-08-16	Staphylococcus epidermidis		HDRNA_01_K01					GCF_052063145.1-RS_2025_08_16	Complete Genome	2025-08-17		1	Staphylococcus epidermidis
GCF_052063235.1	ASM5206323v1	2025-08-16	Staphylococcus epidermidis		HDRNA_20_K01					GCF_052063235.1-RS_2025_08_16	Complete Genome	2025-08-17		2	Staphylococcus epidermidis
GCF_052063195.1	ASM5206319v1	2025-08-16	Staphylococcus epidermidis		HDRNA_12_K01					GCF_052063195.1-RS_2025_08_16	Complete Genome	2025-08-17		4	Staphylococcus epidermidis
GCF_052063165.1	ASM5206316v1	2025-08-16	Staphylococcus epidermidis		HDRNA_06_K01					GCF_052063165.1-RS_2025_08_16	Complete Genome	2025-08-17		2	Staphylococcus epidermidis
GCF_052063185.1	ASM5206318v1	2025-08-16	Staphylococcus epidermidis		HDRNA_08_K01					GCF_052063185.1-RS_2025_08_16	Complete Genome	2025-08-17		2	Staphylococcus epidermidis
GCF_052063225.1	ASM5206322v1	2025-08-16	Staphylococcus epidermidis		HDRNA_19_K01					GCF_052063225.1-RS_2025_08_16	Complete Genome	2025-08-17		4	Staphylococcus epidermidis
GCF_051930415.1	ASM5193041v1	2025-08-13	Staphylococcus epidermidis		6593473					GCF_051930415.1-RS_2025_08_13	Complete Genome	2025-08-13		3	Staphylococcus epidermidis
GCF_013317125.1	ASM1331712v1	2025-07-23	Staphylococcus epidermidis		O47					GCF_013317125.1-RS_2025_07_23	Complete Genome	2020-06-10		1	Staphylococcus epidermidis
GCF_024266825.1	ASM2426682v1	2025-07-23	Staphylococcus epidermidis		HAF242					GCF_024266825.1-RS_2025_07_23	Complete Genome	2022-07-14		4	Staphylococcus epidermidis
GCF_024204785.1	ASM2420478v1	2025-07-19	Staphylococcus epidermidis		TMDU-265					GCF_024204785.1-RS_2025_07_19	Complete Genome	2022-07-11		4	Staphylococcus epidermidis
GCF_024204765.1	ASM2420476v1	2025-07-19	Staphylococcus epidermidis		TMDU-190					GCF_024204765.1-RS_2025_07_19	Complete Genome	2022-07-11		2	Staphylococcus epidermidis
GCF_024204985.1	ASM2420498v1	2025-07-19	Staphylococcus epidermidis		TSM-51					GCF_024204985.1-RS_2025_07_19	Complete Genome	2022-07-11		3	Staphylococcus epidermidis
GCF_024204865.1	ASM2420486v1	2025-07-19	Staphylococcus epidermidis		TMDU-2014-62					GCF_024204865.1-RS_2025_07_19	Complete Genome	2022-07-11		2	Staphylococcus epidermidis
GCF_024204905.1	ASM2420490v1	2025-07-19	Staphylococcus epidermidis		TSM-18					GCF_024204905.1-RS_2025_07_19	Complete Genome	2022-07-11		4	Staphylococcus epidermidis
GCF_024204925.1	ASM2420492v1	2025-07-19	Staphylococcus epidermidis		TSM-36					GCF_024204925.1-RS_2025_07_19	Complete Genome	2022-07-11		3	Staphylococcus epidermidis
GCF_024204725.1	ASM2420472v1	2025-07-19	Staphylococcus epidermidis		TMDU-128					GCF_024204725.1-RS_2025_07_19	Complete Genome	2022-07-11		3	Staphylococcus epidermidis
GCF_024204825.1	ASM2420482v1	2025-07-19	Staphylococcus epidermidis		TMDU-302					GCF_024204825.1-RS_2025_07_19	Complete Genome	2022-07-11		5	Staphylococcus epidermidis
GCF_024204965.1	ASM2420496v1	2025-07-19	Staphylococcus epidermidis		TSM-50					GCF_024204965.1-RS_2025_07_19	Complete Genome	2022-07-11		2	Staphylococcus epidermidis
GCF_024204745.1	ASM2420474v1	2025-07-19	Staphylococcus epidermidis		TMDU-137					GCF_024204745.1-RS_2025_07_19	Complete Genome	2022-07-11		6	Staphylococcus epidermidis
GCF_024204945.1	ASM2420494v1	2025-07-19	Staphylococcus epidermidis		TSM-47					GCF_024204945.1-RS_2025_07_19	Complete Genome	2022-07-11		2	Staphylococcus epidermidis
GCF_024204885.1	ASM2420488v1	2025-07-19	Staphylococcus epidermidis		TSM-31					GCF_024204885.1-RS_2025_07_19	Complete Genome	2022-07-11		3	Staphylococcus epidermidis
GCF_024204805.1	ASM2420480v1	2025-07-19	Staphylococcus epidermidis		TMDU-300					GCF_024204805.1-RS_2025_07_19	Complete Genome	2022-07-11		3	Staphylococcus epidermidis
GCF_024204845.1	ASM2420484v1	2025-07-19	Staphylococcus epidermidis		TMDU-323					GCF_024204845.1-RS_2025_07_19	Complete Genome	2022-07-11		3	Staphylococcus epidermidis
GCF_024204705.1	ASM2420470v1	2025-07-19	Staphylococcus epidermidis		TMDU-41					GCF_024204705.1-RS_2025_07_19	Complete Genome	2022-07-11		5	Staphylococcus epidermidis
GCF_003812425.1	ASM381242v1	2025-07-16	Staphylococcus epidermidis		FDAARGOS_529					GCF_003812425.1-RS_2025_07_16	Complete Genome	2018-11-21		3	Staphylococcus epidermidis
GCF_030435975.1	ASM3043597v1	2025-07-13	Staphylococcus epidermidis		CCSH-141					GCF_030435975.1-RS_2025_07_13	Complete Genome	2023-07-12		2	Staphylococcus epidermidis
GCF_030435955.1	ASM3043595v1	2025-07-13	Staphylococcus epidermidis		CSMH-411EB					GCF_030435955.1-RS_2025_07_13	Complete Genome	2023-07-12		5	Staphylococcus epidermidis
GCF_030435915.1	ASM3043591v1	2025-07-13	Staphylococcus epidermidis		CKFA-393					GCF_030435915.1-RS_2025_07_13	Complete Genome	2023-07-12		4	Staphylococcus epidermidis
GCF_040370005.1	ASM4037000v1	2025-06-28	Staphylococcus epidermidis		KSE124-2					GCF_040370005.1-RS_2025_06_28	Complete Genome	2024-06-28		7	Staphylococcus epidermidis
GCF_051020505.1	ASM5102050v1	2025-06-24	Staphylococcus epidermidis		1457LA_ermC					GCF_051020505.1-RS_2025_06_24	Complete Genome	2025-06-24		1	Staphylococcus epidermidis
GCF_030291655.1	ASM3029165v1	2025-06-20	Staphylococcus epidermidis		NG02					GCF_030291655.1-RS_2025_06_20	Complete Genome	2023-06-20		2	Staphylococcus epidermidis
GCF_023547085.1	ASM2354708v1	2025-05-29	Staphylococcus epidermidis		C019					GCF_023547085.1-RS_2025_05_29	Complete Genome	2022-05-25		2	Staphylococcus epidermidis
GCF_023547105.1	ASM2354710v1	2025-05-29	Staphylococcus epidermidis		C034					GCF_023547105.1-RS_2025_05_29	Complete Genome	2022-05-25		5	Staphylococcus epidermidis
GCF_023547125.1	ASM2354712v1	2025-05-29	Staphylococcus epidermidis		C066					GCF_023547125.1-RS_2025_05_29	Complete Genome	2022-05-25		5	Staphylococcus epidermidis
GCF_030014005.1	ASM3001400v1	2025-05-16	Staphylococcus epidermidis		7057					GCF_030014005.1-RS_2025_05_16	Complete Genome	2023-05-15		5	Staphylococcus epidermidis
GCF_030012845.1	ASM3001284v1	2025-05-16	Staphylococcus epidermidis		7049					GCF_030012845.1-RS_2025_05_16	Complete Genome	2023-05-15		6	Staphylococcus epidermidis
GCF_030013985.1	ASM3001398v1	2025-05-16	Staphylococcus epidermidis		7060					GCF_030013985.1-RS_2025_05_16	Complete Genome	2023-05-15		2	Staphylococcus epidermidis
GCF_022919195.1	ASM2291919v1	2025-04-26	Staphylococcus epidermidis		SKN25lux					GCF_022919195.1-RS_2025_04_26	Complete Genome	2022-04-12		1	Staphylococcus epidermidis
GCF_022869565.1	ASM2286956v1	2025-04-26	Staphylococcus epidermidis		PartG-Sepidermidis-RM8376					GCF_022869565.1-RS_2025_04_26	Complete Genome	2022-04-11		4	Staphylococcus epidermidis
GCF_006094375.1	ASM609437v1	2025-04-23	Staphylococcus epidermidis		ATCC 14990					GCF_006094375.1-RS_2025_04_23	Complete Genome	2019-06-06		3	Staphylococcus epidermidis
GCF_022832895.1	ASM2283289v1	2025-04-19	Staphylococcus epidermidis		C99					GCF_022832895.1-RS_2025_04_19	Complete Genome	2022-04-07		6	Staphylococcus epidermidis
GCF_022832935.1	ASM2283293v1	2025-04-19	Staphylococcus epidermidis		C101					GCF_022832935.1-RS_2025_04_19	Complete Genome	2022-04-07		7	Staphylococcus epidermidis
GCF_022832915.1	ASM2283291v1	2025-04-19	Staphylococcus epidermidis		C100					GCF_022832915.1-RS_2025_04_19	Complete Genome	2022-04-07		7	Staphylococcus epidermidis
GCF_019329745.1	ASM1932974v1	2025-04-18	Staphylococcus epidermidis		B1276912					GCF_019329745.1-RS_2025_04_18	Complete Genome	2021-07-23		3	Staphylococcus epidermidis
GCF_019329665.1	ASM1932966v1	2025-04-18	Staphylococcus epidermidis		B1272014					GCF_019329665.1-RS_2025_04_18	Complete Genome	2021-07-23		2	Staphylococcus epidermidis
GCF_019329425.1	ASM1932942v1	2025-04-18	Staphylococcus epidermidis		B1230143					GCF_019329425.1-RS_2025_04_18	Complete Genome	2021-07-23		3	Staphylococcus epidermidis
GCF_007833535.1	ASM783353v1	2025-08-18	Staphylococcus pseudintermedius		VB88					GCF_007833535.1-RS_2025_08_18	Complete Genome	2019-08-05		1	Staphylococcus pseudintermedius
GCF_051903225.1	ASM5190322v1	2025-08-08	Staphylococcus pseudintermedius		V104					GCF_051903225.1-RS_2025_08_08	Complete Genome	2025-08-09		2	Staphylococcus pseudintermedius
GCF_051903235.1	ASM5190323v1	2025-08-08	Staphylococcus pseudintermedius		V64					GCF_051903235.1-RS_2025_08_08	Complete Genome	2025-08-09		1	Staphylococcus pseudintermedius
GCF_051903245.1	ASM5190324v1	2025-08-08	Staphylococcus pseudintermedius		V16					GCF_051903245.1-RS_2025_08_08	Complete Genome	2025-08-09		1	Staphylococcus pseudintermedius
GCF_051903115.1	ASM5190311v1	2025-08-08	Staphylococcus pseudintermedius		V144					GCF_051903115.1-RS_2025_08_08	Complete Genome	2025-08-09		2	Staphylococcus pseudintermedius
GCF_051903205.1	ASM5190320v1	2025-08-08	Staphylococcus pseudintermedius		V141					GCF_051903205.1-RS_2025_08_08	Complete Genome	2025-08-09		2	Staphylococcus pseudintermedius
GCF_051903215.1	ASM5190321v1	2025-08-08	Staphylococcus pseudintermedius		V127					GCF_051903215.1-RS_2025_08_08	Complete Genome	2025-08-09		1	Staphylococcus pseudintermedius
GCF_051903085.1	ASM5190308v1	2025-08-08	Staphylococcus pseudintermedius		V218					GCF_051903085.1-RS_2025_08_08	Complete Genome	2025-08-09		2	Staphylococcus pseudintermedius
GCF_051903095.1	ASM5190309v1	2025-08-08	Staphylococcus pseudintermedius		V212					GCF_051903095.1-RS_2025_08_08	Complete Genome	2025-08-09		2	Staphylococcus pseudintermedius
GCF_051903105.1	ASM5190310v1	2025-08-08	Staphylococcus pseudintermedius		V179					GCF_051903105.1-RS_2025_08_08	Complete Genome	2025-08-09		1	Staphylococcus pseudintermedius
GCF_030444445.1	ASM3044444v1	2025-07-16	Staphylococcus pseudintermedius		N9-1					GCF_030444445.1-RS_2025_07_16	Complete Genome	2023-07-13		1	Staphylococcus pseudintermedius
GCF_030444425.1	ASM3044442v1	2025-07-16	Staphylococcus pseudintermedius		N13-1					GCF_030444425.1-RS_2025_07_16	Complete Genome	2023-07-13		1	Staphylococcus pseudintermedius
GCF_030444385.1	ASM3044438v1	2025-07-16	Staphylococcus pseudintermedius		R41-1					GCF_030444385.1-RS_2025_07_16	Complete Genome	2023-07-13		1	Staphylococcus pseudintermedius
GCF_051012905.1	ASM5101290v1	2025-06-21	Staphylococcus pseudintermedius		CUVET20-1766					GCF_051012905.1-RS_2025_06_21	Complete Genome	2025-06-21		1	Staphylococcus pseudintermedius
GCF_030254625.1	ASM3025462v1	2025-06-12	Staphylococcus pseudintermedius		19KM0990					GCF_030254625.1-RS_2025_06_12	Complete Genome	2023-06-12		1	Staphylococcus pseudintermedius
GCF_030264035.1	ASM3026403v1	2025-06-12	Staphylococcus pseudintermedius		6127-64107					GCF_030264035.1-RS_2025_06_12	Complete Genome	2023-06-13		1	Staphylococcus pseudintermedius
GCF_030263975.1	ASM3026397v1	2025-06-12	Staphylococcus pseudintermedius		10916-77753					GCF_030263975.1-RS_2025_06_12	Complete Genome	2023-06-13		1	Staphylococcus pseudintermedius
GCF_050410785.1	ASM5041078v1	2025-05-19	Staphylococcus pseudintermedius		HGW2412					GCF_050410785.1-RS_2025_05_19	Complete Genome	2025-05-19		2	Staphylococcus pseudintermedius
GCF_017795485.1	ASM1779548v1	2025-04-29	Staphylococcus pseudintermedius		6109					GCF_017795485.1-RS_2025_04_29	Complete Genome	2021-04-06		2	Staphylococcus pseudintermedius
GCF_016455205.1	ASM1645520v1	2025-04-16	Staphylococcus pseudintermedius		DG064					GCF_016455205.1-RS_2025_04_16	Complete Genome	2021-01-01		1	Staphylococcus pseudintermedius
GCF_016127335.1	ASM1612733v1	2025-04-16	Staphylococcus pseudintermedius		FDAARGOS_1072					GCF_016127335.1-RS_2025_04_16	Complete Genome	2020-12-20		1	Staphylococcus pseudintermedius
GCF_016455165.1	ASM1645516v1	2025-04-16	Staphylococcus pseudintermedius		DG072					GCF_016455165.1-RS_2025_04_16	Complete Genome	2021-01-01		1	Staphylococcus pseudintermedius
GCF_016455225.1	ASM1645522v1	2025-04-16	Staphylococcus pseudintermedius		DSP021					GCF_016455225.1-RS_2025_04_16	Complete Genome	2021-01-01		1	Staphylococcus pseudintermedius
GCF_016455145.1	ASM1645514v1	2025-04-16	Staphylococcus pseudintermedius		DSP020					GCF_016455145.1-RS_2025_04_16	Complete Genome	2021-01-01		1	Staphylococcus pseudintermedius
GCF_016598895.1	ASM1659889v1	2025-04-16	Staphylococcus pseudintermedius		HSP079					GCF_016598895.1-RS_2025_04_16	Complete Genome	2021-01-10		1	Staphylococcus pseudintermedius
GCF_016598915.1	ASM1659891v1	2025-04-16	Staphylococcus pseudintermedius		HSP080					GCF_016598915.1-RS_2025_04_16	Complete Genome	2021-01-10		1	Staphylococcus pseudintermedius
GCF_016455085.1	ASM1645508v1	2025-04-16	Staphylococcus pseudintermedius		DSP026					GCF_016455085.1-RS_2025_04_16	Complete Genome	2021-01-01		1	Staphylococcus pseudintermedius
GCF_016454965.1	ASM1645496v1	2025-04-16	Staphylococcus pseudintermedius		HSP138					GCF_016454965.1-RS_2025_04_16	Complete Genome	2021-01-01		1	Staphylococcus pseudintermedius
GCF_016454985.1	ASM1645498v1	2025-04-16	Staphylococcus pseudintermedius		HSP137					GCF_016454985.1-RS_2025_04_16	Complete Genome	2021-01-01		1	Staphylococcus pseudintermedius
GCF_016455065.1	ASM1645506v1	2025-04-16	Staphylococcus pseudintermedius		HSP135					GCF_016455065.1-RS_2025_04_16	Complete Genome	2021-01-01		1	Staphylococcus pseudintermedius
GCF_001682435.2	ASM168243v2	2025-04-15	Staphylococcus pseudintermedius		081661			20081661		GCF_001682435.2-RS_2025_04_15	Complete Genome	2016-07-08		1	Staphylococcus pseudintermedius
GCF_900636355.2	40961_D01	2025-04-15	Staphylococcus pseudintermedius		NCTC5661					GCF_900636355.2-RS_2025_04_15	Complete Genome	2018-12-20		1	Staphylococcus pseudintermedius
GCF_000478385.1	MRSP_E140_v1.0	2025-04-15	Staphylococcus pseudintermedius E140		E140					GCF_000478385.1-RS_2025_04_15	Complete Genome	2013-01-09	ANOI01	1	Staphylococcus pseudintermedius
GCF_003627735.1	ASM362773v1	2025-04-11	Staphylococcus pseudintermedius		G3C4					GCF_003627735.1-RS_2025_04_11	Complete Genome	2018-10-09		1	Staphylococcus pseudintermedius
GCF_016126795.1	ASM1612679v1	2025-04-11	Staphylococcus pseudintermedius		SP_9261-1A					GCF_016126795.1-RS_2025_04_11	Complete Genome	2020-12-20		1	Staphylococcus pseudintermedius
GCF_014490535.1	ASM1449053v1	2025-04-11	Staphylococcus pseudintermedius		Z0118SP0108					GCF_014490535.1-RS_2025_04_11	Complete Genome	2020-09-08		1	Staphylococcus pseudintermedius
GCF_016455265.1	ASM1645526v1	2025-04-11	Staphylococcus pseudintermedius		DSP030					GCF_016455265.1-RS_2025_04_11	Complete Genome	2021-01-01		1	Staphylococcus pseudintermedius
GCF_009184785.1	ASM918478v1	2025-04-11	Staphylococcus pseudintermedius		KCTC 43134					GCF_009184785.1-RS_2025_04_11	Complete Genome	2019-10-20		1	Staphylococcus pseudintermedius
GCF_016126735.1	ASM1612673v1	2025-04-11	Staphylococcus pseudintermedius		SP_11304-2A					GCF_016126735.1-RS_2025_04_11	Complete Genome	2020-12-20		1	Staphylococcus pseudintermedius
GCF_016126775.1	ASM1612677v1	2025-04-11	Staphylococcus pseudintermedius		SP_11304-1A					GCF_016126775.1-RS_2025_04_11	Complete Genome	2020-12-20		1	Staphylococcus pseudintermedius
GCF_016455245.1	ASM1645524v1	2025-04-11	Staphylococcus pseudintermedius		HSP125					GCF_016455245.1-RS_2025_04_11	Complete Genome	2021-01-01		1	Staphylococcus pseudintermedius
GCF_016455025.1	ASM1645502v1	2025-04-11	Staphylococcus pseudintermedius		DSP034					GCF_016455025.1-RS_2025_04_11	Complete Genome	2021-01-01		1	Staphylococcus pseudintermedius
GCF_016126695.1	ASM1612669v1	2025-04-11	Staphylococcus pseudintermedius		SP_11306-4A					GCF_016126695.1-RS_2025_04_11	Complete Genome	2020-12-20		1	Staphylococcus pseudintermedius
GCF_016455005.1	ASM1645500v1	2025-04-11	Staphylococcus pseudintermedius		HSP118					GCF_016455005.1-RS_2025_04_11	Complete Genome	2021-01-01		1	Staphylococcus pseudintermedius
GCF_004001305.1	ASM400130v1	2025-04-11	Staphylococcus pseudintermedius		SP79					GCF_004001305.1-RS_2025_04_11	Complete Genome	2018-12-20		1	Staphylococcus pseudintermedius
GCF_016126715.1	ASM1612671v1	2025-04-10	Staphylococcus pseudintermedius		SP_11304-3A					GCF_016126715.1-RS_2025_04_10	Complete Genome	2020-12-20		3	Staphylococcus pseudintermedius
GCF_002950775.1	ASM295077v1	2025-04-10	Staphylococcus pseudintermedius		5912					GCF_002950775.1-RS_2025_04_10	Complete Genome	2017-08-02		2	Staphylococcus pseudintermedius
GCF_016026635.1	ASM1602663v1	2025-04-06	Staphylococcus pseudintermedius		FDAARGOS_930					GCF_016026635.1-RS_2025_04_06	Complete Genome	2020-12-14		1	Staphylococcus pseudintermedius
GCF_007833715.1	ASM783371v1	2025-04-01	Staphylococcus pseudintermedius		AI14					GCF_007833715.1-RS_2025_04_01	Complete Genome	2019-08-05		1	Staphylococcus pseudintermedius
GCF_000189495.1	ASM18949v1	2025-04-01	Staphylococcus pseudintermedius ED99		ED99					GCF_000189495.1-RS_2025_04_01	Complete Genome	2011-02-16		1	Staphylococcus pseudintermedius
GCF_052343385.1	ASM5234338v1	2025-08-30	Streptococcus agalactiae		Sag58					GCF_052343385.1-RS_2025_08_30	Complete Genome	2025-08-31		1	Streptococcus agalactiae
GCF_052343525.1	ASM5234352v1	2025-08-30	Streptococcus agalactiae		Sag-G044					GCF_052343525.1-RS_2025_08_30	Complete Genome	2025-08-31		1	Streptococcus agalactiae
GCF_052343195.1	ASM5234319v1	2025-08-30	Streptococcus agalactiae		Sag28					GCF_052343195.1-RS_2025_08_30	Complete Genome	2025-08-31		1	Streptococcus agalactiae
GCF_052343785.1	ASM5234378v1	2025-08-30	Streptococcus agalactiae		Sag-ZDN16					GCF_052343785.1-RS_2025_08_30	Complete Genome	2025-08-31		1	Streptococcus agalactiae
GCF_052344085.1	ASM5234408v1	2025-08-30	Streptococcus agalactiae		Sag-ZDN19					GCF_052344085.1-RS_2025_08_30	Complete Genome	2025-08-31		1	Streptococcus agalactiae
GCF_052343185.1	ASM5234318v1	2025-08-30	Streptococcus agalactiae		Sag149					GCF_052343185.1-RS_2025_08_30	Complete Genome	2025-08-31		1	Streptococcus agalactiae
GCF_052343795.1	ASM5234379v1	2025-08-30	Streptococcus agalactiae		Sag-HS21-263					GCF_052343795.1-RS_2025_08_30	Complete Genome	2025-08-31		1	Streptococcus agalactiae
GCF_052343535.1	ASM5234353v1	2025-08-30	Streptococcus agalactiae		Sag-G052					GCF_052343535.1-RS_2025_08_30	Complete Genome	2025-08-31		1	Streptococcus agalactiae
GCF_052343055.1	ASM5234305v1	2025-08-30	Streptococcus agalactiae		Sag105					GCF_052343055.1-RS_2025_08_30	Complete Genome	2025-08-31		1	Streptococcus agalactiae
GCF_052343395.1	ASM5234339v1	2025-08-30	Streptococcus agalactiae		Sag56					GCF_052343395.1-RS_2025_08_30	Complete Genome	2025-08-31		1	Streptococcus agalactiae
GCF_013414325.1	ASM1341432v1	2025-08-23	Streptococcus agalactiae		S9968					GCF_013414325.1-RS_2025_08_23	Complete Genome	2020-07-14		1	Streptococcus agalactiae
GCF_031202875.1	ASM3120287v1	2025-08-18	Streptococcus agalactiae		BCJB4361					GCF_031202875.1-RS_2025_08_18	Complete Genome	2023-09-06		1	Streptococcus agalactiae
GCF_051546165.1	ASM5154616v1	2025-07-28	Streptococcus agalactiae		RAOG665					GCF_051546165.1-RS_2025_07_28	Complete Genome	2025-07-29		1	Streptococcus agalactiae
GCF_051546175.1	ASM5154617v1	2025-07-28	Streptococcus agalactiae		RAOG664					GCF_051546175.1-RS_2025_07_28	Complete Genome	2025-07-29		1	Streptococcus agalactiae
GCF_051546185.1	ASM5154618v1	2025-07-28	Streptococcus agalactiae		RAOG663					GCF_051546185.1-RS_2025_07_28	Complete Genome	2025-07-29		1	Streptococcus agalactiae
GCF_051546195.1	ASM5154619v1	2025-07-28	Streptococcus agalactiae		RAOG662					GCF_051546195.1-RS_2025_07_28	Complete Genome	2025-07-29		1	Streptococcus agalactiae
GCF_051546205.1	ASM5154620v1	2025-07-28	Streptococcus agalactiae		RAOG640					GCF_051546205.1-RS_2025_07_28	Complete Genome	2025-07-29		1	Streptococcus agalactiae
GCF_001729925.2	ASM172992v2	2025-07-24	Streptococcus agalactiae		WC1535					GCF_001729925.2-RS_2025_07_24	Complete Genome	2019-02-01		1	Streptococcus agalactiae
GCF_009930895.1	ASM993089v1	2025-07-23	Streptococcus agalactiae		YZ1605					GCF_009930895.1-RS_2025_07_23	Complete Genome	2020-01-27		2	Streptococcus agalactiae
GCF_013000945.1	ASM1300094v1	2025-07-23	Streptococcus agalactiae		01173					GCF_013000945.1-RS_2025_07_23	Complete Genome	2020-05-09		1	Streptococcus agalactiae
GCF_030489725.1	ASM3048972v1	2025-07-16	Streptococcus agalactiae		NEM316					GCF_030489725.1-RS_2025_07_16	Complete Genome	2023-07-17		1	Streptococcus agalactiae
GCF_002289205.1	ASM228920v1	2025-07-16	Streptococcus agalactiae		874391					GCF_002289205.1-RS_2025_07_16	Complete Genome	2017-09-11		1	Streptococcus agalactiae
GCF_002214425.1	ASM221442v1	2025-07-16	Streptococcus agalactiae		C001					GCF_002214425.1-RS_2025_07_16	Complete Genome	2017-07-05		1	Streptococcus agalactiae
GCF_030489705.1	ASM3048970v1	2025-07-16	Streptococcus agalactiae COH1		COH1					GCF_030489705.1-RS_2025_07_16	Complete Genome	2023-07-17		1	Streptococcus agalactiae
GCF_003812805.1	ASM381280v1	2025-07-13	Streptococcus agalactiae		FDAARGOS_512					GCF_003812805.1-RS_2025_07_13	Complete Genome	2018-11-21		1	Streptococcus agalactiae
GCF_949787645.1	23220_1_50_h_nanopore	2025-06-27	Streptococcus agalactiae					MRI Z2-329		GCF_949787645.1-RS_2025_06_27	Complete Genome	2023-06-27		1	Streptococcus agalactiae
GCF_051044185.1	ASM5104418v1	2025-06-25	Streptococcus agalactiae		MA12					GCF_051044185.1-RS_2025_06_25	Complete Genome	2025-06-26		1	Streptococcus agalactiae
GCF_051045085.1	ASM5104508v1	2025-06-25	Streptococcus agalactiae		986					GCF_051045085.1-RS_2025_06_25	Complete Genome	2025-06-26		1	Streptococcus agalactiae
GCF_051045055.1	ASM5104505v1	2025-06-25	Streptococcus agalactiae		782					GCF_051045055.1-RS_2025_06_25	Complete Genome	2025-06-26		1	Streptococcus agalactiae
GCF_051044175.1	ASM5104417v1	2025-06-25	Streptococcus agalactiae		765					GCF_051044175.1-RS_2025_06_25	Complete Genome	2025-06-26		1	Streptococcus agalactiae
GCF_029625275.1	ASM2962527v1	2025-06-24	Streptococcus agalactiae		S1					GCF_029625275.1-RS_2025_06_24	Complete Genome	2023-04-09		1	Streptococcus agalactiae
GCF_029625255.1	ASM2962525v1	2025-06-24	Streptococcus agalactiae		S5					GCF_029625255.1-RS_2025_06_24	Complete Genome	2023-04-09		1	Streptococcus agalactiae
GCF_030323365.1	ASM3032336v1	2025-06-22	Streptococcus agalactiae		GBSIR0001					GCF_030323365.1-RS_2025_06_22	Complete Genome	2023-06-22		1	Streptococcus agalactiae
GCF_000831145.1	ASM83114v1	2025-06-10	Streptococcus agalactiae		GBS1-NY					GCF_000831145.1-RS_2025_06_10	Complete Genome	2014-08-21		1	Streptococcus agalactiae
GCF_000831105.1	ASM83110v1	2025-06-10	Streptococcus agalactiae		GBS6					GCF_000831105.1-RS_2025_06_10	Complete Genome	2014-08-21		1	Streptococcus agalactiae
GCF_000831125.1	ASM83112v1	2025-06-10	Streptococcus agalactiae		GBS2-NM					GCF_000831125.1-RS_2025_06_10	Complete Genome	2014-08-21		1	Streptococcus agalactiae
GCF_002197265.1	ASM219726v1	2025-05-26	Streptococcus agalactiae		SG-M158					GCF_002197265.1-RS_2025_05_26	Complete Genome	2017-06-16		1	Streptococcus agalactiae
GCF_002197385.1	ASM219738v1	2025-05-26	Streptococcus agalactiae		SG-M4					GCF_002197385.1-RS_2025_05_26	Complete Genome	2017-06-16		1	Streptococcus agalactiae
GCF_030078395.1	ASM3007839v1	2025-05-25	Streptococcus agalactiae		A909 Cas9 AEKOrevertant					GCF_030078395.1-RS_2025_05_25	Complete Genome	2023-05-25		1	Streptococcus agalactiae
GCF_030078275.1	ASM3007827v1	2025-05-25	Streptococcus agalactiae		A909 sCas9revertant					GCF_030078275.1-RS_2025_05_25	Complete Genome	2023-05-25		1	Streptococcus agalactiae
GCF_030078255.1	ASM3007825v1	2025-05-25	Streptococcus agalactiae		A909 sCas9					GCF_030078255.1-RS_2025_05_25	Complete Genome	2023-05-25		1	Streptococcus agalactiae
GCF_030078415.1	ASM3007841v1	2025-05-25	Streptococcus agalactiae		A909 Cas9 AEKO					GCF_030078415.1-RS_2025_05_25	Complete Genome	2023-05-25		1	Streptococcus agalactiae
GCF_030078335.1	ASM3007833v1	2025-05-25	Streptococcus agalactiae		A909 dCas9					GCF_030078335.1-RS_2025_05_25	Complete Genome	2023-05-25		1	Streptococcus agalactiae
GCF_030078315.1	ASM3007831v1	2025-05-25	Streptococcus agalactiae		CNCTC 10/84 sCas9revertant					GCF_030078315.1-RS_2025_05_25	Complete Genome	2023-05-25		1	Streptococcus agalactiae
GCF_030078295.1	ASM3007829v1	2025-05-25	Streptococcus agalactiae		CNCTC 10/84 sCas9					GCF_030078295.1-RS_2025_05_25	Complete Genome	2023-05-25		1	Streptococcus agalactiae
GCF_030078355.1	ASM3007835v1	2025-05-25	Streptococcus agalactiae		CNCTC 10/84 Cas9 AEKOrevertant					GCF_030078355.1-RS_2025_05_25	Complete Genome	2023-05-25		1	Streptococcus agalactiae
GCF_030078235.1	ASM3007823v1	2025-05-25	Streptococcus agalactiae		CNCTC 10/84 dCas9					GCF_030078235.1-RS_2025_05_25	Complete Genome	2023-05-25		1	Streptococcus agalactiae
GCF_030078375.1	ASM3007837v1	2025-05-25	Streptococcus agalactiae		CNCTC 10/84 Cas9 AEKO					GCF_030078375.1-RS_2025_05_25	Complete Genome	2023-05-25		1	Streptococcus agalactiae
GCF_951392265.1	23495_7_339_h_nanopore	2025-05-24	Streptococcus agalactiae					MRI Z2-270		GCF_951392265.1-RS_2025_05_24	Complete Genome	2023-05-12		1	Streptococcus agalactiae
GCF_949789875.1	23495_7_287_h_nanopore	2025-05-23	Streptococcus agalactiae					MRI Z2-299		GCF_949789875.1-RS_2025_05_23	Complete Genome	2023-04-08		3	Streptococcus agalactiae
GCF_024703115.1	ASM2470311v1	2025-08-31	Streptococcus pneumoniae		D39Mega17545					GCF_024703115.1-RS_2025_08_31	Complete Genome	2022-08-16		1	Streptococcus pneumoniae
GCF_033096245.1	ASM3309624v1	2025-08-18	Streptococcus pneumoniae		PZ900700097					GCF_033096245.1-RS_2025_08_18	Complete Genome	2023-07-01		1	Streptococcus pneumoniae
GCF_033152795.1	ASM3315279v1	2025-08-18	Streptococcus pneumoniae		20614-6					GCF_033152795.1-RS_2025_08_18	Complete Genome	2023-10-31		1	Streptococcus pneumoniae
GCF_033100055.1	ASM3310005v1	2025-08-18	Streptococcus pneumoniae		ST62					GCF_033100055.1-RS_2025_08_18	Complete Genome	2023-10-29		1	Streptococcus pneumoniae
GCF_002947575.1	ASM294757v1	2025-07-23	Streptococcus pneumoniae		endophthalmitis			335		GCF_002947575.1-RS_2025_07_23	Complete Genome	2018-02-15		1	Streptococcus pneumoniae
GCF_011694695.1	ASM1169469v1	2025-07-23	Streptococcus pneumoniae		PZ900701590					GCF_011694695.1-RS_2025_07_23	Complete Genome	2020-03-24		2	Streptococcus pneumoniae
GCF_001095405.2	7553_6#2	2025-07-13	Streptococcus pneumoniae		PT8105			2RLC4		GCF_001095405.2-RS_2025_07_13	Complete Genome	2022-07-24		1	Streptococcus pneumoniae
GCF_051294885.1	ASM5129488v1	2025-07-10	Streptococcus pneumoniae		LV2022					GCF_051294885.1-RS_2025_07_10	Complete Genome	2025-07-11		2	Streptococcus pneumoniae
GCF_024089355.1	ASM2408935v1	2025-07-07	Streptococcus pneumoniae		SN75752					GCF_024089355.1-RS_2025_07_07	Complete Genome	2022-06-30		1	Streptococcus pneumoniae
GCF_024089335.1	ASM2408933v1	2025-07-07	Streptococcus pneumoniae TIGR4		TIGR4					GCF_024089335.1-RS_2025_07_07	Complete Genome	2022-06-30		1	Streptococcus pneumoniae
GCF_051132495.1	ASM5113249v1	2025-06-29	Streptococcus pneumoniae		K1544					GCF_051132495.1-RS_2025_06_29	Complete Genome	2025-06-30		1	Streptococcus pneumoniae
GCF_051132475.1	ASM5113247v1	2025-06-29	Streptococcus pneumoniae					K1544_delta_cps		GCF_051132475.1-RS_2025_06_29	Complete Genome	2025-06-30		1	Streptococcus pneumoniae
GCF_018336875.1	ASM1833687v1	2025-05-22	Streptococcus pneumoniae		D39_P0					GCF_018336875.1-RS_2025_05_22	Complete Genome	2021-05-11		1	Streptococcus pneumoniae
GCF_002813535.1	ASM281353v1	2025-05-17	Streptococcus pneumoniae		BHN97x					GCF_002813535.1-RS_2025_05_17	Complete Genome	2017-12-07		1	Streptococcus pneumoniae
GCF_030028375.1	ASM3002837v1	2025-05-17	Streptococcus pneumoniae		105_Kz					GCF_030028375.1-RS_2025_05_17	Complete Genome	2023-05-17		1	Streptococcus pneumoniae
GCF_027943805.1	ASM2794380v1	2025-05-11	Streptococcus pneumoniae		PZ900701057					GCF_027943805.1-RS_2025_05_11	Complete Genome	2023-01-12		1	Streptococcus pneumoniae
GCF_027943845.1	ASM2794384v1	2025-05-11	Streptococcus pneumoniae		PZ900700204					GCF_027943845.1-RS_2025_05_11	Complete Genome	2023-01-12		1	Streptococcus pneumoniae
GCF_027943785.1	ASM2794378v1	2025-05-11	Streptococcus pneumoniae		PZ900700792					GCF_027943785.1-RS_2025_05_11	Complete Genome	2023-01-12		1	Streptococcus pneumoniae
GCF_027943825.1	ASM2794382v1	2025-05-11	Streptococcus pneumoniae		Utah_35B-24					GCF_027943825.1-RS_2025_05_11	Complete Genome	2023-01-12		1	Streptococcus pneumoniae
GCF_027943765.1	ASM2794376v1	2025-05-11	Streptococcus pneumoniae		PZ900700617					GCF_027943765.1-RS_2025_05_11	Complete Genome	2023-01-12		1	Streptococcus pneumoniae
GCF_013047165.1	ASM1304716v1	2025-04-24	Streptococcus pneumoniae		6A-10					GCF_013047165.1-RS_2025_04_24	Complete Genome	2020-05-12		1	Streptococcus pneumoniae
GCF_022558605.1	ASM2255860v1	2025-04-24	Streptococcus pneumoniae		PZ900700608					GCF_022558605.1-RS_2025_04_24	Complete Genome	2022-03-14		1	Streptococcus pneumoniae
GCF_038431785.1	ASM3843178v1	2025-04-24	Streptococcus pneumoniae		2006C08-243					GCF_038431785.1-RS_2025_04_24	Complete Genome	2024-04-25		1	Streptococcus pneumoniae
GCF_000019265.1	ASM1926v1	2025-04-24	Streptococcus pneumoniae Hungary19A-6		Hungary19A-6					GCF_000019265.1-RS_2025_04_24	Complete Genome	2008-02-27		1	Streptococcus pneumoniae
GCF_000211015.1	ASM21101v1	2025-04-24	Streptococcus pneumoniae SPN034183		SNP034183					GCF_000211015.1-RS_2025_04_24	Complete Genome	2010-07-29		1	Streptococcus pneumoniae
GCF_038431755.1	ASM3843175v1	2025-04-23	Streptococcus pneumoniae		2008C09-280					GCF_038431755.1-RS_2025_04_23	Complete Genome	2024-04-24		1	Streptococcus pneumoniae
GCF_038431715.1	ASM3843171v1	2025-04-23	Streptococcus pneumoniae		2014S11-203					GCF_038431715.1-RS_2025_04_23	Complete Genome	2024-04-24		1	Streptococcus pneumoniae
GCF_038431325.1	ASM3843132v1	2025-04-23	Streptococcus pneumoniae		2018N21-288					GCF_038431325.1-RS_2025_04_23	Complete Genome	2024-04-24		1	Streptococcus pneumoniae
GCF_038431725.1	ASM3843172v1	2025-04-23	Streptococcus pneumoniae		2014C08-275					GCF_038431725.1-RS_2025_04_23	Complete Genome	2024-04-24		1	Streptococcus pneumoniae
GCF_000006885.1	ASM688v1	2025-04-23	Streptococcus pneumoniae TIGR4		TIGR4; ATCC BAA-334					GCF_000006885.1-RS_2025_04_23	Complete Genome	2008-07-11		1	Streptococcus pneumoniae
GCF_041937155.1	20234287	2025-04-20	Streptococcus pneumoniae		20234287					GCF_041937155.1-RS_2025_04_20	Complete Genome	2024-09-17		1	Streptococcus pneumoniae
GCF_041937145.1	20155336	2025-04-20	Streptococcus pneumoniae		20155336					GCF_041937145.1-RS_2025_04_20	Complete Genome	2024-09-17		1	Streptococcus pneumoniae
GCF_041937135.1	20234295	2025-04-20	Streptococcus pneumoniae		20234295					GCF_041937135.1-RS_2025_04_20	Complete Genome	2024-09-17		1	Streptococcus pneumoniae
GCF_036322955.1	ASM3632295v1	2025-04-17	Streptococcus pneumoniae		Pne2					GCF_036322955.1-RS_2025_04_17	Complete Genome	2023-08-15		1	Streptococcus pneumoniae
GCF_015839035.1	ASM1583903v1	2025-04-16	Streptococcus pneumoniae		475					GCF_015839035.1-RS_2025_04_16	Complete Genome	2020-12-08		1	Streptococcus pneumoniae
GCF_003351705.1	ASM335170v1	2025-04-16	Streptococcus pneumoniae		M26365					GCF_003351705.1-RS_2025_04_16	Complete Genome	2018-08-01		1	Streptococcus pneumoniae
GCF_002843545.1	ASM284354v1	2025-04-15	Streptococcus pneumoniae		Xen35					GCF_002843545.1-RS_2025_04_15	Complete Genome	2017-12-17		1	Streptococcus pneumoniae
GCF_036323055.1	ASM3632305v1	2025-04-10	Streptococcus pneumoniae		Sep3					GCF_036323055.1-RS_2025_04_10	Complete Genome	2023-08-15		1	Streptococcus pneumoniae
GCF_022318545.1	ASM2231854v1	2025-04-10	Streptococcus pneumoniae		CH2439					GCF_022318545.1-RS_2025_04_10	Complete Genome	2022-02-17		1	Streptococcus pneumoniae
GCF_022318385.1	ASM2231838v1	2025-04-10	Streptococcus pneumoniae		BR1268					GCF_022318385.1-RS_2025_04_10	Complete Genome	2022-02-17		1	Streptococcus pneumoniae
GCF_020177465.2	SP_HAC_39	2025-04-09	Streptococcus pneumoniae		HAC 39-1996					GCF_020177465.2-RS_2025_04_09	Complete Genome	2024-04-05		1	Streptococcus pneumoniae
GCF_003351525.1	ASM335152v1	2025-04-09	Streptococcus pneumoniae		M23734					GCF_003351525.1-RS_2025_04_09	Complete Genome	2018-08-01		1	Streptococcus pneumoniae
GCF_036323015.1	ASM3632301v1	2025-04-09	Streptococcus pneumoniae		Sep1					GCF_036323015.1-RS_2025_04_09	Complete Genome	2023-08-15		1	Streptococcus pneumoniae
GCF_000210995.1	ASM21099v1	2025-04-09	Streptococcus pneumoniae SPN034156		SNP034156					GCF_000210995.1-RS_2025_04_09	Complete Genome	2010-07-29		1	Streptococcus pneumoniae
GCF_036323375.1	ASM3632337v1	2025-04-08	Streptococcus pneumoniae		21P20					GCF_036323375.1-RS_2025_04_08	Complete Genome	2023-09-08		1	Streptococcus pneumoniae
GCF_022318485.1	ASM2231848v1	2025-04-08	Streptococcus pneumoniae		NP7513					GCF_022318485.1-RS_2025_04_08	Complete Genome	2022-02-17		1	Streptococcus pneumoniae
GCF_022318525.1	ASM2231852v1	2025-04-08	Streptococcus pneumoniae		PT8465					GCF_022318525.1-RS_2025_04_08	Complete Genome	2022-02-17		1	Streptococcus pneumoniae
GCF_036323035.1	ASM3632303v1	2025-04-07	Streptococcus pneumoniae		Sep2					GCF_036323035.1-RS_2025_04_07	Complete Genome	2023-08-15		1	Streptococcus pneumoniae
GCF_017569245.1	ASM1756924v1	2025-04-07	Streptococcus pneumoniae		BVJ1JL					GCF_017569245.1-RS_2025_04_07	Complete Genome	2021-03-23		1	Streptococcus pneumoniae
GCF_022318465.1	ASM2231846v1	2025-04-07	Streptococcus pneumoniae		ND6401					GCF_022318465.1-RS_2025_04_07	Complete Genome	2022-02-17		1	Streptococcus pneumoniae
GCF_019342925.1	ASM1934292v1	2025-08-31	Streptococcus pyogenes		ABC221					GCF_019342925.1-RS_2025_08_31	Complete Genome	2021-07-26		1	Streptococcus pyogenes
GCF_019343065.1	ASM1934306v1	2025-08-31	Streptococcus pyogenes		ABC25					GCF_019343065.1-RS_2025_08_31	Complete Genome	2021-07-26		1	Streptococcus pyogenes
GCF_019342985.1	ASM1934298v1	2025-08-31	Streptococcus pyogenes		ABC157					GCF_019342985.1-RS_2025_08_31	Complete Genome	2021-07-26		1	Streptococcus pyogenes
GCF_019343085.1	ASM1934308v1	2025-08-31	Streptococcus pyogenes		ABC3					GCF_019343085.1-RS_2025_08_31	Complete Genome	2021-07-26		1	Streptococcus pyogenes
GCF_019343005.1	ASM1934300v1	2025-08-31	Streptococcus pyogenes		ABC155					GCF_019343005.1-RS_2025_08_31	Complete Genome	2021-07-26		1	Streptococcus pyogenes
GCF_019343045.1	ASM1934304v1	2025-08-31	Streptococcus pyogenes		ABC76					GCF_019343045.1-RS_2025_08_31	Complete Genome	2021-07-26		1	Streptococcus pyogenes
GCF_019342865.1	ASM1934286v1	2025-08-31	Streptococcus pyogenes		TSPY637					GCF_019342865.1-RS_2025_08_31	Complete Genome	2021-07-26		1	Streptococcus pyogenes
GCF_019342905.1	ASM1934290v1	2025-08-30	Streptococcus pyogenes		ABC245					GCF_019342905.1-RS_2025_08_30	Complete Genome	2021-07-26		1	Streptococcus pyogenes
GCF_019342945.1	ASM1934294v1	2025-08-30	Streptococcus pyogenes		ABC208					GCF_019342945.1-RS_2025_08_30	Complete Genome	2021-07-26		1	Streptococcus pyogenes
GCF_019342885.1	ASM1934288v1	2025-08-30	Streptococcus pyogenes		TSPY515					GCF_019342885.1-RS_2025_08_30	Complete Genome	2021-07-26		1	Streptococcus pyogenes
GCF_019343025.1	ASM1934302v1	2025-08-30	Streptococcus pyogenes		ABC122					GCF_019343025.1-RS_2025_08_30	Complete Genome	2021-07-26		1	Streptococcus pyogenes
GCF_019342845.1	ASM1934284v1	2025-08-30	Streptococcus pyogenes		TSPY806					GCF_019342845.1-RS_2025_08_30	Complete Genome	2021-07-26		1	Streptococcus pyogenes
GCF_019342965.1	ASM1934296v1	2025-08-30	Streptococcus pyogenes		ABC199					GCF_019342965.1-RS_2025_08_30	Complete Genome	2021-07-26		1	Streptococcus pyogenes
GCF_000167435.2	ASM16743v2	2025-08-26	Streptococcus pyogenes		M49 591					GCF_000167435.2-RS_2025_08_26	Complete Genome	2021-07-23		1	Streptococcus pyogenes
GCF_014218015.1	ASM1421801v1	2025-08-18	Streptococcus pyogenes		37-97S					GCF_014218015.1-RS_2025_08_18	Complete Genome	2020-08-17		1	Streptococcus pyogenes
GCF_000230295.1	ASM23029v1	2025-08-18	Streptococcus pyogenes Alab49		Alab49					GCF_000230295.1-RS_2025_08_18	Complete Genome	2011-10-07		1	Streptococcus pyogenes
GCF_051628085.1	ASM5162808v1	2025-07-31	Streptococcus pyogenes		M5					GCF_051628085.1-RS_2025_07_31	Complete Genome	2025-08-01		1	Streptococcus pyogenes
GCF_051530335.1	ASM5153033v1	2025-07-25	Streptococcus pyogenes		MGAS37806					GCF_051530335.1-RS_2025_07_25	Complete Genome	2025-07-29		1	Streptococcus pyogenes
GCF_051530245.1	ASM5153024v1	2025-07-25	Streptococcus pyogenes		MGAS37816					GCF_051530245.1-RS_2025_07_25	Complete Genome	2025-07-29		1	Streptococcus pyogenes
GCF_051530365.1	ASM5153036v1	2025-07-25	Streptococcus pyogenes		MGAS37803					GCF_051530365.1-RS_2025_07_25	Complete Genome	2025-07-29		1	Streptococcus pyogenes
GCF_051530275.1	ASM5153027v1	2025-07-25	Streptococcus pyogenes		MGAS37813					GCF_051530275.1-RS_2025_07_25	Complete Genome	2025-07-29		1	Streptococcus pyogenes
GCF_051530295.1	ASM5153029v1	2025-07-25	Streptococcus pyogenes		MGAS37810					GCF_051530295.1-RS_2025_07_25	Complete Genome	2025-07-29		1	Streptococcus pyogenes
GCF_051530375.1	ASM5153037v1	2025-07-25	Streptococcus pyogenes		MGAS37802					GCF_051530375.1-RS_2025_07_25	Complete Genome	2025-07-29		1	Streptococcus pyogenes
GCF_051530315.1	ASM5153031v1	2025-07-25	Streptococcus pyogenes		MGAS37808					GCF_051530315.1-RS_2025_07_25	Complete Genome	2025-07-29		1	Streptococcus pyogenes
GCF_051530285.1	ASM5153028v1	2025-07-25	Streptococcus pyogenes		MGAS37812					GCF_051530285.1-RS_2025_07_25	Complete Genome	2025-07-29		1	Streptococcus pyogenes
GCF_051530305.1	ASM5153030v1	2025-07-25	Streptococcus pyogenes		MGAS37809					GCF_051530305.1-RS_2025_07_25	Complete Genome	2025-07-29		1	Streptococcus pyogenes
GCF_051530355.1	ASM5153035v1	2025-07-25	Streptococcus pyogenes		MGAS37804					GCF_051530355.1-RS_2025_07_25	Complete Genome	2025-07-29		1	Streptococcus pyogenes
GCF_051530345.1	ASM5153034v1	2025-07-25	Streptococcus pyogenes		MGAS37805					GCF_051530345.1-RS_2025_07_25	Complete Genome	2025-07-29		1	Streptococcus pyogenes
GCF_051530255.1	ASM5153025v1	2025-07-25	Streptococcus pyogenes		MGAS37815					GCF_051530255.1-RS_2025_07_25	Complete Genome	2025-07-29		1	Streptococcus pyogenes
GCF_051530325.1	ASM5153032v1	2025-07-25	Streptococcus pyogenes		MGAS37807					GCF_051530325.1-RS_2025_07_25	Complete Genome	2025-07-29		1	Streptococcus pyogenes
GCF_051530385.1	ASM5153038v1	2025-07-25	Streptococcus pyogenes		MGAS37800					GCF_051530385.1-RS_2025_07_25	Complete Genome	2025-07-29		1	Streptococcus pyogenes
GCF_051530265.1	ASM5153026v1	2025-07-25	Streptococcus pyogenes		MGAS37814					GCF_051530265.1-RS_2025_07_25	Complete Genome	2025-07-29		1	Streptococcus pyogenes
GCF_005161605.1	ASM516160v1	2025-07-24	Streptococcus pyogenes		emm22.8					GCF_005161605.1-RS_2025_07_24	Complete Genome	2019-05-06		1	Streptococcus pyogenes
GCF_005160925.1	ASM516092v1	2025-07-24	Streptococcus pyogenes		emm55					GCF_005160925.1-RS_2025_07_24	Complete Genome	2019-05-06		1	Streptococcus pyogenes
GCF_005161985.1	ASM516198v1	2025-07-24	Streptococcus pyogenes		emm58					GCF_005161985.1-RS_2025_07_24	Complete Genome	2019-05-06		1	Streptococcus pyogenes
GCF_005163865.1	ASM516386v1	2025-07-24	Streptococcus pyogenes		emm75.1					GCF_005163865.1-RS_2025_07_24	Complete Genome	2019-05-06		1	Streptococcus pyogenes
GCF_005164705.1	ASM516470v1	2025-07-24	Streptococcus pyogenes		emm25					GCF_005164705.1-RS_2025_07_24	Complete Genome	2019-05-06		1	Streptococcus pyogenes
GCF_005162245.1	ASM516224v1	2025-07-24	Streptococcus pyogenes		emm97.1					GCF_005162245.1-RS_2025_07_24	Complete Genome	2019-05-06		1	Streptococcus pyogenes
GCF_005163565.1	ASM516356v1	2025-07-24	Streptococcus pyogenes		emm11					GCF_005163565.1-RS_2025_07_24	Complete Genome	2019-05-06		1	Streptococcus pyogenes
GCF_005161465.1	ASM516146v1	2025-07-24	Streptococcus pyogenes		emm78.3					GCF_005161465.1-RS_2025_07_24	Complete Genome	2019-05-06		1	Streptococcus pyogenes
GCF_005164305.1	ASM516430v1	2025-07-24	Streptococcus pyogenes		emm77					GCF_005164305.1-RS_2025_07_24	Complete Genome	2019-05-06		1	Streptococcus pyogenes
GCF_005165385.1	ASM516538v1	2025-07-24	Streptococcus pyogenes		emm197					GCF_005165385.1-RS_2025_07_24	Complete Genome	2019-05-06		1	Streptococcus pyogenes
GCF_005163085.1	ASM516308v1	2025-07-24	Streptococcus pyogenes		emm123					GCF_005163085.1-RS_2025_07_24	Complete Genome	2019-05-06		1	Streptococcus pyogenes
GCF_005164885.1	ASM516488v1	2025-07-24	Streptococcus pyogenes		emm90.5					GCF_005164885.1-RS_2025_07_24	Complete Genome	2019-05-06		1	Streptococcus pyogenes
GCF_004028355.1	ASM402835v1	2025-07-23	Streptococcus pyogenes		CCUG 4207					GCF_004028355.1-RS_2025_07_23	Complete Genome	2019-01-17		1	Streptococcus pyogenes
GCF_013306985.1	ASM1330698v1	2025-07-23	Streptococcus pyogenes		4063-05					GCF_013306985.1-RS_2025_07_23	Complete Genome	2020-06-09		1	Streptococcus pyogenes
GCF_002557755.1	ASM255775v1	2025-07-16	Streptococcus pyogenes		HarveyGAS					GCF_002557755.1-RS_2025_07_16	Complete Genome	2017-10-16		1	Streptococcus pyogenes
GCF_003812645.1	ASM381264v1	2025-07-16	Streptococcus pyogenes		FDAARGOS_534					GCF_003812645.1-RS_2025_07_16	Complete Genome	2018-11-21		1	Streptococcus pyogenes
GCF_000993765.1	ASM99376v1	2025-07-15	Streptococcus pyogenes		AP1					GCF_000993765.1-RS_2025_07_15	Complete Genome	2015-05-07		1	Streptococcus pyogenes
GCF_001021955.1	ASM102195v1	2025-07-15	Streptococcus pyogenes		5448					GCF_001021955.1-RS_2025_07_15	Complete Genome	2015-06-08		1	Streptococcus pyogenes
GCF_030995125.1	ASM3099512v1	2025-08-30	Vibrio alginolyticus		Isc15A					GCF_030995125.1-RS_2025_08_30	Complete Genome	2023-08-30		3	Vibrio alginolyticus
GCF_002119565.1	ASM211956v1	2025-08-25	Vibrio alginolyticus		K06K5					GCF_002119565.1-RS_2025_08_25	Complete Genome	2017-05-09		4	Vibrio alginolyticus
GCF_051859665.1	ASM5185966v1	2025-08-07	Vibrio alginolyticus		ND-01					GCF_051859665.1-RS_2025_08_07	Complete Genome	2025-08-08		2	Vibrio alginolyticus
GCF_013368735.1	ASM1336873v1	2025-07-30	Vibrio alginolyticus		GS_MYPK1					GCF_013368735.1-RS_2025_07_30	Complete Genome	2020-06-23		5	Vibrio alginolyticus
GCF_050507685.1	ASM5050768v1	2025-05-22	Vibrio alginolyticus		CG-1					GCF_050507685.1-RS_2025_05_22	Complete Genome	2025-05-22		2	Vibrio alginolyticus
GCF_023169625.1	ASM2316962v1	2025-05-14	Vibrio alginolyticus		HLBS-07					GCF_023169625.1-RS_2025_05_14	Complete Genome	2022-03-18		2	Vibrio alginolyticus
GCF_023206775.1	ASM2320677v1	2025-05-14	Vibrio alginolyticus		HY9901					GCF_023206775.1-RS_2025_05_14	Complete Genome	2022-05-02		2	Vibrio alginolyticus
GCF_023169605.1	ASM2316960v1	2025-05-14	Vibrio alginolyticus		YZOS-03					GCF_023169605.1-RS_2025_05_14	Complete Genome	2022-03-18		2	Vibrio alginolyticus
GCF_038297345.1	ASM3829734v1	2025-04-17	Vibrio alginolyticus		I1B					GCF_038297345.1-RS_2025_04_17	Complete Genome	2024-04-17		2	Vibrio alginolyticus
GCF_009763085.1	ASM976308v1	2025-04-07	Vibrio alginolyticus		2014V-1011					GCF_009763085.1-RS_2025_04_07	Complete Genome	2019-12-18		4	Vibrio alginolyticus
GCF_029023705.1	ASM2902370v1	2025-04-06	Vibrio alginolyticus		V208					GCF_029023705.1-RS_2025_04_06	Complete Genome	2023-03-08		2	Vibrio alginolyticus
GCF_009763845.1	ASM976384v1	2025-04-05	Vibrio alginolyticus		2010V-1102					GCF_009763845.1-RS_2025_04_05	Complete Genome	2019-12-18		3	Vibrio alginolyticus
GCF_022343205.1	ASM2234320v1	2025-04-04	Vibrio alginolyticus		XWV9					GCF_022343205.1-RS_2025_04_04	Complete Genome	2022-02-18		3	Vibrio alginolyticus
GCF_022343125.1	ASM2234312v1	2025-04-04	Vibrio alginolyticus		HYV1					GCF_022343125.1-RS_2025_04_04	Complete Genome	2022-02-18		3	Vibrio alginolyticus
GCF_022343145.1	ASM2234314v1	2025-04-04	Vibrio alginolyticus		ZZV2					GCF_022343145.1-RS_2025_04_04	Complete Genome	2022-02-18		2	Vibrio alginolyticus
GCF_009665435.1	ASM966543v1	2025-04-04	Vibrio alginolyticus		2013V-1302					GCF_009665435.1-RS_2025_04_04	Complete Genome	2019-11-18		2	Vibrio alginolyticus
GCF_022343105.1	ASM2234310v1	2025-04-04	Vibrio alginolyticus		HNV2					GCF_022343105.1-RS_2025_04_04	Complete Genome	2022-02-18		3	Vibrio alginolyticus
GCF_022343085.1	ASM2234308v1	2025-04-02	Vibrio alginolyticus		FJV2					GCF_022343085.1-RS_2025_04_02	Complete Genome	2022-02-18		4	Vibrio alginolyticus
GCF_029203225.1	ASM2920322v1	2025-04-02	Vibrio alginolyticus		2-1					GCF_029203225.1-RS_2025_04_02	Complete Genome	2023-03-14		4	Vibrio alginolyticus
GCF_022343185.1	ASM2234318v1	2025-03-31	Vibrio alginolyticus		SXV3					GCF_022343185.1-RS_2025_03_31	Complete Genome	2022-02-18		2	Vibrio alginolyticus
GCF_022343165.1	ASM2234316v1	2025-03-31	Vibrio alginolyticus		ZLV3					GCF_022343165.1-RS_2025_03_31	Complete Genome	2022-02-18		2	Vibrio alginolyticus
GCF_023650915.1	ASM2365091v1	2025-03-29	Vibrio alginolyticus		E110					GCF_023650915.1-RS_2025_03_29	Complete Genome	2022-06-06		3	Vibrio alginolyticus
GCF_028743695.1	ASM2874369v1	2025-03-26	Vibrio alginolyticus		20220413_2					GCF_028743695.1-RS_2025_03_26	Complete Genome	2023-02-20		2	Vibrio alginolyticus
GCF_048844225.1	V2025	2025-03-25	Vibrio alginolyticus		HoVa25					GCF_048844225.1-RS_2025_03_25	Complete Genome	2025-03-26		3	Vibrio alginolyticus
GCF_003613065.1	ASM361306v1	2025-03-07	Vibrio alginolyticus		K05K4					GCF_003613065.1-RS_2025_03_07	Complete Genome	2017-05-09		3	Vibrio alginolyticus
GCF_003613035.1	ASM361303v1	2025-03-07	Vibrio alginolyticus		K04M1					GCF_003613035.1-RS_2025_03_07	Complete Genome	2017-05-09		4	Vibrio alginolyticus
GCF_001679745.1	ASM167974v1	2025-03-05	Vibrio alginolyticus		ZJ-T					GCF_001679745.1-RS_2025_03_05	Complete Genome	2016-07-05		2	Vibrio alginolyticus
GCF_002119585.1	ASM211958v1	2025-03-05	Vibrio alginolyticus		K10K4					GCF_002119585.1-RS_2025_03_05	Complete Genome	2017-05-09		2	Vibrio alginolyticus
GCF_002149105.1	ASM214910v1	2025-03-05	Vibrio alginolyticus					K04M3		GCF_002149105.1-RS_2025_03_05	Complete Genome	2017-05-09		3	Vibrio alginolyticus
GCF_002119545.1	ASM211954v1	2025-03-05	Vibrio alginolyticus		K04M5					GCF_002119545.1-RS_2025_03_05	Complete Genome	2017-05-09		3	Vibrio alginolyticus
GCF_002119505.2	ASM211950v2	2025-03-05	Vibrio alginolyticus		K01M1					GCF_002119505.2-RS_2025_03_05	Complete Genome	2018-04-02		3	Vibrio alginolyticus
GCF_002149085.1	ASM214908v1	2025-03-05	Vibrio alginolyticus		K08M3					GCF_002149085.1-RS_2025_03_05	Complete Genome	2017-05-09		3	Vibrio alginolyticus
GCF_002149065.1	ASM214906v1	2025-03-05	Vibrio alginolyticus		K09K1					GCF_002149065.1-RS_2025_03_05	Complete Genome	2017-05-09		2	Vibrio alginolyticus
GCF_001469735.1	ASM146973v1	2025-03-03	Vibrio alginolyticus		ATCC 33787					GCF_001469735.1-RS_2025_03_03	Complete Genome	2015-12-09		5	Vibrio alginolyticus
GCF_011801435.1	ASM1180143v1	2025-02-18	Vibrio alginolyticus		FA2					GCF_011801435.1-RS_2025_02_18	Complete Genome	2020-03-31		2	Vibrio alginolyticus
GCF_047497145.1	ASM4749714v1	2025-02-07	Vibrio alginolyticus		ZJ-0					GCF_047497145.1-RS_2025_02_07	Complete Genome	2025-02-07		2	Vibrio alginolyticus
GCF_026639315.1	ASM2663931v1	2025-01-19	Vibrio alginolyticus		AUSMDU00064140					GCF_026639315.1-RS_2025_01_19	Complete Genome	2022-12-05		3	Vibrio alginolyticus
GCF_026651645.1	ASM2665164v1	2025-01-19	Vibrio alginolyticus		SNU_SP1					GCF_026651645.1-RS_2025_01_19	Complete Genome	2022-12-05		2	Vibrio alginolyticus
GCF_046532695.1	ASM4653269v1	2025-01-09	Vibrio alginolyticus		TBV025					GCF_046532695.1-RS_2025_01_09	Complete Genome	2025-01-10		2	Vibrio alginolyticus
GCF_034480175.1	ASM3448017v1	2024-12-20	Vibrio alginolyticus		I25B					GCF_034480175.1-RS_2024_12_20	Complete Genome	2023-12-19		2	Vibrio alginolyticus
GCF_000354175.2	ASM35417v2	2024-12-10	Vibrio alginolyticus NBRC 15630 = ATCC 17749		ATCC 17749					GCF_000354175.2-RS_2024_12_10	Complete Genome	2013-09-10		2	Vibrio alginolyticus
GCF_009763745.1	ASM976374v1	2024-11-30	Vibrio alginolyticus		2439-01					GCF_009763745.1-RS_2024_11_30	Complete Genome	2019-12-18		3	Vibrio alginolyticus
GCF_002953535.1	ASM295353v1	2024-11-19	Vibrio alginolyticus		FDAARGOS_110					GCF_002953535.1-RS_2024_11_19	Complete Genome	2018-02-20		2	Vibrio alginolyticus
GCF_002953515.1	ASM295351v1	2024-11-19	Vibrio alginolyticus		FDAARGOS_108					GCF_002953515.1-RS_2024_11_19	Complete Genome	2018-02-20		3	Vibrio alginolyticus
GCF_002953975.1	ASM295397v1	2024-11-19	Vibrio alginolyticus		FDAARGOS_114					GCF_002953975.1-RS_2024_11_19	Complete Genome	2018-02-20		2	Vibrio alginolyticus
GCF_030991385.1	ASM3099138v1	2024-10-16	Vibrio alginolyticus		Isc25B					GCF_030991385.1-RS_2024_10_16	Complete Genome	2023-08-30		3	Vibrio alginolyticus
GCF_030991365.1	ASM3099136v1	2024-10-16	Vibrio alginolyticus		Isc1B					GCF_030991365.1-RS_2024_10_16	Complete Genome	2023-08-30		2	Vibrio alginolyticus
GCF_014274185.1	ASM1427418v1	2024-10-12	Vibrio alginolyticus		Vb1833					GCF_014274185.1-RS_2024_10_12	Complete Genome	2020-08-24		2	Vibrio alginolyticus
GCF_032463505.1	ASM3246350v1	2024-10-12	Vibrio alginolyticus		S10					GCF_032463505.1-RS_2024_10_12	Complete Genome	2023-10-08		3	Vibrio alginolyticus
GCF_041950465.1	V_alginolyticus_BR53	2024-09-19	Vibrio alginolyticus		BR53					GCF_041950465.1-RS_2024_09_19	Complete Genome	2024-09-19		5	Vibrio alginolyticus
GCF_052271875.1	ASM5227187v1	2025-08-28	Vibrio cholerae		classical 0395					GCF_052271875.1-RS_2025_08_28	Complete Genome	2025-08-30		2	Vibrio cholerae
GCF_051903285.1	ASM5190328v1	2025-08-08	Vibrio cholerae		classical A103					GCF_051903285.1-RS_2025_08_08	Complete Genome	2025-08-09		2	Vibrio cholerae
GCF_051903295.1	ASM5190329v1	2025-08-08	Vibrio cholerae		classical 569B					GCF_051903295.1-RS_2025_08_08	Complete Genome	2025-08-09		2	Vibrio cholerae
GCF_003591575.1	ASM359157v1	2025-07-19	Vibrio cholerae		FORC_073					GCF_003591575.1-RS_2025_07_19	Complete Genome	2018-09-24		2	Vibrio cholerae
GCF_013085145.1	ASM1308514v1	2025-07-06	Vibrio cholerae O1 biovar El Tor		DRC-193A					GCF_013085145.1-RS_2025_07_06	Complete Genome	2020-05-13		2	Vibrio cholerae
GCF_013085105.1	ASM1308510v1	2025-07-06	Vibrio cholerae O1 biovar El Tor		C6709					GCF_013085105.1-RS_2025_07_06	Complete Genome	2020-05-13		2	Vibrio cholerae
GCF_013085075.1	ASM1308507v1	2025-07-06	Vibrio cholerae C6706		C6706					GCF_013085075.1-RS_2025_07_06	Complete Genome	2020-05-13		2	Vibrio cholerae
GCF_013085165.1	ASM1308516v1	2025-07-06	Vibrio cholerae O1 biovar El Tor		E7946					GCF_013085165.1-RS_2025_07_06	Complete Genome	2020-05-13		2	Vibrio cholerae
GCF_009938115.1	ASM993811v1	2025-06-30	Vibrio cholerae O1		AAS91					GCF_009938115.1-RS_2025_06_30	Complete Genome	2020-01-28		2	Vibrio cholerae
GCF_040412195.1	ASM4041219v1	2025-06-29	Vibrio cholerae		Sudan_2019_18					GCF_040412195.1-RS_2025_06_29	Complete Genome	2024-06-30		2	Vibrio cholerae
GCF_047524955.2	ASM4752495v2	2025-06-28	Vibrio cholerae		MLK181					GCF_047524955.2-RS_2025_06_28	Complete Genome	2025-06-29		3	Vibrio cholerae
GCF_051046905.1	ASM5104690v1	2025-06-25	Vibrio cholerae		19MO03SH03-1					GCF_051046905.1-RS_2025_06_25	Complete Genome	2025-06-26		2	Vibrio cholerae
GCF_009763045.1	ASM976304v1	2025-05-26	Vibrio cholerae		3541-04					GCF_009763045.1-RS_2025_05_26	Complete Genome	2019-12-18		2	Vibrio cholerae
GCF_030062725.1	ASM3006272v1	2025-05-22	Vibrio cholerae		MS84A					GCF_030062725.1-RS_2025_05_22	Complete Genome	2023-05-22		2	Vibrio cholerae
GCF_018336415.1	ASM1833641v1	2025-05-22	Vibrio cholerae O37		ATCC 25872					GCF_018336415.1-RS_2025_05_22	Complete Genome	2021-05-11		2	Vibrio cholerae
GCF_050500225.1	ASM5050022v1	2025-05-21	Vibrio cholerae		GD25VC001					GCF_050500225.1-RS_2025_05_21	Complete Genome	2025-05-22		2	Vibrio cholerae
GCF_023169825.1	ASM2316982v1	2025-05-14	Vibrio cholerae		V130003					GCF_023169825.1-RS_2025_05_14	Complete Genome	2022-04-02		2	Vibrio cholerae
GCF_017948345.1	ASM1794834v1	2025-05-14	Vibrio cholerae MO10		MO10					GCF_017948345.1-RS_2025_05_14	Complete Genome	2021-04-14		2	Vibrio cholerae
GCF_039602145.1	ASM3960214v1	2025-05-10	Vibrio cholerae		LK-18					GCF_039602145.1-RS_2025_05_10	Complete Genome	2024-05-11		2	Vibrio cholerae
GCF_013357605.1	ASM1335760v1	2025-04-27	Vibrio cholerae		W10G					GCF_013357605.1-RS_2025_04_27	Complete Genome	2020-06-17		2	Vibrio cholerae
GCF_013357885.1	ASM1335788v1	2025-04-27	Vibrio cholerae		SA3G					GCF_013357885.1-RS_2025_04_27	Complete Genome	2020-06-17		2	Vibrio cholerae
GCF_013357865.1	ASM1335786v1	2025-04-27	Vibrio cholerae		SA10G					GCF_013357865.1-RS_2025_04_27	Complete Genome	2020-06-17		2	Vibrio cholerae
GCF_013357845.1	ASM1335784v1	2025-04-27	Vibrio cholerae		SA7G					GCF_013357845.1-RS_2025_04_27	Complete Genome	2020-06-17		4	Vibrio cholerae
GCF_013357825.1	ASM1335782v1	2025-04-27	Vibrio cholerae		E7G					GCF_013357825.1-RS_2025_04_27	Complete Genome	2020-06-17		3	Vibrio cholerae
GCF_013357805.1	ASM1335780v1	2025-04-27	Vibrio cholerae		W7G					GCF_013357805.1-RS_2025_04_27	Complete Genome	2020-06-17		3	Vibrio cholerae
GCF_013357785.1	ASM1335778v1	2025-04-27	Vibrio cholerae		W6G					GCF_013357785.1-RS_2025_04_27	Complete Genome	2020-06-17		3	Vibrio cholerae
GCF_003063885.1	ASM306388v1	2025-04-27	Vibrio cholerae		Sa5Y					GCF_003063885.1-RS_2025_04_27	Complete Genome	2018-04-23		2	Vibrio cholerae
GCF_013357625.1	ASM1335762v1	2025-04-27	Vibrio cholerae		SL4G					GCF_013357625.1-RS_2025_04_27	Complete Genome	2020-06-17		2	Vibrio cholerae
GCF_013357745.1	ASM1335774v1	2025-04-27	Vibrio cholerae		SP6G					GCF_013357745.1-RS_2025_04_27	Complete Genome	2020-06-17		2	Vibrio cholerae
GCF_013357645.1	ASM1335764v1	2025-04-27	Vibrio cholerae		SL5Y					GCF_013357645.1-RS_2025_04_27	Complete Genome	2020-06-17		2	Vibrio cholerae
GCF_013357665.1	ASM1335766v1	2025-04-27	Vibrio cholerae		SO5Y					GCF_013357665.1-RS_2025_04_27	Complete Genome	2020-06-17		2	Vibrio cholerae
GCF_013357725.1	ASM1335772v1	2025-04-27	Vibrio cholerae		SL6Y					GCF_013357725.1-RS_2025_04_27	Complete Genome	2020-06-17		2	Vibrio cholerae
GCF_013357765.1	ASM1335776v1	2025-04-27	Vibrio cholerae		SP7G					GCF_013357765.1-RS_2025_04_27	Complete Genome	2020-06-17		2	Vibrio cholerae
GCF_013357685.1	ASM1335768v1	2025-04-27	Vibrio cholerae		L6G					GCF_013357685.1-RS_2025_04_27	Complete Genome	2020-06-17		2	Vibrio cholerae
GCF_009763825.1	ASM976382v1	2025-04-18	Vibrio cholerae		F9993					GCF_009763825.1-RS_2025_04_18	Complete Genome	2019-12-18		2	Vibrio cholerae
GCF_003719755.1	ASM371975v1	2025-04-18	Vibrio cholerae		E4					GCF_003719755.1-RS_2025_04_18	Complete Genome	2018-11-11		3	Vibrio cholerae
GCF_009762915.1	ASM976291v1	2025-04-18	Vibrio cholerae		2015V-1126					GCF_009762915.1-RS_2025_04_18	Complete Genome	2019-12-18		2	Vibrio cholerae
GCF_000963555.1	ASM96355v1	2025-04-18	Vibrio cholerae O1 biovar El Tor		FJ147					GCF_000963555.1-RS_2025_04_18	Complete Genome	2015-03-26		2	Vibrio cholerae
GCF_004328575.1	ASM432857v1	2025-04-11	Vibrio cholerae		20000					GCF_004328575.1-RS_2025_04_11	Complete Genome	2019-03-06		2	Vibrio cholerae
GCF_000021625.1	ASM2162v1	2025-04-09	Vibrio cholerae O395		O395					GCF_000021625.1-RS_2025_04_09	Complete Genome	2009-04-20		2	Vibrio cholerae
GCF_009763665.1	ASM976366v1	2025-04-08	Vibrio cholerae		2011EL-1271					GCF_009763665.1-RS_2025_04_08	Complete Genome	2019-12-18		2	Vibrio cholerae
GCF_037101305.1	ASM3710130v1	2025-04-08	Vibrio cholerae		VN152					GCF_037101305.1-RS_2025_04_08	Complete Genome	2024-04-09		3	Vibrio cholerae
GCF_030718765.1	ASM3071876v1	2025-04-07	Vibrio cholerae		DRC072					GCF_030718765.1-RS_2025_04_07	Complete Genome	2023-08-14		2	Vibrio cholerae
GCF_009762985.1	ASM976298v1	2025-04-07	Vibrio cholerae		3569-08					GCF_009762985.1-RS_2025_04_07	Complete Genome	2019-12-18		2	Vibrio cholerae
GCF_000250855.1	ASM25085v1	2025-04-07	Vibrio cholerae IEC224		IEC224					GCF_000250855.1-RS_2025_04_07	Complete Genome	2012-02-29		2	Vibrio cholerae
GCF_003097695.1	ASM309769v1	2025-04-06	Vibrio cholerae		A1552					GCF_003097695.1-RS_2025_04_06	Complete Genome	2018-05-08		2	Vibrio cholerae
GCF_009762895.1	ASM976289v1	2025-04-05	Vibrio cholerae		3528-08					GCF_009762895.1-RS_2025_04_05	Complete Genome	2019-12-18		2	Vibrio cholerae
GCF_009763065.1	ASM976306v1	2025-04-05	Vibrio cholerae		2015V-1118					GCF_009763065.1-RS_2025_04_05	Complete Genome	2019-12-18		2	Vibrio cholerae
GCF_000021605.1	ASM2160v1	2025-04-05	Vibrio cholerae M66-2		M66-2					GCF_000021605.1-RS_2025_04_05	Complete Genome	2009-04-20		2	Vibrio cholerae
GCF_002997215.1	ASM299721v1	2025-04-04	Vibrio cholerae		A1552					GCF_002997215.1-RS_2025_04_04	Complete Genome	2018-03-14		2	Vibrio cholerae
GCF_030994165.1	ASM3099416v1	2025-08-31	Vibrio parahaemolyticus		BM25					GCF_030994165.1-RS_2025_08_31	Complete Genome	2023-08-30		2	Vibrio parahaemolyticus
GCF_030994565.1	ASM3099456v1	2025-08-31	Vibrio parahaemolyticus		BM26A					GCF_030994565.1-RS_2025_08_31	Complete Genome	2023-08-30		3	Vibrio parahaemolyticus
GCF_030994185.1	ASM3099418v1	2025-08-31	Vibrio parahaemolyticus		Isc7					GCF_030994185.1-RS_2025_08_31	Complete Genome	2023-08-30		2	Vibrio parahaemolyticus
GCF_030994145.1	ASM3099414v1	2025-08-31	Vibrio parahaemolyticus		Isc14B					GCF_030994145.1-RS_2025_08_31	Complete Genome	2023-08-30		2	Vibrio parahaemolyticus
GCF_030994225.1	ASM3099422v1	2025-08-31	Vibrio parahaemolyticus		BM24B					GCF_030994225.1-RS_2025_08_31	Complete Genome	2023-08-30		2	Vibrio parahaemolyticus
GCF_033441455.1	ASM3344145v1	2025-08-19	Vibrio parahaemolyticus		TW01					GCF_033441455.1-RS_2025_08_19	Complete Genome	2023-11-08		6	Vibrio parahaemolyticus
GCF_013393865.1	ASM1339386v1	2025-08-18	Vibrio parahaemolyticus		LVP2					GCF_013393865.1-RS_2025_08_18	Complete Genome	2020-07-08		2	Vibrio parahaemolyticus
GCF_013393845.1	ASM1339384v1	2025-08-18	Vibrio parahaemolyticus		LVP1					GCF_013393845.1-RS_2025_08_18	Complete Genome	2020-07-08		2	Vibrio parahaemolyticus
GCF_013393885.1	ASM1339388v1	2025-08-18	Vibrio parahaemolyticus		LVP66					GCF_013393885.1-RS_2025_08_18	Complete Genome	2020-07-08		2	Vibrio parahaemolyticus
GCF_052076125.1	ASM5207612v1	2025-08-18	Vibrio parahaemolyticus		RIMD 2210633					GCF_052076125.1-RS_2025_08_18	Complete Genome	2025-08-18		2	Vibrio parahaemolyticus
GCF_030704285.1	ASM3070428v1	2025-08-10	Vibrio parahaemolyticus		RP0132					GCF_030704285.1-RS_2025_08_10	Complete Genome	2023-08-09		2	Vibrio parahaemolyticus
GCF_051903045.1	ASM5190304v1	2025-08-08	Vibrio parahaemolyticus		HLV					GCF_051903045.1-RS_2025_08_08	Complete Genome	2025-08-09		2	Vibrio parahaemolyticus
GCF_030552955.1	ASM3055295v1	2025-07-29	Vibrio parahaemolyticus		HZ					GCF_030552955.1-RS_2025_07_29	Complete Genome	2023-07-30		2	Vibrio parahaemolyticus
GCF_003119375.1	ASM311937v1	2025-07-19	Vibrio parahaemolyticus					R13		GCF_003119375.1-RS_2025_07_19	Complete Genome	2018-05-11		5	Vibrio parahaemolyticus
GCF_003076895.1	ASM307689v1	2025-07-18	Vibrio parahaemolyticus		R14					GCF_003076895.1-RS_2025_07_18	Complete Genome	2018-05-02		5	Vibrio parahaemolyticus
GCF_002073775.2	ASM207377v2	2025-07-16	Vibrio parahaemolyticus		FDAARGOS_191					GCF_002073775.2-RS_2025_07_16	Complete Genome	2018-03-02		2	Vibrio parahaemolyticus
GCF_002290245.2	ASM229024v2	2025-07-12	Vibrio parahaemolyticus		MAVP-26					GCF_002290245.2-RS_2025_07_12	Complete Genome	2024-06-04		2	Vibrio parahaemolyticus
GCF_030064615.2	ASM3006461v2	2025-07-06	Vibrio parahaemolyticus		PH1339					GCF_030064615.2-RS_2025_07_06	Complete Genome	2023-07-06		3	Vibrio parahaemolyticus
GCF_009649015.1	ASM964901v1	2025-07-06	Vibrio parahaemolyticus 10329		10329					GCF_009649015.1-RS_2025_07_06	Complete Genome	2019-11-11		2	Vibrio parahaemolyticus
GCF_051131115.1	ASM5113111v1	2025-06-28	Vibrio parahaemolyticus		NJIFDCVp17					GCF_051131115.1-RS_2025_06_28	Complete Genome	2025-06-29		2	Vibrio parahaemolyticus
GCF_051131125.1	ASM5113112v1	2025-06-28	Vibrio parahaemolyticus		NJIFDCVp19					GCF_051131125.1-RS_2025_06_28	Complete Genome	2025-06-29		4	Vibrio parahaemolyticus
GCF_040254425.1	ASM4025442v1	2025-06-20	Vibrio parahaemolyticus		VP93					GCF_040254425.1-RS_2025_06_20	Complete Genome	2024-06-21		2	Vibrio parahaemolyticus
GCF_030291875.1	ASM3029187v1	2025-06-20	Vibrio parahaemolyticus		VP16					GCF_030291875.1-RS_2025_06_20	Complete Genome	2023-06-20		2	Vibrio parahaemolyticus
GCF_050888945.2	ASM5088894v1	2025-06-19	Vibrio parahaemolyticus		13-306/D4					GCF_050888945.2-RS_2025_06_19	Complete Genome	2025-06-13		3	Vibrio parahaemolyticus
GCF_026970915.1	ASM2697091v1	2025-06-17	Vibrio parahaemolyticus		vp-HL-202005					GCF_026970915.1-RS_2025_06_17	Complete Genome	2022-12-19		6	Vibrio parahaemolyticus
GCF_050920865.1	ASM5092086v1	2025-06-17	Vibrio parahaemolyticus		JD2305					GCF_050920865.1-RS_2025_06_17	Complete Genome	2025-06-17		6	Vibrio parahaemolyticus
GCF_050920685.1	ASM5092068v1	2025-06-16	Vibrio parahaemolyticus		VpS05					GCF_050920685.1-RS_2025_06_16	Complete Genome	2025-06-17		4	Vibrio parahaemolyticus
GCF_040126105.1	ASM4012610v1	2025-06-12	Vibrio parahaemolyticus		vp-pir-201806					GCF_040126105.1-RS_2025_06_12	Complete Genome	2024-06-13		3	Vibrio parahaemolyticus
GCF_048284885.2	Annabel_Vibrio_parahaemolyticus_ANHC.C2L_new	2025-05-28	Vibrio parahaemolyticus		ANHC.C2L					GCF_048284885.2-RS_2025_05_28	Complete Genome	2025-05-29		2	Vibrio parahaemolyticus
GCF_030059845.1	ASM3005984v1	2025-05-21	Vibrio parahaemolyticus		G855					GCF_030059845.1-RS_2025_05_21	Complete Genome	2023-05-22		4	Vibrio parahaemolyticus
GCF_039658525.1	ASM3965852v1	2025-05-17	Vibrio parahaemolyticus		vp-201806					GCF_039658525.1-RS_2025_05_17	Complete Genome	2024-05-18		5	Vibrio parahaemolyticus
GCF_039658515.1	ASM3965851v1	2025-05-17	Vibrio parahaemolyticus		NJIFDCVp7					GCF_039658515.1-RS_2025_05_17	Complete Genome	2024-05-18		5	Vibrio parahaemolyticus
GCF_039658545.1	ASM3965854v1	2025-05-17	Vibrio parahaemolyticus		vp-201911					GCF_039658545.1-RS_2025_05_17	Complete Genome	2024-05-18		2	Vibrio parahaemolyticus
GCF_038741195.1	ASM3874119v1	2025-04-30	Vibrio parahaemolyticus		vp-HL-201910					GCF_038741195.1-RS_2025_04_30	Complete Genome	2024-05-01		5	Vibrio parahaemolyticus
GCF_000196095.1	ASM19609v1	2025-04-26	Vibrio parahaemolyticus RIMD 2210633		RIMD 2210633 substr. RIMD 2210633					GCF_000196095.1-RS_2025_04_26	Complete Genome	2004-05-11		2	Vibrio parahaemolyticus
GCF_049816165.1	ASM4981616v1	2025-04-22	Vibrio parahaemolyticus		DX210401					GCF_049816165.1-RS_2025_04_22	Complete Genome	2025-05-13		5	Vibrio parahaemolyticus
GCF_049816605.1	ASM4981660v1	2025-04-22	Vibrio parahaemolyticus		DX230702					GCF_049816605.1-RS_2025_04_22	Complete Genome	2025-05-13		5	Vibrio parahaemolyticus
GCF_049818045.1	ASM4981804v1	2025-04-22	Vibrio parahaemolyticus		DX190406					GCF_049818045.1-RS_2025_04_22	Complete Genome	2025-05-13		6	Vibrio parahaemolyticus
GCF_009764055.1	ASM976405v1	2025-04-21	Vibrio parahaemolyticus		2012AW-0224					GCF_009764055.1-RS_2025_04_21	Complete Genome	2019-12-18		3	Vibrio parahaemolyticus
GCF_019321785.1	ASM1932178v1	2025-04-21	Vibrio parahaemolyticus		64					GCF_019321785.1-RS_2025_04_21	Complete Genome	2021-07-22		4	Vibrio parahaemolyticus
GCF_003612695.1	ASM361269v1	2025-04-21	Vibrio parahaemolyticus		FORC_072					GCF_003612695.1-RS_2025_04_21	Complete Genome	2018-10-04		2	Vibrio parahaemolyticus
GCF_009763425.1	ASM976342v1	2025-04-21	Vibrio parahaemolyticus		AM46865					GCF_009763425.1-RS_2025_04_21	Complete Genome	2019-12-18		2	Vibrio parahaemolyticus
GCF_009763545.1	ASM976354v1	2025-04-21	Vibrio parahaemolyticus		2013V-1244					GCF_009763545.1-RS_2025_04_21	Complete Genome	2019-12-18		2	Vibrio parahaemolyticus
GCF_004194515.1	ASM419451v1	2025-04-21	Vibrio parahaemolyticus		D3112					GCF_004194515.1-RS_2025_04_21	Complete Genome	2019-02-14		4	Vibrio parahaemolyticus
GCF_038253855.1	ASM3825385v1	2025-04-18	Vibrio parahaemolyticus		I14B					GCF_038253855.1-RS_2025_04_18	Complete Genome	2024-04-17		3	Vibrio parahaemolyticus
GCF_038050985.1	ASM3805098v1	2025-04-17	Vibrio parahaemolyticus		vp-HL-202008					GCF_038050985.1-RS_2025_04_17	Complete Genome	2024-04-11		7	Vibrio parahaemolyticus
GCF_038050815.1	ASM3805081v1	2025-04-17	Vibrio parahaemolyticus		vp-HL-202006					GCF_038050815.1-RS_2025_04_17	Complete Genome	2024-04-11		7	Vibrio parahaemolyticus
GCF_036670155.1	ASM3667015v1	2025-04-17	Vibrio parahaemolyticus		BM26A					GCF_036670155.1-RS_2025_04_17	Complete Genome	2024-04-05		2	Vibrio parahaemolyticus
GCF_003085735.1	ASM308573v1	2025-04-11	Vibrio parahaemolyticus		20130629002S01					GCF_003085735.1-RS_2025_04_11	Complete Genome	2018-05-02		4	Vibrio parahaemolyticus
GCF_038070605.1	ASM3807060v1	2025-04-11	Vibrio parahaemolyticus		vp-HL-202212					GCF_038070605.1-RS_2025_04_11	Complete Genome	2024-04-12		4	Vibrio parahaemolyticus
