Assembly Accession	Assembly Name	Annotation Release Date	Organism Name	Organism Infraspecific Names Breed	Organism Infraspecific Names Strain	Organism Infraspecific Names Cultivar	Organism Infraspecific Names Ecotype	Organism Infraspecific Names Isolate	Organism Infraspecific Names Sex	Annotation Name	Assembly Level	Assembly Release Date	WGS project accession	Assembly Stats Number of Scaffolds	Species
GCF_025853995.1	ASM2585399v1	2025-09-01	Acinetobacter baumannii		1326527-2					GCF_025853995.1-RS_2025_09_01	Complete Genome	2022-10-26		3	Acinetobacter baumannii
GCF_025853975.1	ASM2585397v1	2025-09-01	Acinetobacter baumannii		1326527-1					GCF_025853975.1-RS_2025_09_01	Complete Genome	2022-10-26		2	Acinetobacter baumannii
GCF_052218465.1	ASM5221846v1	2025-08-25	Acinetobacter baumannii		INC793					GCF_052218465.1-RS_2025_08_25	Complete Genome	2025-08-25		1	Acinetobacter baumannii
GCF_052218475.1	ASM5221847v1	2025-08-25	Acinetobacter baumannii		INC354					GCF_052218475.1-RS_2025_08_25	Complete Genome	2025-08-25		1	Acinetobacter baumannii
GCF_052216995.1	ASM5221699v1	2025-08-24	Acinetobacter baumannii		INC235					GCF_052216995.1-RS_2025_08_24	Complete Genome	2025-08-23	JBQOVQ01	3	Acinetobacter baumannii
GCF_052216375.1	ASM5221637v1	2025-08-24	Acinetobacter baumannii		Ab014					GCF_052216375.1-RS_2025_08_24	Complete Genome	2025-08-24		2	Acinetobacter baumannii
GCF_052216865.1	ASM5221686v1	2025-08-24	Acinetobacter baumannii		INC953					GCF_052216865.1-RS_2025_08_24	Complete Genome	2025-08-23	JBQOVK01	5	Acinetobacter baumannii
GCF_052216945.1	ASM5221694v1	2025-08-24	Acinetobacter baumannii		INC277					GCF_052216945.1-RS_2025_08_24	Complete Genome	2025-08-23	JBQOVO01	4	Acinetobacter baumannii
GCF_052216905.1	ASM5221690v1	2025-08-24	Acinetobacter baumannii		INC421					GCF_052216905.1-RS_2025_08_24	Complete Genome	2025-08-23	JBQOVM01	5	Acinetobacter baumannii
GCF_052216965.1	ASM5221696v1	2025-08-24	Acinetobacter baumannii		INC273					GCF_052216965.1-RS_2025_08_24	Complete Genome	2025-08-23	JBQOVP01	4	Acinetobacter baumannii
GCF_052216805.1	ASM5221680v1	2025-08-24	Acinetobacter baumannii		INC51					GCF_052216805.1-RS_2025_08_24	Complete Genome	2025-08-23	JBQOVR01	3	Acinetobacter baumannii
GCF_052216925.1	ASM5221692v1	2025-08-24	Acinetobacter baumannii		INC796					GCF_052216925.1-RS_2025_08_24	Complete Genome	2025-08-23	JBQOVL01	3	Acinetobacter baumannii
GCF_052216885.1	ASM5221688v1	2025-08-24	Acinetobacter baumannii		INC340					GCF_052216885.1-RS_2025_08_24	Complete Genome	2025-08-23	JBQOVN01	3	Acinetobacter baumannii
GCF_052186095.1	ASM5218609v1	2025-08-23	Acinetobacter baumannii		Ab803					GCF_052186095.1-RS_2025_08_23	Complete Genome	2025-08-23		4	Acinetobacter baumannii
GCF_052186105.1	ASM5218610v1	2025-08-23	Acinetobacter baumannii		Ab398					GCF_052186105.1-RS_2025_08_23	Complete Genome	2025-08-23		1	Acinetobacter baumannii
GCF_034422775.1	ASM3442277v1	2025-08-19	Acinetobacter baumannii		Nord12-3					GCF_034422775.1-RS_2025_08_19	Complete Genome	2023-12-16		10	Acinetobacter baumannii
GCF_025854015.1	ASM2585401v1	2025-08-18	Acinetobacter baumannii		1326569					GCF_025854015.1-RS_2025_08_18	Complete Genome	2022-10-26		3	Acinetobacter baumannii
GCF_025854115.1	ASM2585411v1	2025-08-18	Acinetobacter baumannii		1326589					GCF_025854115.1-RS_2025_08_18	Complete Genome	2022-10-26		2	Acinetobacter baumannii
GCF_025854195.1	ASM2585419v1	2025-08-18	Acinetobacter baumannii		1326924-3					GCF_025854195.1-RS_2025_08_18	Complete Genome	2022-10-26		2	Acinetobacter baumannii
GCF_025854175.1	ASM2585417v1	2025-08-18	Acinetobacter baumannii		1326924-2					GCF_025854175.1-RS_2025_08_18	Complete Genome	2022-10-26		2	Acinetobacter baumannii
GCF_025854215.1	ASM2585421v1	2025-08-18	Acinetobacter baumannii		1326927-1					GCF_025854215.1-RS_2025_08_18	Complete Genome	2022-10-26		2	Acinetobacter baumannii
GCF_025853935.1	ASM2585393v1	2025-08-18	Acinetobacter baumannii		1326525-2					GCF_025853935.1-RS_2025_08_18	Complete Genome	2022-10-26		2	Acinetobacter baumannii
GCF_025854315.1	ASM2585431v1	2025-08-18	Acinetobacter baumannii		AB44					GCF_025854315.1-RS_2025_08_18	Complete Genome	2022-10-26		1	Acinetobacter baumannii
GCF_025854235.1	ASM2585423v1	2025-08-18	Acinetobacter baumannii		1326927-2					GCF_025854235.1-RS_2025_08_18	Complete Genome	2022-10-26		2	Acinetobacter baumannii
GCF_052071855.1	ASM5207185v1	2025-08-17	Acinetobacter baumannii		AB30-AUFP					GCF_052071855.1-RS_2025_08_17	Complete Genome	2025-08-17	JBQGLO01	2	Acinetobacter baumannii
GCF_052052835.1	ASM5205283v1	2025-08-16	Acinetobacter baumannii		AB-38_FGL					GCF_052052835.1-RS_2025_08_16	Complete Genome	2025-08-16		6	Acinetobacter baumannii
GCF_052054815.1	ASM5205481v1	2025-08-16	Acinetobacter baumannii		AB-18_FGL					GCF_052054815.1-RS_2025_08_16	Complete Genome	2025-08-16		6	Acinetobacter baumannii
GCF_052055445.1	ASM5205544v1	2025-08-16	Acinetobacter baumannii		AB-12_FGL					GCF_052055445.1-RS_2025_08_16	Complete Genome	2025-08-16		2	Acinetobacter baumannii
GCF_052055465.1	ASM5205546v1	2025-08-16	Acinetobacter baumannii		AB-3_FGL					GCF_052055465.1-RS_2025_08_16	Complete Genome	2025-08-16		5	Acinetobacter baumannii
GCF_052054865.1	ASM5205486v1	2025-08-16	Acinetobacter baumannii		AB-14_FGL					GCF_052054865.1-RS_2025_08_16	Complete Genome	2025-08-16		7	Acinetobacter baumannii
GCF_052054135.1	ASM5205413v1	2025-08-16	Acinetobacter baumannii		AB-20_FGL					GCF_052054135.1-RS_2025_08_16	Complete Genome	2025-08-16		7	Acinetobacter baumannii
GCF_052054115.1	ASM5205411v1	2025-08-16	Acinetobacter baumannii		AB-25_FGL					GCF_052054115.1-RS_2025_08_16	Complete Genome	2025-08-16		3	Acinetobacter baumannii
GCF_052053485.1	ASM5205348v1	2025-08-16	Acinetobacter baumannii		AB-34_FGL					GCF_052053485.1-RS_2025_08_16	Complete Genome	2025-08-16		3	Acinetobacter baumannii
GCF_052055455.1	ASM5205545v1	2025-08-16	Acinetobacter baumannii		AB-10_FGL					GCF_052055455.1-RS_2025_08_16	Complete Genome	2025-08-16		4	Acinetobacter baumannii
GCF_052053505.1	ASM5205350v1	2025-08-16	Acinetobacter baumannii		AB-26_FGL					GCF_052053505.1-RS_2025_08_16	Complete Genome	2025-08-16		7	Acinetobacter baumannii
GCF_052052845.1	ASM5205284v1	2025-08-16	Acinetobacter baumannii		AB-37_FGL					GCF_052052845.1-RS_2025_08_16	Complete Genome	2025-08-16		2	Acinetobacter baumannii
GCF_052040225.1	ASM5204022v1	2025-08-15	Acinetobacter baumannii		AB26-AUFP					GCF_052040225.1-RS_2025_08_15	Complete Genome	2025-08-16		2	Acinetobacter baumannii
GCF_052040695.1	ASM5204069v1	2025-08-15	Acinetobacter baumannii		AB16-AUFP					GCF_052040695.1-RS_2025_08_15	Complete Genome	2025-08-16		3	Acinetobacter baumannii
GCF_052052195.1	ASM5205219v1	2025-08-15	Acinetobacter baumannii		AB-40_FGL					GCF_052052195.1-RS_2025_08_15	Complete Genome	2025-08-16		5	Acinetobacter baumannii
GCF_052051545.1	ASM5205154v1	2025-08-15	Acinetobacter baumannii		AB-41_FGL					GCF_052051545.1-RS_2025_08_15	Complete Genome	2025-08-16		2	Acinetobacter baumannii
GCF_052052205.1	ASM5205220v1	2025-08-15	Acinetobacter baumannii		AB-39_FGL					GCF_052052205.1-RS_2025_08_15	Complete Genome	2025-08-16		3	Acinetobacter baumannii
GCF_030718975.1	ASM3071897v1	2025-08-13	Acinetobacter baumannii		2022CK-00066					GCF_030718975.1-RS_2025_08_13	Complete Genome	2023-08-14		2	Acinetobacter baumannii
GCF_051932685.1	ASM5193268v1	2025-08-13	Acinetobacter baumannii		144AB_F11_FAQ07850_BC01					GCF_051932685.1-RS_2025_08_13	Complete Genome	2025-08-13		2	Acinetobacter baumannii
GCF_051941085.1	ASM5194108v1	2025-08-13	Acinetobacter baumannii		17978rif					GCF_051941085.1-RS_2025_08_13	Complete Genome	2025-08-13		4	Acinetobacter baumannii
GCF_024426665.1	ASM2442666v1	2025-08-10	Acinetobacter baumannii		Cl107					GCF_024426665.1-RS_2025_08_10	Complete Genome	2022-07-25		2	Acinetobacter baumannii
GCF_029767905.1	ASM2976790v3	2025-08-10	Acinetobacter baumannii		2023CK-00423					GCF_029767905.1-RS_2025_08_10	Complete Genome	2023-08-05		3	Acinetobacter baumannii
GCF_030585385.1	ASM3058538v1	2025-08-10	Acinetobacter baumannii		19WIARLN011_full					GCF_030585385.1-RS_2025_08_10	Complete Genome	2023-08-02		3	Acinetobacter baumannii
GCF_030585345.1	ASM3058534v1	2025-08-10	Acinetobacter baumannii		19WIARLN023_full					GCF_030585345.1-RS_2025_08_10	Complete Genome	2023-08-02		3	Acinetobacter baumannii
GCF_030585225.1	ASM3058522v1	2025-08-10	Acinetobacter baumannii		18WIARLN0035					GCF_030585225.1-RS_2025_08_10	Complete Genome	2023-08-02		3	Acinetobacter baumannii
GCF_030585245.1	ASM3058524v1	2025-08-10	Acinetobacter baumannii		18WIARLN0025					GCF_030585245.1-RS_2025_08_10	Complete Genome	2023-08-02		3	Acinetobacter baumannii
GCF_024181765.1	ASM2418176v1	2025-07-23	Acinetobacter pittii		AbW39					GCF_024181765.1-RS_2025_07_23	Complete Genome	2022-07-07		3	Acinetobacter pittii
GCF_024083765.1	ASM2408376v1	2025-07-19	Acinetobacter pittii		TCM					GCF_024083765.1-RS_2025_07_19	Complete Genome	2022-06-30		5	Acinetobacter pittii
GCF_023922005.1	ASM2392200v1	2025-07-19	Acinetobacter pittii		Ap-W20					GCF_023922005.1-RS_2025_07_19	Complete Genome	2022-06-27		5	Acinetobacter pittii
GCF_043084955.2	624-B_genome_closed.fasta	2025-06-29	Acinetobacter pittii		624-B					GCF_043084955.2-RS_2025_06_29	Complete Genome	2025-05-13		1	Acinetobacter pittii
GCF_040214375.1	ASM4021437v1	2025-06-26	Acinetobacter pittii		bac73					GCF_040214375.1-RS_2025_06_26	Complete Genome	2024-06-20		1	Acinetobacter pittii
GCF_029987435.1	ASM2998743v1	2025-06-12	Acinetobacter pittii		SO1					GCF_029987435.1-RS_2025_06_12	Complete Genome	2023-05-11		1	Acinetobacter pittii
GCF_020535225.1	ASM2053522v1	2025-06-11	Acinetobacter pittii		CEP14					GCF_020535225.1-RS_2025_06_11	Complete Genome	2021-10-20		4	Acinetobacter pittii
GCF_029906465.1	ASM2990646v1	2025-06-10	Acinetobacter pittii		AP8900					GCF_029906465.1-RS_2025_06_10	Complete Genome	2023-04-30		5	Acinetobacter pittii
GCF_029873195.1	ASM2987319v1	2025-06-10	Acinetobacter pittii		BM4623					GCF_029873195.1-RS_2025_06_10	Complete Genome	2023-04-26		2	Acinetobacter pittii
GCF_019703265.1	ASM1970326v1	2025-05-26	Acinetobacter pittii		OCU Ac17					GCF_019703265.1-RS_2025_05_26	Complete Genome	2021-07-07		4	Acinetobacter pittii
GCF_029025705.1	ASM2902570v1	2025-05-18	Acinetobacter pittii		ML4					GCF_029025705.1-RS_2025_05_18	Complete Genome	2023-03-08		3	Acinetobacter pittii
GCF_050367435.1	De novo	2025-05-15	Acinetobacter pittii		KBN12P06770					GCF_050367435.1-RS_2025_05_15	Complete Genome	2025-05-15		4	Acinetobacter pittii
GCF_038441175.1	ASM3844117v1	2025-05-01	Acinetobacter pittii		2014S07-126					GCF_038441175.1-RS_2025_05_01	Complete Genome	2024-04-25		5	Acinetobacter pittii
GCF_038441165.1	ASM3844116v1	2025-05-01	Acinetobacter pittii		2012N08-034					GCF_038441165.1-RS_2025_05_01	Complete Genome	2024-04-25		6	Acinetobacter pittii
GCF_049244295.1	ASM4924429v1	2025-04-14	Acinetobacter pittii		IrC1					GCF_049244295.1-RS_2025_04_14	Complete Genome	2025-04-04		2	Acinetobacter pittii
GCF_049177095.1	ASM4917709v1	2025-03-31	Acinetobacter pittii		ERTCM					GCF_049177095.1-RS_2025_03_31	Complete Genome	2025-04-03		4	Acinetobacter pittii
GCF_002863745.1	ASM286374v1	2025-03-24	Acinetobacter pittii		XJ88					GCF_002863745.1-RS_2025_03_24	Complete Genome	2018-01-05		2	Acinetobacter pittii
GCF_002158945.1	ASM215894v1	2025-03-23	Acinetobacter pittii		HUMV-6483					GCF_002158945.1-RS_2025_03_23	Complete Genome	2017-05-30		2	Acinetobacter pittii
GCF_002012285.1	ASM201228v1	2025-03-23	Acinetobacter pittii		YMC2010/8/T346					GCF_002012285.1-RS_2025_03_23	Complete Genome	2017-03-03		2	Acinetobacter pittii
GCF_023669645.2	ASM2366964v2	2025-03-16	Acinetobacter pittii		A45P					GCF_023669645.2-RS_2025_03_16	Complete Genome	2024-01-23		4	Acinetobacter pittii
GCF_036320525.1	ASM3632052v1	2025-03-12	Acinetobacter pittii		AR3651					GCF_036320525.1-RS_2025_03_12	Complete Genome	2024-01-31		3	Acinetobacter pittii
GCF_036320505.1	ASM3632050v1	2025-03-12	Acinetobacter pittii		AR3676					GCF_036320505.1-RS_2025_03_12	Complete Genome	2024-01-31		8	Acinetobacter pittii
GCF_034424115.1	ASM3442411v1	2025-03-10	Acinetobacter pittii		CARB128					GCF_034424115.1-RS_2025_03_10	Complete Genome	2023-12-17		6	Acinetobacter pittii
GCF_019047205.1	ASM1904720v1	2025-02-26	Acinetobacter pittii		FDAARGOS 1399					GCF_019047205.1-RS_2025_02_26	Complete Genome	2021-06-28		4	Acinetobacter pittii
GCF_003956065.1	ASM395606v1	2025-02-26	Acinetobacter pittii		ST220					GCF_003956065.1-RS_2025_02_26	Complete Genome	2018-12-19		2	Acinetobacter pittii
GCF_019047185.1	ASM1904718v1	2025-02-26	Acinetobacter pittii		FDAARGOS 1397					GCF_019047185.1-RS_2025_02_26	Complete Genome	2021-06-28		4	Acinetobacter pittii
GCF_011996285.1	ASM1199628v1	2025-02-26	Acinetobacter pittii		A1254					GCF_011996285.1-RS_2025_02_26	Complete Genome	2020-04-03		5	Acinetobacter pittii
GCF_003051965.2	ASM305196v2	2025-02-26	Acinetobacter pittii		WCHAP005046					GCF_003051965.2-RS_2025_02_26	Complete Genome	2019-08-19		6	Acinetobacter pittii
GCF_020544425.1	ASM2054442v1	2025-02-26	Acinetobacter pittii		32292					GCF_020544425.1-RS_2025_02_26	Complete Genome	2021-10-25		1	Acinetobacter pittii
GCF_002902805.2	ASM290280v2	2025-02-26	Acinetobacter pittii		WCHAP005069					GCF_002902805.2-RS_2025_02_26	Complete Genome	2019-08-19		4	Acinetobacter pittii
GCF_009931315.1	ASM993131v1	2025-02-26	Acinetobacter pittii		NQ-003					GCF_009931315.1-RS_2025_02_26	Complete Genome	2020-01-27		1	Acinetobacter pittii
GCF_016889825.1	ASM1688982v1	2025-02-26	Acinetobacter pittii		FDAARGOS_1214					GCF_016889825.1-RS_2025_02_26	Complete Genome	2021-02-15		5	Acinetobacter pittii
GCF_016804045.1	ASM1680404v1	2025-02-26	Acinetobacter pittii		JXA13					GCF_016804045.1-RS_2025_02_26	Complete Genome	2021-02-03		2	Acinetobacter pittii
GCF_008121475.1	ASM812147v1	2025-02-26	Acinetobacter pittii		AP43					GCF_008121475.1-RS_2025_02_26	Complete Genome	2019-08-28		4	Acinetobacter pittii
GCF_008694085.1	ASM869408v1	2025-02-26	Acinetobacter pittii		AB17H194					GCF_008694085.1-RS_2025_02_26	Complete Genome	2019-09-25		3	Acinetobacter pittii
GCF_002999215.3	ASM299921v3	2025-02-26	Acinetobacter pittii		WCHAP100020					GCF_002999215.3-RS_2025_02_26	Complete Genome	2019-08-16		4	Acinetobacter pittii
GCF_019046965.1	ASM1904696v1	2025-02-26	Acinetobacter pittii		FDAARGOS 1398					GCF_019046965.1-RS_2025_02_26	Complete Genome	2021-06-28		1	Acinetobacter pittii
GCF_019048225.1	ASM1904822v1	2025-02-26	Acinetobacter pittii		FDAARGOS 1396					GCF_019048225.1-RS_2025_02_26	Complete Genome	2021-06-28		5	Acinetobacter pittii
GCF_007954485.1	ASM795448v1	2025-02-23	Acinetobacter pittii		C54					GCF_007954485.1-RS_2025_02_23	Complete Genome	2019-08-11		7	Acinetobacter pittii
GCF_002999115.2	ASM299911v2	2025-02-21	Acinetobacter pittii		WCHAP100004					GCF_002999115.2-RS_2025_02_21	Complete Genome	2019-08-19		4	Acinetobacter pittii
GCF_016889305.1	ASM1688930v1	2025-02-21	Acinetobacter pittii		FDAARGOS_1217					GCF_016889305.1-RS_2025_02_21	Complete Genome	2021-02-15		3	Acinetobacter pittii
GCF_016889345.1	ASM1688934v1	2025-02-21	Acinetobacter pittii		FDAARGOS_1215					GCF_016889345.1-RS_2025_02_21	Complete Genome	2021-02-15		5	Acinetobacter pittii
GCF_014168695.1	ASM1416869v1	2025-02-20	Acinetobacter pittii		WP2-W18-ESBL-11					GCF_014168695.1-RS_2025_02_20	Complete Genome	2020-07-21		4	Acinetobacter pittii
GCF_016890065.1	ASM1689006v1	2025-02-20	Acinetobacter pittii		FDAARGOS_1216					GCF_016890065.1-RS_2025_02_20	Complete Genome	2021-02-15		1	Acinetobacter pittii
GCF_001577285.1	ASM157728v1	2025-02-19	Acinetobacter pittii		AP_882					GCF_001577285.1-RS_2025_02_19	Complete Genome	2016-02-29		3	Acinetobacter pittii
GCF_001617545.1	ASM161754v1	2025-02-19	Acinetobacter pittii		IEC338SC					GCF_001617545.1-RS_2025_02_19	Complete Genome	2016-04-08		4	Acinetobacter pittii
GCF_047777925.1	ASM4777792v1	2025-02-16	Acinetobacter pittii		AP5091					GCF_047777925.1-RS_2025_02_16	Complete Genome	2025-02-16		1	Acinetobacter pittii
GCF_034073245.1	ASM3407324v1	2025-02-06	Acinetobacter pittii		AE13					GCF_034073245.1-RS_2025_02_06	Complete Genome	2023-12-04		4	Acinetobacter pittii
GCF_034063485.1	ASM3406348v1	2025-02-05	Acinetobacter pittii		HCG18					GCF_034063485.1-RS_2025_02_05	Complete Genome	2023-12-04		1	Acinetobacter pittii
GCF_034071845.1	ASM3407184v1	2025-02-05	Acinetobacter pittii		HCG62					GCF_034071845.1-RS_2025_02_05	Complete Genome	2023-12-04		5	Acinetobacter pittii
GCF_041273615.2	ASM4127361v1	2025-08-27	Actinobacillus pleuropneumoniae		ZJXS2022					GCF_041273615.2-RS_2025_08_27	Complete Genome	2024-08-15		2	Actinobacillus pleuropneumoniae
GCF_900638445.1	57675_E01	2025-08-25	Actinobacillus pleuropneumoniae		NCTC10976					GCF_900638445.1-RS_2025_08_25	Complete Genome	2018-12-20		1	Actinobacillus pleuropneumoniae
GCF_000015885.1	ASM1588v1	2025-08-18	Actinobacillus pleuropneumoniae serovar 5b str. L20		L20					GCF_000015885.1-RS_2025_08_18	Complete Genome	2007-02-23		1	Actinobacillus pleuropneumoniae
GCF_019264705.1	ASM1926470v1	2025-08-17	Actinobacillus pleuropneumoniae serovar 8 str. 405		405					GCF_019264705.1-RS_2025_08_17	Complete Genome	2021-07-18		1	Actinobacillus pleuropneumoniae
GCF_023921245.1	ASM2392124v1	2025-07-04	Actinobacillus pleuropneumoniae		SC1810					GCF_023921245.1-RS_2025_07_04	Complete Genome	2022-06-27		2	Actinobacillus pleuropneumoniae
GCF_050920885.1	ASM5092088v1	2025-06-16	Actinobacillus pleuropneumoniae		2725					GCF_050920885.1-RS_2025_06_16	Complete Genome	2025-06-17		2	Actinobacillus pleuropneumoniae
GCF_050920875.1	ASM5092087v1	2025-06-16	Actinobacillus pleuropneumoniae		803					GCF_050920875.1-RS_2025_06_16	Complete Genome	2025-06-17		2	Actinobacillus pleuropneumoniae
GCF_050920905.1	ASM5092090v1	2025-06-16	Actinobacillus pleuropneumoniae		14-008					GCF_050920905.1-RS_2025_06_16	Complete Genome	2025-06-17		4	Actinobacillus pleuropneumoniae
GCF_023520775.1	ASM2352077v1	2025-05-27	Actinobacillus pleuropneumoniae		GD2107					GCF_023520775.1-RS_2025_05_27	Complete Genome	2022-05-23		3	Actinobacillus pleuropneumoniae
GCF_050319635.1	ASM5031963v1	2025-05-13	Actinobacillus pleuropneumoniae		21-001-2					GCF_050319635.1-RS_2025_05_13	Complete Genome	2025-05-14		1	Actinobacillus pleuropneumoniae
GCF_050319645.1	ASM5031964v1	2025-05-13	Actinobacillus pleuropneumoniae		21-001-1					GCF_050319645.1-RS_2025_05_13	Complete Genome	2025-05-14		1	Actinobacillus pleuropneumoniae
GCF_050319815.1	ASM5031981v1	2025-05-13	Actinobacillus pleuropneumoniae		19-073					GCF_050319815.1-RS_2025_05_13	Complete Genome	2025-05-14		1	Actinobacillus pleuropneumoniae
GCF_050319905.1	ASM5031990v1	2025-05-13	Actinobacillus pleuropneumoniae		15-007					GCF_050319905.1-RS_2025_05_13	Complete Genome	2025-05-14		1	Actinobacillus pleuropneumoniae
GCF_050320035.1	ASM5032003v1	2025-05-13	Actinobacillus pleuropneumoniae		19-068					GCF_050320035.1-RS_2025_05_13	Complete Genome	2025-05-14		1	Actinobacillus pleuropneumoniae
GCF_050319975.1	ASM5031997v1	2025-05-13	Actinobacillus pleuropneumoniae		A05-0660-4					GCF_050319975.1-RS_2025_05_13	Complete Genome	2025-05-14		1	Actinobacillus pleuropneumoniae
GCF_050319895.1	ASM5031989v1	2025-05-13	Actinobacillus pleuropneumoniae		16-058					GCF_050319895.1-RS_2025_05_13	Complete Genome	2025-05-14		1	Actinobacillus pleuropneumoniae
GCF_050319965.1	ASM5031996v1	2025-05-13	Actinobacillus pleuropneumoniae		A05-0565-2					GCF_050319965.1-RS_2025_05_13	Complete Genome	2025-05-14		5	Actinobacillus pleuropneumoniae
GCF_050319855.1	ASM5031985v1	2025-05-13	Actinobacillus pleuropneumoniae		18-053					GCF_050319855.1-RS_2025_05_13	Complete Genome	2025-05-14		2	Actinobacillus pleuropneumoniae
GCF_050319985.1	ASM5031998v1	2025-05-13	Actinobacillus pleuropneumoniae		17-071					GCF_050319985.1-RS_2025_05_13	Complete Genome	2025-05-14		1	Actinobacillus pleuropneumoniae
GCF_050319715.1	ASM5031971v1	2025-05-13	Actinobacillus pleuropneumoniae		12-038					GCF_050319715.1-RS_2025_05_13	Complete Genome	2025-05-14		1	Actinobacillus pleuropneumoniae
GCF_050319595.1	ASM5031959v1	2025-05-13	Actinobacillus pleuropneumoniae		KG1616					GCF_050319595.1-RS_2025_05_13	Complete Genome	2025-05-14		1	Actinobacillus pleuropneumoniae
GCF_050319505.1	ASM5031950v1	2025-05-13	Actinobacillus pleuropneumoniae		A05-0185-2					GCF_050319505.1-RS_2025_05_13	Complete Genome	2025-05-14		3	Actinobacillus pleuropneumoniae
GCF_050319945.1	ASM5031994v1	2025-05-13	Actinobacillus pleuropneumoniae		17-030					GCF_050319945.1-RS_2025_05_13	Complete Genome	2025-05-14		1	Actinobacillus pleuropneumoniae
GCF_050319915.1	ASM5031991v1	2025-05-13	Actinobacillus pleuropneumoniae		16-038					GCF_050319915.1-RS_2025_05_13	Complete Genome	2025-05-14		2	Actinobacillus pleuropneumoniae
GCF_050319935.1	ASM5031993v1	2025-05-13	Actinobacillus pleuropneumoniae		15-014					GCF_050319935.1-RS_2025_05_13	Complete Genome	2025-05-14		2	Actinobacillus pleuropneumoniae
GCF_050319665.1	ASM5031966v1	2025-05-13	Actinobacillus pleuropneumoniae		12-011					GCF_050319665.1-RS_2025_05_13	Complete Genome	2025-05-14		1	Actinobacillus pleuropneumoniae
GCF_050319675.1	ASM5031967v1	2025-05-13	Actinobacillus pleuropneumoniae		12-066-2					GCF_050319675.1-RS_2025_05_13	Complete Genome	2025-05-14		2	Actinobacillus pleuropneumoniae
GCF_050319735.1	ASM5031973v1	2025-05-13	Actinobacillus pleuropneumoniae		14-018					GCF_050319735.1-RS_2025_05_13	Complete Genome	2025-05-14		2	Actinobacillus pleuropneumoniae
GCF_050319765.1	ASM5031976v1	2025-05-13	Actinobacillus pleuropneumoniae		14-054					GCF_050319765.1-RS_2025_05_13	Complete Genome	2025-05-14		2	Actinobacillus pleuropneumoniae
GCF_050319725.1	ASM5031972v1	2025-05-13	Actinobacillus pleuropneumoniae		13-046-2					GCF_050319725.1-RS_2025_05_13	Complete Genome	2025-05-14		2	Actinobacillus pleuropneumoniae
GCF_050320045.1	ASM5032004v1	2025-05-13	Actinobacillus pleuropneumoniae		A04-1484					GCF_050320045.1-RS_2025_05_13	Complete Genome	2025-05-14		2	Actinobacillus pleuropneumoniae
GCF_050319685.1	ASM5031968v1	2025-05-13	Actinobacillus pleuropneumoniae		13-012					GCF_050319685.1-RS_2025_05_13	Complete Genome	2025-05-14		2	Actinobacillus pleuropneumoniae
GCF_050319875.1	ASM5031987v1	2025-05-13	Actinobacillus pleuropneumoniae		15-071-1					GCF_050319875.1-RS_2025_05_13	Complete Genome	2025-05-14		2	Actinobacillus pleuropneumoniae
GCF_050319865.1	ASM5031986v1	2025-05-13	Actinobacillus pleuropneumoniae		15-071-2					GCF_050319865.1-RS_2025_05_13	Complete Genome	2025-05-14		2	Actinobacillus pleuropneumoniae
GCF_050319745.1	ASM5031974v1	2025-05-13	Actinobacillus pleuropneumoniae		14-032					GCF_050319745.1-RS_2025_05_13	Complete Genome	2025-05-14		2	Actinobacillus pleuropneumoniae
GCF_050319995.1	ASM5031999v1	2025-05-13	Actinobacillus pleuropneumoniae		19-014					GCF_050319995.1-RS_2025_05_13	Complete Genome	2025-05-14		2	Actinobacillus pleuropneumoniae
GCF_050320015.1	ASM5032001v1	2025-05-13	Actinobacillus pleuropneumoniae		17-013					GCF_050320015.1-RS_2025_05_13	Complete Genome	2025-05-14		1	Actinobacillus pleuropneumoniae
GCF_050319925.1	ASM5031992v1	2025-05-13	Actinobacillus pleuropneumoniae		13-035					GCF_050319925.1-RS_2025_05_13	Complete Genome	2025-05-14		2	Actinobacillus pleuropneumoniae
GCF_050320005.1	ASM5032000v1	2025-05-13	Actinobacillus pleuropneumoniae		A04-0696					GCF_050320005.1-RS_2025_05_13	Complete Genome	2025-05-14		2	Actinobacillus pleuropneumoniae
GCF_050319835.1	ASM5031983v1	2025-05-13	Actinobacillus pleuropneumoniae		17-059-2					GCF_050319835.1-RS_2025_05_13	Complete Genome	2025-05-14		2	Actinobacillus pleuropneumoniae
GCF_050320115.1	ASM5032011v1	2025-05-13	Actinobacillus pleuropneumoniae		17-059-3					GCF_050320115.1-RS_2025_05_13	Complete Genome	2025-05-14		2	Actinobacillus pleuropneumoniae
GCF_050319845.1	ASM5031984v1	2025-05-13	Actinobacillus pleuropneumoniae		17-059-1					GCF_050319845.1-RS_2025_05_13	Complete Genome	2025-05-14		2	Actinobacillus pleuropneumoniae
GCF_050319605.1	ASM5031960v1	2025-05-13	Actinobacillus pleuropneumoniae		21-001-3					GCF_050319605.1-RS_2025_05_13	Complete Genome	2025-05-14		2	Actinobacillus pleuropneumoniae
GCF_050319825.1	ASM5031982v1	2025-05-13	Actinobacillus pleuropneumoniae		15-015					GCF_050319825.1-RS_2025_05_13	Complete Genome	2025-05-14		2	Actinobacillus pleuropneumoniae
GCF_050319615.1	ASM5031961v1	2025-05-13	Actinobacillus pleuropneumoniae		8329/85					GCF_050319615.1-RS_2025_05_13	Complete Genome	2025-05-14		1	Actinobacillus pleuropneumoniae
GCF_050319655.1	ASM5031965v1	2025-05-13	Actinobacillus pleuropneumoniae		13-008-2					GCF_050319655.1-RS_2025_05_13	Complete Genome	2025-05-14		1	Actinobacillus pleuropneumoniae
GCF_050319545.1	ASM5031954v1	2025-05-13	Actinobacillus pleuropneumoniae		13-008-1					GCF_050319545.1-RS_2025_05_13	Complete Genome	2025-05-14		1	Actinobacillus pleuropneumoniae
GCF_050319535.1	ASM5031953v1	2025-05-13	Actinobacillus pleuropneumoniae		13-074					GCF_050319535.1-RS_2025_05_13	Complete Genome	2025-05-14		1	Actinobacillus pleuropneumoniae
GCF_050319885.1	ASM5031988v1	2025-05-13	Actinobacillus pleuropneumoniae		17-039					GCF_050319885.1-RS_2025_05_13	Complete Genome	2025-05-14		1	Actinobacillus pleuropneumoniae
GCF_050320025.1	ASM5032002v1	2025-05-13	Actinobacillus pleuropneumoniae		18-008					GCF_050320025.1-RS_2025_05_13	Complete Genome	2025-05-14		1	Actinobacillus pleuropneumoniae
GCF_030516985.1	ASM3051698v1	2025-07-21	Aeromonas caviae		OT55					GCF_030516985.1-RS_2025_07_21	Complete Genome	2023-07-21		1	Aeromonas caviae
GCF_024218755.1	ASM2421875v1	2025-07-20	Aeromonas caviae		FAHZZU2447					GCF_024218755.1-RS_2025_07_20	Complete Genome	2022-07-12		3	Aeromonas caviae
GCF_030505675.1	ASM3050567v1	2025-07-18	Aeromonas caviae		WZDHY22015					GCF_030505675.1-RS_2025_07_18	Complete Genome	2023-07-19		1	Aeromonas caviae
GCF_023921525.1	ASM2392152v1	2025-07-04	Aeromonas caviae		21006					GCF_023921525.1-RS_2025_07_04	Complete Genome	2022-06-27		1	Aeromonas caviae
GCF_050517515.1	ASM5051751v1	2025-05-23	Aeromonas caviae		AECA21					GCF_050517515.1-RS_2025_05_23	Complete Genome	2025-05-23		2	Aeromonas caviae
GCF_013487965.1	ASM1348796v1	2025-05-22	Aeromonas caviae		NY4617					GCF_013487965.1-RS_2025_05_22	Complete Genome	2020-07-23		1	Aeromonas caviae
GCF_029961805.1	ASM2996180v1	2025-05-12	Aeromonas caviae		W3					GCF_029961805.1-RS_2025_05_12	Complete Genome	2023-05-10		4	Aeromonas caviae
GCF_038442205.1	ASM3844220v1	2025-04-24	Aeromonas caviae		A20-9					GCF_038442205.1-RS_2025_04_24	Complete Genome	2024-04-25		2	Aeromonas caviae
GCF_029025765.1	ASM2902576v1	2025-04-16	Aeromonas caviae		K524					GCF_029025765.1-RS_2025_04_16	Complete Genome	2023-03-08		3	Aeromonas caviae
GCF_029773025.1	ASM2977302v1	2025-04-16	Aeromonas caviae		FIONA 16800					GCF_029773025.1-RS_2025_04_16	Complete Genome	2023-04-17		3	Aeromonas caviae
GCF_022343945.1	ASM2234394v1	2025-04-14	Aeromonas caviae		211703					GCF_022343945.1-RS_2025_04_14	Complete Genome	2022-02-20		1	Aeromonas caviae
GCF_028884875.1	ASM2888487v1	2025-04-14	Aeromonas caviae		CYEY0630					GCF_028884875.1-RS_2025_04_14	Complete Genome	2023-02-28		2	Aeromonas caviae
GCF_029590475.1	ASM2959047v1	2025-04-14	Aeromonas caviae		AC1520					GCF_029590475.1-RS_2025_04_14	Complete Genome	2023-04-05		2	Aeromonas caviae
GCF_037816745.1	ASM3781674v1	2025-04-05	Aeromonas caviae		BE3					GCF_037816745.1-RS_2025_04_05	Complete Genome	2024-04-06		2	Aeromonas caviae
GCF_014169735.1	ASM1416973v1	2025-04-03	Aeromonas caviae		WP8-S18-ESBL-04					GCF_014169735.1-RS_2025_04_03	Complete Genome	2020-07-21		2	Aeromonas caviae
GCF_026651325.1	ASM2665132v1	2025-03-25	Aeromonas caviae		BC02					GCF_026651325.1-RS_2025_03_25	Complete Genome	2022-12-05		5	Aeromonas caviae
GCF_026651305.1	ASM2665130v1	2025-03-25	Aeromonas caviae		BC01					GCF_026651305.1-RS_2025_03_25	Complete Genome	2022-12-05		5	Aeromonas caviae
GCF_026651405.1	ASM2665140v1	2025-03-25	Aeromonas caviae		BC11					GCF_026651405.1-RS_2025_03_25	Complete Genome	2022-12-05		6	Aeromonas caviae
GCF_015508545.1	ASM1550854v2	2025-03-23	Aeromonas caviae		KAM329					GCF_015508545.1-RS_2025_03_23	Complete Genome	2020-12-09		6	Aeromonas caviae
GCF_016861425.1	ASM1686142v1	2025-03-23	Aeromonas caviae		KAM376					GCF_016861425.1-RS_2025_03_23	Complete Genome	2021-01-20		8	Aeromonas caviae
GCF_016728865.1	ASM1672886v1	2025-03-23	Aeromonas caviae					Aero19		GCF_016728865.1-RS_2025_03_23	Complete Genome	2021-01-20		2	Aeromonas caviae
GCF_021654375.1	ASM2165437v1	2025-03-13	Aeromonas caviae		NUITM-VA2					GCF_021654375.1-RS_2025_03_13	Complete Genome	2021-11-27		1	Aeromonas caviae
GCF_047777995.1	ASM4777799v1	2025-02-16	Aeromonas caviae		BJ042					GCF_047777995.1-RS_2025_02_16	Complete Genome	2025-02-16		1	Aeromonas caviae
GCF_047778015.1	ASM4777801v1	2025-02-16	Aeromonas caviae		BJ093					GCF_047778015.1-RS_2025_02_16	Complete Genome	2025-02-16		1	Aeromonas caviae
GCF_014168635.1	ASM1416863v1	2025-02-13	Aeromonas caviae		WP2-W18-ESBL-01					GCF_014168635.1-RS_2025_02_13	Complete Genome	2020-07-21		2	Aeromonas caviae
GCF_003925855.2	ASM392585v2	2025-02-12	Aeromonas caviae		GSH8M-1					GCF_003925855.2-RS_2025_02_12	Complete Genome	2019-02-14		4	Aeromonas caviae
GCF_021609985.1	ASM2160998v1	2025-01-30	Aeromonas caviae		SCLZS52					GCF_021609985.1-RS_2025_01_30	Complete Genome	2022-01-26		9	Aeromonas caviae
GCF_020640975.1	ASM2064097v1	2025-01-30	Aeromonas caviae		71485					GCF_020640975.1-RS_2025_01_30	Complete Genome	2021-10-27		2	Aeromonas caviae
GCF_013488005.1	ASM1348800v1	2025-01-29	Aeromonas caviae		1605-27183					GCF_013488005.1-RS_2025_01_29	Complete Genome	2020-07-23		1	Aeromonas caviae
GCF_014158455.1	ASM1415845v1	2025-01-29	Aeromonas caviae		WP3-S18-ESBL-02					GCF_014158455.1-RS_2025_01_29	Complete Genome	2020-07-21		1	Aeromonas caviae
GCF_014169235.1	ASM1416923v1	2025-01-29	Aeromonas caviae		WP5-W18-ESBL-02					GCF_014169235.1-RS_2025_01_29	Complete Genome	2020-07-21		2	Aeromonas caviae
GCF_003294855.2	ASM329485v2	2025-01-29	Aeromonas caviae		R25-6					GCF_003294855.2-RS_2025_01_29	Complete Genome	2020-07-16		2	Aeromonas caviae
GCF_019972775.1	ASM1997277v2	2025-01-29	Aeromonas caviae		KAM345					GCF_019972775.1-RS_2025_01_29	Complete Genome	2021-08-05		7	Aeromonas caviae
GCF_019973835.1	ASM1997383v2	2025-01-29	Aeromonas caviae		KAM339					GCF_019973835.1-RS_2025_01_29	Complete Genome	2021-08-05		8	Aeromonas caviae
GCF_014169675.1	ASM1416967v1	2025-01-29	Aeromonas caviae		WP8-S18-CRE-01					GCF_014169675.1-RS_2025_01_29	Complete Genome	2020-07-21		4	Aeromonas caviae
GCF_013487985.1	ASM1348798v1	2025-01-29	Aeromonas caviae		1507-17068					GCF_013487985.1-RS_2025_01_29	Complete Genome	2020-07-23		1	Aeromonas caviae
GCF_016598815.1	ASM1659881v1	2025-01-29	Aeromonas caviae		Aero52					GCF_016598815.1-RS_2025_01_29	Complete Genome	2021-01-10		4	Aeromonas caviae
GCF_014162015.1	ASM1416201v1	2025-01-29	Aeromonas caviae		WP8-S17-ESBL-03					GCF_014162015.1-RS_2025_01_29	Complete Genome	2020-07-21		1	Aeromonas caviae
GCF_007179295.1	ASM717929v1	2025-01-28	Aeromonas caviae		WCW1-2					GCF_007179295.1-RS_2025_01_28	Complete Genome	2019-07-19		1	Aeromonas caviae
GCF_000783775.2	ASM78377v2	2025-01-28	Aeromonas caviae		FDAARGOS_72					GCF_000783775.2-RS_2025_01_28	Complete Genome	2018-01-29		1	Aeromonas caviae
GCF_034424415.1	ASM3442441v1	2025-01-23	Aeromonas caviae		HAMBI_1972					GCF_034424415.1-RS_2025_01_23	Complete Genome	2023-12-17		1	Aeromonas caviae
GCF_046764205.1	ASM4676420v1	2025-01-20	Aeromonas caviae		QZ63					GCF_046764205.1-RS_2025_01_20	Complete Genome	2025-01-20		1	Aeromonas caviae
GCF_900476005.1	51438_H01	2024-12-11	Aeromonas caviae		NCTC12244					GCF_900476005.1-RS_2024_12_11	Complete Genome	2018-06-17		1	Aeromonas caviae
GCF_045571405.1	ASM4557140v1	2024-12-04	Aeromonas caviae		K523					GCF_045571405.1-RS_2024_12_04	Complete Genome	2024-12-06		4	Aeromonas caviae
GCF_026000055.1	ASM2600005v1	2024-11-26	Aeromonas caviae		KAM479					GCF_026000055.1-RS_2024_11_26	Complete Genome	2022-10-11		6	Aeromonas caviae
GCF_020181575.1	ASM2018157v1	2024-11-18	Aeromonas caviae		K433					GCF_020181575.1-RS_2024_11_18	Complete Genome	2021-09-30		1	Aeromonas caviae
GCF_020405325.1	ASM2040532v1	2024-11-18	Aeromonas caviae		71442					GCF_020405325.1-RS_2024_11_18	Complete Genome	2021-10-10		1	Aeromonas caviae
GCF_024347775.1	ASM2434777v1	2024-10-16	Aeromonas caviae		KAM643					GCF_024347775.1-RS_2024_10_16	Complete Genome	2022-07-06		4	Aeromonas caviae
GCF_024347715.1	ASM2434771v1	2024-10-16	Aeromonas caviae		KAM497					GCF_024347715.1-RS_2024_10_16	Complete Genome	2022-07-06		7	Aeromonas caviae
GCF_024347695.1	ASM2434769v1	2024-10-13	Aeromonas caviae		KAM471					GCF_024347695.1-RS_2024_10_13	Complete Genome	2022-07-06		5	Aeromonas caviae
GCF_022631195.1	ASM2263119v1	2025-08-31	Aeromonas hydrophila		AC133					GCF_022631195.1-RS_2025_08_31	Complete Genome	2022-03-20		1	Aeromonas hydrophila
GCF_022631175.1	ASM2263117v1	2025-08-31	Aeromonas hydrophila		AC185					GCF_022631175.1-RS_2025_08_31	Complete Genome	2022-03-20		1	Aeromonas hydrophila
GCF_052063265.1	ASM5206326v1	2025-08-16	Aeromonas hydrophila		3					GCF_052063265.1-RS_2025_08_16	Complete Genome	2025-08-17		3	Aeromonas hydrophila
GCF_052063275.1	ASM5206327v1	2025-08-16	Aeromonas hydrophila		4					GCF_052063275.1-RS_2025_08_16	Complete Genome	2025-08-17		3	Aeromonas hydrophila
GCF_052063285.1	ASM5206328v1	2025-08-16	Aeromonas hydrophila		2					GCF_052063285.1-RS_2025_08_16	Complete Genome	2025-08-17		3	Aeromonas hydrophila
GCF_052058845.1	ASM5205884v1	2025-08-16	Aeromonas hydrophila		AH-7					GCF_052058845.1-RS_2025_08_16	Complete Genome	2025-08-16		2	Aeromonas hydrophila
GCF_052059235.1	ASM5205923v1	2025-08-16	Aeromonas hydrophila		AH-34					GCF_052059235.1-RS_2025_08_16	Complete Genome	2025-08-16		3	Aeromonas hydrophila
GCF_052058835.1	ASM5205883v1	2025-08-16	Aeromonas hydrophila		AH-12					GCF_052058835.1-RS_2025_08_16	Complete Genome	2025-08-16		3	Aeromonas hydrophila
GCF_052059225.1	ASM5205922v1	2025-08-16	Aeromonas hydrophila		AH-32					GCF_052059225.1-RS_2025_08_16	Complete Genome	2025-08-16		3	Aeromonas hydrophila
GCF_052059325.1	ASM5205932v1	2025-08-16	Aeromonas hydrophila		AH-40					GCF_052059325.1-RS_2025_08_16	Complete Genome	2025-08-16		2	Aeromonas hydrophila
GCF_052050085.1	ASM5205008v1	2025-08-15	Aeromonas hydrophila		BIDMC_4854					GCF_052050085.1-RS_2025_08_15	Complete Genome	2025-08-16		3	Aeromonas hydrophila
GCF_004684305.1	ASM468430v1	2025-07-23	Aeromonas hydrophila		WCX23					GCF_004684305.1-RS_2025_07_23	Complete Genome	2019-04-07		2	Aeromonas hydrophila
GCF_003491225.1	ASM349122v1	2025-07-08	Aeromonas hydrophila		ZYAH72					GCF_003491225.1-RS_2025_07_08	Complete Genome	2018-09-07		1	Aeromonas hydrophila
GCF_023823085.1	ASM2382308v1	2025-06-25	Aeromonas hydrophila		Ah27					GCF_023823085.1-RS_2025_06_25	Complete Genome	2022-06-21		1	Aeromonas hydrophila
GCF_050887685.1	LP-2	2025-06-12	Aeromonas hydrophila		LP-2					GCF_050887685.1-RS_2025_06_12	Complete Genome	2025-06-13		1	Aeromonas hydrophila
GCF_039718985.1	ASM3971898v1	2025-05-22	Aeromonas hydrophila		SHSK47					GCF_039718985.1-RS_2025_05_22	Complete Genome	2024-05-23		1	Aeromonas hydrophila
GCF_029962325.1	ASM2996232v1	2025-05-13	Aeromonas hydrophila		NN-MR659					GCF_029962325.1-RS_2025_05_13	Complete Genome	2023-05-10		1	Aeromonas hydrophila
GCF_022982835.1	ASM2298283v1	2025-05-07	Aeromonas hydrophila		Ah2111					GCF_022982835.1-RS_2025_05_07	Complete Genome	2022-04-14		8	Aeromonas hydrophila
GCF_050039675.1	ASM5003967v1	2025-05-01	Aeromonas hydrophila		14B-LG1					GCF_050039675.1-RS_2025_05_01	Complete Genome	2025-05-13		1	Aeromonas hydrophila
GCF_001895965.1	ASM189596v1	2025-04-30	Aeromonas hydrophila		MX16A					GCF_001895965.1-RS_2025_04_30	Complete Genome	2016-12-09		1	Aeromonas hydrophila
GCF_022869925.1	ASM2286992v1	2025-04-26	Aeromonas hydrophila		PartN-Ahydrophila-RM8376					GCF_022869925.1-RS_2025_04_26	Complete Genome	2022-04-11		1	Aeromonas hydrophila
GCF_000633175.1	ASM63317v1	2025-04-23	Aeromonas hydrophila subsp. hydrophila AL09-71		AL09-71			4		GCF_000633175.1-RS_2025_04_23	Complete Genome	2014-04-18		1	Aeromonas hydrophila
GCF_011602425.1	ASM1160242v1	2025-04-19	Aeromonas hydrophila		LHW39					GCF_011602425.1-RS_2025_04_19	Complete Genome	2020-03-21		1	Aeromonas hydrophila
GCF_029773045.1	ASM2977304v1	2025-04-16	Aeromonas hydrophila		YURI 17					GCF_029773045.1-RS_2025_04_16	Complete Genome	2023-04-17		3	Aeromonas hydrophila
GCF_028994095.1	ASM2899409v1	2025-04-13	Aeromonas hydrophila		K522					GCF_028994095.1-RS_2025_04_13	Complete Genome	2023-03-05		5	Aeromonas hydrophila
GCF_004684325.1	ASM468432v1	2025-04-13	Aeromonas hydrophila		23-C-23					GCF_004684325.1-RS_2025_04_13	Complete Genome	2019-04-07		2	Aeromonas hydrophila
GCF_018802305.1	ASM1880230v1	2025-04-13	Aeromonas hydrophila		4960					GCF_018802305.1-RS_2025_04_13	Complete Genome	2021-06-09		1	Aeromonas hydrophila
GCF_001019645.1	ASM101964v1	2025-04-13	Aeromonas hydrophila NJ-35		NJ-35					GCF_001019645.1-RS_2025_04_13	Complete Genome	2015-06-03		1	Aeromonas hydrophila
GCF_018802385.1	ASM1880238v1	2025-04-12	Aeromonas hydrophila		3019					GCF_018802385.1-RS_2025_04_12	Complete Genome	2021-06-09		1	Aeromonas hydrophila
GCF_029320915.1	ASM2932091v1	2025-04-12	Aeromonas hydrophila		516					GCF_029320915.1-RS_2025_04_12	Complete Genome	2023-03-21		2	Aeromonas hydrophila
GCF_029025785.1	ASM2902578v1	2025-04-11	Aeromonas hydrophila		K533					GCF_029025785.1-RS_2025_04_11	Complete Genome	2023-03-08		4	Aeromonas hydrophila
GCF_022557195.1	ASM2255719v1	2025-04-11	Aeromonas hydrophila		LP0103					GCF_022557195.1-RS_2025_04_11	Complete Genome	2022-03-13		1	Aeromonas hydrophila
GCF_022759545.1	ASM2275954v1	2025-04-11	Aeromonas hydrophila		A008N2					GCF_022759545.1-RS_2025_04_11	Complete Genome	2022-03-30		1	Aeromonas hydrophila
GCF_037765365.1	ASM3776536v1	2025-04-10	Aeromonas hydrophila		AH230115					GCF_037765365.1-RS_2025_04_10	Complete Genome	2024-04-05		3	Aeromonas hydrophila
GCF_022700835.1	ASM2270083v1	2025-04-10	Aeromonas hydrophila		Aer_Pi25.1HTAS					GCF_022700835.1-RS_2025_04_10	Complete Genome	2022-03-28		1	Aeromonas hydrophila
GCF_022700855.1	ASM2270085v1	2025-04-10	Aeromonas hydrophila		Aer_Brac14A					GCF_022700855.1-RS_2025_04_10	Complete Genome	2022-03-28		1	Aeromonas hydrophila
GCF_022700815.1	ASM2270081v1	2025-04-10	Aeromonas hydrophila		Aer_Brac66					GCF_022700815.1-RS_2025_04_10	Complete Genome	2022-03-28		1	Aeromonas hydrophila
GCF_017310215.1	ASM1731021v1	2025-04-08	Aeromonas hydrophila		OnP3.1					GCF_017310215.1-RS_2025_04_08	Complete Genome	2021-03-09		1	Aeromonas hydrophila
GCF_017310195.1	ASM1731019v1	2025-04-08	Aeromonas hydrophila		Brac6					GCF_017310195.1-RS_2025_04_08	Complete Genome	2021-03-09		1	Aeromonas hydrophila
GCF_037815895.1	ASM3781589v1	2025-04-05	Aeromonas hydrophila		BE2					GCF_037815895.1-RS_2025_04_05	Complete Genome	2024-04-06		1	Aeromonas hydrophila
GCF_003491245.1	ASM349124v1	2025-04-03	Aeromonas hydrophila		ZYAH75					GCF_003491245.1-RS_2025_04_03	Complete Genome	2018-09-07		1	Aeromonas hydrophila
GCF_028621795.1	ASM2862179v1	2025-03-25	Aeromonas hydrophila		516					GCF_028621795.1-RS_2025_03_25	Complete Genome	2023-02-14		1	Aeromonas hydrophila
GCF_001683535.1	ASM168353v1	2025-03-05	Aeromonas hydrophila		GYK1					GCF_001683535.1-RS_2025_03_05	Complete Genome	2016-07-11		1	Aeromonas hydrophila
GCF_001687125.1	ASM168712v1	2025-03-05	Aeromonas hydrophila		AHNIH1					GCF_001687125.1-RS_2025_03_05	Complete Genome	2016-07-18		2	Aeromonas hydrophila
GCF_001455365.1	ASM145536v1	2025-03-03	Aeromonas hydrophila		JBN2301					GCF_001455365.1-RS_2025_03_03	Complete Genome	2015-12-02		4	Aeromonas hydrophila
GCF_001518775.1	ASM151877v1	2025-03-03	Aeromonas hydrophila		D4					GCF_001518775.1-RS_2025_03_03	Complete Genome	2016-01-20		5	Aeromonas hydrophila
GCF_047777985.1	ASM4777798v1	2025-02-16	Aeromonas hydrophila		BJ014					GCF_047777985.1-RS_2025_02_16	Complete Genome	2025-02-16		5	Aeromonas hydrophila
GCF_047777975.1	ASM4777797v1	2025-02-16	Aeromonas hydrophila		BJ018					GCF_047777975.1-RS_2025_02_16	Complete Genome	2025-02-16		5	Aeromonas hydrophila
GCF_014169715.1	ASM1416971v1	2025-02-13	Aeromonas hydrophila		WP8-S18-ESBL-02					GCF_014169715.1-RS_2025_02_13	Complete Genome	2020-07-21		2	Aeromonas hydrophila
GCF_004296435.1	ASM429643v1	2025-02-12	Aeromonas hydrophila		GSH8-2					GCF_004296435.1-RS_2025_02_12	Complete Genome	2019-02-14		2	Aeromonas hydrophila
GCF_030908525.1	ASM3090852v1	2025-08-26	Aeromonas veronii		HS1906					GCF_030908525.1-RS_2025_08_26	Complete Genome	2023-08-27		4	Aeromonas veronii
GCF_024583155.1	ASM2458315v1	2025-08-22	Aeromonas veronii		GD21SC2322TT					GCF_024583155.1-RS_2025_08_22	Complete Genome	2022-08-07		2	Aeromonas veronii
GCF_051987585.1	ASM5198758v1	2025-08-14	Aeromonas veronii		AV0110					GCF_051987585.1-RS_2025_08_14	Complete Genome	2025-08-14		1	Aeromonas veronii
GCF_051986605.1	ASM5198660v1	2025-08-14	Aeromonas veronii		AV1212					GCF_051986605.1-RS_2025_08_14	Complete Genome	2025-08-14		1	Aeromonas veronii
GCF_030609635.1	ASM3060963v1	2025-08-08	Aeromonas veronii		AS1					GCF_030609635.1-RS_2025_08_08	Complete Genome	2023-08-03		1	Aeromonas veronii
GCF_023921405.1	ASM2392140v1	2025-07-04	Aeromonas veronii		183026					GCF_023921405.1-RS_2025_07_04	Complete Genome	2022-06-27		1	Aeromonas veronii
GCF_040215105.1	ASM4021510v1	2025-06-27	Aeromonas veronii		Ichip_C_3-7					GCF_040215105.1-RS_2025_06_27	Complete Genome	2024-06-20		1	Aeromonas veronii
GCF_030178455.1	ASM3017845v1	2025-06-05	Aeromonas veronii		AV066					GCF_030178455.1-RS_2025_06_05	Complete Genome	2023-06-06		2	Aeromonas veronii
GCF_050500275.1	ASM5050027v1	2025-05-21	Aeromonas veronii		Y6					GCF_050500275.1-RS_2025_05_21	Complete Genome	2025-05-22		1	Aeromonas veronii
GCF_023100745.1	ASM2310074v1	2025-05-12	Aeromonas veronii		AV040					GCF_023100745.1-RS_2025_05_12	Complete Genome	2022-04-25		1	Aeromonas veronii
GCF_022921155.1	ASM2292115v1	2025-05-11	Aeromonas veronii		HD6448					GCF_022921155.1-RS_2025_05_11	Complete Genome	2022-04-12		6	Aeromonas veronii
GCF_029773485.1	ASM2977348v1	2025-04-16	Aeromonas veronii		ANYA 15694					GCF_029773485.1-RS_2025_04_16	Complete Genome	2023-04-17		1	Aeromonas veronii
GCF_029773425.1	ASM2977342v1	2025-04-16	Aeromonas veronii		ANYA 18263					GCF_029773425.1-RS_2025_04_16	Complete Genome	2023-04-17		2	Aeromonas veronii
GCF_002866885.2	ASM286688v2	2025-04-16	Aeromonas veronii		FC951					GCF_002866885.2-RS_2025_04_16	Complete Genome	2018-10-16		2	Aeromonas veronii
GCF_029773525.1	ASM2977352v1	2025-04-16	Aeromonas veronii		ANYA 14022					GCF_029773525.1-RS_2025_04_16	Complete Genome	2023-04-17		4	Aeromonas veronii
GCF_029773545.1	ASM2977354v1	2025-04-16	Aeromonas veronii		LOID 16013					GCF_029773545.1-RS_2025_04_16	Complete Genome	2023-04-17		3	Aeromonas veronii
GCF_029773245.1	ASM2977324v1	2025-04-16	Aeromonas veronii		LOID 15995					GCF_029773245.1-RS_2025_04_16	Complete Genome	2023-04-17		3	Aeromonas veronii
GCF_029773265.1	ASM2977326v1	2025-04-16	Aeromonas veronii		ANYA 18661					GCF_029773265.1-RS_2025_04_16	Complete Genome	2023-04-17		3	Aeromonas veronii
GCF_029773325.1	ASM2977332v1	2025-04-16	Aeromonas veronii		ANYA 19170					GCF_029773325.1-RS_2025_04_16	Complete Genome	2023-04-17		1	Aeromonas veronii
GCF_029773565.1	ASM2977356v1	2025-04-16	Aeromonas veronii		ANYA 13997					GCF_029773565.1-RS_2025_04_16	Complete Genome	2023-04-17		1	Aeromonas veronii
GCF_029773385.1	ASM2977338v1	2025-04-16	Aeromonas veronii		ANYA 14386					GCF_029773385.1-RS_2025_04_16	Complete Genome	2023-04-17		1	Aeromonas veronii
GCF_029773065.1	ASM2977306v1	2025-04-16	Aeromonas veronii		ANYA 14430					GCF_029773065.1-RS_2025_04_16	Complete Genome	2023-04-17		2	Aeromonas veronii
GCF_029773085.1	ASM2977308v1	2025-04-16	Aeromonas veronii		ANYA 16549					GCF_029773085.1-RS_2025_04_16	Complete Genome	2023-04-17		2	Aeromonas veronii
GCF_029773405.1	ASM2977340v1	2025-04-16	Aeromonas veronii		ANYA 15110					GCF_029773405.1-RS_2025_04_16	Complete Genome	2023-04-17		1	Aeromonas veronii
GCF_029773345.1	ASM2977334v1	2025-04-16	Aeromonas veronii		ANYA 18644					GCF_029773345.1-RS_2025_04_16	Complete Genome	2023-04-17		2	Aeromonas veronii
GCF_029773445.1	ASM2977344v1	2025-04-16	Aeromonas veronii		ANYA 18462					GCF_029773445.1-RS_2025_04_16	Complete Genome	2023-04-17		2	Aeromonas veronii
GCF_029773505.1	ASM2977350v1	2025-04-16	Aeromonas veronii		ANYA 18197					GCF_029773505.1-RS_2025_04_16	Complete Genome	2023-04-17		2	Aeromonas veronii
GCF_029773225.1	ASM2977322v1	2025-04-16	Aeromonas veronii		ANYA 19953					GCF_029773225.1-RS_2025_04_16	Complete Genome	2023-04-17		1	Aeromonas veronii
GCF_029773465.1	ASM2977346v1	2025-04-16	Aeromonas veronii		ANYA 18196					GCF_029773465.1-RS_2025_04_16	Complete Genome	2023-04-17		1	Aeromonas veronii
GCF_029773365.1	ASM2977336v1	2025-04-16	Aeromonas veronii		ANYA 16702					GCF_029773365.1-RS_2025_04_16	Complete Genome	2023-04-17		1	Aeromonas veronii
GCF_020172765.2	ASM2017276v2	2025-04-14	Aeromonas veronii		SW3814					GCF_020172765.2-RS_2025_04_14	Complete Genome	2022-01-25		3	Aeromonas veronii
GCF_029633935.1	ASM2963393v1	2025-04-10	Aeromonas veronii		b1-3					GCF_029633935.1-RS_2025_04_10	Complete Genome	2023-04-10		3	Aeromonas veronii
GCF_049331855.1	ASM4933185v1	2025-04-08	Aeromonas veronii		D3					GCF_049331855.1-RS_2025_04_08	Complete Genome	2025-04-09		2	Aeromonas veronii
GCF_037101225.1	ASM3710122v1	2025-04-05	Aeromonas veronii		VA60					GCF_037101225.1-RS_2025_04_05	Complete Genome	2024-04-05		2	Aeromonas veronii
GCF_037101215.1	ASM3710121v1	2025-04-05	Aeromonas veronii		VA7					GCF_037101215.1-RS_2025_04_05	Complete Genome	2024-04-05		3	Aeromonas veronii
GCF_021586915.1	ASM2158691v1	2025-03-23	Aeromonas veronii		A29V					GCF_021586915.1-RS_2025_03_23	Complete Genome	2022-01-25		3	Aeromonas veronii
GCF_017310275.1	ASM1731027v1	2025-03-23	Aeromonas veronii		1708-29120					GCF_017310275.1-RS_2025_03_23	Complete Genome	2021-03-09		1	Aeromonas veronii
GCF_009834065.1	ASM983406v1	2025-03-22	Aeromonas veronii		AVNIH1					GCF_009834065.1-RS_2025_03_22	Complete Genome	2020-01-08		1	Aeromonas veronii
GCF_011045495.1	ASM1104549v1	2025-03-22	Aeromonas veronii		ZfB1					GCF_011045495.1-RS_2025_03_22	Complete Genome	2020-03-02		1	Aeromonas veronii
GCF_003722175.1	ASM372217v1	2025-03-20	Aeromonas veronii		MS-18-37					GCF_003722175.1-RS_2025_03_20	Complete Genome	2018-11-13		1	Aeromonas veronii
GCF_003491365.1	ASM349136v1	2025-03-20	Aeromonas veronii		17ISAe					GCF_003491365.1-RS_2025_03_20	Complete Genome	2018-09-07		2	Aeromonas veronii
GCF_000204115.1	ASM20411v1	2025-03-20	Aeromonas veronii B565		B565					GCF_000204115.1-RS_2025_03_20	Complete Genome	2011-04-13		1	Aeromonas veronii
GCF_014168995.1	ASM1416899v1	2025-03-17	Aeromonas veronii		WP3-W19-ESBL-03					GCF_014168995.1-RS_2025_03_17	Complete Genome	2020-07-21		6	Aeromonas veronii
GCF_014169875.1	ASM1416987v1	2025-03-17	Aeromonas veronii		WP9-W18-ESBL-04					GCF_014169875.1-RS_2025_03_17	Complete Genome	2020-07-21		5	Aeromonas veronii
GCF_000464515.2	ASM46451v2	2025-03-15	Aeromonas veronii Hm21		Hm21					GCF_000464515.2-RS_2025_03_15	Complete Genome	2020-07-31		2	Aeromonas veronii
GCF_020640955.1	ASM2064095v1	2024-12-12	Aeromonas veronii		71506					GCF_020640955.1-RS_2024_12_12	Complete Genome	2021-10-27		3	Aeromonas veronii
GCF_002803945.1	ASM280394v1	2024-12-11	Aeromonas veronii		X12					GCF_002803945.1-RS_2024_12_11	Complete Genome	2017-12-04		1	Aeromonas veronii
GCF_020544445.1	ASM2054444v1	2024-12-10	Aeromonas veronii		32286					GCF_020544445.1-RS_2024_12_10	Complete Genome	2021-10-25		1	Aeromonas veronii
GCF_001593245.1	ASM159324v1	2024-12-10	Aeromonas veronii		TH0426					GCF_001593245.1-RS_2024_12_10	Complete Genome	2016-03-16		1	Aeromonas veronii
GCF_013415825.1	ASM1341582v1	2024-12-10	Aeromonas veronii		JC529					GCF_013415825.1-RS_2024_12_10	Complete Genome	2020-07-15		1	Aeromonas veronii
GCF_013317615.2	ASM1331761v2	2025-06-25	Agrobacterium tumefaciens		O54/95					GCF_013317615.2-RS_2025_06_25	Complete Genome	2023-06-01		3	Agrobacterium tumefaciens
GCF_005144495.2	ASM514449v2	2025-06-25	Agrobacterium tumefaciens		CFBP5506					GCF_005144495.2-RS_2025_06_25	Complete Genome	2023-06-01		2	Agrobacterium tumefaciens
GCF_022760295.1	ASM2276029v1	2025-06-06	Agrobacterium tumefaciens		LN-1					GCF_022760295.1-RS_2025_06_06	Complete Genome	2022-03-31		4	Agrobacterium tumefaciens
GCF_005221425.1	ASM522142v1	2025-04-25	Agrobacterium tumefaciens		CFBP6624					GCF_005221425.1-RS_2025_04_25	Complete Genome	2019-05-07		3	Agrobacterium tumefaciens
GCF_017726655.1	ASM1772665v1	2025-04-25	Agrobacterium tumefaciens		6N2					GCF_017726655.1-RS_2025_04_25	Complete Genome	2021-04-03		2	Agrobacterium tumefaciens
GCF_013401495.1	ASM1340149v1	2025-04-25	Agrobacterium tumefaciens		EML4					GCF_013401495.1-RS_2025_04_25	Complete Genome	2020-07-11		4	Agrobacterium tumefaciens
GCF_005221325.1	ASM522132v1	2025-04-25	Agrobacterium tumefaciens		CFBP5499					GCF_005221325.1-RS_2025_04_25	Complete Genome	2019-05-07		6	Agrobacterium tumefaciens
GCF_005221385.1	ASM522138v1	2025-04-20	Agrobacterium tumefaciens		CFBP6623					GCF_005221385.1-RS_2025_04_20	Complete Genome	2019-05-07		4	Agrobacterium tumefaciens
GCF_005221405.1	ASM522140v1	2025-04-20	Agrobacterium tumefaciens		CFBP7129					GCF_005221405.1-RS_2025_04_20	Complete Genome	2019-05-07		6	Agrobacterium tumefaciens
GCF_002943835.1	ASM294383v1	2025-04-16	Agrobacterium tumefaciens		1D1609					GCF_002943835.1-RS_2025_04_16	Complete Genome	2018-02-26		5	Agrobacterium tumefaciens
GCF_002591665.3	ASM259166v3	2025-04-16	Agrobacterium tumefaciens		186					GCF_002591665.3-RS_2025_04_16	Complete Genome	2020-02-07		4	Agrobacterium tumefaciens
GCF_014489975.1	ASM1448997v1	2025-04-16	Agrobacterium tumefaciens		BIM B-1315G					GCF_014489975.1-RS_2025_04_16	Complete Genome	2020-09-07		2	Agrobacterium tumefaciens
GCF_003666445.1	ASM366644v1	2025-04-16	Agrobacterium tumefaciens		1D1460					GCF_003666445.1-RS_2025_04_16	Complete Genome	2018-10-18		4	Agrobacterium tumefaciens
GCF_005221345.1	ASM522134v1	2025-04-16	Agrobacterium tumefaciens		CFBP5877					GCF_005221345.1-RS_2025_04_16	Complete Genome	2019-05-07		6	Agrobacterium tumefaciens
GCF_000971565.1	ASM97156v1	2025-04-03	Agrobacterium tumefaciens		Ach5					GCF_000971565.1-RS_2025_04_03	Complete Genome	2015-04-13		4	Agrobacterium tumefaciens
GCF_016403145.1	ASM1640314v1	2025-03-23	Agrobacterium tumefaciens		FDAARGOS_1048					GCF_016403145.1-RS_2025_03_23	Complete Genome	2020-12-26		4	Agrobacterium tumefaciens
GCF_013318275.2	ASM1331827v2	2025-03-22	Agrobacterium tumefaciens		A74a					GCF_013318275.2-RS_2025_03_22	Complete Genome	2023-02-02		4	Agrobacterium tumefaciens
GCF_003666425.1	ASM366642v1	2025-03-20	Agrobacterium tumefaciens		1D1108					GCF_003666425.1-RS_2025_03_20	Complete Genome	2018-10-18		5	Agrobacterium tumefaciens
GCF_003667925.1	ASM366792v1	2025-03-20	Agrobacterium tumefaciens		A6					GCF_003667925.1-RS_2025_03_20	Complete Genome	2018-10-21		4	Agrobacterium tumefaciens
GCF_003666465.1	ASM366646v1	2025-03-20	Agrobacterium tumefaciens		15955					GCF_003666465.1-RS_2025_03_20	Complete Genome	2018-10-18		4	Agrobacterium tumefaciens
GCF_013317765.2	ASM1331776v2	2025-03-18	Agrobacterium tumefaciens		LMG 292					GCF_013317765.2-RS_2025_03_18	Complete Genome	2023-02-02		4	Agrobacterium tumefaciens
GCF_003667905.1	ASM366790v1	2025-03-13	Agrobacterium tumefaciens		12D1					GCF_003667905.1-RS_2025_03_13	Complete Genome	2018-10-21		3	Agrobacterium tumefaciens
GCF_034424685.1	ASM3442468v1	2025-02-26	Agrobacterium tumefaciens		HAMBI 105					GCF_034424685.1-RS_2025_02_26	Complete Genome	2023-12-17		3	Agrobacterium tumefaciens
GCF_017897985.1	ASM1789798v1	2025-02-22	Agrobacterium tumefaciens		BIM B-441					GCF_017897985.1-RS_2025_02_22	Complete Genome	2021-04-11		3	Agrobacterium tumefaciens
GCF_025559825.1	ASM2555982v1	2025-02-22	Agrobacterium tumefaciens		Yub002					GCF_025559825.1-RS_2025_02_22	Complete Genome	2022-10-04		5	Agrobacterium tumefaciens
GCF_017584185.1	ASM1758418v1	2025-02-22	Agrobacterium tumefaciens		Q15/94					GCF_017584185.1-RS_2025_02_22	Complete Genome	2021-03-25		7	Agrobacterium tumefaciens
GCF_025560605.1	ASM2556060v1	2025-02-22	Agrobacterium tumefaciens		cl001					GCF_025560605.1-RS_2025_02_22	Complete Genome	2022-10-04		11	Agrobacterium tumefaciens
GCF_025560265.1	ASM2556026v1	2025-02-22	Agrobacterium tumefaciens		Sta004					GCF_025560265.1-RS_2025_02_22	Complete Genome	2022-10-04		6	Agrobacterium tumefaciens
GCF_025560705.1	ASM2556070v1	2025-02-22	Agrobacterium tumefaciens		But001					GCF_025560705.1-RS_2025_02_22	Complete Genome	2022-10-04		5	Agrobacterium tumefaciens
GCF_025559845.1	ASM2555984v1	2025-01-08	Agrobacterium tumefaciens		Yub001					GCF_025559845.1-RS_2025_01_08	Complete Genome	2022-10-04		4	Agrobacterium tumefaciens
GCF_025560085.1	ASM2556008v1	2025-01-08	Agrobacterium tumefaciens		Tul001					GCF_025560085.1-RS_2025_01_08	Complete Genome	2022-10-04		5	Agrobacterium tumefaciens
GCF_025560165.1	ASM2556016v1	2025-01-08	Agrobacterium tumefaciens		Teh001					GCF_025560165.1-RS_2025_01_08	Complete Genome	2022-10-04		6	Agrobacterium tumefaciens
GCF_025560125.1	ASM2556012v1	2025-01-08	Agrobacterium tumefaciens		Teh002					GCF_025560125.1-RS_2025_01_08	Complete Genome	2022-10-04		5	Agrobacterium tumefaciens
GCF_025560305.1	ASM2556030v1	2025-01-08	Agrobacterium tumefaciens		Sta002					GCF_025560305.1-RS_2025_01_08	Complete Genome	2022-10-04		4	Agrobacterium tumefaciens
GCF_025560445.1	ASM2556044v1	2025-01-08	Agrobacterium tumefaciens		SJ001					GCF_025560445.1-RS_2025_01_08	Complete Genome	2022-10-04		4	Agrobacterium tumefaciens
GCF_025560285.1	ASM2556028v1	2025-01-08	Agrobacterium tumefaciens		Sta003					GCF_025560285.1-RS_2025_01_08	Complete Genome	2022-10-04		4	Agrobacterium tumefaciens
GCF_025560405.1	ASM2556040v1	2025-01-08	Agrobacterium tumefaciens		SJ002					GCF_025560405.1-RS_2025_01_08	Complete Genome	2022-10-04		4	Agrobacterium tumefaciens
GCF_025559885.1	ASM2555988v1	2025-01-08	Agrobacterium tumefaciens		Yol002					GCF_025559885.1-RS_2025_01_08	Complete Genome	2022-10-04		4	Agrobacterium tumefaciens
GCF_025559945.1	ASM2555994v1	2025-01-08	Agrobacterium tumefaciens		Yol001					GCF_025559945.1-RS_2025_01_08	Complete Genome	2022-10-04		4	Agrobacterium tumefaciens
GCF_025560005.1	ASM2556000v1	2025-01-08	Agrobacterium tumefaciens		Tul004					GCF_025560005.1-RS_2025_01_08	Complete Genome	2022-10-04		4	Agrobacterium tumefaciens
GCF_025560345.1	ASM2556034v1	2025-01-08	Agrobacterium tumefaciens		SJ003					GCF_025560345.1-RS_2025_01_08	Complete Genome	2022-10-04		3	Agrobacterium tumefaciens
GCF_025560245.1	ASM2556024v1	2025-01-08	Agrobacterium tumefaciens		Sta005					GCF_025560245.1-RS_2025_01_08	Complete Genome	2022-10-04		4	Agrobacterium tumefaciens
GCF_025560225.1	ASM2556022v1	2025-01-08	Agrobacterium tumefaciens		Sut001					GCF_025560225.1-RS_2025_01_08	Complete Genome	2022-10-04		5	Agrobacterium tumefaciens
GCF_025560205.1	ASM2556020v1	2025-01-08	Agrobacterium tumefaciens		Sut002					GCF_025560205.1-RS_2025_01_08	Complete Genome	2022-10-04		5	Agrobacterium tumefaciens
GCF_025560585.1	ASM2556058v1	2025-01-07	Agrobacterium tumefaciens		Gle001					GCF_025560585.1-RS_2025_01_07	Complete Genome	2022-10-04		4	Agrobacterium tumefaciens
GCF_025560545.1	ASM2556054v1	2025-01-07	Agrobacterium tumefaciens		Gle002					GCF_025560545.1-RS_2025_01_07	Complete Genome	2022-10-04		5	Agrobacterium tumefaciens
GCF_025560685.1	ASM2556068v1	2025-01-07	Agrobacterium tumefaciens		But002					GCF_025560685.1-RS_2025_01_07	Complete Genome	2022-10-04		4	Agrobacterium tumefaciens
GCF_025560485.1	ASM2556048v1	2025-01-07	Agrobacterium tumefaciens		Kin002					GCF_025560485.1-RS_2025_01_07	Complete Genome	2022-10-04		7	Agrobacterium tumefaciens
GCF_000192635.1	ASM19263v1	2025-01-02	Agrobacterium tumefaciens		H13-3					GCF_000192635.1-RS_2025_01_02	Complete Genome	2011-03-02		3	Agrobacterium tumefaciens
GCF_013318125.2	ASM1331812v2	2025-01-02	Agrobacterium tumefaciens		CG920					GCF_013318125.2-RS_2025_01_02	Complete Genome	2023-02-02		4	Agrobacterium tumefaciens
GCF_018847115.1	ASM1884711v1	2025-08-08	Akkermansia muciniphila		Akk2090					GCF_018847115.1-RS_2025_08_08	Complete Genome	2021-06-11		1	Akkermansia muciniphila
GCF_018847175.1	ASM1884717v1	2025-08-08	Akkermansia muciniphila		Akk1990					GCF_018847175.1-RS_2025_08_08	Complete Genome	2021-06-11		1	Akkermansia muciniphila
GCF_018847155.1	ASM1884715v1	2025-08-07	Akkermansia muciniphila		Akk2030					GCF_018847155.1-RS_2025_08_07	Complete Genome	2021-06-11		1	Akkermansia muciniphila
GCF_004015085.1	ASM401508v1	2025-08-07	Akkermansia muciniphila		EB-AMDK-18					GCF_004015085.1-RS_2025_08_07	Complete Genome	2019-01-14		1	Akkermansia muciniphila
GCF_004015305.1	ASM401530v1	2025-08-07	Akkermansia muciniphila		EB-AMDK-15					GCF_004015305.1-RS_2025_08_07	Complete Genome	2019-01-14		1	Akkermansia muciniphila
GCF_004015205.1	ASM401520v1	2025-08-07	Akkermansia muciniphila		EB-AMDK-16					GCF_004015205.1-RS_2025_08_07	Complete Genome	2019-01-14		1	Akkermansia muciniphila
GCF_033947545.1	ASM3394754v1	2025-06-23	Akkermansia muciniphila		SDLYAKK5					GCF_033947545.1-RS_2025_06_23	Complete Genome	2023-11-24		1	Akkermansia muciniphila
GCF_030848265.1	ASM3084826v1	2025-05-24	Akkermansia muciniphila		MmAkk2					GCF_030848265.1-RS_2025_05_24	Complete Genome	2023-08-21		1	Akkermansia muciniphila
GCF_030848305.1	ASM3084830v1	2025-05-24	Akkermansia muciniphila		MmAkk3					GCF_030848305.1-RS_2025_05_24	Complete Genome	2023-08-21		1	Akkermansia muciniphila
GCF_004015105.2	ASM401510v2	2025-05-18	Akkermansia muciniphila		EB-AMDK-19					GCF_004015105.2-RS_2025_05_18	Complete Genome	2024-05-10		1	Akkermansia muciniphila
GCF_018847315.1	ASM1884731v1	2025-05-13	Akkermansia muciniphila		Akk16115					GCF_018847315.1-RS_2025_05_13	Complete Genome	2021-06-11		1	Akkermansia muciniphila
GCF_018847295.1	ASM1884729v1	2025-05-13	Akkermansia muciniphila		Akk1613					GCF_018847295.1-RS_2025_05_13	Complete Genome	2021-06-11		1	Akkermansia muciniphila
GCF_018847395.1	ASM1884739v1	2025-05-13	Akkermansia muciniphila		Akk1570					GCF_018847395.1-RS_2025_05_13	Complete Genome	2021-06-11		1	Akkermansia muciniphila
GCF_018847215.1	ASM1884721v1	2025-05-13	Akkermansia muciniphila		Akk1756					GCF_018847215.1-RS_2025_05_13	Complete Genome	2021-06-11		1	Akkermansia muciniphila
GCF_008000975.1	ASM800097v1	2025-05-12	Akkermansia muciniphila		DSM 22959					GCF_008000975.1-RS_2025_05_12	Complete Genome	2019-08-18		1	Akkermansia muciniphila
GCF_017504145.1	ASM1750414v1	2025-05-12	Akkermansia muciniphila ATCC BAA-835		ATCC BAA-835					GCF_017504145.1-RS_2025_05_12	Complete Genome	2021-03-22		1	Akkermansia muciniphila
GCF_017570505.1	ASM1757050v1	2025-05-12	Akkermansia muciniphila		KGMB01990					GCF_017570505.1-RS_2025_05_12	Complete Genome	2021-03-23		1	Akkermansia muciniphila
GCF_017570485.1	ASM1757048v1	2025-05-12	Akkermansia muciniphila		KGMB01989					GCF_017570485.1-RS_2025_05_12	Complete Genome	2021-03-23		1	Akkermansia muciniphila
GCF_036796995.1	ASM3679699v1	2025-05-12	Akkermansia muciniphila		MucX					GCF_036796995.1-RS_2025_05_12	Complete Genome	2024-04-05		1	Akkermansia muciniphila
GCF_018847495.1	ASM1884749v1	2025-05-12	Akkermansia muciniphila		Akk1370					GCF_018847495.1-RS_2025_05_12	Complete Genome	2021-06-11		1	Akkermansia muciniphila
GCF_018847515.1	ASM1884751v1	2025-05-12	Akkermansia muciniphila		Akk13715					GCF_018847515.1-RS_2025_05_12	Complete Genome	2021-06-11		1	Akkermansia muciniphila
GCF_004319565.1	ASM431956v1	2025-05-12	Akkermansia muciniphila		139					GCF_004319565.1-RS_2025_05_12	Complete Genome	2019-02-28		1	Akkermansia muciniphila
GCF_018847595.1	ASM1884759v1	2025-05-12	Akkermansia muciniphila		Akk0500b					GCF_018847595.1-RS_2025_05_12	Complete Genome	2021-06-11		1	Akkermansia muciniphila
GCF_018847935.1	ASM1884793v1	2025-05-12	Akkermansia muciniphila		Akk0096					GCF_018847935.1-RS_2025_05_12	Complete Genome	2021-06-11		1	Akkermansia muciniphila
GCF_018847795.1	ASM1884779v1	2025-05-12	Akkermansia muciniphila		Akk0200					GCF_018847795.1-RS_2025_05_12	Complete Genome	2021-06-11		1	Akkermansia muciniphila
GCF_014170075.1	ASM1417007v1	2025-05-07	Akkermansia muciniphila		AK32					GCF_014170075.1-RS_2025_05_07	Complete Genome	2020-08-12		1	Akkermansia muciniphila
GCF_018847255.1	ASM1884725v1	2025-05-07	Akkermansia muciniphila		Akk1616					GCF_018847255.1-RS_2025_05_07	Complete Genome	2021-06-11		1	Akkermansia muciniphila
GCF_018847275.1	ASM1884727v1	2025-05-07	Akkermansia muciniphila		Akk16145					GCF_018847275.1-RS_2025_05_07	Complete Genome	2021-06-11		1	Akkermansia muciniphila
GCF_018847335.1	ASM1884733v1	2025-05-07	Akkermansia muciniphila		Akk1610					GCF_018847335.1-RS_2025_05_07	Complete Genome	2021-06-11		1	Akkermansia muciniphila
GCF_018847355.1	ASM1884735v1	2025-05-07	Akkermansia muciniphila		Akk1576					GCF_018847355.1-RS_2025_05_07	Complete Genome	2021-06-11		1	Akkermansia muciniphila
GCF_018847535.1	ASM1884753v1	2025-05-07	Akkermansia muciniphila		Akk0880					GCF_018847535.1-RS_2025_05_07	Complete Genome	2021-06-11		1	Akkermansia muciniphila
GCF_010229695.1	ASM1022969v1	2025-05-07	Akkermansia muciniphila		EB-AMDK-24					GCF_010229695.1-RS_2025_05_07	Complete Genome	2020-02-06		1	Akkermansia muciniphila
GCF_004015065.1	ASM401506v1	2025-05-07	Akkermansia muciniphila		EB-AMDK-14					GCF_004015065.1-RS_2025_05_07	Complete Genome	2019-01-14		1	Akkermansia muciniphila
GCF_004015285.1	ASM401528v1	2025-05-07	Akkermansia muciniphila		EB-AMDK-13					GCF_004015285.1-RS_2025_05_07	Complete Genome	2019-01-14		1	Akkermansia muciniphila
GCF_004015005.1	ASM401500v1	2025-05-07	Akkermansia muciniphila		EB-AMDK-10					GCF_004015005.1-RS_2025_05_07	Complete Genome	2019-01-14		1	Akkermansia muciniphila
GCF_010223195.1	ASM1022319v1	2025-05-07	Akkermansia muciniphila		EB-AMDK-36					GCF_010223195.1-RS_2025_05_07	Complete Genome	2020-02-06		1	Akkermansia muciniphila
GCF_004015325.1	ASM401532v1	2025-05-07	Akkermansia muciniphila		EB-AMDK-20					GCF_004015325.1-RS_2025_05_07	Complete Genome	2019-01-14		1	Akkermansia muciniphila
GCF_004015125.1	ASM401512v1	2025-05-07	Akkermansia muciniphila		EB-AMDK-22					GCF_004015125.1-RS_2025_05_07	Complete Genome	2019-01-14		1	Akkermansia muciniphila
GCF_004015345.1	ASM401534v1	2025-05-07	Akkermansia muciniphila		EB-AMDK-21					GCF_004015345.1-RS_2025_05_07	Complete Genome	2019-01-14		1	Akkermansia muciniphila
GCF_003716935.1	ASM371693v1	2025-05-07	Akkermansia muciniphila		EB-AMDK-3					GCF_003716935.1-RS_2025_05_07	Complete Genome	2018-11-07		1	Akkermansia muciniphila
GCF_009731575.1	ASM973157v1	2025-05-06	Akkermansia muciniphila		JCM 30893					GCF_009731575.1-RS_2025_05_06	Complete Genome	2019-11-28		2	Akkermansia muciniphila
GCF_010223095.1	ASM1022309v1	2025-05-06	Akkermansia muciniphila		EB-AMDK-29					GCF_010223095.1-RS_2025_05_06	Complete Genome	2020-02-06		1	Akkermansia muciniphila
GCF_010223115.1	ASM1022311v1	2025-05-06	Akkermansia muciniphila		EB-AMDK-30					GCF_010223115.1-RS_2025_05_06	Complete Genome	2020-02-06		1	Akkermansia muciniphila
GCF_010509235.1	ASM1050923v1	2025-05-06	Akkermansia muciniphila		JCM 30893					GCF_010509235.1-RS_2025_05_06	Complete Genome	2020-02-13		1	Akkermansia muciniphila
GCF_004104435.1	ASM410443v1	2025-05-06	Akkermansia muciniphila		CBA5201					GCF_004104435.1-RS_2025_05_06	Complete Genome	2019-01-24		1	Akkermansia muciniphila
GCF_028743255.1	ASM2874325v1	2025-05-06	Akkermansia muciniphila		OB21 FAA NB 28					GCF_028743255.1-RS_2025_05_06	Complete Genome	2023-02-20		1	Akkermansia muciniphila
GCF_010230725.1	ASM1023072v1	2025-05-06	Akkermansia muciniphila		EB-AMDK-47					GCF_010230725.1-RS_2025_05_06	Complete Genome	2020-02-06		1	Akkermansia muciniphila
GCF_017570425.1	ASM1757042v1	2025-05-06	Akkermansia muciniphila		KGMB02009					GCF_017570425.1-RS_2025_05_06	Complete Genome	2021-03-23		1	Akkermansia muciniphila
GCF_017570525.1	ASM1757052v1	2025-05-06	Akkermansia muciniphila		KGMB01988					GCF_017570525.1-RS_2025_05_06	Complete Genome	2021-03-23		1	Akkermansia muciniphila
GCF_010223405.1	ASM1022340v1	2025-05-06	Akkermansia muciniphila		EB-AMDK-37					GCF_010223405.1-RS_2025_05_06	Complete Genome	2020-02-06		1	Akkermansia muciniphila
GCF_000972685.1	ASM97268v1	2025-08-25	Bacillus altitudinis		W3					GCF_000972685.1-RS_2025_08_25	Complete Genome	2015-04-16		1	Bacillus altitudinis
GCF_024507855.1	ASM2450785v1	2025-08-16	Bacillus altitudinis		BDGP7					GCF_024507855.1-RS_2025_08_16	Complete Genome	2022-08-03		2	Bacillus altitudinis
GCF_030645085.1	ASM3064508v1	2025-08-09	Bacillus altitudinis		28M1-1					GCF_030645085.1-RS_2025_08_09	Complete Genome	2023-08-05		1	Bacillus altitudinis
GCF_024397295.1	ASM2439729v1	2025-08-09	Bacillus altitudinis		47					GCF_024397295.1-RS_2025_08_09	Complete Genome	2022-07-25		1	Bacillus altitudinis
GCF_024380035.1	ASM2438003v1	2025-08-09	Bacillus altitudinis		B12					GCF_024380035.1-RS_2025_08_09	Complete Genome	2022-07-23		2	Bacillus altitudinis
GCF_024362715.1	ASM2436271v1	2025-07-30	Bacillus altitudinis		HM-7					GCF_024362715.1-RS_2025_07_30	Complete Genome	2022-07-19		1	Bacillus altitudinis
GCF_051217025.1	ASM5121702v1	2025-07-07	Bacillus altitudinis		RDK4					GCF_051217025.1-RS_2025_07_07	Complete Genome	2025-07-08		1	Bacillus altitudinis
GCF_023823755.1	ASM2382375v1	2025-06-25	Bacillus altitudinis		CMF5					GCF_023823755.1-RS_2025_06_25	Complete Genome	2022-06-21		1	Bacillus altitudinis
GCF_030291995.1	ASM3029199v1	2025-06-20	Bacillus altitudinis		D9_B_49					GCF_030291995.1-RS_2025_06_20	Complete Genome	2023-06-20		2	Bacillus altitudinis
GCF_040208295.1	ASM4020829v1	2025-06-19	Bacillus altitudinis		SCu11					GCF_040208295.1-RS_2025_06_19	Complete Genome	2024-06-20		2	Bacillus altitudinis
GCF_029537175.1	ASM2953717v1	2025-06-10	Bacillus altitudinis		DSM 103869					GCF_029537175.1-RS_2025_06_10	Complete Genome	2023-04-02		3	Bacillus altitudinis
GCF_050858825.1	ASM5085882v1	2025-06-10	Bacillus altitudinis		AZA					GCF_050858825.1-RS_2025_06_10	Complete Genome	2025-06-10		1	Bacillus altitudinis
GCF_050820035.1	ASM5082003v1	2025-06-07	Bacillus altitudinis		AM6					GCF_050820035.1-RS_2025_06_07	Complete Genome	2025-06-07		1	Bacillus altitudinis
GCF_030166595.1	ASM3016659v1	2025-06-05	Bacillus altitudinis		KRS010					GCF_030166595.1-RS_2025_06_05	Complete Genome	2023-06-05		1	Bacillus altitudinis
GCF_030123125.1	ASM3012312v1	2025-05-26	Bacillus altitudinis		G6S2					GCF_030123125.1-RS_2025_05_26	Complete Genome	2023-05-27		1	Bacillus altitudinis
GCF_030122945.1	ASM3012294v1	2025-05-26	Bacillus altitudinis		CES-OCA-19					GCF_030122945.1-RS_2025_05_26	Complete Genome	2023-05-27		1	Bacillus altitudinis
GCF_039671235.1	ASM3967123v1	2025-05-18	Bacillus altitudinis		TN5S8					GCF_039671235.1-RS_2025_05_18	Complete Genome	2024-05-19		1	Bacillus altitudinis
GCF_030011555.1	ASM3001155v1	2025-05-16	Bacillus altitudinis		Sample7_7					GCF_030011555.1-RS_2025_05_16	Complete Genome	2023-05-14		2	Bacillus altitudinis
GCF_050368935.1	ASM5036893v1	2025-05-15	Bacillus altitudinis		NBTC-002					GCF_050368935.1-RS_2025_05_15	Complete Genome	2025-05-15		2	Bacillus altitudinis
GCF_039624015.1	ASM3962401v1	2025-05-14	Bacillus altitudinis		NCCP					GCF_039624015.1-RS_2025_05_14	Complete Genome	2024-05-15		4	Bacillus altitudinis
GCF_017948365.1	ASM1794836v1	2025-05-14	Bacillus altitudinis		6ww6					GCF_017948365.1-RS_2025_05_14	Complete Genome	2021-04-14		1	Bacillus altitudinis
GCF_049949115.1	ASM4994911v1	2025-04-29	Bacillus altitudinis		CGMCC 34072					GCF_049949115.1-RS_2025_04_29	Complete Genome	2025-05-13		1	Bacillus altitudinis
GCF_022700755.1	ASM2270075v1	2025-04-12	Bacillus altitudinis		N435-3					GCF_022700755.1-RS_2025_04_12	Complete Genome	2022-03-28		1	Bacillus altitudinis
GCF_002443015.2	ASM244301v2	2025-04-07	Bacillus altitudinis		SGAir0031					GCF_002443015.2-RS_2025_04_07	Complete Genome	2018-12-11		2	Bacillus altitudinis
GCF_037094775.1	JJ1138	2025-04-05	Bacillus altitudinis		JJ1138					GCF_037094775.1-RS_2025_04_05	Complete Genome	2024-04-05		1	Bacillus altitudinis
GCF_037094765.1	JJ61	2025-04-05	Bacillus altitudinis		JJ61					GCF_037094765.1-RS_2025_04_05	Complete Genome	2024-04-05		1	Bacillus altitudinis
GCF_022570695.1	ASM2257069v1	2025-04-02	Bacillus altitudinis		JYY-02					GCF_022570695.1-RS_2025_04_02	Complete Genome	2022-03-15		1	Bacillus altitudinis
GCF_016807685.1	ASM1680768v1	2025-03-23	Bacillus altitudinis		63-2-2					GCF_016807685.1-RS_2025_03_23	Complete Genome	2021-02-04		2	Bacillus altitudinis
GCF_000299555.2	ASM29955v2	2025-03-23	Bacillus altitudinis		BA06					GCF_000299555.2-RS_2025_03_23	Complete Genome	2020-08-27		1	Bacillus altitudinis
GCF_016767855.1	ASM1676785v1	2025-03-23	Bacillus altitudinis		ws31					GCF_016767855.1-RS_2025_03_23	Complete Genome	2021-01-28		1	Bacillus altitudinis
GCF_017161205.1	ASM1716120v1	2025-03-23	Bacillus altitudinis		1817					GCF_017161205.1-RS_2025_03_23	Complete Genome	2021-03-03		1	Bacillus altitudinis
GCF_005849435.1	ASM584943v1	2025-03-22	Bacillus altitudinis		GQYP101					GCF_005849435.1-RS_2025_03_22	Complete Genome	2019-05-27		2	Bacillus altitudinis
GCF_001191605.1	ASM119160v1	2025-03-15	Bacillus altitudinis		GR-8					GCF_001191605.1-RS_2025_03_15	Complete Genome	2015-08-03		2	Bacillus altitudinis
GCF_021654615.1	ASM2165461v1	2025-03-13	Bacillus altitudinis		NC3					GCF_021654615.1-RS_2025_03_13	Complete Genome	2021-11-19		1	Bacillus altitudinis
GCF_021654595.1	ASM2165459v1	2025-03-13	Bacillus altitudinis		TM2					GCF_021654595.1-RS_2025_03_13	Complete Genome	2021-11-19		2	Bacillus altitudinis
GCF_001908475.1	ASM190847v1	2025-03-05	Bacillus altitudinis		GLB197					GCF_001908475.1-RS_2025_03_05	Complete Genome	2016-12-19		2	Bacillus altitudinis
GCF_001548215.1	ASM154821v1	2025-02-16	Bacillus altitudinis		TUAT1					GCF_001548215.1-RS_2025_02_16	Complete Genome	2015-11-11		1	Bacillus altitudinis
GCF_047555135.1	ASM4755513v1	2025-02-11	Bacillus altitudinis		Ba 1					GCF_047555135.1-RS_2025_02_11	Complete Genome	2025-02-11		1	Bacillus altitudinis
GCF_047556425.1	ASM4755642v1	2025-02-11	Bacillus altitudinis		Ba 5					GCF_047556425.1-RS_2025_02_11	Complete Genome	2025-02-11		1	Bacillus altitudinis
GCF_013283915.1	ASM1328391v1	2025-01-29	Bacillus altitudinis		11-1-1					GCF_013283915.1-RS_2025_01_29	Complete Genome	2020-06-07		1	Bacillus altitudinis
GCF_015160895.1	ASM1516089v1	2025-01-29	Bacillus altitudinis		BIM B-263					GCF_015160895.1-RS_2025_01_29	Complete Genome	2020-11-01		1	Bacillus altitudinis
GCF_019164215.1	ASM1916421v1	2025-01-29	Bacillus altitudinis		LZP 02					GCF_019164215.1-RS_2025_01_29	Complete Genome	2021-07-07		1	Bacillus altitudinis
GCF_013307105.1	ASM1330710v1	2025-01-29	Bacillus altitudinis		SCU11					GCF_013307105.1-RS_2025_01_29	Complete Genome	2020-06-09		1	Bacillus altitudinis
GCF_019355135.1	ASM1935513v1	2025-01-29	Bacillus altitudinis		SCU11					GCF_019355135.1-RS_2025_01_29	Complete Genome	2021-07-27		1	Bacillus altitudinis
GCF_004563755.2	ASM456375v2	2025-01-28	Bacillus altitudinis		CHB19					GCF_004563755.2-RS_2025_01_28	Complete Genome	2019-09-12		1	Bacillus altitudinis
GCF_002741745.1	ASM274174v1	2025-01-28	Bacillus altitudinis		P-10					GCF_002741745.1-RS_2025_01_28	Complete Genome	2017-11-02		1	Bacillus altitudinis
GCF_006007905.1	ASM600790v1	2025-01-28	Bacillus altitudinis		HQ-51-Ba					GCF_006007905.1-RS_2025_01_28	Complete Genome	2019-06-05		3	Bacillus altitudinis
GCF_001700735.1	ASM170073v1	2025-01-25	Bacillus altitudinis		NJ-V					GCF_001700735.1-RS_2025_01_25	Complete Genome	2016-08-08		1	Bacillus altitudinis
GCF_035580465.1	ASM3558046v1	2025-01-11	Bacillus altitudinis		ECC22					GCF_035580465.1-RS_2025_01_11	Complete Genome	2024-01-10		1	Bacillus altitudinis
GCF_015689015.1	ASM1568901v1	2024-12-22	Bacillus altitudinis		Ba1449					GCF_015689015.1-RS_2024_12_22	Complete Genome	2020-11-25		1	Bacillus altitudinis
GCF_000221645.1	ASM22164v1	2025-08-18	Bacillus amyloliquefaciens XH7		XH7					GCF_000221645.1-RS_2025_08_18	Complete Genome	2011-07-27		1	Bacillus amyloliquefaciens
GCF_024452365.1	ASM2445236v1	2025-08-09	Bacillus amyloliquefaciens		B408					GCF_024452365.1-RS_2025_08_09	Complete Genome	2022-07-27		1	Bacillus amyloliquefaciens
GCF_051853135.1	ASM5185313v1	2025-08-08	Bacillus amyloliquefaciens		NM254					GCF_051853135.1-RS_2025_08_08	Complete Genome	2025-08-08		1	Bacillus amyloliquefaciens
GCF_013341255.1	ASM1334125v1	2025-07-23	Bacillus amyloliquefaciens		R8-25					GCF_013341255.1-RS_2025_07_23	Complete Genome	2020-06-14		2	Bacillus amyloliquefaciens
GCF_013328835.1	ASM1332883v1	2025-07-23	Bacillus amyloliquefaciens		205					GCF_013328835.1-RS_2025_07_23	Complete Genome	2020-06-11		1	Bacillus amyloliquefaciens
GCF_030520205.1	ASM3052020v1	2025-07-23	Bacillus amyloliquefaciens		C6.7					GCF_030520205.1-RS_2025_07_23	Complete Genome	2023-07-24		2	Bacillus amyloliquefaciens
GCF_030517795.1	ASM3051779v1	2025-07-21	Bacillus amyloliquefaciens		PM415					GCF_030517795.1-RS_2025_07_21	Complete Genome	2023-07-22		1	Bacillus amyloliquefaciens
GCF_013122255.1	ASM1312225v1	2025-07-16	Bacillus amyloliquefaciens		WF02					GCF_013122255.1-RS_2025_07_16	Complete Genome	2020-05-19		1	Bacillus amyloliquefaciens
GCF_007362635.1	ASM736263v1	2025-07-14	Bacillus amyloliquefaciens		ZJU1					GCF_007362635.1-RS_2025_07_14	Complete Genome	2019-07-24		1	Bacillus amyloliquefaciens
GCF_024138555.1	ASM2413855v1	2025-07-14	Bacillus amyloliquefaciens		TPS17					GCF_024138555.1-RS_2025_07_14	Complete Genome	2022-07-05		1	Bacillus amyloliquefaciens
GCF_051225615.1	ASM5122561v1	2025-07-08	Bacillus amyloliquefaciens		DD1					GCF_051225615.1-RS_2025_07_08	Complete Genome	2025-07-09		1	Bacillus amyloliquefaciens
GCF_023920185.1	ASM2392018v1	2025-07-04	Bacillus amyloliquefaciens		TL106					GCF_023920185.1-RS_2025_07_04	Complete Genome	2022-06-27		2	Bacillus amyloliquefaciens
GCF_051174885.1	ASM5117488v1	2025-07-02	Bacillus amyloliquefaciens		LJ1					GCF_051174885.1-RS_2025_07_02	Complete Genome	2025-07-03		1	Bacillus amyloliquefaciens
GCF_030369915.1	ASM3036991v1	2025-06-28	Bacillus amyloliquefaciens		SRCM123386					GCF_030369915.1-RS_2025_06_28	Complete Genome	2023-06-28		2	Bacillus amyloliquefaciens
GCF_051122665.1	ASM5112266v1	2025-06-28	Bacillus amyloliquefaciens		GKT04					GCF_051122665.1-RS_2025_06_28	Complete Genome	2025-06-28		1	Bacillus amyloliquefaciens
GCF_030369895.1	ASM3036989v1	2025-06-28	Bacillus amyloliquefaciens		SRCM123364					GCF_030369895.1-RS_2025_06_28	Complete Genome	2023-06-28		1	Bacillus amyloliquefaciens
GCF_018363035.1	ASM1836303v1	2025-06-25	Bacillus amyloliquefaciens		L-17					GCF_018363035.1-RS_2025_06_25	Complete Genome	2021-05-16		1	Bacillus amyloliquefaciens
GCF_030220145.1	ASM3022014v1	2025-06-07	Bacillus amyloliquefaciens		GZY63					GCF_030220145.1-RS_2025_06_07	Complete Genome	2023-06-07		1	Bacillus amyloliquefaciens
GCF_018502525.1	ASM1850252v1	2025-06-06	Bacillus amyloliquefaciens		SN16-1					GCF_018502525.1-RS_2025_06_06	Complete Genome	2021-05-26		1	Bacillus amyloliquefaciens
GCF_050516535.1	ASM5051653v1	2025-05-23	Bacillus amyloliquefaciens		BS5582					GCF_050516535.1-RS_2025_05_23	Complete Genome	2025-05-23		1	Bacillus amyloliquefaciens
GCF_050410745.1	Bacillus amyloliquefaciens_BR160_V1.0	2025-05-19	Bacillus amyloliquefaciens		BR160					GCF_050410745.1-RS_2025_05_19	Complete Genome	2025-05-19		1	Bacillus amyloliquefaciens
GCF_023278425.1	ASM2327842v1	2025-05-18	Bacillus amyloliquefaciens		CQN-2					GCF_023278425.1-RS_2025_05_18	Complete Genome	2022-05-09		2	Bacillus amyloliquefaciens
GCF_018223605.1	ASM1822360v1	2025-05-18	Bacillus amyloliquefaciens		Ba13					GCF_018223605.1-RS_2025_05_18	Complete Genome	2021-05-02		1	Bacillus amyloliquefaciens
GCF_039643455.1	ASM3964345v1	2025-05-16	Bacillus amyloliquefaciens		bm 1					GCF_039643455.1-RS_2025_05_16	Complete Genome	2024-05-18		1	Bacillus amyloliquefaciens
GCF_023238285.1	ASM2323828v1	2025-05-16	Bacillus amyloliquefaciens		A15.1					GCF_023238285.1-RS_2025_05_16	Complete Genome	2022-05-04		1	Bacillus amyloliquefaciens
GCF_039619385.1	ASM3961938v1	2025-05-13	Bacillus amyloliquefaciens		Fad 11/2					GCF_039619385.1-RS_2025_05_13	Complete Genome	2024-05-14		2	Bacillus amyloliquefaciens
GCF_039619395.1	ASM3961939v1	2025-05-13	Bacillus amyloliquefaciens		Fad 77					GCF_039619395.1-RS_2025_05_13	Complete Genome	2024-05-14		2	Bacillus amyloliquefaciens
GCF_039619405.1	ASM3961940v1	2025-05-13	Bacillus amyloliquefaciens		Fad 97					GCF_039619405.1-RS_2025_05_13	Complete Genome	2024-05-14		3	Bacillus amyloliquefaciens
GCF_023115375.1	ASM2311537v1	2025-05-12	Bacillus amyloliquefaciens		GL18					GCF_023115375.1-RS_2025_05_12	Complete Genome	2022-04-26		1	Bacillus amyloliquefaciens
GCF_029857155.2	PRO40	2025-04-30	Bacillus amyloliquefaciens		PRO40					GCF_029857155.2-RS_2025_04_30	Complete Genome	2025-05-13		1	Bacillus amyloliquefaciens
GCF_017815555.1	ASM1781555v1	2025-04-29	Bacillus amyloliquefaciens		G10					GCF_017815555.1-RS_2025_04_29	Complete Genome	2021-04-07		1	Bacillus amyloliquefaciens
GCF_022559645.1	ASM2255964v1	2025-04-24	Bacillus amyloliquefaciens		ZKY01					GCF_022559645.1-RS_2025_04_24	Complete Genome	2022-03-14		1	Bacillus amyloliquefaciens
GCF_029866505.1	ASM2986650v1	2025-04-24	Bacillus amyloliquefaciens		MN-13					GCF_029866505.1-RS_2025_04_24	Complete Genome	2023-04-25		1	Bacillus amyloliquefaciens
GCF_017603845.1	ASM1760384v1	2025-04-22	Bacillus amyloliquefaciens		XJ5					GCF_017603845.1-RS_2025_04_22	Complete Genome	2021-03-29		3	Bacillus amyloliquefaciens
GCF_004421045.1	ASM442104v1	2025-04-19	Bacillus amyloliquefaciens		FS1092					GCF_004421045.1-RS_2025_04_19	Complete Genome	2019-03-27		1	Bacillus amyloliquefaciens
GCF_022833015.1	ASM2283301v1	2025-04-19	Bacillus amyloliquefaciens		W0101					GCF_022833015.1-RS_2025_04_19	Complete Genome	2022-04-07		1	Bacillus amyloliquefaciens
GCF_049677765.1	ASM4967776v1	2025-04-17	Bacillus amyloliquefaciens		SH-53					GCF_049677765.1-RS_2025_04_17	Complete Genome	2025-04-20		1	Bacillus amyloliquefaciens
GCF_049674945.1	ASM4967494v1	2025-04-17	Bacillus amyloliquefaciens		EG025					GCF_049674945.1-RS_2025_04_17	Complete Genome	2025-04-20		1	Bacillus amyloliquefaciens
GCF_017357905.1	ASM1735790v1	2025-04-11	Bacillus amyloliquefaciens		GXU-1					GCF_017357905.1-RS_2025_04_11	Complete Genome	2021-03-16		1	Bacillus amyloliquefaciens
GCF_003312895.1	ASM331289v1	2025-04-08	Bacillus amyloliquefaciens		SH-B74					GCF_003312895.1-RS_2025_04_08	Complete Genome	2018-07-11		2	Bacillus amyloliquefaciens
GCF_003149695.1	ASM314969v1	2025-04-04	Bacillus amyloliquefaciens		ALB69					GCF_003149695.1-RS_2025_04_04	Complete Genome	2018-05-23		1	Bacillus amyloliquefaciens
GCF_003149715.1	ASM314971v1	2025-04-04	Bacillus amyloliquefaciens		ALB65					GCF_003149715.1-RS_2025_04_04	Complete Genome	2018-05-23		1	Bacillus amyloliquefaciens
GCF_003149795.1	ASM314979v1	2025-04-04	Bacillus amyloliquefaciens		ALB79					GCF_003149795.1-RS_2025_04_04	Complete Genome	2018-05-23		1	Bacillus amyloliquefaciens
GCF_002209305.1	ASM220930v1	2025-04-04	Bacillus amyloliquefaciens		MT45					GCF_002209305.1-RS_2025_04_04	Complete Genome	2017-06-27		1	Bacillus amyloliquefaciens
GCF_029278325.1	ASM2927832v1	2025-04-02	Bacillus amyloliquefaciens		MG-2					GCF_029278325.1-RS_2025_04_02	Complete Genome	2023-03-20		1	Bacillus amyloliquefaciens
GCF_000835145.1	ASM83514v1	2025-04-01	Bacillus amyloliquefaciens KHG19		KHG19					GCF_000835145.1-RS_2025_04_01	Complete Genome	2015-02-10		1	Bacillus amyloliquefaciens
GCF_022492915.1	ASM2249291v1	2025-03-30	Bacillus amyloliquefaciens		WF2020					GCF_022492915.1-RS_2025_03_30	Complete Genome	2022-03-07		1	Bacillus amyloliquefaciens
GCF_019396925.1	ASM1939692v1	2025-03-28	Bacillus amyloliquefaciens		GKT04					GCF_019396925.1-RS_2025_03_28	Complete Genome	2021-07-29		2	Bacillus amyloliquefaciens
GCF_000195515.1	ASM19551v1	2025-03-27	Bacillus amyloliquefaciens TA208		TA208					GCF_000195515.1-RS_2025_03_27	Complete Genome	2011-04-08		1	Bacillus amyloliquefaciens
GCF_024584765.1	ASM2458476v1	2025-03-25	Bacillus amyloliquefaciens		CAS02					GCF_024584765.1-RS_2025_03_25	Complete Genome	2022-08-08		2	Bacillus amyloliquefaciens
GCF_024396775.1	ASM2439677v1	2025-08-09	Bacillus anthracis		CVCC40202					GCF_024396775.1-RS_2025_08_09	Complete Genome	2022-07-25		3	Bacillus anthracis
GCF_024396795.1	ASM2439679v1	2025-08-09	Bacillus anthracis		CVCC40205					GCF_024396795.1-RS_2025_08_09	Complete Genome	2022-07-25		2	Bacillus anthracis
GCF_023824055.1	ASM2382405v1	2025-07-13	Bacillus anthracis		CMF9					GCF_023824055.1-RS_2025_07_13	Complete Genome	2022-06-21		4	Bacillus anthracis
GCF_030166975.1	ASM3016697v1	2025-06-27	Bacillus anthracis		Mn106-1 head2 chi					GCF_030166975.1-RS_2025_06_27	Complete Genome	2023-06-05		3	Bacillus anthracis
GCF_050820025.1	ASM5082002v1	2025-06-07	Bacillus anthracis		AM7					GCF_050820025.1-RS_2025_06_07	Complete Genome	2025-06-07		2	Bacillus anthracis
GCF_030166675.1	ASM3016667v1	2025-06-05	Bacillus anthracis		BHY1401					GCF_030166675.1-RS_2025_06_05	Complete Genome	2023-06-05		3	Bacillus anthracis
GCF_003410355.1	ASM341035v1	2025-05-27	Bacillus anthracis		MCCC 1A01412					GCF_003410355.1-RS_2025_05_27	Complete Genome	2018-08-21		3	Bacillus anthracis
GCF_003410255.1	ASM341025v1	2025-05-27	Bacillus anthracis		MCCC 1A02161					GCF_003410255.1-RS_2025_05_27	Complete Genome	2018-08-21		1	Bacillus anthracis
GCF_000534935.2	ASM53493v2	2025-04-25	Bacillus anthracis		CZC5					GCF_000534935.2-RS_2025_04_25	Complete Genome	2018-08-23		3	Bacillus anthracis
GCF_006088855.1	ASM608885v1	2025-04-14	Bacillus anthracis		17OD930					GCF_006088855.1-RS_2025_04_14	Complete Genome	2019-06-06		3	Bacillus anthracis
GCF_022221105.1	ASM2222110v1	2025-04-14	Bacillus anthracis		Pasteur					GCF_022221105.1-RS_2025_04_14	Complete Genome	2022-02-14		2	Bacillus anthracis
GCF_964341285.1	B_anthracis_CA	2025-04-14	Bacillus anthracis					BcbvaCA		GCF_964341285.1-RS_2025_04_14	Complete Genome	2025-01-05		3	Bacillus anthracis
GCF_022221085.1	ASM2222108v1	2025-04-14	Bacillus anthracis str. BF1		BF1					GCF_022221085.1-RS_2025_04_14	Complete Genome	2022-02-14		3	Bacillus anthracis
GCF_029636705.1	ASM2963670v1	2025-04-10	Bacillus anthracis		AN17-14_S4					GCF_029636705.1-RS_2025_04_10	Complete Genome	2023-04-10		3	Bacillus anthracis
GCF_029636605.1	ASM2963660v1	2025-04-10	Bacillus anthracis		AN18-416_2					GCF_029636605.1-RS_2025_04_10	Complete Genome	2023-04-10		3	Bacillus anthracis
GCF_029636405.1	ASM2963640v1	2025-04-10	Bacillus anthracis		AN17-384_2					GCF_029636405.1-RS_2025_04_10	Complete Genome	2023-04-10		3	Bacillus anthracis
GCF_000008165.1	ASM816v1	2025-04-10	Bacillus anthracis str. Sterne		Sterne					GCF_000008165.1-RS_2025_04_10	Complete Genome	2004-06-24		1	Bacillus anthracis
GCF_000007845.1	ASM784v1	2025-04-10	Bacillus anthracis str. Ames		Ames					GCF_000007845.1-RS_2025_04_10	Complete Genome	2003-04-30		1	Bacillus anthracis
GCF_000832965.1	ASM83296v1	2025-04-07	Bacillus anthracis		2002013094					GCF_000832965.1-RS_2025_04_07	Complete Genome	2015-02-05		3	Bacillus anthracis
GCF_000832565.1	ASM83256v1	2025-04-07	Bacillus anthracis		SK-102					GCF_000832565.1-RS_2025_04_07	Complete Genome	2015-02-05		3	Bacillus anthracis
GCF_000832445.1	ASM83244v1	2025-04-07	Bacillus anthracis		Vollum 1B					GCF_000832445.1-RS_2025_04_07	Complete Genome	2015-02-05		3	Bacillus anthracis
GCF_000833125.1	ASM83312v1	2025-04-07	Bacillus anthracis		Canadian Bison			A0369		GCF_000833125.1-RS_2025_04_07	Complete Genome	2015-02-05		3	Bacillus anthracis
GCF_000832465.1	ASM83246v1	2025-04-07	Bacillus anthracis		K3					GCF_000832465.1-RS_2025_04_07	Complete Genome	2015-02-05		3	Bacillus anthracis
GCF_000833065.1	ASM83306v1	2025-04-07	Bacillus anthracis		Ames			BACI008		GCF_000833065.1-RS_2025_04_07	Complete Genome	2015-02-05		3	Bacillus anthracis
GCF_000832505.1	ASM83250v1	2025-04-07	Bacillus anthracis		Ohio ACB					GCF_000832505.1-RS_2025_04_07	Complete Genome	2015-02-05		3	Bacillus anthracis
GCF_000832425.1	ASM83242v1	2025-04-07	Bacillus anthracis		PAK-1					GCF_000832425.1-RS_2025_04_07	Complete Genome	2015-02-05		2	Bacillus anthracis
GCF_000832665.1	ASM83266v1	2025-04-07	Bacillus anthracis		BA1015					GCF_000832665.1-RS_2025_04_07	Complete Genome	2015-02-05		3	Bacillus anthracis
GCF_000832745.1	ASM83274v1	2025-04-07	Bacillus anthracis		RA3					GCF_000832745.1-RS_2025_04_07	Complete Genome	2015-02-05		3	Bacillus anthracis
GCF_000832725.1	ASM83272v1	2025-04-07	Bacillus anthracis		BA1035					GCF_000832725.1-RS_2025_04_07	Complete Genome	2015-02-05		3	Bacillus anthracis
GCF_000832585.1	ASM83258v1	2025-04-07	Bacillus anthracis		Pasteur					GCF_000832585.1-RS_2025_04_07	Complete Genome	2015-02-05		2	Bacillus anthracis
GCF_000832635.1	ASM83263v1	2025-04-07	Bacillus anthracis str. Sterne		Sterne					GCF_000832635.1-RS_2025_04_07	Complete Genome	2015-02-05		2	Bacillus anthracis
GCF_000833275.1	ASM83327v1	2025-04-07	Bacillus anthracis str. Turkey32		35					GCF_000833275.1-RS_2025_04_07	Complete Genome	2015-02-05		3	Bacillus anthracis
GCF_000832785.1	ASM83278v1	2025-04-07	Bacillus anthracis str. V770-NP-1R		V770-NP-1R					GCF_000832785.1-RS_2025_04_07	Complete Genome	2015-02-05		2	Bacillus anthracis
GCF_000742895.1	ASM74289v1	2025-04-06	Bacillus anthracis str. Vollum		Vollum					GCF_000742895.1-RS_2025_04_06	Complete Genome	2014-08-21		3	Bacillus anthracis
GCF_022220905.1	ASM2222090v1	2025-04-05	Bacillus anthracis		BUL 14					GCF_022220905.1-RS_2025_04_05	Complete Genome	2022-02-14		1	Bacillus anthracis
GCF_036884935.1	ASM3688493v1	2025-04-05	Bacillus anthracis		CVCC40202					GCF_036884935.1-RS_2025_04_05	Complete Genome	2024-04-05		3	Bacillus anthracis
GCF_036884865.1	ASM3688486v1	2025-04-05	Bacillus anthracis		CVCC40205					GCF_036884865.1-RS_2025_04_05	Complete Genome	2024-04-05		2	Bacillus anthracis
GCF_022221285.1	ASM2222128v1	2025-04-05	Bacillus anthracis		SA020					GCF_022221285.1-RS_2025_04_05	Complete Genome	2022-02-14		3	Bacillus anthracis
GCF_022221305.1	ASM2222130v1	2025-04-05	Bacillus anthracis		AF039					GCF_022221305.1-RS_2025_04_05	Complete Genome	2022-02-14		3	Bacillus anthracis
GCF_022221145.1	ASM2222114v1	2025-04-04	Bacillus anthracis		188678-1					GCF_022221145.1-RS_2025_04_04	Complete Genome	2022-02-14		3	Bacillus anthracis
GCF_022221165.1	ASM2222116v1	2025-04-04	Bacillus anthracis		Tangail-4/2					GCF_022221165.1-RS_2025_04_04	Complete Genome	2022-02-14		3	Bacillus anthracis
GCF_022221245.1	ASM2222124v1	2025-04-04	Bacillus anthracis		A1074					GCF_022221245.1-RS_2025_04_04	Complete Genome	2022-02-14		3	Bacillus anthracis
GCF_000583105.1	ASM58310v1	2025-04-04	Bacillus anthracis str. SVA11		SVA11					GCF_000583105.1-RS_2025_04_04	Complete Genome	2014-02-28		3	Bacillus anthracis
GCF_003227955.1	ASM322795v1	2025-04-03	Bacillus anthracis		London_499					GCF_003227955.1-RS_2025_04_03	Complete Genome	2018-06-14		3	Bacillus anthracis
GCF_022221325.1	ASM2222132v1	2025-04-03	Bacillus anthracis		A159					GCF_022221325.1-RS_2025_04_03	Complete Genome	2022-02-14		3	Bacillus anthracis
GCF_022220685.1	ASM2222068v1	2025-04-03	Bacillus anthracis		Tyrol 3520					GCF_022220685.1-RS_2025_04_03	Complete Genome	2022-02-14		3	Bacillus anthracis
GCF_022221045.1	ASM2222104v1	2025-04-02	Bacillus anthracis		A27					GCF_022221045.1-RS_2025_04_02	Complete Genome	2022-02-14		3	Bacillus anthracis
GCF_022220965.1	ASM2222096v1	2025-04-02	Bacillus anthracis		A168					GCF_022220965.1-RS_2025_04_02	Complete Genome	2022-02-14		3	Bacillus anthracis
GCF_022221025.1	ASM2222102v1	2025-04-02	Bacillus anthracis		BUL 12					GCF_022221025.1-RS_2025_04_02	Complete Genome	2022-02-14		3	Bacillus anthracis
GCF_022220625.1	ASM2222062v1	2025-04-02	Bacillus anthracis		BUL 16					GCF_022220625.1-RS_2025_04_02	Complete Genome	2022-02-14		3	Bacillus anthracis
GCF_000022505.1	ASM2250v1	2025-08-25	Bacillus cereus 03BB102		03BB102					GCF_000022505.1-RS_2025_08_25	Complete Genome	2009-03-30		2	Bacillus cereus
GCF_000021305.1	ASM2130v1	2025-08-25	Bacillus cereus G9842		G9842					GCF_000021305.1-RS_2025_08_25	Complete Genome	2008-12-19		3	Bacillus cereus
GCF_030067875.1	ASM3006787v1	2025-08-24	Bacillus cereus		FFI_gr_36					GCF_030067875.1-RS_2025_08_24	Complete Genome	2023-05-24		2	Bacillus cereus
GCF_030067855.1	ASM3006785v1	2025-08-24	Bacillus cereus		FFI_gr_46					GCF_030067855.1-RS_2025_08_24	Complete Genome	2023-05-24		3	Bacillus cereus
GCF_052122615.1	ASM5212261v1	2025-08-19	Bacillus cereus		26-1					GCF_052122615.1-RS_2025_08_19	Complete Genome	2025-08-19	JBQJKC01	3	Bacillus cereus
GCF_013267775.1	ASM1326777v1	2025-08-02	Bacillus cereus		FDAARGOS_797					GCF_013267775.1-RS_2025_08_02	Complete Genome	2020-06-04		2	Bacillus cereus
GCF_013267235.1	ASM1326723v1	2025-08-02	Bacillus cereus		FDAARGOS_802					GCF_013267235.1-RS_2025_08_02	Complete Genome	2020-06-04		8	Bacillus cereus
GCF_013267475.1	ASM1326747v1	2025-08-02	Bacillus cereus		FDAARGOS_780					GCF_013267475.1-RS_2025_08_02	Complete Genome	2020-06-04		4	Bacillus cereus
GCF_013267455.1	ASM1326745v1	2025-08-02	Bacillus cereus		FDAARGOS_781					GCF_013267455.1-RS_2025_08_02	Complete Genome	2020-06-04		4	Bacillus cereus
GCF_051669205.1	ASM5166920v1	2025-08-01	Bacillus cereus		Tor 16585					GCF_051669205.1-RS_2025_08_01	Complete Genome	2025-08-02		4	Bacillus cereus
GCF_024299105.1	ASM2429910v1	2025-07-25	Bacillus cereus		MB1					GCF_024299105.1-RS_2025_07_25	Complete Genome	2022-07-18		3	Bacillus cereus
GCF_030518615.1	ASM3051861v1	2025-07-22	Bacillus cereus		DW444					GCF_030518615.1-RS_2025_07_22	Complete Genome	2023-07-23		4	Bacillus cereus
GCF_018884185.1	ASM1888418v1	2025-07-13	Bacillus cereus		CF4-51					GCF_018884185.1-RS_2025_07_13	Complete Genome	2021-06-15		4	Bacillus cereus
GCF_030291955.1	ASM3029195v1	2025-07-08	Bacillus cereus		D5_B_69					GCF_030291955.1-RS_2025_07_08	Complete Genome	2023-06-20		3	Bacillus cereus
GCF_030406205.1	ASM3040620v1	2025-07-06	Bacillus cereus		lycx					GCF_030406205.1-RS_2025_07_06	Complete Genome	2023-07-04		2	Bacillus cereus
GCF_051132255.1	ASM5113225v1	2025-06-29	Bacillus cereus		DP040					GCF_051132255.1-RS_2025_06_29	Complete Genome	2025-06-29		2	Bacillus cereus
GCF_040268315.1	ASM4026831v1	2025-06-24	Bacillus cereus		NBNZ-2162					GCF_040268315.1-RS_2025_06_24	Complete Genome	2024-06-25		2	Bacillus cereus
GCF_040210495.1	ASM4021049v1	2025-06-19	Bacillus cereus		B9					GCF_040210495.1-RS_2025_06_19	Complete Genome	2024-06-20		5	Bacillus cereus
GCF_018309125.1	ASM1830912v1	2025-06-16	Bacillus cereus		BC06					GCF_018309125.1-RS_2025_06_16	Complete Genome	2021-05-07		3	Bacillus cereus
GCF_018309145.1	ASM1830914v1	2025-06-15	Bacillus cereus		BC07					GCF_018309145.1-RS_2025_06_15	Complete Genome	2021-05-07		5	Bacillus cereus
GCF_023094015.1	ASM2309401v1	2025-06-12	Bacillus cereus		CDHWZ7					GCF_023094015.1-RS_2025_06_12	Complete Genome	2022-04-24		3	Bacillus cereus
GCF_000007825.1	ASM782v1	2025-06-11	Bacillus cereus ATCC 14579		ATCC 14579					GCF_000007825.1-RS_2025_06_11	Complete Genome	2003-04-17		2	Bacillus cereus
GCF_050871175.1	Bacillus cereus Genome sequencing	2025-06-11	Bacillus cereus		FWZ-1					GCF_050871175.1-RS_2025_06_11	Complete Genome	2025-06-12		1	Bacillus cereus
GCF_025946485.2	ASM2594648v2	2025-06-11	Bacillus cereus		BC38B					GCF_025946485.2-RS_2025_06_11	Complete Genome	2023-02-24		2	Bacillus cereus
GCF_050814675.1	ASM5081467v1	2025-06-07	Bacillus cereus		JMF-2008-3-0007					GCF_050814675.1-RS_2025_06_07	Complete Genome	2025-06-07		6	Bacillus cereus
GCF_016774555.1	ASM1677455v1	2025-06-02	Bacillus cereus		21155					GCF_016774555.1-RS_2025_06_02	Complete Genome	2021-01-31		5	Bacillus cereus
GCF_004801195.1	ASM480119v1	2025-05-31	Bacillus cereus		MH19					GCF_004801195.1-RS_2025_05_31	Complete Genome	2019-04-19		1	Bacillus cereus
GCF_004006495.1	ASM400649v1	2025-05-29	Bacillus cereus		ZB201708					GCF_004006495.1-RS_2025_05_29	Complete Genome	2019-01-09		1	Bacillus cereus
GCF_045838415.1	Bacillus cereus strain Ta-LAA-64	2025-05-28	Bacillus cereus		Ta-LAA-64					GCF_045838415.1-RS_2025_05_28	Complete Genome	2025-05-29		1	Bacillus cereus
GCF_030064245.1	ASM3006424v1	2025-05-22	Bacillus cereus		IBA1					GCF_030064245.1-RS_2025_05_22	Complete Genome	2023-05-23		1	Bacillus cereus
GCF_009739965.1	ASM973996v1	2025-05-21	Bacillus cereus		DLOU-Tangshan					GCF_009739965.1-RS_2025_05_21	Complete Genome	2019-12-11		2	Bacillus cereus
GCF_001518875.1	ASM151887v1	2025-05-21	Bacillus cereus		FORC_013					GCF_001518875.1-RS_2025_05_21	Complete Genome	2016-01-20		2	Bacillus cereus
GCF_002214765.1	ASM221476v1	2025-05-21	Bacillus cereus		FORC_048					GCF_002214765.1-RS_2025_05_21	Complete Genome	2017-07-05		1	Bacillus cereus
GCF_002000005.1	ASM200000v1	2025-05-21	Bacillus cereus		FORC021					GCF_002000005.1-RS_2025_05_21	Complete Genome	2017-02-15		2	Bacillus cereus
GCF_023516415.1	ASM2351641v1	2025-05-21	Bacillus cereus		DQ01					GCF_023516415.1-RS_2025_05_21	Complete Genome	2022-05-22		3	Bacillus cereus
GCF_002224345.1	ASM222434v1	2025-05-21	Bacillus cereus C1L		C1L					GCF_002224345.1-RS_2025_05_21	Complete Genome	2017-07-24		4	Bacillus cereus
GCF_013394245.1	ASM1339424v1	2025-05-14	Bacillus cereus		H2					GCF_013394245.1-RS_2025_05_14	Complete Genome	2020-07-08		3	Bacillus cereus
GCF_001721145.1	ASM172114v1	2025-05-14	Bacillus cereus		FORC_024					GCF_001721145.1-RS_2025_05_14	Complete Genome	2016-09-07		1	Bacillus cereus
GCF_024498915.1	ASM2449891v1	2025-05-14	Bacillus cereus		GSICC 30237					GCF_024498915.1-RS_2025_05_14	Complete Genome	2022-08-01		4	Bacillus cereus
GCF_003020845.1	ASM302084v1	2025-05-14	Bacillus cereus		FORC60					GCF_003020845.1-RS_2025_05_14	Complete Genome	2018-03-27		1	Bacillus cereus
GCF_021442085.1	ASM2144208v1	2025-05-14	Bacillus cereus		NR1					GCF_021442085.1-RS_2025_05_14	Complete Genome	2022-01-12		2	Bacillus cereus
GCF_019704155.2	ASM1970415v2	2025-05-14	Bacillus cereus		HT18					GCF_019704155.2-RS_2025_05_14	Complete Genome	2022-01-25		6	Bacillus cereus
GCF_004771155.1	ASM477115v1	2025-05-14	Bacillus cereus		1000305					GCF_004771155.1-RS_2025_05_14	Complete Genome	2019-04-11		1	Bacillus cereus
GCF_025035865.1	ASM2503586v1	2025-05-14	Bacillus cereus		FORC_010					GCF_025035865.1-RS_2025_05_14	Complete Genome	2022-09-07		2	Bacillus cereus
GCF_009739985.1	ASM973998v1	2025-05-14	Bacillus cereus		DLOU-Weihai					GCF_009739985.1-RS_2025_05_14	Complete Genome	2019-12-11		2	Bacillus cereus
GCF_024584625.1	ASM2458462v1	2025-05-14	Bacillus cereus		C-1					GCF_024584625.1-RS_2025_05_14	Complete Genome	2022-08-08		2	Bacillus cereus
GCF_006349735.2	ASM634973v2	2025-05-14	Bacillus cereus		A24					GCF_006349735.2-RS_2025_05_14	Complete Genome	2021-11-01		3	Bacillus cereus
GCF_013284505.2	ASM1328450v2	2025-05-14	Bacillus cereus		HD1.4B					GCF_013284505.2-RS_2025_05_14	Complete Genome	2021-11-01		4	Bacillus cereus
GCF_013284455.2	ASM1328445v2	2025-05-14	Bacillus cereus		HD2.4					GCF_013284455.2-RS_2025_05_14	Complete Genome	2021-11-01		4	Bacillus cereus
GCF_000021205.1	ASM2120v1	2025-05-14	Bacillus cereus B4264		B4264					GCF_000021205.1-RS_2025_05_14	Complete Genome	2008-12-17		1	Bacillus cereus
GCF_016126875.1	ASM1612687v1	2025-08-24	Bacillus licheniformis		H2					GCF_016126875.1-RS_2025_08_24	Complete Genome	2020-12-20		3	Bacillus licheniformis
GCF_052142875.1	ASM5214287v1	2025-08-20	Bacillus licheniformis		15-E12A					GCF_052142875.1-RS_2025_08_20	Complete Genome	2025-08-20		1	Bacillus licheniformis
GCF_052142905.1	ASM5214290v1	2025-08-20	Bacillus licheniformis		15-WTA					GCF_052142905.1-RS_2025_08_20	Complete Genome	2025-08-20		1	Bacillus licheniformis
GCF_052141705.1	ASM5214170v1	2025-08-19	Bacillus licheniformis		15-E12B					GCF_052141705.1-RS_2025_08_19	Complete Genome	2025-08-20		1	Bacillus licheniformis
GCF_030520185.1	ASM3052018v1	2025-07-23	Bacillus licheniformis		MGMM9					GCF_030520185.1-RS_2025_07_23	Complete Genome	2023-07-24		1	Bacillus licheniformis
GCF_030284405.1	ASM3028440v1	2025-06-16	Bacillus licheniformis		Jrh14-10					GCF_030284405.1-RS_2025_06_16	Complete Genome	2023-06-17		1	Bacillus licheniformis
GCF_030177855.1	ASM3017785v1	2025-06-05	Bacillus licheniformis		CQMB003					GCF_030177855.1-RS_2025_06_05	Complete Genome	2023-06-06		1	Bacillus licheniformis
GCF_029857465.1	DSM26543	2025-05-18	Bacillus licheniformis		DSM 26543					GCF_029857465.1-RS_2025_05_18	Complete Genome	2025-05-13		1	Bacillus licheniformis
GCF_039619455.1	ASM3961945v1	2025-05-13	Bacillus licheniformis		FUA2146					GCF_039619455.1-RS_2025_05_13	Complete Genome	2024-05-14		2	Bacillus licheniformis
GCF_029857595.2	DSM13	2025-04-30	Bacillus licheniformis		DSM 13					GCF_029857595.2-RS_2025_04_30	Complete Genome	2025-05-13		1	Bacillus licheniformis
GCF_049990405.1	ASM4999040v1	2025-04-30	Bacillus licheniformis		CGMCC 34071					GCF_049990405.1-RS_2025_04_30	Complete Genome	2025-05-13		1	Bacillus licheniformis
GCF_004103575.1	ASM410357v1	2025-04-14	Bacillus licheniformis		SRCM103529					GCF_004103575.1-RS_2025_04_14	Complete Genome	2019-01-23		2	Bacillus licheniformis
GCF_004526275.1	ASM452627v1	2025-04-14	Bacillus licheniformis		MCC 2514					GCF_004526275.1-RS_2025_04_14	Complete Genome	2019-03-31		1	Bacillus licheniformis
GCF_004119755.1	ASM411975v1	2025-04-10	Bacillus licheniformis		SRCM103583					GCF_004119755.1-RS_2025_04_10	Complete Genome	2019-01-30		1	Bacillus licheniformis
GCF_003339545.1	ASM333954v1	2025-04-09	Bacillus licheniformis		0DA23-1					GCF_003339545.1-RS_2025_04_09	Complete Genome	2018-07-25		1	Bacillus licheniformis
GCF_009662395.1	ASM966239v1	2025-04-09	Bacillus licheniformis		P8_B2					GCF_009662395.1-RS_2025_04_09	Complete Genome	2019-11-14		2	Bacillus licheniformis
GCF_017338795.1	ASM1733879v1	2025-04-09	Bacillus licheniformis		CP6					GCF_017338795.1-RS_2025_04_09	Complete Genome	2021-03-12		1	Bacillus licheniformis
GCF_004119795.1	ASM411979v1	2025-04-09	Bacillus licheniformis		SRCM103608					GCF_004119795.1-RS_2025_04_09	Complete Genome	2019-01-30		1	Bacillus licheniformis
GCF_036700005.1	ASM3670000v1	2025-04-09	Bacillus licheniformis		CP26					GCF_036700005.1-RS_2025_04_09	Complete Genome	2024-04-05		1	Bacillus licheniformis
GCF_004101525.1	ASM410152v1	2025-04-08	Bacillus licheniformis		SRCM103914					GCF_004101525.1-RS_2025_04_08	Complete Genome	2019-01-22		3	Bacillus licheniformis
GCF_003253815.1	ASM325381v1	2025-04-08	Bacillus licheniformis		CBA7132					GCF_003253815.1-RS_2025_04_08	Complete Genome	2018-06-18		1	Bacillus licheniformis
GCF_003952865.1	ASM395286v1	2025-04-08	Bacillus licheniformis		PB3					GCF_003952865.1-RS_2025_04_08	Complete Genome	2018-12-18		1	Bacillus licheniformis
GCF_036700035.1	ASM3670003v1	2025-04-05	Bacillus licheniformis		CP13					GCF_036700035.1-RS_2025_04_05	Complete Genome	2024-04-05		1	Bacillus licheniformis
GCF_003595625.1	ASM359562v1	2025-04-02	Bacillus licheniformis		TAB7					GCF_003595625.1-RS_2025_04_02	Complete Genome	2018-09-25		3	Bacillus licheniformis
GCF_022700915.1	ASM2270091v1	2025-04-02	Bacillus licheniformis		C5					GCF_022700915.1-RS_2025_04_02	Complete Genome	2022-03-28		1	Bacillus licheniformis
GCF_002504325.1	ASM250432v1	2025-04-02	Bacillus licheniformis		ATCC 9789					GCF_002504325.1-RS_2025_04_02	Complete Genome	2017-10-10		1	Bacillus licheniformis
GCF_015689075.1	ASM1568907v1	2025-03-30	Bacillus licheniformis		LCDD6					GCF_015689075.1-RS_2025_03_30	Complete Genome	2020-11-25		1	Bacillus licheniformis
GCF_007855455.1	ASM785545v1	2025-03-30	Bacillus licheniformis		KNU11					GCF_007855455.1-RS_2025_03_30	Complete Genome	2019-08-06		1	Bacillus licheniformis
GCF_028532465.1	ASM2853246v1	2025-03-10	Bacillus licheniformis		GN02					GCF_028532465.1-RS_2025_03_10	Complete Genome	2023-02-07		1	Bacillus licheniformis
GCF_002074115.1	ASM207411v1	2025-03-05	Bacillus licheniformis		SCDB 34					GCF_002074115.1-RS_2025_03_05	Complete Genome	2017-03-29		1	Bacillus licheniformis
GCF_001726125.1	ASM172612v1	2025-03-05	Bacillus licheniformis		BL1202					GCF_001726125.1-RS_2025_03_05	Complete Genome	2016-09-15		1	Bacillus licheniformis
GCF_002074135.1	ASM207413v1	2025-03-05	Bacillus licheniformis		SCCB 37					GCF_002074135.1-RS_2025_03_05	Complete Genome	2017-03-29		1	Bacillus licheniformis
GCF_002074075.1	ASM207407v1	2025-03-05	Bacillus licheniformis		SCK B11					GCF_002074075.1-RS_2025_03_05	Complete Genome	2017-03-29		1	Bacillus licheniformis
GCF_002074095.1	ASM207409v1	2025-03-05	Bacillus licheniformis		SCDB 14					GCF_002074095.1-RS_2025_03_05	Complete Genome	2017-03-29		2	Bacillus licheniformis
GCF_034478925.1	ASM3447892v1	2025-03-02	Bacillus licheniformis		ATCC 14580					GCF_034478925.1-RS_2025_03_02	Complete Genome	2023-12-19		1	Bacillus licheniformis
GCF_022630555.1	ASM2263055v1	2025-03-02	Bacillus licheniformis		DSM 13					GCF_022630555.1-RS_2025_03_02	Complete Genome	2022-03-19		1	Bacillus licheniformis
GCF_006094335.1	ASM609433v1	2025-03-02	Bacillus licheniformis		ATCC 14580					GCF_006094335.1-RS_2025_03_02	Complete Genome	2019-06-06		1	Bacillus licheniformis
GCF_000008425.1	ASM842v1	2025-03-02	Bacillus licheniformis DSM 13 = ATCC 14580		DSM 13					GCF_000008425.1-RS_2025_03_02	Complete Genome	2004-09-28		1	Bacillus licheniformis
GCF_000011645.1	ASM1164v1	2025-03-02	Bacillus licheniformis DSM 13 = ATCC 14580		ATCC 14580; DSM 13					GCF_000011645.1-RS_2025_03_02	Complete Genome	2007-12-18		1	Bacillus licheniformis
GCF_002173675.1	ASM217367v1	2025-02-16	Bacillus licheniformis		SRCM100141					GCF_002173675.1-RS_2025_02_16	Complete Genome	2017-06-06		3	Bacillus licheniformis
GCF_016026835.1	ASM1602683v1	2025-02-14	Bacillus licheniformis		FDAARGOS_923					GCF_016026835.1-RS_2025_02_14	Complete Genome	2020-12-14		5	Bacillus licheniformis
GCF_902386215.1	UHGG_MGYG-HGUT-02357	2025-02-13	Bacillus licheniformis					MGYG-HGUT-02357		GCF_902386215.1-RS_2025_02_13	Complete Genome	2019-08-10		1	Bacillus licheniformis
GCF_002174255.1	ASM217425v1	2025-02-07	Bacillus licheniformis		SRCM100027					GCF_002174255.1-RS_2025_02_07	Complete Genome	2017-06-06		3	Bacillus licheniformis
GCF_002236895.1	ASM223689v1	2025-02-07	Bacillus licheniformis		BL-010					GCF_002236895.1-RS_2025_02_07	Complete Genome	2017-07-28		1	Bacillus licheniformis
GCF_001596055.1	ASM159605v1	2025-02-06	Bacillus licheniformis		HRBL-15TDI7					GCF_001596055.1-RS_2025_02_06	Complete Genome	2016-03-22		1	Bacillus licheniformis
GCF_036419095.1	ASM3641909v1	2025-02-05	Bacillus licheniformis		FUA2151					GCF_036419095.1-RS_2025_02_05	Complete Genome	2024-02-06		1	Bacillus licheniformis
GCF_047130835.1	ASM4713083v1	2025-01-25	Bacillus licheniformis		2709					GCF_047130835.1-RS_2025_01_25	Complete Genome	2025-01-25		1	Bacillus licheniformis
GCF_002966955.1	ASM296695v1	2025-01-16	Bacillus licheniformis		14ADL4					GCF_002966955.1-RS_2025_01_16	Complete Genome	2018-03-02		1	Bacillus licheniformis
GCF_046619435.1	ASM4661943v1	2025-01-15	Bacillus licheniformis		MPB11					GCF_046619435.1-RS_2025_01_15	Complete Genome	2025-01-15		1	Bacillus licheniformis
GCF_046619505.1	ASM4661950v1	2025-01-15	Bacillus licheniformis		MPB04					GCF_046619505.1-RS_2025_01_15	Complete Genome	2025-01-15		1	Bacillus licheniformis
GCF_052077675.1	ASM5207767v1	2025-08-19	Bacillus mycoides		BDS9					GCF_052077675.1-RS_2025_08_19	Complete Genome	2025-08-17	JBQIBF01	6	Bacillus mycoides
GCF_030718825.1	ASM3071882v1	2025-08-13	Bacillus mycoides		PAMC 29538					GCF_030718825.1-RS_2025_08_13	Complete Genome	2023-08-14		9	Bacillus mycoides
GCF_030704245.1	ASM3070424v1	2025-08-09	Bacillus mycoides		PAMC 29627					GCF_030704245.1-RS_2025_08_09	Complete Genome	2023-08-09		4	Bacillus mycoides
GCF_018739705.1	ASM1873970v1	2025-07-13	Bacillus mycoides		JAS014					GCF_018739705.1-RS_2025_07_13	Complete Genome	2021-06-07		3	Bacillus mycoides
GCF_018742245.1	ASM1874224v1	2025-07-13	Bacillus mycoides		JAS823					GCF_018742245.1-RS_2025_07_13	Complete Genome	2021-06-07		5	Bacillus mycoides
GCF_018739685.1	ASM1873968v1	2025-07-13	Bacillus mycoides		BPN57/2					GCF_018739685.1-RS_2025_07_13	Complete Genome	2021-06-07		6	Bacillus mycoides
GCF_018736705.1	ASM1873670v1	2025-07-13	Bacillus mycoides		BPN03/1					GCF_018736705.1-RS_2025_07_13	Complete Genome	2021-06-07		9	Bacillus mycoides
GCF_018742225.1	ASM1874222v1	2025-06-25	Bacillus mycoides		JAS635					GCF_018742225.1-RS_2025_06_25	Complete Genome	2021-06-07		11	Bacillus mycoides
GCF_018741465.1	ASM1874146v1	2025-06-25	Bacillus mycoides		JAS1004					GCF_018741465.1-RS_2025_06_25	Complete Genome	2021-06-07		11	Bacillus mycoides
GCF_018742185.1	ASM1874218v1	2025-06-25	Bacillus mycoides		JAS06/1					GCF_018742185.1-RS_2025_06_25	Complete Genome	2021-06-07		4	Bacillus mycoides
GCF_018741165.1	ASM1874116v1	2025-06-25	Bacillus mycoides		JAS06/3					GCF_018741165.1-RS_2025_06_25	Complete Genome	2021-06-07		6	Bacillus mycoides
GCF_018739445.1	ASM1873944v1	2025-06-25	Bacillus mycoides		BPN36/2					GCF_018739445.1-RS_2025_06_25	Complete Genome	2021-06-07		3	Bacillus mycoides
GCF_018736745.1	ASM1873674v1	2025-06-25	Bacillus mycoides		BPN09/1					GCF_018736745.1-RS_2025_06_25	Complete Genome	2021-06-07		8	Bacillus mycoides
GCF_018741565.1	ASM1874156v1	2025-06-25	Bacillus mycoides		JAS23/1					GCF_018741565.1-RS_2025_06_25	Complete Genome	2021-06-07		2	Bacillus mycoides
GCF_018751995.1	ASM1875199v1	2025-06-25	Bacillus mycoides		JAS15/1					GCF_018751995.1-RS_2025_06_25	Complete Genome	2021-06-07		8	Bacillus mycoides
GCF_018742285.1	ASM1874228v1	2025-06-25	Bacillus mycoides		JAS94/5					GCF_018742285.1-RS_2025_06_25	Complete Genome	2021-06-07		4	Bacillus mycoides
GCF_018739645.1	ASM1873964v1	2025-06-25	Bacillus mycoides		BPN52/2					GCF_018739645.1-RS_2025_06_25	Complete Genome	2021-06-07		3	Bacillus mycoides
GCF_018741085.1	ASM1874108v1	2025-06-25	Bacillus mycoides		BPN601					GCF_018741085.1-RS_2025_06_25	Complete Genome	2021-06-07		6	Bacillus mycoides
GCF_018739305.1	ASM1873930v1	2025-06-25	Bacillus mycoides		BPN121					GCF_018739305.1-RS_2025_06_25	Complete Genome	2021-06-07		6	Bacillus mycoides
GCF_018739545.1	ASM1873954v1	2025-06-25	Bacillus mycoides		BPN43/2					GCF_018739545.1-RS_2025_06_25	Complete Genome	2021-06-07		5	Bacillus mycoides
GCF_030292205.1	ASM3029220v1	2025-06-20	Bacillus mycoides		SIN2.2					GCF_030292205.1-RS_2025_06_20	Complete Genome	2023-06-20		8	Bacillus mycoides
GCF_030292225.1	ASM3029222v1	2025-06-20	Bacillus mycoides		SIN3.2					GCF_030292225.1-RS_2025_06_20	Complete Genome	2023-06-20		7	Bacillus mycoides
GCF_030292115.1	ASM3029211v1	2025-06-20	Bacillus mycoides		SIN3.1					GCF_030292115.1-RS_2025_06_20	Complete Genome	2023-06-20		6	Bacillus mycoides
GCF_030292015.1	ASM3029201v1	2025-06-20	Bacillus mycoides		G5S2					GCF_030292015.1-RS_2025_06_20	Complete Genome	2023-06-20		3	Bacillus mycoides
GCF_050209365.1	ASM5020936v1	2025-05-07	Bacillus mycoides		LBUM447					GCF_050209365.1-RS_2025_05_07	Complete Genome	2025-05-13		6	Bacillus mycoides
GCF_050210445.1	ASM5021044v1	2025-05-07	Bacillus mycoides		LBUM136					GCF_050210445.1-RS_2025_05_07	Complete Genome	2025-05-13		3	Bacillus mycoides
GCF_018739485.1	ASM1873948v1	2025-04-27	Bacillus mycoides		BPN36/3					GCF_018739485.1-RS_2025_04_27	Complete Genome	2021-06-07		2	Bacillus mycoides
GCF_038024175.1	ASM3802417v1	2025-04-08	Bacillus mycoides		4BM1					GCF_038024175.1-RS_2025_04_08	Complete Genome	2024-04-09		3	Bacillus mycoides
GCF_000832605.1	ASM83260v1	2025-04-07	Bacillus mycoides		ATCC 6462					GCF_000832605.1-RS_2025_04_07	Complete Genome	2015-02-05		4	Bacillus mycoides
GCF_022532085.1	ASM2253208v1	2025-04-03	Bacillus mycoides		LX30					GCF_022532085.1-RS_2025_04_03	Complete Genome	2022-03-09		6	Bacillus mycoides
GCF_000018825.1	ASM1882v1	2025-03-27	Bacillus mycoides KBAB4		KBAB4					GCF_000018825.1-RS_2025_03_27	Complete Genome	2007-12-21		5	Bacillus mycoides
GCF_022630575.1	ASM2263057v1	2025-03-24	Bacillus mycoides		DSM 2048					GCF_022630575.1-RS_2025_03_24	Complete Genome	2022-03-19		3	Bacillus mycoides
GCF_029024805.1	ASM2902480v1	2025-03-24	Bacillus mycoides		DSM 2048					GCF_029024805.1-RS_2025_03_24	Complete Genome	2023-03-08		4	Bacillus mycoides
GCF_018739665.1	ASM1873966v1	2025-02-14	Bacillus mycoides		BPN54/2					GCF_018739665.1-RS_2025_02_14	Complete Genome	2021-06-07		8	Bacillus mycoides
GCF_018736725.1	ASM1873672v1	2025-02-14	Bacillus mycoides		BPN07/3					GCF_018736725.1-RS_2025_02_14	Complete Genome	2021-06-07		3	Bacillus mycoides
GCF_018736765.1	ASM1873676v1	2025-02-10	Bacillus mycoides		BPN102					GCF_018736765.1-RS_2025_02_10	Complete Genome	2021-06-07		5	Bacillus mycoides
GCF_000775975.1	ASM77597v1	2025-01-06	Bacillus mycoides		WSBC10204					GCF_000775975.1-RS_2025_01_06	Complete Genome	2014-11-13		1	Bacillus mycoides
GCF_018741605.1	ASM1874160v1	2024-12-16	Bacillus mycoides		JAS391					GCF_018741605.1-RS_2024_12_16	Complete Genome	2021-06-07		9	Bacillus mycoides
GCF_018741145.1	ASM1874114v1	2024-12-12	Bacillus mycoides		JAS06/1					GCF_018741145.1-RS_2024_12_12	Complete Genome	2021-06-07		7	Bacillus mycoides
GCF_018742105.1	ASM1874210v1	2024-12-12	Bacillus mycoides		JAS85/1					GCF_018742105.1-RS_2024_12_12	Complete Genome	2021-06-07		2	Bacillus mycoides
GCF_018741645.1	ASM1874164v1	2024-12-12	Bacillus mycoides		JAS481					GCF_018741645.1-RS_2024_12_12	Complete Genome	2021-06-07		6	Bacillus mycoides
GCF_018740945.1	ASM1874094v1	2024-12-12	Bacillus mycoides		BPN573					GCF_018740945.1-RS_2024_12_12	Complete Genome	2021-06-07		2	Bacillus mycoides
GCF_018742045.1	ASM1874204v1	2024-12-12	Bacillus mycoides		JAS12/5					GCF_018742045.1-RS_2024_12_12	Complete Genome	2021-06-07		4	Bacillus mycoides
GCF_018739365.1	ASM1873936v1	2024-12-12	Bacillus mycoides		BPN211					GCF_018739365.1-RS_2024_12_12	Complete Genome	2021-06-07		3	Bacillus mycoides
GCF_018741005.1	ASM1874100v1	2024-12-12	Bacillus mycoides		BPN58/4					GCF_018741005.1-RS_2024_12_12	Complete Genome	2021-06-07		4	Bacillus mycoides
GCF_018742265.1	ASM1874226v1	2024-12-12	Bacillus mycoides		JAS85/1					GCF_018742265.1-RS_2024_12_12	Complete Genome	2021-06-07		8	Bacillus mycoides
GCF_018739385.1	ASM1873938v1	2024-12-10	Bacillus mycoides		BPN29/1					GCF_018739385.1-RS_2024_12_10	Complete Genome	2021-06-07		7	Bacillus mycoides
GCF_002104575.1	ASM210457v1	2024-12-10	Bacillus mycoides		Gnyt1					GCF_002104575.1-RS_2024_12_10	Complete Genome	2017-04-18		9	Bacillus mycoides
GCF_018739525.1	ASM1873952v1	2024-12-10	Bacillus mycoides		BPN37/2					GCF_018739525.1-RS_2024_12_10	Complete Genome	2021-06-07		5	Bacillus mycoides
GCF_008274925.1	ASM827492v1	2024-12-10	Bacillus mycoides		BPN401					GCF_008274925.1-RS_2024_12_10	Complete Genome	2019-09-05		7	Bacillus mycoides
GCF_024508095.1	ASM2450809v1	2025-08-27	Bacillus subtilis		RUB331					GCF_024508095.1-RS_2025_08_27	Complete Genome	2022-08-03		1	Bacillus subtilis
GCF_024507895.1	ASM2450789v1	2025-08-27	Bacillus subtilis		BGSC 10A5					GCF_024507895.1-RS_2025_08_27	Complete Genome	2022-08-03		1	Bacillus subtilis
GCF_024507835.1	ASM2450783v1	2025-08-27	Bacillus subtilis subsp. subtilis		BGSC 10A5					GCF_024507835.1-RS_2025_08_27	Complete Genome	2022-08-03		1	Bacillus subtilis
GCF_052233195.1	ASM5223319v1	2025-08-26	Bacillus subtilis		DN3-1					GCF_052233195.1-RS_2025_08_26	Complete Genome	2025-08-28		1	Bacillus subtilis
GCF_021497525.1	ASM2149752v1	2025-08-25	Bacillus subtilis		JNFE1126					GCF_021497525.1-RS_2025_08_25	Complete Genome	2022-01-18		3	Bacillus subtilis
GCF_021497545.1	ASM2149754v1	2025-08-25	Bacillus subtilis		JNFE0126					GCF_021497545.1-RS_2025_08_25	Complete Genome	2022-01-18		3	Bacillus subtilis
GCF_052146085.1	ASM5214608v1	2025-08-20	Bacillus subtilis		19-F3					GCF_052146085.1-RS_2025_08_20	Complete Genome	2025-08-20		1	Bacillus subtilis
GCF_052142275.1	ASM5214227v1	2025-08-20	Bacillus subtilis		19-E3					GCF_052142275.1-RS_2025_08_20	Complete Genome	2025-08-20		1	Bacillus subtilis
GCF_052145425.1	ASM5214542v1	2025-08-20	Bacillus subtilis		19-WTA					GCF_052145425.1-RS_2025_08_20	Complete Genome	2025-08-20		1	Bacillus subtilis
GCF_030643845.1	ASM3064384v1	2025-08-19	Bacillus subtilis		GXD-20					GCF_030643845.1-RS_2025_08_19	Complete Genome	2023-08-04		1	Bacillus subtilis
GCF_052119865.1	ASM5211986v1	2025-08-19	Bacillus subtilis		2-H1					GCF_052119865.1-RS_2025_08_19	Complete Genome	2025-08-19	JBQJFO01	2	Bacillus subtilis
GCF_052077925.1	ASM5207792v1	2025-08-19	Bacillus subtilis		2-WTA					GCF_052077925.1-RS_2025_08_19	Complete Genome	2025-08-17	JBQJFP01	2	Bacillus subtilis
GCF_052119875.1	ASM5211987v1	2025-08-19	Bacillus subtilis		2-E1					GCF_052119875.1-RS_2025_08_19	Complete Genome	2025-08-19	JBQJFN01	2	Bacillus subtilis
GCF_030643765.1	ASM3064376v1	2025-08-19	Bacillus subtilis		JD-014					GCF_030643765.1-RS_2025_08_19	Complete Genome	2023-08-04		2	Bacillus subtilis
GCF_052120895.1	ASM5212089v1	2025-08-19	Bacillus subtilis		2-F2					GCF_052120895.1-RS_2025_08_19	Complete Genome	2025-08-19	JBQJFM01	2	Bacillus subtilis
GCF_052077915.1	ASM5207791v1	2025-08-19	Bacillus subtilis		2-WTB					GCF_052077915.1-RS_2025_08_19	Complete Genome	2025-08-17	JBQJFQ01	2	Bacillus subtilis
GCF_051935865.1	ASM5193586v1	2025-08-13	Bacillus subtilis		GLB191					GCF_051935865.1-RS_2025_08_13	Complete Genome	2025-08-13		1	Bacillus subtilis
GCF_051912505.1	ASM5191250v1	2025-08-12	Bacillus subtilis		4E					GCF_051912505.1-RS_2025_08_12	Complete Genome	2025-08-12		2	Bacillus subtilis
GCF_051912515.1	ASM5191251v1	2025-08-12	Bacillus subtilis subsp. subtilis		1E					GCF_051912515.1-RS_2025_08_12	Complete Genome	2025-08-12		1	Bacillus subtilis
GCF_051908735.1	ASM5190873v1	2025-08-11	Bacillus subtilis		A1					GCF_051908735.1-RS_2025_08_11	Complete Genome	2025-08-11	JBPZSJ01	2	Bacillus subtilis
GCF_051904005.1	ASM5190400v1	2025-08-10	Bacillus subtilis		8SII					GCF_051904005.1-RS_2025_08_10	Complete Genome	2025-08-10		1	Bacillus subtilis
GCF_051904015.1	ASM5190401v1	2025-08-10	Bacillus subtilis subsp. subtilis		NM261					GCF_051904015.1-RS_2025_08_10	Complete Genome	2025-08-10		1	Bacillus subtilis
GCF_024220155.1	ASM2422015v1	2025-08-02	Bacillus subtilis		MEC_B298					GCF_024220155.1-RS_2025_08_02	Complete Genome	2022-07-12		1	Bacillus subtilis
GCF_024733955.1	ASM2473395v1	2025-08-01	Bacillus subtilis		A-5					GCF_024733955.1-RS_2025_08_01	Complete Genome	2022-08-22	JALJVV01	3	Bacillus subtilis
GCF_051515105.1	ASM5151510v1	2025-07-25	Bacillus subtilis		M4					GCF_051515105.1-RS_2025_07_25	Complete Genome	2025-07-29		2	Bacillus subtilis
GCF_018884165.1	ASM1888416v1	2025-07-22	Bacillus subtilis		s-16					GCF_018884165.1-RS_2025_07_22	Complete Genome	2021-06-15		1	Bacillus subtilis
GCF_030438175.1	ASM3043817v1	2025-07-22	Bacillus subtilis		SRCM126725					GCF_030438175.1-RS_2025_07_22	Complete Genome	2023-07-11		1	Bacillus subtilis
GCF_001565875.1	ASM156587v1	2025-07-11	Bacillus subtilis subsp. natto		CGMCC 2108					GCF_001565875.1-RS_2025_07_11	Complete Genome	2016-02-22		3	Bacillus subtilis
GCF_001747445.1	ASM174744v1	2025-07-10	Bacillus subtilis		HRBS-10TDI13					GCF_001747445.1-RS_2025_07_10	Complete Genome	2016-09-28		2	Bacillus subtilis
GCF_001660525.1	ASM166052v1	2025-07-10	Bacillus subtilis subsp. subtilis		delta6					GCF_001660525.1-RS_2025_07_10	Complete Genome	2016-06-09		1	Bacillus subtilis
GCF_030297075.1	ASM3029707v1	2025-07-10	Bacillus subtilis subsp. natto		NARUSE					GCF_030297075.1-RS_2025_07_10	Complete Genome	2023-05-11		2	Bacillus subtilis
GCF_023702085.1	ASM2370208v1	2025-07-05	Bacillus subtilis		N2-10					GCF_023702085.1-RS_2025_07_05	Complete Genome	2022-06-11		1	Bacillus subtilis
GCF_023702515.1	ASM2370251v1	2025-07-04	Bacillus subtilis		NB205					GCF_023702515.1-RS_2025_07_04	Complete Genome	2022-06-12		3	Bacillus subtilis
GCF_009662255.1	ASM966225v1	2025-07-01	Bacillus subtilis		MB8_B1					GCF_009662255.1-RS_2025_07_01	Complete Genome	2019-11-14		1	Bacillus subtilis
GCF_009662155.1	ASM966215v1	2025-07-01	Bacillus subtilis		MB9_B4					GCF_009662155.1-RS_2025_07_01	Complete Genome	2019-11-14		1	Bacillus subtilis
GCF_009662455.1	ASM966245v1	2025-07-01	Bacillus subtilis		P9_B1					GCF_009662455.1-RS_2025_07_01	Complete Genome	2019-11-14		1	Bacillus subtilis
GCF_002173615.1	ASM217361v1	2025-07-01	Bacillus subtilis subsp. subtilis		SRCM101441					GCF_002173615.1-RS_2025_07_01	Complete Genome	2017-06-06		2	Bacillus subtilis
GCF_013009385.1	ASM1300938v1	2025-06-30	Bacillus subtilis subsp. subtilis str. 168		168					GCF_013009385.1-RS_2025_06_30	Complete Genome	2020-05-11		1	Bacillus subtilis
GCF_006741845.1	ASM674184v1	2025-06-30	Bacillus subtilis subsp. subtilis		NBRC 13719					GCF_006741845.1-RS_2025_06_30	Complete Genome	2019-06-11		2	Bacillus subtilis
GCF_009662175.1	ASM966217v1	2025-06-30	Bacillus subtilis		MB9_B1					GCF_009662175.1-RS_2025_06_30	Complete Genome	2019-11-14		1	Bacillus subtilis
GCF_004119775.1	ASM411977v1	2025-06-30	Bacillus subtilis		SRCM103612					GCF_004119775.1-RS_2025_06_30	Complete Genome	2019-01-30		4	Bacillus subtilis
GCF_009662195.1	ASM966219v1	2025-06-30	Bacillus subtilis		MB8_B10					GCF_009662195.1-RS_2025_06_30	Complete Genome	2019-11-14		1	Bacillus subtilis
GCF_016065415.1	ASM1606541v1	2025-06-30	Bacillus subtilis		LBUM979					GCF_016065415.1-RS_2025_06_30	Complete Genome	2020-12-15		1	Bacillus subtilis
GCF_009662435.1	ASM966243v1	2025-06-30	Bacillus subtilis		P8_B1					GCF_009662435.1-RS_2025_06_30	Complete Genome	2019-11-14		2	Bacillus subtilis
GCF_003610955.1	ASM361095v1	2025-06-30	Bacillus subtilis		WB800N					GCF_003610955.1-RS_2025_06_30	Complete Genome	2018-10-03		1	Bacillus subtilis
GCF_009913515.1	ASM991351v1	2025-06-30	Bacillus subtilis		SRCM102748					GCF_009913515.1-RS_2025_06_30	Complete Genome	2020-01-22		1	Bacillus subtilis
GCF_002269195.1	ASM226919v1	2025-06-30	Bacillus subtilis		DKU_NT_03					GCF_002269195.1-RS_2025_06_30	Complete Genome	2017-08-24		1	Bacillus subtilis
GCF_009913535.1	ASM991353v1	2025-06-30	Bacillus subtilis		SRCM102749					GCF_009913535.1-RS_2025_06_30	Complete Genome	2020-01-22		2	Bacillus subtilis
GCF_009662215.1	ASM966221v1	2025-06-30	Bacillus subtilis		MB8_B7					GCF_009662215.1-RS_2025_06_30	Complete Genome	2019-11-14		2	Bacillus subtilis
GCF_009497815.1	ASM949781v1	2025-06-30	Bacillus subtilis		HMNig-2					GCF_009497815.1-RS_2025_06_30	Complete Genome	2019-11-04		1	Bacillus subtilis
GCF_000292455.1	ASM29245v1	2025-08-25	Bacillus thuringiensis HD-771		HD-771					GCF_000292455.1-RS_2025_08_25	Complete Genome	2012-08-21		9	Bacillus thuringiensis
GCF_000193355.1	ASM19335v1	2025-08-18	Bacillus thuringiensis serovar chinensis CT-43		CT-43					GCF_000193355.1-RS_2025_08_18	Complete Genome	2011-03-28		11	Bacillus thuringiensis
GCF_002119445.1	ASM211944v1	2025-08-17	Bacillus thuringiensis		ATCC 10792					GCF_002119445.1-RS_2025_08_17	Complete Genome	2017-05-09		6	Bacillus thuringiensis
GCF_000497525.1	ASM49752v2	2025-08-15	Bacillus thuringiensis YBT-1518		YBT-1518					GCF_000497525.1-RS_2025_08_15	Complete Genome	2013-11-19		7	Bacillus thuringiensis
GCF_030718705.1	ASM3071870v1	2025-08-13	Bacillus thuringiensis		L1					GCF_030718705.1-RS_2025_08_13	Complete Genome	2023-08-14		3	Bacillus thuringiensis
GCF_020809205.1	ASM2080920v1	2025-08-07	Bacillus thuringiensis		GC-91					GCF_020809205.1-RS_2025_08_07	Complete Genome	2021-11-09		12	Bacillus thuringiensis
GCF_028356755.1	ASM2835675v1	2025-08-06	Bacillus thuringiensis		BLB1					GCF_028356755.1-RS_2025_08_06	Complete Genome	2023-01-31		12	Bacillus thuringiensis
GCF_000940785.1	ASM94078v1	2025-08-06	Bacillus thuringiensis serovar morrisoni		BGSC 4AA1					GCF_000940785.1-RS_2025_08_06	Complete Genome	2015-03-04		7	Bacillus thuringiensis
GCF_051805465.1	ASM5180546v1	2025-08-05	Bacillus thuringiensis		MA8					GCF_051805465.1-RS_2025_08_05	Complete Genome	2025-08-06		1	Bacillus thuringiensis
GCF_005155285.1	ASM515528v1	2025-08-04	Bacillus thuringiensis		BT-59					GCF_005155285.1-RS_2025_08_04	Complete Genome	2019-05-06		6	Bacillus thuringiensis
GCF_013343075.1	ASM1334307v1	2025-08-03	Bacillus thuringiensis		FDAARGOS_791					GCF_013343075.1-RS_2025_08_03	Complete Genome	2020-06-15		2	Bacillus thuringiensis
GCF_013267295.1	ASM1326729v1	2025-08-02	Bacillus thuringiensis		FDAARGOS_796					GCF_013267295.1-RS_2025_08_02	Complete Genome	2020-06-04		8	Bacillus thuringiensis
GCF_013267335.1	ASM1326733v1	2025-08-02	Bacillus thuringiensis		FDAARGOS_793					GCF_013267335.1-RS_2025_08_02	Complete Genome	2020-06-04		3	Bacillus thuringiensis
GCF_013267815.1	ASM1326781v1	2025-08-02	Bacillus thuringiensis		FDAARGOS_792					GCF_013267815.1-RS_2025_08_02	Complete Genome	2020-06-04		2	Bacillus thuringiensis
GCF_013267315.1	ASM1326731v1	2025-08-02	Bacillus thuringiensis		FDAARGOS_795					GCF_013267315.1-RS_2025_08_02	Complete Genome	2020-06-04		4	Bacillus thuringiensis
GCF_013267795.1	ASM1326779v1	2025-08-02	Bacillus thuringiensis		FDAARGOS_794					GCF_013267795.1-RS_2025_08_02	Complete Genome	2020-06-04		5	Bacillus thuringiensis
GCF_001183785.1	ASM118378v1	2025-08-01	Bacillus thuringiensis serovar indiana		HD521					GCF_001183785.1-RS_2025_08_01	Complete Genome	2015-07-21		7	Bacillus thuringiensis
GCF_018885365.1	ASM1888536v1	2025-07-22	Bacillus thuringiensis		GR007					GCF_018885365.1-RS_2025_07_22	Complete Genome	2021-06-15		4	Bacillus thuringiensis
GCF_027627765.1	ASM2762776v1	2025-07-20	Bacillus thuringiensis serovar tenebrionis		NB-176					GCF_027627765.1-RS_2025_07_20	Complete Genome	2023-01-11		7	Bacillus thuringiensis
GCF_027627745.1	ASM2762774v1	2025-07-19	Bacillus thuringiensis serovar tenebrionis		NB176-1					GCF_027627745.1-RS_2025_07_19	Complete Genome	2023-01-11		7	Bacillus thuringiensis
GCF_027627725.1	ASM2762772v1	2025-07-19	Bacillus thuringiensis serovar tenebrionis		NB125					GCF_027627725.1-RS_2025_07_19	Complete Genome	2023-01-11		7	Bacillus thuringiensis
GCF_023824095.1	ASM2382409v1	2025-07-12	Bacillus thuringiensis		KF1					GCF_023824095.1-RS_2025_07_12	Complete Genome	2022-06-21		4	Bacillus thuringiensis
GCF_051027395.1	ASM5102739v1	2025-06-25	Bacillus thuringiensis		wqa40					GCF_051027395.1-RS_2025_06_25	Complete Genome	2025-06-26		2	Bacillus thuringiensis
GCF_051027415.1	ASM5102741v1	2025-06-25	Bacillus thuringiensis		wqa3					GCF_051027415.1-RS_2025_06_25	Complete Genome	2025-06-26		4	Bacillus thuringiensis
GCF_051027385.1	ASM5102738v1	2025-06-25	Bacillus thuringiensis		lyx16					GCF_051027385.1-RS_2025_06_25	Complete Genome	2025-06-26		2	Bacillus thuringiensis
GCF_022095615.2	ASM2209561v2	2025-06-11	Bacillus thuringiensis		HSY204					GCF_022095615.2-RS_2025_06_11	Complete Genome	2024-06-04		6	Bacillus thuringiensis
GCF_022810725.1	ASM2281072v1	2025-06-08	Bacillus thuringiensis serovar morrisoni str. 4AA1		4AA1					GCF_022810725.1-RS_2025_06_08	Complete Genome	2022-04-04		7	Bacillus thuringiensis
GCF_050815335.1	ASM5081533v1	2025-06-07	Bacillus thuringiensis		Q1					GCF_050815335.1-RS_2025_06_07	Complete Genome	2025-06-07		3	Bacillus thuringiensis
GCF_020809125.1	ASM2080912v1	2025-06-05	Bacillus thuringiensis		B401					GCF_020809125.1-RS_2025_06_05	Complete Genome	2021-11-09		16	Bacillus thuringiensis
GCF_001017635.1	ASM101763v1	2025-06-05	Bacillus thuringiensis		YC-10					GCF_001017635.1-RS_2025_06_05	Complete Genome	2015-06-02		10	Bacillus thuringiensis
GCF_020809105.1	ASM2080910v1	2025-06-05	Bacillus thuringiensis		ABTS-351					GCF_020809105.1-RS_2025_06_05	Complete Genome	2021-11-09		15	Bacillus thuringiensis
GCF_030166715.1	ASM3016671v1	2025-06-05	Bacillus thuringiensis		DHC4					GCF_030166715.1-RS_2025_06_05	Complete Genome	2023-06-05		3	Bacillus thuringiensis
GCF_001595725.1	ASM159572v1	2025-06-05	Bacillus thuringiensis		Bt185					GCF_001595725.1-RS_2025_06_05	Complete Genome	2016-03-22		9	Bacillus thuringiensis
GCF_050703525.1	ASM5070352v1	2025-06-04	Bacillus thuringiensis		B3					GCF_050703525.1-RS_2025_06_04	Complete Genome	2025-06-04		11	Bacillus thuringiensis
GCF_006151925.1	ASM615192v1	2025-06-04	Bacillus thuringiensis		HM-311					GCF_006151925.1-RS_2025_06_04	Complete Genome	2019-06-09		4	Bacillus thuringiensis
GCF_003626955.1	ASM362695v1	2025-06-02	Bacillus thuringiensis		QZL38					GCF_003626955.1-RS_2025_06_02	Complete Genome	2018-10-07		7	Bacillus thuringiensis
GCF_039954905.1	ASM3995490v1	2025-05-30	Bacillus thuringiensis		9.1					GCF_039954905.1-RS_2025_05_30	Complete Genome	2024-05-31		2	Bacillus thuringiensis
GCF_013113775.1	ASM1311377v1	2025-05-30	Bacillus thuringiensis serovar israelensis		BGSC 4Q7rifR					GCF_013113775.1-RS_2025_05_30	Complete Genome	2020-05-18		2	Bacillus thuringiensis
GCF_003546665.1	ASM354666v1	2025-05-29	Bacillus thuringiensis LM1212		LM1212					GCF_003546665.1-RS_2025_05_29	Complete Genome	2018-09-11		9	Bacillus thuringiensis
GCF_000292705.1	ASM29270v1	2025-05-25	Bacillus thuringiensis HD-789		HD-789					GCF_000292705.1-RS_2025_05_25	Complete Genome	2012-08-22		7	Bacillus thuringiensis
GCF_001640965.1	ASM164096v1	2025-05-25	Bacillus thuringiensis serovar alesti		BGSC 4C1					GCF_001640965.1-RS_2025_05_25	Complete Genome	2016-05-09		7	Bacillus thuringiensis
GCF_013340745.1	ASM1334074v1	2025-05-22	Bacillus thuringiensis		HER1410					GCF_013340745.1-RS_2025_05_22	Complete Genome	2020-06-12		4	Bacillus thuringiensis
GCF_021595545.1	ASM2159554v1	2025-05-21	Bacillus thuringiensis		B13					GCF_021595545.1-RS_2025_05_21	Complete Genome	2022-01-25		2	Bacillus thuringiensis
GCF_003991175.1	ASM399117v1	2025-05-21	Bacillus thuringiensis		C15					GCF_003991175.1-RS_2025_05_21	Complete Genome	2019-01-03		9	Bacillus thuringiensis
GCF_002173755.1	ASM217375v1	2025-05-21	Bacillus thuringiensis		SCG04-02					GCF_002173755.1-RS_2025_05_21	Complete Genome	2017-06-06		5	Bacillus thuringiensis
GCF_003054785.2	ASM305478v2	2025-05-21	Bacillus thuringiensis		BT62					GCF_003054785.2-RS_2025_05_21	Complete Genome	2019-10-16		5	Bacillus thuringiensis
GCF_009224065.1	ASM922406v1	2025-05-21	Bacillus thuringiensis		GA-A07					GCF_009224065.1-RS_2025_05_21	Complete Genome	2019-10-22		1	Bacillus thuringiensis
GCF_001548175.1	ASM154817v1	2025-05-21	Bacillus thuringiensis serovar tolworthi		Pasteur Institute Standard strain					GCF_001548175.1-RS_2025_05_21	Complete Genome	2015-05-23		9	Bacillus thuringiensis
GCF_022816845.1	ASM2281684v1	2025-05-11	Bacillus thuringiensis		LX43					GCF_022816845.1-RS_2025_05_11	Complete Genome	2022-04-05		7	Bacillus thuringiensis
GCF_000092165.1	ASM9216v1	2025-05-11	Bacillus thuringiensis BMB171		BMB171					GCF_000092165.1-RS_2025_05_11	Complete Genome	2010-05-20		2	Bacillus thuringiensis
GCF_024637955.1	ASM2463795v1	2025-08-30	Bacillus velezensis		EM-1					GCF_024637955.1-RS_2025_08_30	Complete Genome	2022-08-12		1	Bacillus velezensis
GCF_030979955.1	ASM3097995v1	2025-08-30	Bacillus velezensis		NBNZ-0060					GCF_030979955.1-RS_2025_08_30	Complete Genome	2023-08-30		1	Bacillus velezensis
GCF_019334525.1	ASM1933452v1	2025-08-26	Bacillus velezensis		LABIM44					GCF_019334525.1-RS_2025_08_26	Complete Genome	2021-07-25		1	Bacillus velezensis
GCF_052229975.1	ASM5222997v1	2025-08-26	Bacillus velezensis		NS13					GCF_052229975.1-RS_2025_08_26	Complete Genome	2025-08-28		1	Bacillus velezensis
GCF_024610615.1	ASM2461061v1	2025-08-24	Bacillus velezensis		PMC206					GCF_024610615.1-RS_2025_08_24	Complete Genome	2022-08-10		3	Bacillus velezensis
GCF_019285615.1	ASM1928561v1	2025-08-21	Bacillus velezensis		LBY-1					GCF_019285615.1-RS_2025_08_21	Complete Genome	2021-07-20		4	Bacillus velezensis
GCF_052161765.1	ASM5216176v1	2025-08-21	Bacillus velezensis		JLU-53					GCF_052161765.1-RS_2025_08_21	Complete Genome	2025-08-22		1	Bacillus velezensis
GCF_052144505.1	ASM5214450v1	2025-08-20	Bacillus velezensis		77-E7-A5					GCF_052144505.1-RS_2025_08_20	Complete Genome	2025-08-20		1	Bacillus velezensis
GCF_052142305.1	ASM5214230v1	2025-08-20	Bacillus velezensis		77-E7					GCF_052142305.1-RS_2025_08_20	Complete Genome	2025-08-20		1	Bacillus velezensis
GCF_052145415.1	ASM5214541v1	2025-08-20	Bacillus velezensis		77-WTA					GCF_052145415.1-RS_2025_08_20	Complete Genome	2025-08-20		1	Bacillus velezensis
GCF_052147335.1	ASM5214733v1	2025-08-20	Bacillus velezensis		77-E7-BHI					GCF_052147335.1-RS_2025_08_20	Complete Genome	2025-08-20		1	Bacillus velezensis
GCF_052144495.1	ASM5214449v1	2025-08-20	Bacillus velezensis		96-E6					GCF_052144495.1-RS_2025_08_20	Complete Genome	2025-08-20		1	Bacillus velezensis
GCF_052146075.1	ASM5214607v1	2025-08-20	Bacillus velezensis		96-WTA					GCF_052146075.1-RS_2025_08_20	Complete Genome	2025-08-20		1	Bacillus velezensis
GCF_052076155.1	ASM5207615v1	2025-08-18	Bacillus velezensis		0904					GCF_052076155.1-RS_2025_08_18	Complete Genome	2025-08-18		1	Bacillus velezensis
GCF_029536735.1	ASM2953673v2	2025-08-17	Bacillus velezensis		PRO76					GCF_029536735.1-RS_2025_08_17	Complete Genome	2025-04-18		3	Bacillus velezensis
GCF_024508215.1	ASM2450821v1	2025-08-16	Bacillus velezensis		Ba-0321					GCF_024508215.1-RS_2025_08_16	Complete Genome	2022-08-03		1	Bacillus velezensis
GCF_052055905.1	ASM5205590v1	2025-08-16	Bacillus velezensis		FBa1					GCF_052055905.1-RS_2025_08_16	Complete Genome	2025-08-16		1	Bacillus velezensis
GCF_024499135.1	ASM2449913v1	2025-08-15	Bacillus velezensis		C5					GCF_024499135.1-RS_2025_08_15	Complete Genome	2022-08-01		1	Bacillus velezensis
GCF_051990605.1	ASM5199060v1	2025-08-14	Bacillus velezensis		HW_001					GCF_051990605.1-RS_2025_08_14	Complete Genome	2025-08-14		1	Bacillus velezensis
GCF_051940895.1	ASM5194089v1	2025-08-13	Bacillus velezensis		GZ8-6					GCF_051940895.1-RS_2025_08_13	Complete Genome	2025-08-13		1	Bacillus velezensis
GCF_051935925.1	ASM5193592v1	2025-08-13	Bacillus velezensis		J4					GCF_051935925.1-RS_2025_08_13	Complete Genome	2025-08-13		1	Bacillus velezensis
GCF_051912555.1	ASM5191255v1	2025-08-12	Bacillus velezensis		LMY3-5					GCF_051912555.1-RS_2025_08_12	Complete Genome	2025-08-12		1	Bacillus velezensis
GCF_019222745.1	ASM1922274v1	2025-08-11	Bacillus velezensis		BS-G1					GCF_019222745.1-RS_2025_08_11	Complete Genome	2021-07-15		1	Bacillus velezensis
GCF_014841075.1	ASM1484107v1	2025-08-10	Bacillus velezensis		BSC16a					GCF_014841075.1-RS_2025_08_10	Complete Genome	2020-10-04		1	Bacillus velezensis
GCF_024408125.1	ASM2440812v1	2025-08-09	Bacillus velezensis		906					GCF_024408125.1-RS_2025_08_09	Complete Genome	2022-07-25		1	Bacillus velezensis
GCF_051861845.1	ASM5186184v1	2025-08-07	Bacillus velezensis		BX77					GCF_051861845.1-RS_2025_08_07	Complete Genome	2025-08-08		1	Bacillus velezensis
GCF_051801825.1	ASM5180182v1	2025-08-05	Bacillus velezensis		JLU-55					GCF_051801825.1-RS_2025_08_05	Complete Genome	2025-08-06		1	Bacillus velezensis
GCF_051799895.1	ASM5179989v1	2025-08-05	Bacillus velezensis		ST5					GCF_051799895.1-RS_2025_08_05	Complete Genome	2025-08-06		1	Bacillus velezensis
GCF_013367755.1	ASM1336775v1	2025-07-30	Bacillus velezensis		WLYS23					GCF_013367755.1-RS_2025_07_30	Complete Genome	2020-06-23		1	Bacillus velezensis
GCF_051549775.1	ASM5154977v1	2025-07-30	Bacillus velezensis		WSR1					GCF_051549775.1-RS_2025_07_30	Complete Genome	2025-07-31		2	Bacillus velezensis
GCF_030544925.1	ASM3054492v1	2025-07-25	Bacillus velezensis		XDY66					GCF_030544925.1-RS_2025_07_25	Complete Genome	2023-07-26		2	Bacillus velezensis
GCF_051516225.1	ASM5151622v1	2025-07-24	Bacillus velezensis		MZ09					GCF_051516225.1-RS_2025_07_24	Complete Genome	2025-07-29		1	Bacillus velezensis
GCF_051472655.1	ASM5147265v1	2025-07-23	Bacillus velezensis		Soil-4-2					GCF_051472655.1-RS_2025_07_23	Complete Genome	2025-07-23		1	Bacillus velezensis
GCF_030520225.1	ASM3052022v1	2025-07-23	Bacillus velezensis		SRCM126726					GCF_030520225.1-RS_2025_07_23	Complete Genome	2023-07-24		1	Bacillus velezensis
GCF_030518635.1	ASM3051863v1	2025-07-22	Bacillus velezensis		NC-B4					GCF_030518635.1-RS_2025_07_22	Complete Genome	2023-07-23		1	Bacillus velezensis
GCF_030516885.1	ASM3051688v1	2025-07-21	Bacillus velezensis		DW-7					GCF_030516885.1-RS_2025_07_21	Complete Genome	2023-07-21		1	Bacillus velezensis
GCF_030517005.1	ASM3051700v1	2025-07-21	Bacillus velezensis		B1					GCF_030517005.1-RS_2025_07_21	Complete Genome	2023-07-21		1	Bacillus velezensis
GCF_030517045.1	ASM3051704v1	2025-07-21	Bacillus velezensis		B3					GCF_030517045.1-RS_2025_07_21	Complete Genome	2023-07-21		1	Bacillus velezensis
GCF_013201135.1	ASM1320113v1	2025-07-19	Bacillus velezensis		A2					GCF_013201135.1-RS_2025_07_19	Complete Genome	2020-05-31		1	Bacillus velezensis
GCF_013201465.1	ASM1320146v1	2025-07-19	Bacillus velezensis		B268					GCF_013201465.1-RS_2025_07_19	Complete Genome	2020-06-01		1	Bacillus velezensis
GCF_030506345.1	ASM3050634v1	2025-07-19	Bacillus velezensis		411					GCF_030506345.1-RS_2025_07_19	Complete Genome	2023-07-19		1	Bacillus velezensis
GCF_003047005.1	ASM304700v1	2025-07-18	Bacillus velezensis		J7-1					GCF_003047005.1-RS_2025_07_18	Complete Genome	2018-04-10		1	Bacillus velezensis
GCF_003047025.1	ASM304702v1	2025-07-18	Bacillus velezensis		8-2					GCF_003047025.1-RS_2025_07_18	Complete Genome	2018-04-10		1	Bacillus velezensis
GCF_003047045.1	ASM304704v1	2025-07-18	Bacillus velezensis		131-4					GCF_003047045.1-RS_2025_07_18	Complete Genome	2018-04-10		1	Bacillus velezensis
GCF_002005345.1	ASM200534v1	2025-07-16	Bacillus velezensis		GH1-13					GCF_002005345.1-RS_2025_07_16	Complete Genome	2017-02-21		2	Bacillus velezensis
GCF_013122275.1	ASM1312227v1	2025-07-16	Bacillus velezensis		EN01					GCF_013122275.1-RS_2025_07_16	Complete Genome	2020-05-19		1	Bacillus velezensis
GCF_001723585.1	ASM172358v1	2025-07-16	Bacillus velezensis		M75					GCF_001723585.1-RS_2025_07_16	Complete Genome	2016-09-13		1	Bacillus velezensis
GCF_002796465.1	ASM279646v1	2025-07-16	Bacillus velezensis		CN026					GCF_002796465.1-RS_2025_07_16	Complete Genome	2017-11-27		1	Bacillus velezensis
GCF_030444515.1	ASM3044451v1	2025-07-16	Bacillus velezensis		SSF6					GCF_030444515.1-RS_2025_07_16	Complete Genome	2023-07-13		1	Bacillus velezensis
GCF_051359705.1	ASM5135970v1	2025-07-16	Bacillus velezensis		FS3					GCF_051359705.1-RS_2025_07_16	Complete Genome	2025-07-17		4	Bacillus velezensis
GCF_030552855.1	ASM3055285v1	2025-07-29	Bifidobacterium animalis subsp. lactis		XLTG11					GCF_030552855.1-RS_2025_07_29	Complete Genome	2023-07-30		1	Bifidobacterium animalis
GCF_030253625.1	ASM3025362v1	2025-06-12	Bifidobacterium animalis subsp. lactis		GG6C12					GCF_030253625.1-RS_2025_06_12	Complete Genome	2023-06-12		1	Bifidobacterium animalis
GCF_023375105.1	ASM2337510v1	2025-05-31	Bifidobacterium animalis subsp. lactis		BLa80					GCF_023375105.1-RS_2025_05_31	Complete Genome	2022-05-16		1	Bifidobacterium animalis
GCF_000414215.2	ASM41421v2	2025-05-24	Bifidobacterium animalis subsp. lactis Bl12		Bl12					GCF_000414215.2-RS_2025_05_24	Complete Genome	2024-05-21		1	Bifidobacterium animalis
GCF_000816205.1	ASM81620v1	2025-05-08	Bifidobacterium animalis subsp. lactis KLDS2.0603		KLDS 2.0603					GCF_000816205.1-RS_2025_05_08	Complete Genome	2015-01-07		1	Bifidobacterium animalis
GCF_019576095.1	ASM1957609v1	2025-04-28	Bifidobacterium animalis subsp. lactis		i797					GCF_019576095.1-RS_2025_04_28	Complete Genome	2021-08-12		1	Bifidobacterium animalis
GCF_008041995.1	ASM804199v1	2025-04-27	Bifidobacterium animalis		B06					GCF_008041995.1-RS_2025_04_27	Complete Genome	2019-08-21		1	Bifidobacterium animalis
GCF_000817045.1	ASM81704v1	2025-04-26	Bifidobacterium animalis		A6					GCF_000817045.1-RS_2025_04_26	Complete Genome	2015-01-09		1	Bifidobacterium animalis
GCF_011770105.1	ASM1177010v1	2025-04-23	Bifidobacterium animalis		Probio-M8					GCF_011770105.1-RS_2025_04_23	Complete Genome	2020-03-30		1	Bifidobacterium animalis
GCF_003390755.1	ASM339075v1	2025-04-11	Bifidobacterium animalis subsp. lactis		S7					GCF_003390755.1-RS_2025_04_11	Complete Genome	2018-08-15		1	Bifidobacterium animalis
GCF_004135895.1	ASM413589v1	2025-04-08	Bifidobacterium animalis		01					GCF_004135895.1-RS_2025_04_08	Complete Genome	2019-02-04		1	Bifidobacterium animalis
GCF_036923305.1	ASM3692330v1	2025-04-05	Bifidobacterium animalis subsp. lactis		TCI604					GCF_036923305.1-RS_2025_04_05	Complete Genome	2024-04-05		1	Bifidobacterium animalis
GCF_003671995.1	ASM367199v1	2025-04-03	Bifidobacterium animalis subsp. animalis		CNCM I-4602					GCF_003671995.1-RS_2025_04_03	Complete Genome	2018-10-22		1	Bifidobacterium animalis
GCF_016835135.1	ASM1683513v1	2025-04-02	Bifidobacterium animalis subsp. lactis		H3					GCF_016835135.1-RS_2025_04_02	Complete Genome	2021-02-08		1	Bifidobacterium animalis
GCF_029167605.1	ASM2916760v1	2025-04-02	Bifidobacterium animalis subsp. lactis		MH-02			gut		GCF_029167605.1-RS_2025_04_02	Complete Genome	2023-03-12		1	Bifidobacterium animalis
GCF_003428375.1	ASM342837v1	2025-04-02	Bifidobacterium animalis subsp. lactis		IDCC4301					GCF_003428375.1-RS_2025_04_02	Complete Genome	2018-08-26		1	Bifidobacterium animalis
GCF_003606305.1	ASM360630v1	2025-04-02	Bifidobacterium animalis subsp. lactis		HN019					GCF_003606305.1-RS_2025_04_02	Complete Genome	2018-09-28		1	Bifidobacterium animalis
GCF_023704215.1	ASM2370421v1	2025-04-02	Bifidobacterium animalis		HY8002					GCF_023704215.1-RS_2025_04_02	Complete Genome	2022-06-13		1	Bifidobacterium animalis
GCF_016835115.1	ASM1683511v1	2025-04-01	Bifidobacterium animalis subsp. lactis		H1					GCF_016835115.1-RS_2025_04_01	Complete Genome	2021-02-08		1	Bifidobacterium animalis
GCF_000092765.1	ASM9276v1	2025-03-27	Bifidobacterium animalis subsp. lactis V9		V9					GCF_000092765.1-RS_2025_03_27	Complete Genome	2010-05-05		1	Bifidobacterium animalis
GCF_000022705.1	ASM2270v1	2025-03-27	Bifidobacterium animalis subsp. lactis Bl-04		Bl-04; ATCC SD5219					GCF_000022705.1-RS_2025_03_27	Complete Genome	2009-06-19		1	Bifidobacterium animalis
GCF_000021425.1	ASM2142v1	2025-03-27	Bifidobacterium animalis subsp. lactis AD011		AD011					GCF_000021425.1-RS_2025_03_27	Complete Genome	2009-01-06		1	Bifidobacterium animalis
GCF_000260715.1	ASM26071v1	2025-03-20	Bifidobacterium animalis subsp. animalis ATCC 25527		ATCC 25527					GCF_000260715.1-RS_2025_03_20	Complete Genome	2012-04-30		1	Bifidobacterium animalis
GCF_000220885.1	ASM22088v1	2025-03-20	Bifidobacterium animalis subsp. lactis CNCM I-2494		CNCM I-2494					GCF_000220885.1-RS_2025_03_20	Complete Genome	2011-07-18		1	Bifidobacterium animalis
GCF_002220485.1	ASM222048v1	2025-03-05	Bifidobacterium animalis		BL3					GCF_002220485.1-RS_2025_03_05	Complete Genome	2017-07-18		1	Bifidobacterium animalis
GCF_001688645.2	ASM168864v2	2025-03-05	Bifidobacterium animalis subsp. animalis		YL2					GCF_001688645.2-RS_2025_03_05	Complete Genome	2017-04-05		1	Bifidobacterium animalis
GCF_000025245.2	ASM2524v2	2025-02-19	Bifidobacterium animalis subsp. lactis BB-12		BB-12					GCF_000025245.2-RS_2025_02_19	Complete Genome	2020-11-18		1	Bifidobacterium animalis
GCF_047716585.1	ASM4771658v1	2025-02-13	Bifidobacterium animalis subsp. lactis		SK-2					GCF_047716585.1-RS_2025_02_13	Complete Genome	2025-02-13		1	Bifidobacterium animalis
GCF_047716125.1	ASM4771612v1	2025-02-13	Bifidobacterium animalis subsp. lactis		SK-9					GCF_047716125.1-RS_2025_02_13	Complete Genome	2025-02-13		1	Bifidobacterium animalis
GCF_047716075.1	ASM4771607v1	2025-02-13	Bifidobacterium animalis subsp. lactis		SK-14					GCF_047716075.1-RS_2025_02_13	Complete Genome	2025-02-13		1	Bifidobacterium animalis
GCF_047716085.1	ASM4771608v1	2025-02-13	Bifidobacterium animalis subsp. lactis		SK-10					GCF_047716085.1-RS_2025_02_13	Complete Genome	2025-02-13		1	Bifidobacterium animalis
GCF_047716145.1	ASM4771614v1	2025-02-13	Bifidobacterium animalis subsp. lactis		SK-6					GCF_047716145.1-RS_2025_02_13	Complete Genome	2025-02-13		1	Bifidobacterium animalis
GCF_047716195.1	ASM4771619v1	2025-02-13	Bifidobacterium animalis subsp. lactis		SK-4					GCF_047716195.1-RS_2025_02_13	Complete Genome	2025-02-13		1	Bifidobacterium animalis
GCF_047716595.1	ASM4771659v1	2025-02-13	Bifidobacterium animalis subsp. lactis		SK-1					GCF_047716595.1-RS_2025_02_13	Complete Genome	2025-02-13		1	Bifidobacterium animalis
GCF_047716065.1	ASM4771606v1	2025-02-13	Bifidobacterium animalis subsp. lactis		SK-15					GCF_047716065.1-RS_2025_02_13	Complete Genome	2025-02-13		1	Bifidobacterium animalis
GCF_047716095.1	ASM4771609v1	2025-02-13	Bifidobacterium animalis subsp. lactis		SK-12					GCF_047716095.1-RS_2025_02_13	Complete Genome	2025-02-13		1	Bifidobacterium animalis
GCF_047716135.1	ASM4771613v1	2025-02-13	Bifidobacterium animalis subsp. lactis		SK-8					GCF_047716135.1-RS_2025_02_13	Complete Genome	2025-02-13		1	Bifidobacterium animalis
GCF_047716045.1	ASM4771604v1	2025-02-13	Bifidobacterium animalis subsp. lactis		SK-16					GCF_047716045.1-RS_2025_02_13	Complete Genome	2025-02-13		1	Bifidobacterium animalis
GCF_047716185.1	ASM4771618v1	2025-02-13	Bifidobacterium animalis subsp. lactis		SK-3					GCF_047716185.1-RS_2025_02_13	Complete Genome	2025-02-13		1	Bifidobacterium animalis
GCF_047716175.1	ASM4771617v1	2025-02-13	Bifidobacterium animalis subsp. lactis		SK-5					GCF_047716175.1-RS_2025_02_13	Complete Genome	2025-02-13		1	Bifidobacterium animalis
GCF_902387355.1	UHGG_MGYG-HGUT-02459	2025-02-13	Bifidobacterium animalis					MGYG-HGUT-02459		GCF_902387355.1-RS_2025_02_13	Complete Genome	2019-08-10		1	Bifidobacterium animalis
GCF_000224965.2	ASM22496v2	2025-02-06	Bifidobacterium animalis subsp. lactis BLC1		BLC1					GCF_000224965.2-RS_2025_02_06	Complete Genome	2013-02-05		1	Bifidobacterium animalis
GCF_021018785.1	ASM2101878v1	2025-02-01	Bifidobacterium animalis subsp. lactis		DSM 15954					GCF_021018785.1-RS_2025_02_01	Complete Genome	2021-12-01		1	Bifidobacterium animalis
GCF_000818055.1	ASM81805v1	2025-01-31	Bifidobacterium animalis subsp. lactis		BF052					GCF_000818055.1-RS_2025_01_31	Complete Genome	2015-01-14		1	Bifidobacterium animalis
GCF_000695895.1	ASM69589v1	2025-01-31	Bifidobacterium animalis		RH					GCF_000695895.1-RS_2025_01_31	Complete Genome	2014-05-27		1	Bifidobacterium animalis
GCF_036227545.1	ASM3622754v1	2025-01-27	Bifidobacterium animalis		B01					GCF_036227545.1-RS_2025_01_27	Complete Genome	2024-01-25		1	Bifidobacterium animalis
GCF_026683895.1	ASM2668389v1	2025-01-19	Bifidobacterium animalis subsp. lactis		BP026					GCF_026683895.1-RS_2025_01_19	Complete Genome	2022-12-06		1	Bifidobacterium animalis
GCF_000277345.1	ASM27734v1	2025-01-13	Bifidobacterium animalis subsp. lactis Bi-07		Bi-07					GCF_000277345.1-RS_2025_01_13	Complete Genome	2012-05-07		1	Bifidobacterium animalis
GCF_000277325.1	ASM27732v1	2025-01-13	Bifidobacterium animalis subsp. lactis B420		B420					GCF_000277325.1-RS_2025_01_13	Complete Genome	2012-05-07		1	Bifidobacterium animalis
GCF_015377505.1	ASM1537750v1	2025-01-06	Bifidobacterium animalis		TK-J6A					GCF_015377505.1-RS_2025_01_06	Complete Genome	2020-11-12		1	Bifidobacterium animalis
GCF_024665655.1	ASM2466565v1	2025-08-31	Bifidobacterium longum subsp. infantis		BB-02					GCF_024665655.1-RS_2025_08_31	Complete Genome	2022-08-15		1	Bifidobacterium longum
GCF_052233205.1	ASM5223320v1	2025-08-26	Bifidobacterium longum		BD3150					GCF_052233205.1-RS_2025_08_26	Complete Genome	2025-08-28		1	Bifidobacterium longum
GCF_900637335.1	50618_H02	2025-08-25	Bifidobacterium longum		NCTC11818					GCF_900637335.1-RS_2025_08_25	Complete Genome	2018-12-20		1	Bifidobacterium longum
GCF_013393765.1	ASM1339376v1	2025-08-18	Bifidobacterium longum subsp. longum		YS108R					GCF_013393765.1-RS_2025_08_18	Complete Genome	2020-07-08		1	Bifidobacterium longum
GCF_019297795.1	ASM1929779v1	2025-08-07	Bifidobacterium longum subsp. suillum		KCTC 15605					GCF_019297795.1-RS_2025_08_07	Complete Genome	2021-07-21		1	Bifidobacterium longum
GCF_017132755.1	ASM1713275v1	2025-08-06	Bifidobacterium longum subsp. suillum		JCM 19995					GCF_017132755.1-RS_2025_08_06	Complete Genome	2021-03-02		1	Bifidobacterium longum
GCF_009931635.1	ASM993163v1	2025-08-06	Bifidobacterium longum		CACC 517					GCF_009931635.1-RS_2025_08_06	Complete Genome	2020-01-27		1	Bifidobacterium longum
GCF_005406285.1	ASM540628v1	2025-07-24	Bifidobacterium longum		ZJ1					GCF_005406285.1-RS_2025_07_24	Complete Genome	2019-05-16		1	Bifidobacterium longum
GCF_004936435.1	ASM493643v1	2025-07-23	Bifidobacterium longum		51A					GCF_004936435.1-RS_2025_07_23	Complete Genome	2019-04-30		1	Bifidobacterium longum
GCF_900637215.1	49888_B01	2025-07-01	Bifidobacterium longum subsp. infantis		NCTC11817					GCF_900637215.1-RS_2025_07_01	Complete Genome	2018-12-20		1	Bifidobacterium longum
GCF_000020425.1	ASM2042v1	2025-07-01	Bifidobacterium longum subsp. infantis ATCC 15697 = JCM 1222 = DSM 20088		ATCC 15697					GCF_000020425.1-RS_2025_07_01	Complete Genome	2008-11-20		1	Bifidobacterium longum
GCF_000269965.1	ASM26996v1	2025-07-01	Bifidobacterium longum subsp. infantis ATCC 15697 = JCM 1222 = DSM 20088		JCM 1222					GCF_000269965.1-RS_2025_07_01	Complete Genome	2011-01-28		1	Bifidobacterium longum
GCF_017743155.1	ASM1774315v1	2025-06-25	Bifidobacterium longum		K5					GCF_017743155.1-RS_2025_06_25	Complete Genome	2021-04-04		1	Bifidobacterium longum
GCF_017743175.1	ASM1774317v1	2025-06-25	Bifidobacterium longum		K15					GCF_017743175.1-RS_2025_06_25	Complete Genome	2021-04-04		1	Bifidobacterium longum
GCF_040267655.1	ASM4026765v1	2025-06-23	Bifidobacterium longum		PMC72					GCF_040267655.1-RS_2025_06_23	Complete Genome	2024-06-24		1	Bifidobacterium longum
GCF_940588555.1	hadza_2261_Bf14	2025-06-03	Bifidobacterium longum subsp. infantis					hadza_2261_Bf14		GCF_940588555.1-RS_2025_06_03	Complete Genome	2022-05-11		1	Bifidobacterium longum
GCF_023242235.1	ASM2324223v1	2025-05-18	Bifidobacterium longum		W13					GCF_023242235.1-RS_2025_05_18	Complete Genome	2022-05-05		1	Bifidobacterium longum
GCF_018141605.1	ASM1814160v1	2025-05-17	Bifidobacterium longum		I2-2-3					GCF_018141605.1-RS_2025_05_17	Complete Genome	2021-04-27		2	Bifidobacterium longum
GCF_018141585.1	ASM1814158v1	2025-05-17	Bifidobacterium longum		K2-21-4					GCF_018141585.1-RS_2025_05_17	Complete Genome	2021-04-27		2	Bifidobacterium longum
GCF_050308145.1	ASM5030814v1	2025-05-10	Bifidobacterium longum subsp. suis		Bg131.S11_17.F6					GCF_050308145.1-RS_2025_05_10	Complete Genome	2025-05-14		1	Bifidobacterium longum
GCF_015100215.1	ASM1510021v1	2025-05-08	Bifidobacterium longum subsp. longum		JCM 7052					GCF_015100215.1-RS_2025_05_08	Complete Genome	2020-10-21		1	Bifidobacterium longum
GCF_021228035.1	ASM2122803v1	2025-04-30	Bifidobacterium longum		VHProbi Y08					GCF_021228035.1-RS_2025_04_30	Complete Genome	2021-12-18		1	Bifidobacterium longum
GCF_022819225.1	ASM2281922v1	2025-04-19	Bifidobacterium longum subsp. infantis		JRPT					GCF_022819225.1-RS_2025_04_19	Complete Genome	2022-04-06		1	Bifidobacterium longum
GCF_037100215.1	ASM3710021v1	2025-04-17	Bifidobacterium longum subsp. longum		DS1566					GCF_037100215.1-RS_2025_04_17	Complete Genome	2024-04-05		2	Bifidobacterium longum
GCF_022701235.1	ASM2270123v1	2025-04-16	Bifidobacterium longum		D2TC					GCF_022701235.1-RS_2025_04_16	Complete Genome	2022-03-28		1	Bifidobacterium longum
GCF_023205855.1	ASM2320585v1	2025-04-16	Bifidobacterium longum subsp. infantis		BB-02					GCF_023205855.1-RS_2025_04_16	Complete Genome	2022-05-02		1	Bifidobacterium longum
GCF_023208075.1	ASM2320807v1	2025-04-16	Bifidobacterium longum subsp. infantis		PI_008					GCF_023208075.1-RS_2025_04_16	Complete Genome	2022-05-02		1	Bifidobacterium longum
GCF_023205815.1	ASM2320581v1	2025-04-16	Bifidobacterium longum subsp. infantis		PI_003					GCF_023205815.1-RS_2025_04_16	Complete Genome	2022-05-02		1	Bifidobacterium longum
GCF_023208155.1	ASM2320815v1	2025-04-16	Bifidobacterium longum subsp. infantis		PI_006					GCF_023208155.1-RS_2025_04_16	Complete Genome	2022-05-02		1	Bifidobacterium longum
GCF_023208035.1	ASM2320803v1	2025-04-16	Bifidobacterium longum subsp. infantis		PI_010					GCF_023208035.1-RS_2025_04_16	Complete Genome	2022-05-02		1	Bifidobacterium longum
GCF_023208095.1	ASM2320809v1	2025-04-16	Bifidobacterium longum subsp. infantis		PI_007					GCF_023208095.1-RS_2025_04_16	Complete Genome	2022-05-02		1	Bifidobacterium longum
GCF_023208055.1	ASM2320805v1	2025-04-16	Bifidobacterium longum subsp. infantis		PI_009					GCF_023208055.1-RS_2025_04_16	Complete Genome	2022-05-02		1	Bifidobacterium longum
GCF_023205795.1	ASM2320579v1	2025-04-16	Bifidobacterium longum subsp. infantis		PI_004					GCF_023205795.1-RS_2025_04_16	Complete Genome	2022-05-02		1	Bifidobacterium longum
GCF_023205835.1	ASM2320583v1	2025-04-16	Bifidobacterium longum subsp. infantis		PI_002					GCF_023205835.1-RS_2025_04_16	Complete Genome	2022-05-02		1	Bifidobacterium longum
GCF_023208135.1	ASM2320813v1	2025-04-16	Bifidobacterium longum subsp. infantis		NLS					GCF_023208135.1-RS_2025_04_16	Complete Genome	2022-05-02		1	Bifidobacterium longum
GCF_001446255.1	ASM144625v1	2025-04-15	Bifidobacterium longum subsp. longum		NCIMB8809					GCF_001446255.1-RS_2025_04_15	Complete Genome	2015-11-19		1	Bifidobacterium longum
GCF_020008065.1	ASM2000806v1	2025-04-14	Bifidobacterium longum subsp. longum		BCBL-583					GCF_020008065.1-RS_2025_04_14	Complete Genome	2021-09-16		1	Bifidobacterium longum
GCF_017357345.1	ASM1735734v1	2025-04-11	Bifidobacterium longum subsp. longum		JCM 7053					GCF_017357345.1-RS_2025_04_11	Complete Genome	2021-03-16		1	Bifidobacterium longum
GCF_017357325.1	ASM1735732v1	2025-04-11	Bifidobacterium longum subsp. longum		JCM 11342					GCF_017357325.1-RS_2025_04_11	Complete Genome	2021-03-16		1	Bifidobacterium longum
GCF_017357065.1	ASM1735706v1	2025-04-11	Bifidobacterium longum subsp. longum		KCTC 3421					GCF_017357065.1-RS_2025_04_11	Complete Genome	2021-03-16		1	Bifidobacterium longum
GCF_038022065.1	ASM3802206v1	2025-04-08	Bifidobacterium longum subsp. longum		TCI068					GCF_038022065.1-RS_2025_04_08	Complete Genome	2024-04-09		1	Bifidobacterium longum
GCF_037997085.1	ASM3799708v1	2025-04-07	Bifidobacterium longum subsp. longum		FB1-1					GCF_037997085.1-RS_2025_04_07	Complete Genome	2024-04-08		1	Bifidobacterium longum
GCF_003342655.1	ASM334265v1	2025-04-03	Bifidobacterium longum subsp. longum		BORI					GCF_003342655.1-RS_2025_04_03	Complete Genome	2018-07-26		1	Bifidobacterium longum
GCF_016838685.1	ASM1683868v1	2025-04-02	Bifidobacterium longum		HN001					GCF_016838685.1-RS_2025_04_02	Complete Genome	2021-02-09		1	Bifidobacterium longum
GCF_028898865.1	ASM2889886v1	2025-04-02	Bifidobacterium longum subsp. longum		F2					GCF_028898865.1-RS_2025_04_02	Complete Genome	2023-03-02		1	Bifidobacterium longum
GCF_001446275.1	ASM144627v1	2025-04-02	Bifidobacterium longum subsp. longum		CCUG30698					GCF_001446275.1-RS_2025_04_02	Complete Genome	2015-11-19		1	Bifidobacterium longum
GCF_017132775.1	ASM1713277v1	2025-03-30	Bifidobacterium longum subsp. longum		KCTC 3128					GCF_017132775.1-RS_2025_03_30	Complete Genome	2021-03-02		1	Bifidobacterium longum
GCF_000008945.1	ASM894v1	2025-03-27	Bifidobacterium longum DJO10A		DJO10A					GCF_000008945.1-RS_2025_03_27	Complete Genome	2008-06-05		3	Bifidobacterium longum
GCF_000166315.1	ASM16631v1	2025-03-27	Bifidobacterium longum subsp. longum BBMN68		BBMN68					GCF_000166315.1-RS_2025_03_27	Complete Genome	2010-11-10		1	Bifidobacterium longum
GCF_000092325.1	ASM9232v1	2025-03-27	Bifidobacterium longum subsp. longum JDM301		JDM301					GCF_000092325.1-RS_2025_03_27	Complete Genome	2010-05-18		1	Bifidobacterium longum
GCF_012974165.1	ASM1297416v1	2025-05-21	Bordetella holmesii		J862					GCF_012974165.1-RS_2025_05_21	Complete Genome	2020-05-05		1	Bordetella holmesii
GCF_012974205.1	ASM1297420v1	2025-05-21	Bordetella holmesii		J790					GCF_012974205.1-RS_2025_05_21	Complete Genome	2020-05-05		1	Bordetella holmesii
GCF_017357145.1	ASM1735714v1	2025-04-11	Bordetella holmesii		CIDM-BH3					GCF_017357145.1-RS_2025_04_11	Complete Genome	2021-03-16		1	Bordetella holmesii
GCF_000341485.2	ASM34148v2	2025-04-03	Bordetella holmesii H558		H558					GCF_000341485.2-RS_2025_04_03	Complete Genome	2016-02-08		1	Bordetella holmesii
GCF_000341465.2	ASM34146v2	2025-04-02	Bordetella holmesii F627		F627					GCF_000341465.2-RS_2025_04_02	Complete Genome	2016-02-25		1	Bordetella holmesii
GCF_016804285.1	ASM1680428v1	2025-03-27	Bordetella holmesii		H558					GCF_016804285.1-RS_2025_03_27	Complete Genome	2021-02-03		1	Bordetella holmesii
GCF_002859885.1	ASM285988v1	2025-03-14	Bordetella holmesii		F621			F621		GCF_002859885.1-RS_2025_03_14	Complete Genome	2018-01-04		1	Bordetella holmesii
GCF_002859905.1	ASM285990v1	2025-03-14	Bordetella holmesii		F617			F617		GCF_002859905.1-RS_2025_03_14	Complete Genome	2018-01-04		1	Bordetella holmesii
GCF_002859945.1	ASM285994v1	2025-03-14	Bordetella holmesii		F626			F626		GCF_002859945.1-RS_2025_03_14	Complete Genome	2018-01-04		1	Bordetella holmesii
GCF_002860005.1	ASM286000v1	2025-03-14	Bordetella holmesii		H656			H656		GCF_002860005.1-RS_2025_03_14	Complete Genome	2018-01-04		1	Bordetella holmesii
GCF_002859865.1	ASM285986v1	2025-03-14	Bordetella holmesii		F616			F616		GCF_002859865.1-RS_2025_03_14	Complete Genome	2018-01-04		1	Bordetella holmesii
GCF_002859985.1	ASM285998v1	2025-03-14	Bordetella holmesii		F615			F615		GCF_002859985.1-RS_2025_03_14	Complete Genome	2018-01-04		1	Bordetella holmesii
GCF_002860025.1	ASM286002v1	2025-03-14	Bordetella holmesii		H785			H785		GCF_002860025.1-RS_2025_03_14	Complete Genome	2018-01-04		1	Bordetella holmesii
GCF_002859845.1	ASM285984v1	2025-03-14	Bordetella holmesii		F613			F613		GCF_002859845.1-RS_2025_03_14	Complete Genome	2018-01-04		1	Bordetella holmesii
GCF_004634545.1	ASM463454v1	2025-03-07	Bordetella holmesii		F274					GCF_004634545.1-RS_2025_03_07	Complete Genome	2019-04-05		1	Bordetella holmesii
GCF_048296725.1	ASM4829672v1	2025-03-05	Bordetella holmesii ATCC 51541		CDC F5101					GCF_048296725.1-RS_2025_03_05	Complete Genome	2025-03-06		1	Bordetella holmesii
GCF_001704215.1	ASM170421v1	2025-03-05	Bordetella holmesii		H903					GCF_001704215.1-RS_2025_03_05	Complete Genome	2016-08-12		1	Bordetella holmesii
GCF_003186245.1	ASM318624v1	2025-02-18	Bordetella holmesii		C690					GCF_003186245.1-RS_2025_02_18	Complete Genome	2018-06-05		1	Bordetella holmesii
GCF_003184445.1	ASM318444v1	2025-02-18	Bordetella holmesii		F028					GCF_003184445.1-RS_2025_02_18	Complete Genome	2018-06-04		1	Bordetella holmesii
GCF_009627975.1	ASM962797v1	2025-01-28	Bordetella holmesii		D130					GCF_009627975.1-RS_2025_01_28	Complete Genome	2019-11-08		1	Bordetella holmesii
GCF_009627535.1	ASM962753v1	2025-01-28	Bordetella holmesii		H318					GCF_009627535.1-RS_2025_01_28	Complete Genome	2019-11-08		1	Bordetella holmesii
GCF_009627795.1	ASM962779v1	2025-01-28	Bordetella holmesii		F594					GCF_009627795.1-RS_2025_01_28	Complete Genome	2019-11-08		1	Bordetella holmesii
GCF_009627475.1	ASM962747v1	2025-01-28	Bordetella holmesii		H336					GCF_009627475.1-RS_2025_01_28	Complete Genome	2019-11-08		1	Bordetella holmesii
GCF_009627435.1	ASM962743v1	2025-01-28	Bordetella holmesii		H370					GCF_009627435.1-RS_2025_01_28	Complete Genome	2019-11-08		1	Bordetella holmesii
GCF_009626995.1	ASM962699v1	2025-01-28	Bordetella holmesii		H808					GCF_009626995.1-RS_2025_01_28	Complete Genome	2019-11-08		1	Bordetella holmesii
GCF_009627775.1	ASM962777v1	2025-01-28	Bordetella holmesii		F595					GCF_009627775.1-RS_2025_01_28	Complete Genome	2019-11-08		1	Bordetella holmesii
GCF_009627855.1	ASM962785v1	2025-01-28	Bordetella holmesii		F590					GCF_009627855.1-RS_2025_01_28	Complete Genome	2019-11-08		1	Bordetella holmesii
GCF_009627915.1	ASM962791v1	2025-01-28	Bordetella holmesii		F586					GCF_009627915.1-RS_2025_01_28	Complete Genome	2019-11-08		1	Bordetella holmesii
GCF_009627175.1	ASM962717v1	2025-01-28	Bordetella holmesii		H619					GCF_009627175.1-RS_2025_01_28	Complete Genome	2019-11-08		1	Bordetella holmesii
GCF_009627935.1	ASM962793v1	2025-01-28	Bordetella holmesii		F061					GCF_009627935.1-RS_2025_01_28	Complete Genome	2019-11-08		1	Bordetella holmesii
GCF_009627655.1	ASM962765v1	2025-01-28	Bordetella holmesii		H108					GCF_009627655.1-RS_2025_01_28	Complete Genome	2019-11-08		1	Bordetella holmesii
GCF_009627035.1	ASM962703v1	2025-01-28	Bordetella holmesii		H719					GCF_009627035.1-RS_2025_01_28	Complete Genome	2019-11-08		1	Bordetella holmesii
GCF_009627195.1	ASM962719v1	2025-01-28	Bordetella holmesii		H620					GCF_009627195.1-RS_2025_01_28	Complete Genome	2019-11-08		1	Bordetella holmesii
GCF_009627955.1	ASM962795v1	2025-01-28	Bordetella holmesii		F029					GCF_009627955.1-RS_2025_01_28	Complete Genome	2019-11-08		1	Bordetella holmesii
GCF_009626895.1	ASM962689v1	2025-01-28	Bordetella holmesii		I100					GCF_009626895.1-RS_2025_01_28	Complete Genome	2019-11-08		1	Bordetella holmesii
GCF_009626955.1	ASM962695v1	2025-01-28	Bordetella holmesii		H862					GCF_009626955.1-RS_2025_01_28	Complete Genome	2019-11-08		1	Bordetella holmesii
GCF_009627295.1	ASM962729v1	2025-01-28	Bordetella holmesii		H557					GCF_009627295.1-RS_2025_01_28	Complete Genome	2019-11-08		1	Bordetella holmesii
GCF_009627395.1	ASM962739v1	2025-01-28	Bordetella holmesii		H387					GCF_009627395.1-RS_2025_01_28	Complete Genome	2019-11-08		1	Bordetella holmesii
GCF_009627355.1	ASM962735v1	2025-01-28	Bordetella holmesii		H401					GCF_009627355.1-RS_2025_01_28	Complete Genome	2019-11-08		1	Bordetella holmesii
GCF_009627275.1	ASM962727v1	2025-01-28	Bordetella holmesii		H572					GCF_009627275.1-RS_2025_01_28	Complete Genome	2019-11-08		1	Bordetella holmesii
GCF_009627415.1	ASM962741v1	2025-01-28	Bordetella holmesii		H385					GCF_009627415.1-RS_2025_01_28	Complete Genome	2019-11-08		1	Bordetella holmesii
GCF_009627375.1	ASM962737v1	2025-01-28	Bordetella holmesii		H400					GCF_009627375.1-RS_2025_01_28	Complete Genome	2019-11-08		1	Bordetella holmesii
GCF_009627155.1	ASM962715v1	2025-01-28	Bordetella holmesii		H628					GCF_009627155.1-RS_2025_01_28	Complete Genome	2019-11-08		1	Bordetella holmesii
GCF_009627095.1	ASM962709v1	2025-01-28	Bordetella holmesii		H641					GCF_009627095.1-RS_2025_01_28	Complete Genome	2019-11-08		1	Bordetella holmesii
GCF_009626915.1	ASM962691v1	2025-01-28	Bordetella holmesii		H869					GCF_009626915.1-RS_2025_01_28	Complete Genome	2019-11-08		1	Bordetella holmesii
GCF_009627075.1	ASM962707v1	2025-01-28	Bordetella holmesii		H713					GCF_009627075.1-RS_2025_01_28	Complete Genome	2019-11-08		1	Bordetella holmesii
GCF_009626935.1	ASM962693v1	2025-01-28	Bordetella holmesii		H863					GCF_009626935.1-RS_2025_01_28	Complete Genome	2019-11-08		1	Bordetella holmesii
GCF_009627815.1	ASM962781v1	2025-01-28	Bordetella holmesii		F593					GCF_009627815.1-RS_2025_01_28	Complete Genome	2019-11-08		1	Bordetella holmesii
GCF_009625855.1	ASM962585v1	2025-01-28	Bordetella holmesii		J708					GCF_009625855.1-RS_2025_01_28	Complete Genome	2019-11-08		1	Bordetella holmesii
GCF_009625815.1	ASM962581v1	2025-01-28	Bordetella holmesii		J712					GCF_009625815.1-RS_2025_01_28	Complete Genome	2019-11-08		1	Bordetella holmesii
GCF_012974225.1	ASM1297422v1	2025-05-21	Bordetella parapertussis		J677					GCF_012974225.1-RS_2025_05_21	Complete Genome	2020-05-05		1	Bordetella parapertussis
GCF_012974185.1	ASM1297418v1	2025-05-21	Bordetella parapertussis		J778					GCF_012974185.1-RS_2025_05_21	Complete Genome	2020-05-05		1	Bordetella parapertussis
GCF_017357185.1	ASM1735718v1	2025-04-11	Bordetella parapertussis		CIDM-BPP2					GCF_017357185.1-RS_2025_04_11	Complete Genome	2021-03-16		1	Bordetella parapertussis
GCF_900475845.1	46758_E01	2025-04-05	Bordetella parapertussis		NCTC10520					GCF_900475845.1-RS_2025_04_05	Complete Genome	2018-06-17		1	Bordetella parapertussis
GCF_016804265.1	ASM1680426v1	2025-03-27	Bordetella parapertussis		J216					GCF_016804265.1-RS_2025_03_27	Complete Genome	2021-02-03		1	Bordetella parapertussis
GCF_002859965.1	ASM285996v1	2025-03-14	Bordetella parapertussis		H889			H889		GCF_002859965.1-RS_2025_03_14	Complete Genome	2018-01-04		1	Bordetella parapertussis
GCF_004634505.1	ASM463450v1	2025-03-07	Bordetella parapertussis		E843					GCF_004634505.1-RS_2025_03_07	Complete Genome	2019-04-05		1	Bordetella parapertussis
GCF_004634525.1	ASM463452v1	2025-03-07	Bordetella parapertussis		E762					GCF_004634525.1-RS_2025_03_07	Complete Genome	2019-04-05		1	Bordetella parapertussis
GCF_001704255.1	ASM170425v1	2025-03-05	Bordetella parapertussis		H904					GCF_001704255.1-RS_2025_03_05	Complete Genome	2016-08-12		1	Bordetella parapertussis
GCF_004008215.1	ASM400821v1	2025-02-18	Bordetella parapertussis		B160					GCF_004008215.1-RS_2025_02_18	Complete Genome	2019-01-09		1	Bordetella parapertussis
GCF_003186305.1	ASM318630v1	2025-02-18	Bordetella parapertussis		E738					GCF_003186305.1-RS_2025_02_18	Complete Genome	2018-06-05		1	Bordetella parapertussis
GCF_003186285.1	ASM318628v1	2025-02-18	Bordetella parapertussis		I440					GCF_003186285.1-RS_2025_02_18	Complete Genome	2018-06-05		1	Bordetella parapertussis
GCF_004008155.1	ASM400815v1	2025-02-18	Bordetella parapertussis		B144					GCF_004008155.1-RS_2025_02_18	Complete Genome	2019-01-09		1	Bordetella parapertussis
GCF_003186225.1	ASM318622v1	2025-02-18	Bordetella parapertussis		D577					GCF_003186225.1-RS_2025_02_18	Complete Genome	2018-06-05		1	Bordetella parapertussis
GCF_003186265.1	ASM318626v1	2025-02-18	Bordetella parapertussis		A747					GCF_003186265.1-RS_2025_02_18	Complete Genome	2018-06-05		1	Bordetella parapertussis
GCF_004008035.1	ASM400803v1	2025-02-18	Bordetella parapertussis		B271					GCF_004008035.1-RS_2025_02_18	Complete Genome	2019-01-09		1	Bordetella parapertussis
GCF_003186765.1	ASM318676v1	2025-02-18	Bordetella parapertussis		B337					GCF_003186765.1-RS_2025_02_18	Complete Genome	2018-06-05		1	Bordetella parapertussis
GCF_004007035.1	ASM400703v1	2025-02-18	Bordetella parapertussis		F585					GCF_004007035.1-RS_2025_02_18	Complete Genome	2019-01-09		1	Bordetella parapertussis
GCF_004008295.1	ASM400829v1	2025-02-18	Bordetella parapertussis		A005					GCF_004008295.1-RS_2025_02_18	Complete Genome	2019-01-09		1	Bordetella parapertussis
GCF_004008355.1	ASM400835v1	2025-02-18	Bordetella parapertussis		B149					GCF_004008355.1-RS_2025_02_18	Complete Genome	2019-01-09		1	Bordetella parapertussis
GCF_901482575.1	45813_B01	2025-02-12	Bordetella parapertussis		NCTC10522					GCF_901482575.1-RS_2025_02_12	Complete Genome	2019-05-11		1	Bordetella parapertussis
GCF_900636935.1	45813_C01	2025-02-12	Bordetella parapertussis		NCTC10524					GCF_900636935.1-RS_2025_02_12	Complete Genome	2018-12-20		1	Bordetella parapertussis
GCF_000317935.1	ASM31793v1	2025-02-11	Bordetella parapertussis Bpp5		Bpp5					GCF_000317935.1-RS_2025_02_11	Complete Genome	2012-10-08		2	Bordetella parapertussis
GCF_000195695.1	ASM19569v1	2025-02-10	Bordetella parapertussis 12822		12822					GCF_000195695.1-RS_2025_02_10	Complete Genome	2003-08-12		1	Bordetella parapertussis
GCF_009626755.1	ASM962675v1	2025-01-28	Bordetella parapertussis		I301					GCF_009626755.1-RS_2025_01_28	Complete Genome	2019-11-08		1	Bordetella parapertussis
GCF_009626735.1	ASM962673v1	2025-01-28	Bordetella parapertussis		I308					GCF_009626735.1-RS_2025_01_28	Complete Genome	2019-11-08		1	Bordetella parapertussis
GCF_009625795.1	ASM962579v1	2025-01-28	Bordetella parapertussis		J786					GCF_009625795.1-RS_2025_01_28	Complete Genome	2019-11-08		1	Bordetella parapertussis
GCF_009626315.1	ASM962631v1	2025-01-28	Bordetella parapertussis		J281					GCF_009626315.1-RS_2025_01_28	Complete Genome	2019-11-08		1	Bordetella parapertussis
GCF_009626715.1	ASM962671v1	2025-01-28	Bordetella parapertussis		I325					GCF_009626715.1-RS_2025_01_28	Complete Genome	2019-11-08		1	Bordetella parapertussis
GCF_009626875.1	ASM962687v1	2025-01-28	Bordetella parapertussis		I133					GCF_009626875.1-RS_2025_01_28	Complete Genome	2019-11-08		1	Bordetella parapertussis
GCF_009626015.1	ASM962601v1	2025-01-28	Bordetella parapertussis		J327					GCF_009626015.1-RS_2025_01_28	Complete Genome	2019-11-08		1	Bordetella parapertussis
GCF_009626355.1	ASM962635v1	2025-01-28	Bordetella parapertussis		J279					GCF_009626355.1-RS_2025_01_28	Complete Genome	2019-11-08		1	Bordetella parapertussis
GCF_009626375.1	ASM962637v1	2025-01-28	Bordetella parapertussis		J278					GCF_009626375.1-RS_2025_01_28	Complete Genome	2019-11-08		1	Bordetella parapertussis
GCF_009626055.1	ASM962605v1	2025-01-28	Bordetella parapertussis		J326					GCF_009626055.1-RS_2025_01_28	Complete Genome	2019-11-08		1	Bordetella parapertussis
GCF_009626195.1	ASM962619v1	2025-01-28	Bordetella parapertussis		J291					GCF_009626195.1-RS_2025_01_28	Complete Genome	2019-11-08		1	Bordetella parapertussis
GCF_009626435.1	ASM962643v1	2025-01-28	Bordetella parapertussis		J219					GCF_009626435.1-RS_2025_01_28	Complete Genome	2019-11-08		1	Bordetella parapertussis
GCF_009626035.1	ASM962603v1	2025-01-28	Bordetella parapertussis		J328					GCF_009626035.1-RS_2025_01_28	Complete Genome	2019-11-08		1	Bordetella parapertussis
GCF_009627255.1	ASM962725v1	2025-01-28	Bordetella parapertussis		H580					GCF_009627255.1-RS_2025_01_28	Complete Genome	2019-11-08		1	Bordetella parapertussis
GCF_009626695.1	ASM962669v1	2025-01-28	Bordetella parapertussis		I326					GCF_009626695.1-RS_2025_01_28	Complete Genome	2019-11-08		1	Bordetella parapertussis
GCF_009627755.1	ASM962775v1	2025-01-28	Bordetella parapertussis		H100					GCF_009627755.1-RS_2025_01_28	Complete Genome	2019-11-08		1	Bordetella parapertussis
GCF_009625735.1	ASM962573v1	2025-01-28	Bordetella parapertussis		J859					GCF_009625735.1-RS_2025_01_28	Complete Genome	2019-11-08		1	Bordetella parapertussis
GCF_009625955.1	ASM962595v1	2025-01-28	Bordetella parapertussis		J593					GCF_009625955.1-RS_2025_01_28	Complete Genome	2019-11-08		1	Bordetella parapertussis
GCF_009626135.1	ASM962613v1	2025-01-28	Bordetella parapertussis		J297					GCF_009626135.1-RS_2025_01_28	Complete Genome	2019-11-08		1	Bordetella parapertussis
GCF_009626335.1	ASM962633v1	2025-01-28	Bordetella parapertussis		J280					GCF_009626335.1-RS_2025_01_28	Complete Genome	2019-11-08		1	Bordetella parapertussis
GCF_009627315.1	ASM962731v1	2025-01-28	Bordetella parapertussis		H555					GCF_009627315.1-RS_2025_01_28	Complete Genome	2019-11-08		1	Bordetella parapertussis
GCF_009625915.1	ASM962591v1	2025-01-28	Bordetella parapertussis		J602					GCF_009625915.1-RS_2025_01_28	Complete Genome	2019-11-08		1	Bordetella parapertussis
GCF_009625875.1	ASM962587v1	2025-01-28	Bordetella parapertussis		J676					GCF_009625875.1-RS_2025_01_28	Complete Genome	2019-11-08		1	Bordetella parapertussis
GCF_009626595.1	ASM962659v1	2025-01-28	Bordetella parapertussis		J069					GCF_009626595.1-RS_2025_01_28	Complete Genome	2019-11-08		1	Bordetella parapertussis
GCF_009626775.1	ASM962677v1	2025-01-28	Bordetella parapertussis		I288					GCF_009626775.1-RS_2025_01_28	Complete Genome	2019-11-08		1	Bordetella parapertussis
GCF_009625895.1	ASM962589v1	2025-01-28	Bordetella parapertussis		J611					GCF_009625895.1-RS_2025_01_28	Complete Genome	2019-11-08		1	Bordetella parapertussis
GCF_030931755.1	ASM3093175v1	2025-08-30	Bordetella pertussis		D420Sm1					GCF_030931755.1-RS_2025_08_30	Complete Genome	2023-08-29		1	Bordetella pertussis
GCF_001686465.1	ASM168646v1	2025-08-25	Bordetella pertussis		VA-52					GCF_001686465.1-RS_2025_08_25	Complete Genome	2016-07-15		1	Bordetella pertussis
GCF_004635445.1	ASM463544v1	2025-08-25	Bordetella pertussis		J250					GCF_004635445.1-RS_2025_08_25	Complete Genome	2019-04-05		1	Bordetella pertussis
GCF_004637025.1	ASM463702v1	2025-08-25	Bordetella pertussis		J586					GCF_004637025.1-RS_2025_08_25	Complete Genome	2019-04-05		1	Bordetella pertussis
GCF_052058455.1	ASM5205845v1	2025-08-16	Bordetella pertussis		S5					GCF_052058455.1-RS_2025_08_16	Complete Genome	2025-08-16		1	Bordetella pertussis
GCF_030644665.1	ASM3064466v1	2025-08-09	Bordetella pertussis		S3					GCF_030644665.1-RS_2025_08_09	Complete Genome	2023-08-04		1	Bordetella pertussis
GCF_030644705.1	ASM3064470v1	2025-08-09	Bordetella pertussis		S1					GCF_030644705.1-RS_2025_08_09	Complete Genome	2023-08-04		1	Bordetella pertussis
GCF_030644645.1	ASM3064464v1	2025-08-09	Bordetella pertussis		S4					GCF_030644645.1-RS_2025_08_09	Complete Genome	2023-08-04		1	Bordetella pertussis
GCF_030644685.1	ASM3064468v1	2025-08-08	Bordetella pertussis		S2					GCF_030644685.1-RS_2025_08_08	Complete Genome	2023-08-04		1	Bordetella pertussis
GCF_004637225.1	ASM463722v1	2025-07-30	Bordetella pertussis		I182					GCF_004637225.1-RS_2025_07_30	Complete Genome	2019-04-05		1	Bordetella pertussis
GCF_050942035.1	ASM5094203v1	2025-06-18	Bordetella pertussis		BP0720/24					GCF_050942035.1-RS_2025_06_18	Complete Genome	2025-06-18		1	Bordetella pertussis
GCF_050942115.1	ASM5094211v1	2025-06-18	Bordetella pertussis		BP0054/24					GCF_050942115.1-RS_2025_06_18	Complete Genome	2025-06-18		1	Bordetella pertussis
GCF_050942065.1	ASM5094206v1	2025-06-18	Bordetella pertussis		BP16367/24					GCF_050942065.1-RS_2025_06_18	Complete Genome	2025-06-18		1	Bordetella pertussis
GCF_050942045.1	ASM5094204v1	2025-06-18	Bordetella pertussis		BP0274/24					GCF_050942045.1-RS_2025_06_18	Complete Genome	2025-06-18		1	Bordetella pertussis
GCF_050942125.1	ASM5094212v1	2025-06-18	Bordetella pertussis		BP0071/24					GCF_050942125.1-RS_2025_06_18	Complete Genome	2025-06-18		1	Bordetella pertussis
GCF_050942135.1	ASM5094213v1	2025-06-18	Bordetella pertussis		BP0055/24					GCF_050942135.1-RS_2025_06_18	Complete Genome	2025-06-18		1	Bordetella pertussis
GCF_050942055.1	ASM5094205v1	2025-06-18	Bordetella pertussis		BP1180/24					GCF_050942055.1-RS_2025_06_18	Complete Genome	2025-06-18		1	Bordetella pertussis
GCF_050942235.1	ASM5094223v1	2025-06-18	Bordetella pertussis		BP1194/24					GCF_050942235.1-RS_2025_06_18	Complete Genome	2025-06-18		1	Bordetella pertussis
GCF_023612135.1	ASM2361213v1	2025-06-04	Bordetella pertussis CS		CS					GCF_023612135.1-RS_2025_06_04	Complete Genome	2022-05-31		1	Bordetella pertussis
GCF_004635485.1	ASM463548v1	2025-04-29	Bordetella pertussis		J401					GCF_004635485.1-RS_2025_04_29	Complete Genome	2019-04-05		1	Bordetella pertussis
GCF_004635905.1	ASM463590v1	2025-04-29	Bordetella pertussis		J603					GCF_004635905.1-RS_2025_04_29	Complete Genome	2019-04-05		1	Bordetella pertussis
GCF_004635865.1	ASM463586v1	2025-04-29	Bordetella pertussis		J605					GCF_004635865.1-RS_2025_04_29	Complete Genome	2019-04-05		1	Bordetella pertussis
GCF_004635845.1	ASM463584v1	2025-04-29	Bordetella pertussis		J606					GCF_004635845.1-RS_2025_04_29	Complete Genome	2019-04-05		1	Bordetella pertussis
GCF_004635885.1	ASM463588v1	2025-04-29	Bordetella pertussis		J604					GCF_004635885.1-RS_2025_04_29	Complete Genome	2019-04-05		1	Bordetella pertussis
GCF_004636505.1	ASM463650v1	2025-04-29	Bordetella pertussis		J683					GCF_004636505.1-RS_2025_04_29	Complete Genome	2019-04-05		1	Bordetella pertussis
GCF_004636545.1	ASM463654v1	2025-04-29	Bordetella pertussis		J680					GCF_004636545.1-RS_2025_04_29	Complete Genome	2019-04-05		1	Bordetella pertussis
GCF_004636565.1	ASM463656v1	2025-04-29	Bordetella pertussis		J679					GCF_004636565.1-RS_2025_04_29	Complete Genome	2019-04-05		1	Bordetella pertussis
GCF_004636525.1	ASM463652v1	2025-04-29	Bordetella pertussis		J682					GCF_004636525.1-RS_2025_04_29	Complete Genome	2019-04-05		1	Bordetella pertussis
GCF_004635465.1	ASM463546v1	2025-04-29	Bordetella pertussis		J402					GCF_004635465.1-RS_2025_04_29	Complete Genome	2019-04-05		1	Bordetella pertussis
GCF_004635505.1	ASM463550v1	2025-04-29	Bordetella pertussis		J392					GCF_004635505.1-RS_2025_04_29	Complete Genome	2019-04-05		1	Bordetella pertussis
GCF_004635625.1	ASM463562v1	2025-04-29	Bordetella pertussis		J700					GCF_004635625.1-RS_2025_04_29	Complete Genome	2019-04-05		1	Bordetella pertussis
GCF_004635665.1	ASM463566v1	2025-04-29	Bordetella pertussis		J698					GCF_004635665.1-RS_2025_04_29	Complete Genome	2019-04-05		1	Bordetella pertussis
GCF_004635645.1	ASM463564v1	2025-04-29	Bordetella pertussis		J699					GCF_004635645.1-RS_2025_04_29	Complete Genome	2019-04-05		1	Bordetella pertussis
GCF_004636485.1	ASM463648v1	2025-04-29	Bordetella pertussis		J687					GCF_004636485.1-RS_2025_04_29	Complete Genome	2019-04-05		1	Bordetella pertussis
GCF_004635705.1	ASM463570v1	2025-04-29	Bordetella pertussis		J695					GCF_004635705.1-RS_2025_04_29	Complete Genome	2019-04-05		1	Bordetella pertussis
GCF_004635745.1	ASM463574v1	2025-04-29	Bordetella pertussis		J692					GCF_004635745.1-RS_2025_04_29	Complete Genome	2019-04-05		1	Bordetella pertussis
GCF_004636465.1	ASM463646v1	2025-04-29	Bordetella pertussis		J691					GCF_004636465.1-RS_2025_04_29	Complete Genome	2019-04-05		1	Bordetella pertussis
GCF_004635725.1	ASM463572v1	2025-04-29	Bordetella pertussis		J693					GCF_004635725.1-RS_2025_04_29	Complete Genome	2019-04-05		1	Bordetella pertussis
GCF_004635765.1	ASM463576v1	2025-04-29	Bordetella pertussis		J690					GCF_004635765.1-RS_2025_04_29	Complete Genome	2019-04-05		1	Bordetella pertussis
GCF_004635605.1	ASM463560v1	2025-04-29	Bordetella pertussis		J703					GCF_004635605.1-RS_2025_04_29	Complete Genome	2019-04-05		1	Bordetella pertussis
GCF_004636445.1	ASM463644v1	2025-04-29	Bordetella pertussis		J702					GCF_004636445.1-RS_2025_04_29	Complete Genome	2019-04-05		1	Bordetella pertussis
GCF_004635805.1	ASM463580v1	2025-04-29	Bordetella pertussis		J617					GCF_004635805.1-RS_2025_04_29	Complete Genome	2019-04-05		1	Bordetella pertussis
GCF_004635945.1	ASM463594v1	2025-04-29	Bordetella pertussis		J616					GCF_004635945.1-RS_2025_04_29	Complete Genome	2019-04-05		1	Bordetella pertussis
GCF_004635825.1	ASM463582v1	2025-04-29	Bordetella pertussis		J614					GCF_004635825.1-RS_2025_04_29	Complete Genome	2019-04-05		1	Bordetella pertussis
GCF_022407395.1	ASM2240739v1	2025-04-16	Bordetella pertussis		NZ35					GCF_022407395.1-RS_2025_04_16	Complete Genome	2022-02-28		1	Bordetella pertussis
GCF_022409395.1	ASM2240939v1	2025-04-16	Bordetella pertussis		NZ13					GCF_022409395.1-RS_2025_04_16	Complete Genome	2022-02-28		1	Bordetella pertussis
GCF_003860305.1	ASM386030v1	2025-04-16	Bordetella pertussis		BPD1					GCF_003860305.1-RS_2025_04_16	Complete Genome	2018-12-04		1	Bordetella pertussis
GCF_003355085.1	ASM335508v1	2025-04-16	Bordetella pertussis		UK76					GCF_003355085.1-RS_2025_04_16	Complete Genome	2018-08-03		1	Bordetella pertussis
GCF_022409135.1	ASM2240913v1	2025-04-16	Bordetella pertussis		NZ66					GCF_022409135.1-RS_2025_04_16	Complete Genome	2022-02-28		1	Bordetella pertussis
GCF_022407895.1	ASM2240789v1	2025-04-16	Bordetella pertussis		NZ24					GCF_022407895.1-RS_2025_04_16	Complete Genome	2022-02-28		1	Bordetella pertussis
GCF_030761375.1	ASM3076137v1	2025-08-16	Brucella abortus		LBAB008					GCF_030761375.1-RS_2025_08_16	Complete Genome	2023-08-16		2	Brucella abortus
GCF_030761615.1	ASM3076161v1	2025-08-16	Brucella abortus		LBAB016					GCF_030761615.1-RS_2025_08_16	Complete Genome	2023-08-16		2	Brucella abortus
GCF_030761395.1	ASM3076139v1	2025-08-16	Brucella abortus		LBAB009					GCF_030761395.1-RS_2025_08_16	Complete Genome	2023-08-16		2	Brucella abortus
GCF_030762075.1	ASM3076207v1	2025-08-16	Brucella abortus		LBAB037					GCF_030762075.1-RS_2025_08_16	Complete Genome	2023-08-16		2	Brucella abortus
GCF_030761455.1	ASM3076145v1	2025-08-16	Brucella abortus		LBAB012					GCF_030761455.1-RS_2025_08_16	Complete Genome	2023-08-16		2	Brucella abortus
GCF_030761355.1	ASM3076135v1	2025-08-16	Brucella abortus		LBAB007					GCF_030761355.1-RS_2025_08_16	Complete Genome	2023-08-16		2	Brucella abortus
GCF_030761315.1	ASM3076131v1	2025-08-16	Brucella abortus		LBAB004					GCF_030761315.1-RS_2025_08_16	Complete Genome	2023-08-16		2	Brucella abortus
GCF_030761795.1	ASM3076179v1	2025-08-16	Brucella abortus		LBAB023					GCF_030761795.1-RS_2025_08_16	Complete Genome	2023-08-16		2	Brucella abortus
GCF_030761435.1	ASM3076143v1	2025-08-16	Brucella abortus		LBAB011					GCF_030761435.1-RS_2025_08_16	Complete Genome	2023-08-16		2	Brucella abortus
GCF_030762255.1	ASM3076225v1	2025-08-16	Brucella abortus		LBAB045					GCF_030762255.1-RS_2025_08_16	Complete Genome	2023-08-16		2	Brucella abortus
GCF_030761955.1	ASM3076195v1	2025-08-16	Brucella abortus		LBAB031					GCF_030761955.1-RS_2025_08_16	Complete Genome	2023-08-16		2	Brucella abortus
GCF_030762185.1	ASM3076218v1	2025-08-16	Brucella abortus		LBAB042					GCF_030762185.1-RS_2025_08_16	Complete Genome	2023-08-16		2	Brucella abortus
GCF_030761735.1	ASM3076173v1	2025-08-16	Brucella abortus		LBAB020					GCF_030761735.1-RS_2025_08_16	Complete Genome	2023-08-16		2	Brucella abortus
GCF_030761995.1	ASM3076199v1	2025-08-16	Brucella abortus		LBAB033					GCF_030761995.1-RS_2025_08_16	Complete Genome	2023-08-16		2	Brucella abortus
GCF_030761715.1	ASM3076171v1	2025-08-16	Brucella abortus		LBAB019					GCF_030761715.1-RS_2025_08_16	Complete Genome	2023-08-16		2	Brucella abortus
GCF_030762055.1	ASM3076205v1	2025-08-16	Brucella abortus		LBAB036					GCF_030762055.1-RS_2025_08_16	Complete Genome	2023-08-16		2	Brucella abortus
GCF_030761635.1	ASM3076163v1	2025-08-16	Brucella abortus		LBAB017					GCF_030761635.1-RS_2025_08_16	Complete Genome	2023-08-16		2	Brucella abortus
GCF_030762335.1	ASM3076233v1	2025-08-16	Brucella abortus		LBAB049					GCF_030762335.1-RS_2025_08_16	Complete Genome	2023-08-16		2	Brucella abortus
GCF_030761815.1	ASM3076181v1	2025-08-16	Brucella abortus		LBAB024					GCF_030761815.1-RS_2025_08_16	Complete Genome	2023-08-16		2	Brucella abortus
GCF_030762295.1	ASM3076229v1	2025-08-16	Brucella abortus		LBAB047					GCF_030762295.1-RS_2025_08_16	Complete Genome	2023-08-16		2	Brucella abortus
GCF_030761915.1	ASM3076191v1	2025-08-16	Brucella abortus		LBAB029					GCF_030761915.1-RS_2025_08_16	Complete Genome	2023-08-16		2	Brucella abortus
GCF_030762275.1	ASM3076227v1	2025-08-16	Brucella abortus		LBAB046					GCF_030762275.1-RS_2025_08_16	Complete Genome	2023-08-16		2	Brucella abortus
GCF_030761775.1	ASM3076177v1	2025-08-16	Brucella abortus		LBAB022					GCF_030761775.1-RS_2025_08_16	Complete Genome	2023-08-16		2	Brucella abortus
GCF_030762215.1	ASM3076221v1	2025-08-16	Brucella abortus		LBAB043					GCF_030762215.1-RS_2025_08_16	Complete Genome	2023-08-16		2	Brucella abortus
GCF_030761595.1	ASM3076159v1	2025-08-16	Brucella abortus		LBAB015					GCF_030761595.1-RS_2025_08_16	Complete Genome	2023-08-16		2	Brucella abortus
GCF_030761275.1	ASM3076127v1	2025-08-16	Brucella abortus		LBAB001					GCF_030761275.1-RS_2025_08_16	Complete Genome	2023-08-16		2	Brucella abortus
GCF_030762135.1	ASM3076213v1	2025-08-16	Brucella abortus		LBAB040					GCF_030762135.1-RS_2025_08_16	Complete Genome	2023-08-16		2	Brucella abortus
GCF_030762155.1	ASM3076215v1	2025-08-16	Brucella abortus		LBAB041					GCF_030762155.1-RS_2025_08_16	Complete Genome	2023-08-16		2	Brucella abortus
GCF_030762115.1	ASM3076211v1	2025-08-16	Brucella abortus		LBAB039					GCF_030762115.1-RS_2025_08_16	Complete Genome	2023-08-16		2	Brucella abortus
GCF_030762095.1	ASM3076209v1	2025-08-16	Brucella abortus		LBAB038					GCF_030762095.1-RS_2025_08_16	Complete Genome	2023-08-16		2	Brucella abortus
GCF_030762315.1	ASM3076231v1	2025-08-16	Brucella abortus		LBAB048					GCF_030762315.1-RS_2025_08_16	Complete Genome	2023-08-16		2	Brucella abortus
GCF_030761415.1	ASM3076141v1	2025-08-16	Brucella abortus		LBAB010					GCF_030761415.1-RS_2025_08_16	Complete Genome	2023-08-16		2	Brucella abortus
GCF_030761875.1	ASM3076187v1	2025-08-16	Brucella abortus		LBAB027					GCF_030761875.1-RS_2025_08_16	Complete Genome	2023-08-16		2	Brucella abortus
GCF_030761935.1	ASM3076193v1	2025-08-16	Brucella abortus		LBAB030					GCF_030761935.1-RS_2025_08_16	Complete Genome	2023-08-16		2	Brucella abortus
GCF_030762375.1	ASM3076237v1	2025-08-16	Brucella abortus		LBAB051					GCF_030762375.1-RS_2025_08_16	Complete Genome	2023-08-16		2	Brucella abortus
GCF_030762435.1	ASM3076243v1	2025-08-16	Brucella abortus		LBAB054					GCF_030762435.1-RS_2025_08_16	Complete Genome	2023-08-16		2	Brucella abortus
GCF_030761975.1	ASM3076197v1	2025-08-16	Brucella abortus		LBAB032					GCF_030761975.1-RS_2025_08_16	Complete Genome	2023-08-16		2	Brucella abortus
GCF_030761655.1	ASM3076165v1	2025-08-16	Brucella abortus		LBAB018					GCF_030761655.1-RS_2025_08_16	Complete Genome	2023-08-16		2	Brucella abortus
GCF_030762415.1	ASM3076241v1	2025-08-16	Brucella abortus		LBAB053					GCF_030762415.1-RS_2025_08_16	Complete Genome	2023-08-16		2	Brucella abortus
GCF_030762355.1	ASM3076235v1	2025-08-16	Brucella abortus		LBAB050					GCF_030762355.1-RS_2025_08_16	Complete Genome	2023-08-16		2	Brucella abortus
GCF_030761855.1	ASM3076185v1	2025-08-16	Brucella abortus		LBAB026					GCF_030761855.1-RS_2025_08_16	Complete Genome	2023-08-16		2	Brucella abortus
GCF_030761895.1	ASM3076189v1	2025-08-16	Brucella abortus		LBAB028					GCF_030761895.1-RS_2025_08_16	Complete Genome	2023-08-16		2	Brucella abortus
GCF_030761295.1	ASM3076129v1	2025-08-16	Brucella abortus		LBAB003					GCF_030761295.1-RS_2025_08_16	Complete Genome	2023-08-16		2	Brucella abortus
GCF_030761335.1	ASM3076133v1	2025-08-16	Brucella abortus		LBAB005					GCF_030761335.1-RS_2025_08_16	Complete Genome	2023-08-16		2	Brucella abortus
GCF_030762235.1	ASM3076223v1	2025-08-16	Brucella abortus		LBAB044					GCF_030762235.1-RS_2025_08_16	Complete Genome	2023-08-16		2	Brucella abortus
GCF_030761755.1	ASM3076175v1	2025-08-16	Brucella abortus		LBAB021					GCF_030761755.1-RS_2025_08_16	Complete Genome	2023-08-16		2	Brucella abortus
GCF_030762555.1	ASM3076255v1	2025-08-16	Brucella abortus		LBAB014					GCF_030762555.1-RS_2025_08_16	Complete Genome	2023-08-16		2	Brucella abortus
GCF_030761835.1	ASM3076183v1	2025-08-16	Brucella abortus		LBAB025					GCF_030761835.1-RS_2025_08_16	Complete Genome	2023-08-16		2	Brucella abortus
GCF_030762035.1	ASM3076203v1	2025-08-16	Brucella abortus		LBAB035					GCF_030762035.1-RS_2025_08_16	Complete Genome	2023-08-16		2	Brucella abortus
GCF_030761555.1	ASM3076155v1	2025-08-16	Brucella abortus		LBAB013					GCF_030761555.1-RS_2025_08_16	Complete Genome	2023-08-16		2	Brucella abortus
GCF_001307475.2	ASM130747v2	2025-05-11	Brucella melitensis		C-573					GCF_001307475.2-RS_2025_05_11	Complete Genome	2017-02-15		2	Brucella melitensis
GCF_002192155.1	ASM219215v1	2025-04-28	Brucella melitensis		BwIM_TUR_39					GCF_002192155.1-RS_2025_04_28	Complete Genome	2017-06-13		2	Brucella melitensis
GCF_038420175.1	ASM3842017v1	2025-04-25	Brucella melitensis		Rev.1					GCF_038420175.1-RS_2025_04_25	Complete Genome	2024-04-26		2	Brucella melitensis
GCF_000007125.1	ASM712v1	2025-04-15	Brucella melitensis bv. 1 str. 16M		16M					GCF_000007125.1-RS_2025_04_15	Complete Genome	2001-12-28		2	Brucella melitensis
GCF_002262955.1	ASM226295v1	2025-04-15	Brucella melitensis		BY38			Qingmin Wu		GCF_002262955.1-RS_2025_04_15	Complete Genome	2017-08-22		2	Brucella melitensis
GCF_001715485.1	ASM171548v1	2025-04-15	Brucella melitensis		2008724259					GCF_001715485.1-RS_2025_04_15	Complete Genome	2016-08-29		2	Brucella melitensis
GCF_900236585.1	Bru_genome1	2025-04-15	Brucella melitensis					1		GCF_900236585.1-RS_2025_04_15	Complete Genome	2017-12-04		2	Brucella melitensis
GCF_900236425.1	Bru_genome11	2025-04-15	Brucella melitensis					1		GCF_900236425.1-RS_2025_04_15	Complete Genome	2017-12-04		2	Brucella melitensis
GCF_900236375.1	Bru_genome9	2025-04-15	Brucella melitensis					1		GCF_900236375.1-RS_2025_04_15	Complete Genome	2017-12-04		2	Brucella melitensis
GCF_900236485.1	Bru_genome24	2025-04-15	Brucella melitensis					1		GCF_900236485.1-RS_2025_04_15	Complete Genome	2017-12-04		2	Brucella melitensis
GCF_900236495.1	Bru_genome46	2025-04-15	Brucella melitensis					1		GCF_900236495.1-RS_2025_04_15	Complete Genome	2017-12-04		2	Brucella melitensis
GCF_900236535.1	Bru_genome4	2025-04-15	Brucella melitensis					1		GCF_900236535.1-RS_2025_04_15	Complete Genome	2017-12-04		2	Brucella melitensis
GCF_900236575.1	Bru_genome10	2025-04-15	Brucella melitensis					1		GCF_900236575.1-RS_2025_04_15	Complete Genome	2017-12-04		2	Brucella melitensis
GCF_900236345.1	Bru_genome47	2025-04-15	Brucella melitensis					1		GCF_900236345.1-RS_2025_04_15	Complete Genome	2017-12-04		2	Brucella melitensis
GCF_000192885.1	ASM19288v1	2025-04-15	Brucella melitensis M5-90		M5-90					GCF_000192885.1-RS_2025_04_15	Complete Genome	2011-03-22		2	Brucella melitensis
GCF_036967195.1	ASM3696719v1	2025-04-05	Brucella melitensis bv. 3		ARQ-070					GCF_036967195.1-RS_2025_04_05	Complete Genome	2024-04-05		2	Brucella melitensis
GCF_003205535.1	ASM320553v1	2025-04-03	Brucella melitensis		CIIMS-NV-1					GCF_003205535.1-RS_2025_04_03	Complete Genome	2018-06-11		2	Brucella melitensis
GCF_002191375.1	ASM219137v1	2025-04-03	Brucella melitensis		BwIM_ITA_55					GCF_002191375.1-RS_2025_04_03	Complete Genome	2017-06-13		2	Brucella melitensis
GCF_002191355.1	ASM219135v1	2025-04-03	Brucella melitensis		BwIM_ITA_45					GCF_002191355.1-RS_2025_04_03	Complete Genome	2017-06-13		2	Brucella melitensis
GCF_002895125.1	ASM289512v1	2025-04-03	Brucella melitensis		CIIMS-PH-3					GCF_002895125.1-RS_2025_04_03	Complete Genome	2018-01-22		2	Brucella melitensis
GCF_002953595.1	ASM295359v1	2025-04-03	Brucella melitensis		Rev.1 (passage 101)					GCF_002953595.1-RS_2025_04_03	Complete Genome	2018-02-09		2	Brucella melitensis
GCF_008761615.1	ASM876161v1	2025-04-03	Brucella melitensis		RM57					GCF_008761615.1-RS_2025_04_03	Complete Genome	2019-10-01		2	Brucella melitensis
GCF_900236365.1	Bru_genome40	2025-04-03	Brucella melitensis					1		GCF_900236365.1-RS_2025_04_03	Complete Genome	2017-12-04		2	Brucella melitensis
GCF_900236395.1	Bru_genome41	2025-04-03	Brucella melitensis					1		GCF_900236395.1-RS_2025_04_03	Complete Genome	2017-12-04		2	Brucella melitensis
GCF_900236565.1	Bru_genome8	2025-04-03	Brucella melitensis					1		GCF_900236565.1-RS_2025_04_03	Complete Genome	2017-12-04		2	Brucella melitensis
GCF_900236465.1	Bru_genome45	2025-04-03	Brucella melitensis					1		GCF_900236465.1-RS_2025_04_03	Complete Genome	2017-12-04		2	Brucella melitensis
GCF_000740355.1	ASM74035v1	2025-04-03	Brucella melitensis bv. 3 str. Ether		ether					GCF_000740355.1-RS_2025_04_03	Complete Genome	2014-08-15		2	Brucella melitensis
GCF_000227645.1	ASM22764v1	2025-04-03	Brucella melitensis NI		NI					GCF_000227645.1-RS_2025_04_03	Complete Genome	2011-10-06		2	Brucella melitensis
GCF_000740415.1	ASM74041v1	2025-04-02	Brucella melitensis bv. 1 str. 16M		16M					GCF_000740415.1-RS_2025_04_02	Complete Genome	2014-08-15		2	Brucella melitensis
GCF_003516085.1	ASM351608v1	2025-04-02	Brucella melitensis		CIT43					GCF_003516085.1-RS_2025_04_02	Complete Genome	2018-09-10		1	Brucella melitensis
GCF_002263015.1	ASM226301v1	2025-04-02	Brucella melitensis		BL					GCF_002263015.1-RS_2025_04_02	Complete Genome	2017-08-22		2	Brucella melitensis
GCF_023796775.1	ASM2379677v1	2025-04-02	Brucella melitensis		6144					GCF_023796775.1-RS_2025_04_02	Complete Genome	2022-06-18		2	Brucella melitensis
GCF_002191615.1	ASM219161v1	2025-04-02	Brucella melitensis		BwIM_TUR_03					GCF_002191615.1-RS_2025_04_02	Complete Genome	2017-06-13		2	Brucella melitensis
GCF_008761595.1	ASM876159v1	2025-04-02	Brucella melitensis		M1981					GCF_008761595.1-RS_2025_04_02	Complete Genome	2019-10-01		2	Brucella melitensis
GCF_002763615.1	ASM276361v1	2025-04-02	Brucella melitensis		B.melitensis QH61			abortion		GCF_002763615.1-RS_2025_04_02	Complete Genome	2017-11-13		2	Brucella melitensis
GCF_003856415.1	ASM385641v1	2025-04-02	Brucella melitensis		BmWS93					GCF_003856415.1-RS_2025_04_02	Complete Genome	2018-12-03		2	Brucella melitensis
GCF_002191915.1	ASM219191v1	2025-04-02	Brucella melitensis		BwIM_SAU_09					GCF_002191915.1-RS_2025_04_02	Complete Genome	2017-06-13		2	Brucella melitensis
GCF_002191575.1	ASM219157v1	2025-04-02	Brucella melitensis		BwIM_TKM_56					GCF_002191575.1-RS_2025_04_02	Complete Genome	2017-06-13		2	Brucella melitensis
GCF_003516045.1	ASM351604v1	2025-04-02	Brucella melitensis		CIT21					GCF_003516045.1-RS_2025_04_02	Complete Genome	2018-09-10		2	Brucella melitensis
GCF_002895105.1	ASM289510v1	2025-04-02	Brucella melitensis		CIIMS-BH-2					GCF_002895105.1-RS_2025_04_02	Complete Genome	2018-01-22		2	Brucella melitensis
GCF_900236415.1	Bru_genome48	2025-04-02	Brucella melitensis					1		GCF_900236415.1-RS_2025_04_02	Complete Genome	2017-12-04		2	Brucella melitensis
GCF_900236455.1	Bru_genome44	2025-04-02	Brucella melitensis					1		GCF_900236455.1-RS_2025_04_02	Complete Genome	2017-12-04		2	Brucella melitensis
GCF_900236545.1	Bru_genome36	2025-04-02	Brucella melitensis					1		GCF_900236545.1-RS_2025_04_02	Complete Genome	2017-12-04		2	Brucella melitensis
GCF_900236405.1	Bru_genome13	2025-04-02	Brucella melitensis					1		GCF_900236405.1-RS_2025_04_02	Complete Genome	2017-12-04		2	Brucella melitensis
GCF_900236435.1	Bru_genome23	2025-04-02	Brucella melitensis					1		GCF_900236435.1-RS_2025_04_02	Complete Genome	2017-12-04		2	Brucella melitensis
GCF_900236385.1	Bru_genome37	2025-04-02	Brucella melitensis					1		GCF_900236385.1-RS_2025_04_02	Complete Genome	2017-12-04		2	Brucella melitensis
GCF_900236445.1	Bru_genome2	2025-04-02	Brucella melitensis					1		GCF_900236445.1-RS_2025_04_02	Complete Genome	2017-12-04		2	Brucella melitensis
GCF_900236525.1	Bru_genome6	2025-04-02	Brucella melitensis					1		GCF_900236525.1-RS_2025_04_02	Complete Genome	2017-12-04		2	Brucella melitensis
GCF_900236515.1	Bru_genome43	2025-04-02	Brucella melitensis					1		GCF_900236515.1-RS_2025_04_02	Complete Genome	2017-12-04		2	Brucella melitensis
GCF_900236335.1	Bru_genome7	2025-04-02	Brucella melitensis					1		GCF_900236335.1-RS_2025_04_02	Complete Genome	2017-12-04		2	Brucella melitensis
GCF_000174075.1	ASM17407v1	2025-08-25	Buchnera aphidicola str. LSR1 (Acyrthosiphon pisum)		LSR1 (Acyrthosiphon pisum)					GCF_000174075.1-RS_2025_08_25	Complete Genome	2009-03-02	ACFK01	1	Buchnera aphidicola
GCF_000521565.1	ASM52156v1	2025-08-25	Buchnera aphidicola str. G002 (Myzus persicae)		G002					GCF_000521565.1-RS_2025_08_25	Complete Genome	2014-01-22		2	Buchnera aphidicola
GCF_000521585.1	ASM52158v1	2025-08-25	Buchnera aphidicola str. F009 (Myzus persicae)		F009					GCF_000521585.1-RS_2025_08_25	Complete Genome	2014-01-22		2	Buchnera aphidicola
GCF_000521525.1	ASM52152v1	2025-08-25	Buchnera aphidicola str. USDA (Myzus persicae)		USDA					GCF_000521525.1-RS_2025_08_25	Complete Genome	2014-01-22		2	Buchnera aphidicola
GCF_000521545.1	ASM52154v1	2025-08-25	Buchnera aphidicola str. W106 (Myzus persicae)		W106					GCF_000521545.1-RS_2025_08_25	Complete Genome	2014-01-22		2	Buchnera aphidicola
GCF_024205245.1	ASM2420524v1	2025-08-01	Buchnera aphidicola (Sitobion miscanthi)		LF					GCF_024205245.1-RS_2025_08_01	Complete Genome	2022-07-11		1	Buchnera aphidicola
GCF_011035165.1	ASM1103516v1	2025-07-25	Buchnera aphidicola (Uroleucon sonchi)		UsonBac					GCF_011035165.1-RS_2025_07_25	Complete Genome	2020-02-27		1	Buchnera aphidicola
GCF_024029855.1	ASM2402985v1	2025-07-19	Buchnera aphidicola (Sipha maydis)		Sm Midelt					GCF_024029855.1-RS_2025_07_19	Complete Genome	2022-06-29		1	Buchnera aphidicola
GCF_024029895.1	ASM2402989v1	2025-07-19	Buchnera aphidicola (Periphyllus lyropictus)		Pl-LLN					GCF_024029895.1-RS_2025_07_19	Complete Genome	2022-06-29		1	Buchnera aphidicola
GCF_030169105.1	ASM3016910v1	2025-06-27	Buchnera aphidicola (Sipha maydis)		LE2927					GCF_030169105.1-RS_2025_06_27	Complete Genome	2023-06-05		1	Buchnera aphidicola
GCF_023208175.1	ASM2320817v1	2025-06-14	Buchnera aphidicola (Aphis gossypii)		KR					GCF_023208175.1-RS_2025_06_14	Complete Genome	2022-05-02		1	Buchnera aphidicola
GCF_900128725.1	BCifornacula_v1.0	2025-06-10	Buchnera aphidicola		BCifornacula			2912		GCF_900128725.1-RS_2025_06_10	Complete Genome	2016-11-25		3	Buchnera aphidicola
GCF_005237295.1	ASM523729v1	2025-06-08	Buchnera aphidicola (Macrosiphum euphorbiae)		Meu					GCF_005237295.1-RS_2025_06_08	Complete Genome	2019-05-08		1	Buchnera aphidicola
GCF_000183225.1	ASM18322v1	2025-06-06	Buchnera aphidicola str. LL01 (Acyrthosiphon pisum)		LL01					GCF_000183225.1-RS_2025_06_06	Complete Genome	2010-11-04		1	Buchnera aphidicola
GCF_039400935.1	Buchnera_Formi27	2025-05-23	Buchnera aphidicola (Formosaphis micheliae)		Formi27					GCF_039400935.1-RS_2025_05_23	Complete Genome	2024-05-09		2	Buchnera aphidicola
GCF_000225445.1	ASM22544v1	2025-05-22	Buchnera aphidicola str. Ak (Acyrthosiphon kondoi)		Ak					GCF_000225445.1-RS_2025_05_22	Complete Genome	2011-09-07		3	Buchnera aphidicola
GCF_000225465.1	ASM22546v1	2025-05-22	Buchnera aphidicola str. Ua (Uroleucon ambrosiae)		Ua					GCF_000225465.1-RS_2025_05_22	Complete Genome	2011-09-07		3	Buchnera aphidicola
GCF_039388985.1	Buchnera_Aphau14	2025-05-20	Buchnera aphidicola (Aphis aurantii)		Aphau14					GCF_039388985.1-RS_2025_05_20	Complete Genome	2024-05-06		3	Buchnera aphidicola
GCF_001280225.1	ASM128022v1	2025-05-20	Buchnera aphidicola (Aphis glycines)		BAg					GCF_001280225.1-RS_2025_05_20	Complete Genome	2015-09-08		3	Buchnera aphidicola
GCF_039396975.1	Buchnera_Neopo25	2025-05-20	Buchnera aphidicola (Neophyllaphis podocarpi)		Neopo25					GCF_039396975.1-RS_2025_05_20	Complete Genome	2024-05-07		3	Buchnera aphidicola
GCF_039403185.1	Buchnera_Formi28	2025-05-20	Buchnera aphidicola (Formosaphis micheliae)		Formi28					GCF_039403185.1-RS_2025_05_20	Complete Genome	2024-05-07		2	Buchnera aphidicola
GCF_039391105.1	Buchnera_Minke18	2025-05-20	Buchnera aphidicola (Mindarus keteleerifoliae)		Minke18					GCF_039391105.1-RS_2025_05_20	Complete Genome	2024-05-07		3	Buchnera aphidicola
GCF_039392895.1	Buchnera_Minke19	2025-05-20	Buchnera aphidicola (Mindarus keteleerifoliae)		Minke19					GCF_039392895.1-RS_2025_05_20	Complete Genome	2024-05-06		3	Buchnera aphidicola
GCF_039394605.1	Buchnera_Kuron23	2025-05-20	Buchnera aphidicola (Kurisakia onigurumii)		Kuron23					GCF_039394605.1-RS_2025_05_20	Complete Genome	2024-05-06		3	Buchnera aphidicola
GCF_039405155.1	Buchnera_Taide29	2025-05-20	Buchnera aphidicola (Taiwanaphis decaspermi)		Taide29					GCF_039405155.1-RS_2025_05_20	Complete Genome	2024-05-07		2	Buchnera aphidicola
GCF_039357805.1	Buchnera_Perko21	2025-05-20	Buchnera aphidicola (Periphyllus koelreuteriae)		Perko21					GCF_039357805.1-RS_2025_05_20	Complete Genome	2024-05-07		1	Buchnera aphidicola
GCF_039352235.1	Buchnera_Takta16_	2025-05-20	Buchnera aphidicola (Takecallis taiwana)		Takta16					GCF_039352235.1-RS_2025_05_20	Complete Genome	2024-05-07		1	Buchnera aphidicola
GCF_039355125.1	Buchnera_Takta17	2025-05-20	Buchnera aphidicola (Takecallis taiwana)		Takta17					GCF_039355125.1-RS_2025_05_20	Complete Genome	2024-05-06		1	Buchnera aphidicola
GCF_039363085.1	ASM3936308v1	2025-05-20	Buchnera aphidicola (Ceratoglyphina bambusae)		Cerba01					GCF_039363085.1-RS_2025_05_20	Complete Genome	2024-05-07		3	Buchnera aphidicola
GCF_039378845.1	Buchnera_Tubsa08	2025-05-20	Buchnera aphidicola (Tuberolachnus salignus)		Tubsa08					GCF_039378845.1-RS_2025_05_20	Complete Genome	2024-05-07		3	Buchnera aphidicola
GCF_039370165.1	Buchnera_Chata04	2025-05-20	Buchnera aphidicola (Chaitoregma tattakana)		Chata04					GCF_039370165.1-RS_2025_05_20	Complete Genome	2024-05-07		3	Buchnera aphidicola
GCF_039388045.1	Buchnera_Molni12	2025-05-20	Buchnera aphidicola (Mollitrichosiphum nigrofasciatum)		Molni12					GCF_039388045.1-RS_2025_05_20	Complete Genome	2024-05-07		3	Buchnera aphidicola
GCF_039383305.1	Buchnera_Nippi10	2025-05-20	Buchnera aphidicola (Nippolachnus piri)		Nippi10					GCF_039383305.1-RS_2025_05_20	Complete Genome	2024-05-06		3	Buchnera aphidicola
GCF_039381205.1	Buchnera_Nippi09	2025-05-20	Buchnera aphidicola (Nippolachnus piri)		Nippi09					GCF_039381205.1-RS_2025_05_20	Complete Genome	2024-05-06		3	Buchnera aphidicola
GCF_039372665.1	Buchnera_Cerke05	2025-05-20	Buchnera aphidicola (Ceratovacuna keduensis)		Cerke05					GCF_039372665.1-RS_2025_05_20	Complete Genome	2024-05-07		3	Buchnera aphidicola
GCF_039376655.1	Buchnera_Psepa07	2025-05-20	Buchnera aphidicola (Pseudoregma panicola)		Psepa07					GCF_039376655.1-RS_2025_05_20	Complete Genome	2024-05-06		3	Buchnera aphidicola
GCF_039374805.1	Buchnera_Psepa06	2025-05-20	Buchnera aphidicola (Pseudoregma panicola)		Psepa06					GCF_039374805.1-RS_2025_05_20	Complete Genome	2024-05-07		3	Buchnera aphidicola
GCF_039367725.1	Buchnera_Astba03	2025-05-20	Buchnera aphidicola (Astegopteryx bambusae)		Astba03					GCF_039367725.1-RS_2025_05_20	Complete Genome	2024-05-07		3	Buchnera aphidicola
GCF_039365365.1	ASM3936536v1	2025-05-20	Buchnera aphidicola (Astegopteryx bambusae)		Astba02					GCF_039365365.1-RS_2025_05_20	Complete Genome	2024-05-07		3	Buchnera aphidicola
GCF_039386055.1	Buchnera_Grefi11	2025-05-20	Buchnera aphidicola (Greenidea ficicola)		Grefi11					GCF_039386055.1-RS_2025_05_20	Complete Genome	2024-05-07		3	Buchnera aphidicola
GCF_964031235.1	ihTubSali1.Buchnera_sp_1.1	2025-05-01	Buchnera aphidicola (Tuberolachnus salignus)					54702		GCF_964031235.1-RS_2025_05_01	Complete Genome	2024-04-25		1	Buchnera aphidicola
GCF_964019855.1	ihPerAcec1.Buchnera_sp_1.1	2025-04-28	Buchnera aphidicola (Periphyllus acericola)					54701		GCF_964019855.1-RS_2025_04_28	Complete Genome	2024-04-05		1	Buchnera aphidicola
GCF_964020165.1	ihDrePlat2.Buchnera_sp_1.1	2025-04-28	Buchnera aphidicola (Drepanosiphum platanoidis)					54803		GCF_964020165.1-RS_2025_04_28	Complete Genome	2024-04-07		1	Buchnera aphidicola
GCF_049819115.1	ASM4981911v1	2025-04-22	Buchnera aphidicola (Uroleucon formosanum)		Uf					GCF_049819115.1-RS_2025_04_22	Complete Genome	2025-05-13		2	Buchnera aphidicola
GCF_049314985.1	ASM4931498v1	2025-04-07	Buchnera aphidicola (Pterocomma populeum)					55576		GCF_049314985.1-RS_2025_04_07	Complete Genome	2025-04-08		1	Buchnera aphidicola
GCF_001700895.1	ASM170089v1	2025-03-23	Buchnera aphidicola (Diuraphis noxia)		Host: Diuraphis noxia; Biotype: South African Mutant			SAM		GCF_001700895.1-RS_2025_03_23	Complete Genome	2016-08-09		1	Buchnera aphidicola
GCF_900128595.1	BCipseudotaxifoliae_v1.0	2025-03-16	Buchnera aphidicola (Cinara pseudotaxifoliae)		BCipseudotaxifoliae			3056		GCF_900128595.1-RS_2025_03_16	Complete Genome	2016-11-25		3	Buchnera aphidicola
GCF_900128735.1	BCiconfinis_v1.0	2025-03-16	Buchnera aphidicola (Cinara confinis)		BCiconfinis			2801		GCF_900128735.1-RS_2025_03_16	Complete Genome	2016-11-25		2	Buchnera aphidicola
GCF_900016785.1	BTsPazieg1.0	2025-03-16	Buchnera aphidicola (Tuberolachnus salignus)		BTs			Pazieg		GCF_900016785.1-RS_2025_03_16	Complete Genome	2016-05-05		3	Buchnera aphidicola
GCF_000009605.1	ASM960v1	2025-03-15	Buchnera aphidicola str. APS (Acyrthosiphon pisum)		APS			Tokyo1998		GCF_000009605.1-RS_2025_03_15	Complete Genome	2001-09-13		3	Buchnera aphidicola
GCF_013307165.1	ASM1330716v1	2025-07-23	Burkholderia glumae		336gr-1					GCF_013307165.1-RS_2025_07_23	Complete Genome	2020-06-09		5	Burkholderia glumae
GCF_009578005.1	ASM957800v1	2025-07-22	Burkholderia glumae		GX					GCF_009578005.1-RS_2025_07_22	Complete Genome	2019-11-05		5	Burkholderia glumae
GCF_012974245.1	ASM1297424v1	2025-07-20	Burkholderia glumae		HN1					GCF_012974245.1-RS_2025_07_20	Complete Genome	2020-05-05		5	Burkholderia glumae
GCF_013122645.1	ASM1312264v1	2025-07-20	Burkholderia glumae		HN2					GCF_013122645.1-RS_2025_07_20	Complete Genome	2020-05-19		3	Burkholderia glumae
GCF_030505635.1	ASM3050563v1	2025-07-18	Burkholderia glumae		BD_21g					GCF_030505635.1-RS_2025_07_18	Complete Genome	2023-07-19		6	Burkholderia glumae
GCF_013307145.1	ASM1330714v1	2025-07-07	Burkholderia glumae		411gr-6					GCF_013307145.1-RS_2025_07_07	Complete Genome	2020-06-09		4	Burkholderia glumae
GCF_017858835.1	ASM1785883v1	2025-04-29	Burkholderia glumae		957856-41-c					GCF_017858835.1-RS_2025_04_29	Complete Genome	2021-04-08		4	Burkholderia glumae
GCF_024662615.1	ASM2466261v1	2025-04-10	Burkholderia glumae		BGR49S					GCF_024662615.1-RS_2025_04_10	Complete Genome	2022-08-15		6	Burkholderia glumae
GCF_000960995.1	ASM96099v1	2025-04-07	Burkholderia glumae LMG 2196 = ATCC 33617		ATCC 33617					GCF_000960995.1-RS_2025_04_07	Complete Genome	2015-03-24		4	Burkholderia glumae
GCF_024663775.1	ASM2466377v1	2025-04-03	Burkholderia glumae		PW30RS					GCF_024663775.1-RS_2025_04_03	Complete Genome	2022-08-15		6	Burkholderia glumae
GCF_024664095.1	ASM2466409v1	2025-04-03	Burkholderia glumae		BGR35S					GCF_024664095.1-RS_2025_04_03	Complete Genome	2022-08-15		6	Burkholderia glumae
GCF_024663975.1	ASM2466397v1	2025-04-02	Burkholderia glumae		SW2RS					GCF_024663975.1-RS_2025_04_02	Complete Genome	2022-08-15		6	Burkholderia glumae
GCF_024664035.1	ASM2466403v1	2025-04-02	Burkholderia glumae		SEW1RS					GCF_024664035.1-RS_2025_04_02	Complete Genome	2022-08-15		6	Burkholderia glumae
GCF_024662475.1	ASM2466247v1	2025-04-02	Burkholderia glumae		BGR82S					GCF_024662475.1-RS_2025_04_02	Complete Genome	2022-08-15		6	Burkholderia glumae
GCF_024662735.1	ASM2466273v1	2025-04-02	Burkholderia glumae		BGR57S					GCF_024662735.1-RS_2025_04_02	Complete Genome	2022-08-15		6	Burkholderia glumae
GCF_024662895.1	ASM2466289v1	2025-04-02	Burkholderia glumae		BGR59S					GCF_024662895.1-RS_2025_04_02	Complete Genome	2022-08-15		6	Burkholderia glumae
GCF_024663375.1	ASM2466337v1	2025-04-02	Burkholderia glumae		TW34RS					GCF_024663375.1-RS_2025_04_02	Complete Genome	2022-08-15		6	Burkholderia glumae
GCF_024663895.1	ASM2466389v1	2025-04-02	Burkholderia glumae		EW10RS					GCF_024663895.1-RS_2025_04_02	Complete Genome	2022-08-15		6	Burkholderia glumae
GCF_024664155.1	ASM2466415v1	2025-04-02	Burkholderia glumae		BGR68S					GCF_024664155.1-RS_2025_04_02	Complete Genome	2022-08-15		6	Burkholderia glumae
GCF_024664175.1	ASM2466417v1	2025-04-02	Burkholderia glumae		BGR73S					GCF_024664175.1-RS_2025_04_02	Complete Genome	2022-08-15		6	Burkholderia glumae
GCF_024663615.1	ASM2466361v1	2025-04-02	Burkholderia glumae		PERW1RS					GCF_024663615.1-RS_2025_04_02	Complete Genome	2022-08-15		6	Burkholderia glumae
GCF_024663995.1	ASM2466399v1	2025-04-02	Burkholderia glumae		POW17RS					GCF_024663995.1-RS_2025_04_02	Complete Genome	2022-08-15		6	Burkholderia glumae
GCF_024664055.1	ASM2466405v1	2025-04-02	Burkholderia glumae		BGR22S					GCF_024664055.1-RS_2025_04_02	Complete Genome	2022-08-15		6	Burkholderia glumae
GCF_024664075.1	ASM2466407v1	2025-04-02	Burkholderia glumae		BGR28S					GCF_024664075.1-RS_2025_04_02	Complete Genome	2022-08-15		6	Burkholderia glumae
GCF_024664195.1	ASM2466419v1	2025-04-02	Burkholderia glumae		YH8					GCF_024664195.1-RS_2025_04_02	Complete Genome	2022-08-15		5	Burkholderia glumae
GCF_024664115.1	ASM2466411v1	2025-04-02	Burkholderia glumae		BGR79S					GCF_024664115.1-RS_2025_04_02	Complete Genome	2022-08-15		6	Burkholderia glumae
GCF_024662455.1	ASM2466245v1	2025-04-02	Burkholderia glumae		BGR39S					GCF_024662455.1-RS_2025_04_02	Complete Genome	2022-08-15		6	Burkholderia glumae
GCF_024663015.1	ASM2466301v1	2025-04-02	Burkholderia glumae		R5					GCF_024663015.1-RS_2025_04_02	Complete Genome	2022-08-15		5	Burkholderia glumae
GCF_024663135.1	ASM2466313v1	2025-04-02	Burkholderia glumae		BGR86S					GCF_024663135.1-RS_2025_04_02	Complete Genome	2022-08-15		7	Burkholderia glumae
GCF_024664135.1	ASM2466413v1	2025-04-02	Burkholderia glumae		BGR76S					GCF_024664135.1-RS_2025_04_02	Complete Genome	2022-08-15		6	Burkholderia glumae
GCF_024664275.1	ASM2466427v1	2025-04-01	Burkholderia glumae		BGR81S					GCF_024664275.1-RS_2025_04_01	Complete Genome	2022-08-15		5	Burkholderia glumae
GCF_024662435.1	ASM2466243v1	2025-04-01	Burkholderia glumae		BGR33S					GCF_024662435.1-RS_2025_04_01	Complete Genome	2022-08-15		4	Burkholderia glumae
GCF_024662395.1	ASM2466239v1	2025-04-01	Burkholderia glumae		BGR85S					GCF_024662395.1-RS_2025_04_01	Complete Genome	2022-08-15		5	Burkholderia glumae
GCF_024663255.1	ASM2466325v1	2025-04-01	Burkholderia glumae		SL-947S					GCF_024663255.1-RS_2025_04_01	Complete Genome	2022-08-15		5	Burkholderia glumae
GCF_024664235.1	ASM2466423v1	2025-04-01	Burkholderia glumae		R2					GCF_024664235.1-RS_2025_04_01	Complete Genome	2022-08-15		5	Burkholderia glumae
GCF_024664255.1	ASM2466425v1	2025-03-31	Burkholderia glumae		SL-2395S					GCF_024664255.1-RS_2025_03_31	Complete Genome	2022-08-15		4	Burkholderia glumae
GCF_024664015.1	ASM2466401v1	2025-03-31	Burkholderia glumae		BGR19S					GCF_024664015.1-RS_2025_03_31	Complete Genome	2022-08-15		5	Burkholderia glumae
GCF_024664215.1	ASM2466421v1	2025-03-31	Burkholderia glumae		BGR48S					GCF_024664215.1-RS_2025_03_31	Complete Genome	2022-08-15		6	Burkholderia glumae
GCF_024662415.1	ASM2466241v1	2025-03-30	Burkholderia glumae		R93					GCF_024662415.1-RS_2025_03_30	Complete Genome	2022-08-15		4	Burkholderia glumae
GCF_009931375.1	ASM993137v1	2025-03-17	Burkholderia glumae		257sh-1					GCF_009931375.1-RS_2025_03_17	Complete Genome	2020-01-27		4	Burkholderia glumae
GCF_016026055.1	ASM1602605v1	2025-02-14	Burkholderia glumae		FDAARGOS_949					GCF_016026055.1-RS_2025_02_14	Complete Genome	2020-12-14		4	Burkholderia glumae
GCF_009857095.1	ASM985709v1	2025-01-29	Burkholderia glumae AU6208		AU6208					GCF_009857095.1-RS_2025_01_29	Complete Genome	2020-01-12		3	Burkholderia glumae
GCF_026651975.1	ASM2665197v1	2025-01-19	Burkholderia glumae		YH38					GCF_026651975.1-RS_2025_01_19	Complete Genome	2022-12-05		6	Burkholderia glumae
GCF_026651995.1	ASM2665199v1	2025-01-19	Burkholderia glumae		YH43					GCF_026651995.1-RS_2025_01_19	Complete Genome	2022-12-05		6	Burkholderia glumae
GCF_026652015.1	ASM2665201v1	2025-01-19	Burkholderia glumae		YH67					GCF_026652015.1-RS_2025_01_19	Complete Genome	2022-12-05		6	Burkholderia glumae
GCF_016598875.1	ASM1659887v1	2025-01-17	Burkholderia glumae		FDAARGOS_921					GCF_016598875.1-RS_2025_01_17	Complete Genome	2021-01-10		5	Burkholderia glumae
GCF_024760645.1	ASM2476064v1	2024-09-13	Burkholderia glumae		BGR80S					GCF_024760645.1-RS_2024_09_13	Complete Genome	2022-08-29		5	Burkholderia glumae
GCF_024760585.1	ASM2476058v1	2024-09-13	Burkholderia glumae		BGR13S					GCF_024760585.1-RS_2024_09_13	Complete Genome	2022-08-29		5	Burkholderia glumae
GCF_024760625.1	ASM2476062v1	2024-09-13	Burkholderia glumae		BGR21S					GCF_024760625.1-RS_2024_09_13	Complete Genome	2022-08-29		5	Burkholderia glumae
GCF_024760605.1	ASM2476060v1	2024-09-13	Burkholderia glumae		BGR15S					GCF_024760605.1-RS_2024_09_13	Complete Genome	2022-08-29		6	Burkholderia glumae
GCF_036352035.1	ASM3635203v1	2025-08-26	Burkholderia multivorans		2023CK-01339					GCF_036352035.1-RS_2025_08_26	Complete Genome	2024-02-04		3	Burkholderia multivorans
GCF_023374355.1	ASM2337435v1	2025-08-17	Burkholderia multivorans		2019Y71421880II					GCF_023374355.1-RS_2025_08_17	Complete Genome	2022-05-16		3	Burkholderia multivorans
GCF_025643495.1	ASM2564349v1	2025-08-10	Burkholderia multivorans		NML180963					GCF_025643495.1-RS_2025_08_10	Complete Genome	2022-10-11		4	Burkholderia multivorans
GCF_025643555.1	ASM2564355v1	2025-08-10	Burkholderia multivorans		NML140411					GCF_025643555.1-RS_2025_08_10	Complete Genome	2022-10-11		3	Burkholderia multivorans
GCF_000010545.1	ASM1054v1	2025-06-16	Burkholderia multivorans ATCC 17616		ATCC 17616					GCF_000010545.1-RS_2025_06_16	Complete Genome	2008-06-04		4	Burkholderia multivorans
GCF_023374495.1	ASM2337449v1	2025-05-31	Burkholderia multivorans		2016Y70910410I					GCF_023374495.1-RS_2025_05_31	Complete Genome	2022-05-16		3	Burkholderia multivorans
GCF_023374655.1	ASM2337465v1	2025-05-31	Burkholderia multivorans		2014Y70439247					GCF_023374655.1-RS_2025_05_31	Complete Genome	2022-05-16		3	Burkholderia multivorans
GCF_023374515.1	ASM2337451v1	2025-05-31	Burkholderia multivorans		2016Y70888756VI					GCF_023374515.1-RS_2025_05_31	Complete Genome	2022-05-16		4	Burkholderia multivorans
GCF_023374535.1	ASM2337453v1	2025-05-31	Burkholderia multivorans		2016Y70836300					GCF_023374535.1-RS_2025_05_31	Complete Genome	2022-05-16		3	Burkholderia multivorans
GCF_023374895.1	ASM2337489v1	2025-05-31	Burkholderia multivorans		2007Ycf875II					GCF_023374895.1-RS_2025_05_31	Complete Genome	2022-05-16		2	Burkholderia multivorans
GCF_023374795.1	ASM2337479v1	2025-05-31	Burkholderia multivorans		2010Ycf41					GCF_023374795.1-RS_2025_05_31	Complete Genome	2022-05-16		3	Burkholderia multivorans
GCF_023374615.1	ASM2337461v1	2025-05-31	Burkholderia multivorans		2014Y70522077					GCF_023374615.1-RS_2025_05_31	Complete Genome	2022-05-16		3	Burkholderia multivorans
GCF_023374455.1	ASM2337445v1	2025-05-31	Burkholderia multivorans		2017Y71078597II					GCF_023374455.1-RS_2025_05_31	Complete Genome	2022-05-16		3	Burkholderia multivorans
GCF_023374315.1	ASM2337431v1	2025-05-31	Burkholderia multivorans		2020Y71628512IV					GCF_023374315.1-RS_2025_05_31	Complete Genome	2022-05-16		3	Burkholderia multivorans
GCF_023374635.1	ASM2337463v1	2025-05-31	Burkholderia multivorans		2014Y70518672I					GCF_023374635.1-RS_2025_05_31	Complete Genome	2022-05-16		3	Burkholderia multivorans
GCF_017165175.1	ASM1716517v1	2025-04-14	Burkholderia multivorans		P2Bm2011a					GCF_017165175.1-RS_2025_04_14	Complete Genome	2021-03-04		4	Burkholderia multivorans
GCF_017165535.1	ASM1716553v1	2025-04-14	Burkholderia multivorans		P1Bm2011a					GCF_017165535.1-RS_2025_04_14	Complete Genome	2021-03-04		3	Burkholderia multivorans
GCF_017165555.1	ASM1716555v1	2025-04-14	Burkholderia multivorans		P1Bm2009					GCF_017165555.1-RS_2025_04_14	Complete Genome	2021-03-04		4	Burkholderia multivorans
GCF_003019965.1	ASM301996v1	2025-04-13	Burkholderia multivorans		FDAARGOS_246					GCF_003019965.1-RS_2025_04_13	Complete Genome	2018-03-27		3	Burkholderia multivorans
GCF_000756005.1	ASM75600v1	2025-04-13	Burkholderia multivorans		DDS 15A-1					GCF_000756005.1-RS_2025_04_13	Complete Genome	2014-09-18		3	Burkholderia multivorans
GCF_023374375.1	ASM2337437v1	2025-04-11	Burkholderia multivorans		2019Y71417852IX					GCF_023374375.1-RS_2025_04_11	Complete Genome	2022-05-16		4	Burkholderia multivorans
GCF_000959525.1	ASM95952v1	2025-04-07	Burkholderia multivorans ATCC BAA-247		BAA-247					GCF_000959525.1-RS_2025_04_07	Complete Genome	2015-03-20		3	Burkholderia multivorans
GCF_023374875.1	ASM2337487v1	2025-04-06	Burkholderia multivorans		2008Ycf542					GCF_023374875.1-RS_2025_04_06	Complete Genome	2022-05-16		4	Burkholderia multivorans
GCF_023374595.1	ASM2337459v1	2025-04-06	Burkholderia multivorans		2014Y70532416II					GCF_023374595.1-RS_2025_04_06	Complete Genome	2022-05-16		4	Burkholderia multivorans
GCF_023374415.1	ASM2337441v1	2025-04-06	Burkholderia multivorans		2017Y71087112III					GCF_023374415.1-RS_2025_04_06	Complete Genome	2022-05-16		4	Burkholderia multivorans
GCF_023373625.1	ASM2337362v1	2025-04-04	Burkholderia multivorans		2007Ycf278					GCF_023373625.1-RS_2025_04_04	Complete Genome	2022-05-16		3	Burkholderia multivorans
GCF_023373645.1	ASM2337364v1	2025-04-04	Burkholderia multivorans		2006Ycf877					GCF_023373645.1-RS_2025_04_04	Complete Genome	2022-05-16		3	Burkholderia multivorans
GCF_023374575.1	ASM2337457v1	2025-04-04	Burkholderia multivorans		2015Y70629342III					GCF_023374575.1-RS_2025_04_04	Complete Genome	2022-05-16		3	Burkholderia multivorans
GCF_008693525.1	ASM869352v1	2025-04-04	Burkholderia multivorans		FDAARGOS_622					GCF_008693525.1-RS_2025_04_04	Complete Genome	2019-09-25		3	Burkholderia multivorans
GCF_008693485.1	ASM869348v1	2025-04-04	Burkholderia multivorans		FDAARGOS_623					GCF_008693485.1-RS_2025_04_04	Complete Genome	2019-09-25		3	Burkholderia multivorans
GCF_023374775.1	ASM2337477v1	2025-04-04	Burkholderia multivorans		2010Ycf503					GCF_023374775.1-RS_2025_04_04	Complete Genome	2022-05-16		6	Burkholderia multivorans
GCF_023374435.1	ASM2337443v1	2025-04-04	Burkholderia multivorans		2017Y71079786					GCF_023374435.1-RS_2025_04_04	Complete Genome	2022-05-16		3	Burkholderia multivorans
GCF_023374735.1	ASM2337473v1	2025-04-04	Burkholderia multivorans		2010Ycf635					GCF_023374735.1-RS_2025_04_04	Complete Genome	2022-05-16		4	Burkholderia multivorans
GCF_023374695.1	ASM2337469v1	2025-04-04	Burkholderia multivorans		2011Ycf521III					GCF_023374695.1-RS_2025_04_04	Complete Genome	2022-05-16		4	Burkholderia multivorans
GCF_003812585.1	ASM381258v1	2025-04-04	Burkholderia multivorans		FDAARGOS_548					GCF_003812585.1-RS_2025_04_04	Complete Genome	2018-11-21		3	Burkholderia multivorans
GCF_023373665.1	ASM2337366v1	2025-04-01	Burkholderia multivorans		2005Ycf971III					GCF_023373665.1-RS_2025_04_01	Complete Genome	2022-05-16		3	Burkholderia multivorans
GCF_023374395.1	ASM2337439v1	2025-04-01	Burkholderia multivorans		2019Y60005016V					GCF_023374395.1-RS_2025_04_01	Complete Genome	2022-05-16		3	Burkholderia multivorans
GCF_023374815.1	ASM2337481v1	2025-03-31	Burkholderia multivorans		2010Ycf31III					GCF_023374815.1-RS_2025_03_31	Complete Genome	2022-05-16		3	Burkholderia multivorans
GCF_023374755.1	ASM2337475v1	2025-03-31	Burkholderia multivorans		2010Ycf576V					GCF_023374755.1-RS_2025_03_31	Complete Genome	2022-05-16		3	Burkholderia multivorans
GCF_023373685.1	ASM2337368v1	2025-03-31	Burkholderia multivorans		2004Ycf1069VI					GCF_023373685.1-RS_2025_03_31	Complete Genome	2022-05-16		3	Burkholderia multivorans
GCF_003812365.1	ASM381236v1	2025-03-31	Burkholderia multivorans		FDAARGOS_547					GCF_003812365.1-RS_2025_03_31	Complete Genome	2018-11-21		3	Burkholderia multivorans
GCF_017165195.1	ASM1716519v1	2025-03-31	Burkholderia multivorans		P1Bm2015					GCF_017165195.1-RS_2025_03_31	Complete Genome	2021-03-04		3	Burkholderia multivorans
GCF_017165475.1	ASM1716547v1	2025-03-30	Burkholderia multivorans		P1Bm2014					GCF_017165475.1-RS_2025_03_30	Complete Genome	2021-03-04		3	Burkholderia multivorans
GCF_017165515.1	ASM1716551v1	2025-03-30	Burkholderia multivorans		P1Bm2011b					GCF_017165515.1-RS_2025_03_30	Complete Genome	2021-03-04		3	Burkholderia multivorans
GCF_017165495.1	ASM1716549v1	2025-03-29	Burkholderia multivorans		P1Bm2012b					GCF_017165495.1-RS_2025_03_29	Complete Genome	2021-03-04		3	Burkholderia multivorans
GCF_001718755.1	ASM171875v1	2025-03-05	Burkholderia multivorans		AU1185			AU1185		GCF_001718755.1-RS_2025_03_05	Complete Genome	2016-09-02		3	Burkholderia multivorans
GCF_001718995.1	ASM171899v1	2025-03-05	Burkholderia multivorans		MSMB1640WGS					GCF_001718995.1-RS_2025_03_05	Complete Genome	2016-09-02		3	Burkholderia multivorans
GCF_009730195.1	ASM973019v1	2025-02-07	Burkholderia multivorans		FDAARGOS_722					GCF_009730195.1-RS_2025_02_07	Complete Genome	2019-12-05		3	Burkholderia multivorans
GCF_009730035.1	ASM973003v1	2025-02-07	Burkholderia multivorans		FDAARGOS_719					GCF_009730035.1-RS_2025_02_07	Complete Genome	2019-12-05		5	Burkholderia multivorans
GCF_009730175.1	ASM973017v1	2025-02-07	Burkholderia multivorans		FDAARGOS_726					GCF_009730175.1-RS_2025_02_07	Complete Genome	2019-12-05		3	Burkholderia multivorans
GCF_051560105.1	ASM5156010v1	2025-07-30	Burkholderia pseudomallei		TSV287_S					GCF_051560105.1-RS_2025_07_30	Complete Genome	2025-07-29	JBPVQO01	2	Burkholderia pseudomallei
GCF_051560125.1	ASM5156012v1	2025-07-30	Burkholderia pseudomallei		TSV140_S					GCF_051560125.1-RS_2025_07_30	Complete Genome	2025-07-29	JBPVQR01	3	Burkholderia pseudomallei
GCF_051560145.1	ASM5156014v1	2025-07-30	Burkholderia pseudomallei		TSV82_R					GCF_051560145.1-RS_2025_07_30	Complete Genome	2025-07-29	JBPVQS01	2	Burkholderia pseudomallei
GCF_051560065.1	ASM5156006v1	2025-07-30	Burkholderia pseudomallei		TSV268_S					GCF_051560065.1-RS_2025_07_30	Complete Genome	2025-07-29	JBPVQQ01	2	Burkholderia pseudomallei
GCF_051560085.1	ASM5156008v1	2025-07-30	Burkholderia pseudomallei		TSV270_S					GCF_051560085.1-RS_2025_07_30	Complete Genome	2025-07-29	JBPVQP01	2	Burkholderia pseudomallei
GCF_004348075.1	ASM434807v1	2025-07-23	Burkholderia pseudomallei		BPs116					GCF_004348075.1-RS_2025_07_23	Complete Genome	2019-03-13		2	Burkholderia pseudomallei
GCF_004367705.1	ASM436770v1	2025-07-23	Burkholderia pseudomallei		BPs112			Melioidosis patient		GCF_004367705.1-RS_2025_07_23	Complete Genome	2019-03-23		2	Burkholderia pseudomallei
GCF_004367725.1	ASM436772v1	2025-07-23	Burkholderia pseudomallei		BPs133			Melioidosis patient		GCF_004367725.1-RS_2025_07_23	Complete Genome	2019-03-23		2	Burkholderia pseudomallei
GCF_018228525.1	ASM1822852v1	2025-07-20	Burkholderia pseudomallei		N2					GCF_018228525.1-RS_2025_07_20	Complete Genome	2021-05-03		3	Burkholderia pseudomallei
GCF_018228385.1	ASM1822838v1	2025-07-20	Burkholderia pseudomallei		BD5					GCF_018228385.1-RS_2025_07_20	Complete Genome	2021-05-03		3	Burkholderia pseudomallei
GCF_018228605.1	ASM1822860v1	2025-07-20	Burkholderia pseudomallei		AW17-22					GCF_018228605.1-RS_2025_07_20	Complete Genome	2021-05-03		3	Burkholderia pseudomallei
GCF_018228585.1	ASM1822858v1	2025-07-20	Burkholderia pseudomallei		AW44					GCF_018228585.1-RS_2025_07_20	Complete Genome	2021-05-03		3	Burkholderia pseudomallei
GCF_018228345.1	ASM1822834v1	2025-07-20	Burkholderia pseudomallei		WC19					GCF_018228345.1-RS_2025_07_20	Complete Genome	2021-05-03		3	Burkholderia pseudomallei
GCF_018228565.1	ASM1822856v1	2025-07-20	Burkholderia pseudomallei		AW17-23					GCF_018228565.1-RS_2025_07_20	Complete Genome	2021-05-03		3	Burkholderia pseudomallei
GCF_018228545.1	ASM1822854v1	2025-07-20	Burkholderia pseudomallei		AW9					GCF_018228545.1-RS_2025_07_20	Complete Genome	2021-05-03		3	Burkholderia pseudomallei
GCF_003798265.1	ASM379826v1	2025-07-16	Burkholderia pseudomallei		FDAARGOS_592					GCF_003798265.1-RS_2025_07_16	Complete Genome	2018-11-20		2	Burkholderia pseudomallei
GCF_003445415.1	ASM344541v1	2025-07-07	Burkholderia pseudomallei		BEK					GCF_003445415.1-RS_2025_07_07	Complete Genome	2014-09-18		2	Burkholderia pseudomallei
GCF_018771365.1	ASM1877136v1	2025-06-25	Burkholderia pseudomallei		VBP21822					GCF_018771365.1-RS_2025_06_25	Complete Genome	2021-06-08		4	Burkholderia pseudomallei
GCF_030297255.1	ASM3029725v1	2025-06-21	Burkholderia pseudomallei		GTC3P0254T					GCF_030297255.1-RS_2025_06_21	Complete Genome	2023-05-16		2	Burkholderia pseudomallei
GCF_030297335.1	ASM3029733v1	2025-06-21	Burkholderia pseudomallei		KM390					GCF_030297335.1-RS_2025_06_21	Complete Genome	2023-05-16		2	Burkholderia pseudomallei
GCF_030297215.1	ASM3029721v1	2025-06-21	Burkholderia pseudomallei		GTC3P0050					GCF_030297215.1-RS_2025_06_21	Complete Genome	2023-05-16		2	Burkholderia pseudomallei
GCF_030297235.1	ASM3029723v1	2025-06-21	Burkholderia pseudomallei		GTC3P0054					GCF_030297235.1-RS_2025_06_21	Complete Genome	2023-05-16		2	Burkholderia pseudomallei
GCF_030297275.1	ASM3029727v1	2025-06-21	Burkholderia pseudomallei		Kanagawa					GCF_030297275.1-RS_2025_06_21	Complete Genome	2023-05-16		2	Burkholderia pseudomallei
GCF_030297295.1	ASM3029729v1	2025-06-21	Burkholderia pseudomallei		Tokushima					GCF_030297295.1-RS_2025_06_21	Complete Genome	2023-05-16		2	Burkholderia pseudomallei
GCF_030297195.1	ASM3029719v1	2025-06-21	Burkholderia pseudomallei		GTC3P0019					GCF_030297195.1-RS_2025_06_21	Complete Genome	2023-05-16		2	Burkholderia pseudomallei
GCF_030297355.1	ASM3029735v1	2025-06-21	Burkholderia pseudomallei		KM391					GCF_030297355.1-RS_2025_06_21	Complete Genome	2023-05-16		2	Burkholderia pseudomallei
GCF_030297315.1	ASM3029731v1	2025-06-21	Burkholderia pseudomallei		KM376					GCF_030297315.1-RS_2025_06_21	Complete Genome	2023-05-16		3	Burkholderia pseudomallei
GCF_038983115.1	ASM3898311v1	2025-05-26	Burkholderia pseudomallei		SCBP007					GCF_038983115.1-RS_2025_05_26	Complete Genome	2024-05-01	JAQIYQ01	2	Burkholderia pseudomallei
GCF_038983225.1	ASM3898322v1	2025-05-26	Burkholderia pseudomallei		SCBP001					GCF_038983225.1-RS_2025_05_26	Complete Genome	2024-05-01	JAQIYP01	2	Burkholderia pseudomallei
GCF_050320195.1	UFBP490F	2025-05-13	Burkholderia pseudomallei		490f					GCF_050320195.1-RS_2025_05_13	Complete Genome	2025-05-14		2	Burkholderia pseudomallei
GCF_016864355.1	ASM1686435v1	2025-04-20	Burkholderia pseudomallei		VB29710					GCF_016864355.1-RS_2025_04_20	Complete Genome	2021-02-11		2	Burkholderia pseudomallei
GCF_017378355.1	ASM1737835v1	2025-04-20	Burkholderia pseudomallei		VBP21885					GCF_017378355.1-RS_2025_04_20	Complete Genome	2021-03-18		2	Burkholderia pseudomallei
GCF_017378235.1	ASM1737823v1	2025-04-20	Burkholderia pseudomallei		VBM23831					GCF_017378235.1-RS_2025_04_20	Complete Genome	2021-03-18		3	Burkholderia pseudomallei
GCF_004367685.1	ASM436768v1	2025-04-19	Burkholderia pseudomallei		BPs123					GCF_004367685.1-RS_2025_04_19	Complete Genome	2019-03-23		2	Burkholderia pseudomallei
GCF_004348055.1	ASM434805v1	2025-04-19	Burkholderia pseudomallei		BPs115					GCF_004348055.1-RS_2025_04_19	Complete Genome	2019-03-13		2	Burkholderia pseudomallei
GCF_004367665.1	ASM436766v1	2025-04-19	Burkholderia pseudomallei		BPs114					GCF_004367665.1-RS_2025_04_19	Complete Genome	2019-03-23		2	Burkholderia pseudomallei
GCF_017378195.1	ASM1737819v1	2025-04-16	Burkholderia pseudomallei		VBM21885					GCF_017378195.1-RS_2025_04_16	Complete Genome	2021-03-18		2	Burkholderia pseudomallei
GCF_017378275.1	ASM1737827v1	2025-04-16	Burkholderia pseudomallei		VBP399					GCF_017378275.1-RS_2025_04_16	Complete Genome	2021-03-18		2	Burkholderia pseudomallei
GCF_017378155.1	ASM1737815v1	2025-04-16	Burkholderia pseudomallei		VBM21822					GCF_017378155.1-RS_2025_04_16	Complete Genome	2021-03-18		3	Burkholderia pseudomallei
GCF_017378435.1	ASM1737843v1	2025-04-16	Burkholderia pseudomallei		VBP23831					GCF_017378435.1-RS_2025_04_16	Complete Genome	2021-03-18		2	Burkholderia pseudomallei
GCF_004323015.1	ASM432301v1	2025-04-11	Burkholderia pseudomallei		BPs110					GCF_004323015.1-RS_2025_04_11	Complete Genome	2019-03-04		2	Burkholderia pseudomallei
GCF_004323035.1	ASM432303v1	2025-04-11	Burkholderia pseudomallei		BPs111					GCF_004323035.1-RS_2025_04_11	Complete Genome	2019-03-04		2	Burkholderia pseudomallei
GCF_000757015.2	ASM75701v2	2025-04-07	Burkholderia pseudomallei		PHLS 112					GCF_000757015.2-RS_2025_04_07	Complete Genome	2015-03-20		2	Burkholderia pseudomallei
GCF_000959305.1	ASM95930v1	2025-04-07	Burkholderia pseudomallei		MSHR668					GCF_000959305.1-RS_2025_04_07	Complete Genome	2015-03-20		2	Burkholderia pseudomallei
GCF_000959285.1	ASM95928v1	2025-04-07	Burkholderia pseudomallei K96243		K96243					GCF_000959285.1-RS_2025_04_07	Complete Genome	2015-03-20		2	Burkholderia pseudomallei
GCF_000959145.1	ASM95914v1	2025-04-07	Burkholderia pseudomallei 406e		406E					GCF_000959145.1-RS_2025_04_07	Complete Genome	2015-03-20		2	Burkholderia pseudomallei
GCF_000959125.1	ASM95912v1	2025-04-07	Burkholderia pseudomallei 1026b		1026b					GCF_000959125.1-RS_2025_04_07	Complete Genome	2015-03-20		2	Burkholderia pseudomallei
GCF_000757035.2	ASM75703v2	2025-04-07	Burkholderia pseudomallei Pasteur 52237		Pasteur 52237					GCF_000757035.2-RS_2025_04_07	Complete Genome	2015-03-20		2	Burkholderia pseudomallei
GCF_000959265.1	ASM95926v1	2025-04-07	Burkholderia pseudomallei 7894		7894					GCF_000959265.1-RS_2025_04_07	Complete Genome	2015-03-20		2	Burkholderia pseudomallei
GCF_000959225.1	ASM95922v1	2025-04-07	Burkholderia pseudomallei MSHR2543		MSHR2543					GCF_000959225.1-RS_2025_04_07	Complete Genome	2015-03-20		2	Burkholderia pseudomallei
GCF_019930865.1	ASM1993086v1	2025-08-18	Campylobacter coli		FDAARGOS_1466					GCF_019930865.1-RS_2025_08_18	Complete Genome	2021-09-12		4	Campylobacter coli
GCF_024752555.1	ASM2475255v1	2025-08-18	Campylobacter coli		YC3-24					GCF_024752555.1-RS_2025_08_18	Complete Genome	2022-08-28		2	Campylobacter coli
GCF_014622945.2	ASM1462294v2	2025-05-23	Campylobacter coli		JZ_1_79					GCF_014622945.2-RS_2025_05_23	Complete Genome	2023-05-23		2	Campylobacter coli
GCF_014622925.2	ASM1462292v2	2025-05-23	Campylobacter coli		SH89					GCF_014622925.2-RS_2025_05_23	Complete Genome	2023-05-23		2	Campylobacter coli
GCF_023278005.1	ASM2327800v1	2025-05-18	Campylobacter coli		M8					GCF_023278005.1-RS_2025_05_18	Complete Genome	2022-05-09		1	Campylobacter coli
GCF_014906165.1	ASM1490616v1	2025-05-14	Campylobacter coli		meC0467					GCF_014906165.1-RS_2025_05_14	Complete Genome	2020-10-22		1	Campylobacter coli
GCF_014906205.1	ASM1490620v1	2025-05-13	Campylobacter coli		meC0281					GCF_014906205.1-RS_2025_05_13	Complete Genome	2020-10-22		3	Campylobacter coli
GCF_014906185.1	ASM1490618v1	2025-05-12	Campylobacter coli		meC0280					GCF_014906185.1-RS_2025_05_12	Complete Genome	2020-10-22		1	Campylobacter coli
GCF_050217595.1	ASM5021759v1	2025-05-07	Campylobacter coli		1228					GCF_050217595.1-RS_2025_05_07	Complete Genome	2025-05-13		3	Campylobacter coli
GCF_050213615.1	ASM5021361v1	2025-05-07	Campylobacter coli		2167					GCF_050213615.1-RS_2025_05_07	Complete Genome	2025-05-13		3	Campylobacter coli
GCF_050217725.1	ASM5021772v1	2025-05-07	Campylobacter coli		271					GCF_050217725.1-RS_2025_05_07	Complete Genome	2025-05-13		2	Campylobacter coli
GCF_963575805.1	GENOMIC21-005	2025-04-17	Campylobacter coli					Reference		GCF_963575805.1-RS_2025_04_17	Complete Genome	2024-02-07		3	Campylobacter coli
GCF_029542545.1	ASM2954254v1	2025-04-17	Campylobacter coli		JZ_1_95					GCF_029542545.1-RS_2025_04_17	Complete Genome	2023-04-03		1	Campylobacter coli
GCF_029542565.1	ASM2954256v1	2025-04-16	Campylobacter coli		QL_1_15					GCF_029542565.1-RS_2025_04_16	Complete Genome	2023-04-03		2	Campylobacter coli
GCF_049544855.1	ASM4954485v1	2025-04-14	Campylobacter coli		CC-73					GCF_049544855.1-RS_2025_04_14	Complete Genome	2025-04-15		1	Campylobacter coli
GCF_037943745.1	ASM3794374v1	2025-04-05	Campylobacter coli		NPRC(S) 01.13898					GCF_037943745.1-RS_2025_04_05	Complete Genome	2024-04-05		2	Campylobacter coli
GCF_963575785.1	GENOMIC21-006	2025-04-03	Campylobacter coli					Reference		GCF_963575785.1-RS_2025_04_03	Complete Genome	2024-02-07		1	Campylobacter coli
GCF_912579715.1	CC177238	2025-04-01	Campylobacter coli					2		GCF_912579715.1-RS_2025_04_01	Complete Genome	2021-08-25		2	Campylobacter coli
GCF_000465235.1	ASM46523v1	2025-03-21	Campylobacter coli CVM N29710		CVM N29710					GCF_000465235.1-RS_2025_03_21	Complete Genome	2013-09-09		3	Campylobacter coli
GCF_002024185.1	ASM202418v1	2025-03-07	Campylobacter coli		aerotolerant OR12					GCF_002024185.1-RS_2025_03_07	Complete Genome	2017-03-09		1	Campylobacter coli
GCF_001717605.1	ASM171760v1	2025-03-07	Campylobacter coli		14983A					GCF_001717605.1-RS_2025_03_07	Complete Genome	2016-08-31		4	Campylobacter coli
GCF_001639125.1	ASM163912v1	2025-03-07	Campylobacter coli		YH501					GCF_001639125.1-RS_2025_03_07	Complete Genome	2016-05-06		1	Campylobacter coli
GCF_001483845.1	ASM148384v1	2025-03-03	Campylobacter coli		OR12					GCF_001483845.1-RS_2025_03_03	Complete Genome	2016-01-04		4	Campylobacter coli
GCF_001417635.1	ASM141763v1	2025-03-03	Campylobacter coli		HC2-48					GCF_001417635.1-RS_2025_03_03	Complete Genome	2015-10-28		2	Campylobacter coli
GCF_016127675.1	ASM1612767v1	2025-02-17	Campylobacter coli		FDAARGOS_1028					GCF_016127675.1-RS_2025_02_17	Complete Genome	2020-12-20		5	Campylobacter coli
GCF_002843985.2	ASM284398v2	2025-01-23	Campylobacter coli		YH503					GCF_002843985.2-RS_2025_01_23	Complete Genome	2024-11-21		3	Campylobacter coli
GCF_000494775.2	ASM49477v2	2025-01-06	Campylobacter coli 15-537360		15-537360					GCF_000494775.2-RS_2025_01_06	Complete Genome	2019-10-28		2	Campylobacter coli
GCF_000583755.1	ASM58375v1	2025-01-05	Campylobacter coli RM1875		RM1875					GCF_000583755.1-RS_2025_01_05	Complete Genome	2014-03-03		5	Campylobacter coli
GCF_000583795.1	ASM58379v1	2025-01-05	Campylobacter coli RM5611		RM5611					GCF_000583795.1-RS_2025_01_05	Complete Genome	2014-03-03		2	Campylobacter coli
GCF_046271955.1	ASM4627195v1	2024-12-26	Campylobacter coli		GTVSS-017					GCF_046271955.1-RS_2024_12_26	Complete Genome	2024-12-26		3	Campylobacter coli
GCF_022220345.1	ASM2222034v1	2024-12-19	Campylobacter coli		14158-6					GCF_022220345.1-RS_2024_12_19	Complete Genome	2022-02-14		1	Campylobacter coli
GCF_022220285.1	ASM2222028v1	2024-12-19	Campylobacter coli		14240-1					GCF_022220285.1-RS_2024_12_19	Complete Genome	2022-02-14		3	Campylobacter coli
GCF_018176575.1	ASM1817657v1	2024-12-12	Campylobacter coli		CC19DZ036					GCF_018176575.1-RS_2024_12_12	Complete Genome	2021-04-28		1	Campylobacter coli
GCF_018176655.1	ASM1817665v1	2024-12-12	Campylobacter coli		CC19DZ037					GCF_018176655.1-RS_2024_12_12	Complete Genome	2021-04-28		1	Campylobacter coli
GCF_018885165.1	ASM1888516v1	2024-12-12	Campylobacter coli		R19.0802					GCF_018885165.1-RS_2024_12_12	Complete Genome	2021-06-15		3	Campylobacter coli
GCF_018885185.1	ASM1888518v1	2024-12-12	Campylobacter coli		R19.0895					GCF_018885185.1-RS_2024_12_12	Complete Genome	2021-06-15		1	Campylobacter coli
GCF_019930985.1	ASM1993098v1	2024-12-12	Campylobacter coli		FDAARGOS_1465					GCF_019930985.1-RS_2024_12_12	Complete Genome	2021-09-12		4	Campylobacter coli
GCF_009649055.1	ASM964905v1	2024-12-12	Campylobacter coli		CFSAN032805					GCF_009649055.1-RS_2024_12_12	Complete Genome	2019-11-11		3	Campylobacter coli
GCF_003030205.1	ASM303020v1	2024-12-11	Campylobacter coli		CFSAN054106					GCF_003030205.1-RS_2024_12_11	Complete Genome	2018-04-02		2	Campylobacter coli
GCF_001865515.1	ASM186551v1	2024-12-11	Campylobacter coli		WA333					GCF_001865515.1-RS_2024_12_11	Complete Genome	2016-11-03		2	Campylobacter coli
GCF_001865535.1	ASM186553v1	2024-12-11	Campylobacter coli		ZV1224					GCF_001865535.1-RS_2024_12_11	Complete Genome	2016-11-03		3	Campylobacter coli
GCF_033130065.1	ASM3313006v1	2024-12-11	Campylobacter coli		IDH-11999					GCF_033130065.1-RS_2024_12_11	Complete Genome	2023-06-24		3	Campylobacter coli
GCF_018885245.1	ASM1888524v1	2024-12-11	Campylobacter coli		R19.1157					GCF_018885245.1-RS_2024_12_11	Complete Genome	2021-06-15		1	Campylobacter coli
GCF_018176875.1	ASM1817687v1	2024-12-11	Campylobacter coli		CC19CH075					GCF_018176875.1-RS_2024_12_11	Complete Genome	2021-04-28		5	Campylobacter coli
GCF_018176975.1	ASM1817697v1	2024-12-11	Campylobacter coli		CC19CH076					GCF_018176975.1-RS_2024_12_11	Complete Genome	2021-04-28		5	Campylobacter coli
GCF_008727495.1	ASM872749v1	2024-12-11	Campylobacter coli		AR-0411					GCF_008727495.1-RS_2024_12_11	Complete Genome	2019-09-29		2	Campylobacter coli
GCF_010232325.1	ASM1023232v1	2024-12-11	Campylobacter coli		16SHKX65C					GCF_010232325.1-RS_2024_12_11	Complete Genome	2020-02-06		1	Campylobacter coli
GCF_001936355.1	ASM193635v1	2024-12-11	Campylobacter coli		YH502					GCF_001936355.1-RS_2024_12_11	Complete Genome	2017-01-05		2	Campylobacter coli
GCF_001865555.1	ASM186555v1	2024-12-11	Campylobacter coli		BG2108					GCF_001865555.1-RS_2024_12_11	Complete Genome	2016-11-03		3	Campylobacter coli
GCF_020042585.1	ASM2004258v1	2024-12-11	Campylobacter coli		C203112					GCF_020042585.1-RS_2024_12_11	Complete Genome	2021-09-20		1	Campylobacter coli
GCF_033097265.1	ASM3309726v1	2025-09-01	Campylobacter jejuni		IDH-12448					GCF_033097265.1-RS_2025_09_01	Complete Genome	2023-06-24		1	Campylobacter jejuni
GCF_033096585.1	ASM3309658v1	2025-09-01	Campylobacter jejuni		BCH-10089					GCF_033096585.1-RS_2025_09_01	Complete Genome	2023-06-24		1	Campylobacter jejuni
GCF_030664655.1	ASM3066465v1	2025-08-19	Campylobacter jejuni		S33					GCF_030664655.1-RS_2025_08_19	Complete Genome	2023-08-07		2	Campylobacter jejuni
GCF_030664695.1	ASM3066469v1	2025-08-19	Campylobacter jejuni		S36					GCF_030664695.1-RS_2025_08_19	Complete Genome	2023-08-07		2	Campylobacter jejuni
GCF_030664675.1	ASM3066467v1	2025-08-19	Campylobacter jejuni		S27					GCF_030664675.1-RS_2025_08_19	Complete Genome	2023-08-07		1	Campylobacter jejuni
GCF_024334025.1	ASM2433402v1	2025-08-16	Campylobacter jejuni		MS2058					GCF_024334025.1-RS_2025_08_16	Complete Genome	2022-07-20		2	Campylobacter jejuni
GCF_024334045.1	ASM2433404v1	2025-08-16	Campylobacter jejuni		MS2005					GCF_024334045.1-RS_2025_08_16	Complete Genome	2022-07-20		2	Campylobacter jejuni
GCF_024333985.1	ASM2433398v1	2025-08-16	Campylobacter jejuni		MS2167					GCF_024333985.1-RS_2025_08_16	Complete Genome	2022-07-20		1	Campylobacter jejuni
GCF_024334005.1	ASM2433400v1	2025-08-16	Campylobacter jejuni		MS2074					GCF_024334005.1-RS_2025_08_16	Complete Genome	2022-07-20		1	Campylobacter jejuni
GCF_019056455.1	ASM1905645v1	2025-08-03	Campylobacter jejuni		R19.1007					GCF_019056455.1-RS_2025_08_03	Complete Genome	2021-06-29		3	Campylobacter jejuni
GCF_019056415.1	ASM1905641v1	2025-08-03	Campylobacter jejuni		R16.2162					GCF_019056415.1-RS_2025_08_03	Complete Genome	2021-06-29		2	Campylobacter jejuni
GCF_024181005.1	ASM2418100v1	2025-07-24	Campylobacter jejuni		FORC_084					GCF_024181005.1-RS_2025_07_24	Complete Genome	2022-07-07		3	Campylobacter jejuni
GCF_024181745.1	ASM2418174v1	2025-07-23	Campylobacter jejuni		c021					GCF_024181745.1-RS_2025_07_23	Complete Genome	2022-07-07		1	Campylobacter jejuni
GCF_018885205.1	ASM1888520v1	2025-07-22	Campylobacter jejuni		R18.1301					GCF_018885205.1-RS_2025_07_22	Complete Genome	2021-06-15		1	Campylobacter jejuni
GCF_018885125.1	ASM1888512v1	2025-07-22	Campylobacter jejuni		R16.0174					GCF_018885125.1-RS_2025_07_22	Complete Genome	2021-06-15		2	Campylobacter jejuni
GCF_018885225.1	ASM1888522v1	2025-07-22	Campylobacter jejuni		R16.4752					GCF_018885225.1-RS_2025_07_22	Complete Genome	2021-06-15		2	Campylobacter jejuni
GCF_017356745.1	ASM1735674v1	2025-07-09	Campylobacter jejuni		RM1510					GCF_017356745.1-RS_2025_07_09	Complete Genome	2021-03-16		1	Campylobacter jejuni
GCF_017356805.1	ASM1735680v1	2025-07-09	Campylobacter jejuni		GB03					GCF_017356805.1-RS_2025_07_09	Complete Genome	2021-03-16		1	Campylobacter jejuni
GCF_017356785.1	ASM1735678v1	2025-07-09	Campylobacter jejuni		R12					GCF_017356785.1-RS_2025_07_09	Complete Genome	2021-03-16		1	Campylobacter jejuni
GCF_017356765.1	ASM1735676v1	2025-07-09	Campylobacter jejuni		RM3147					GCF_017356765.1-RS_2025_07_09	Complete Genome	2021-03-16		1	Campylobacter jejuni
GCF_017356685.1	ASM1735668v1	2025-07-09	Campylobacter jejuni		RM1245					GCF_017356685.1-RS_2025_07_09	Complete Genome	2021-03-16		1	Campylobacter jejuni
GCF_017356845.1	ASM1735684v1	2025-07-09	Campylobacter jejuni		R31					GCF_017356845.1-RS_2025_07_09	Complete Genome	2021-03-16		1	Campylobacter jejuni
GCF_017356825.1	ASM1735682v1	2025-07-09	Campylobacter jejuni		R23					GCF_017356825.1-RS_2025_07_09	Complete Genome	2021-03-16		1	Campylobacter jejuni
GCF_017356865.1	ASM1735686v1	2025-07-09	Campylobacter jejuni		GB28					GCF_017356865.1-RS_2025_07_09	Complete Genome	2021-03-16		1	Campylobacter jejuni
GCF_000015525.1	ASM1552v1	2025-07-09	Campylobacter jejuni subsp. jejuni 81-176		81-176					GCF_000015525.1-RS_2025_07_09	Complete Genome	2007-01-09		3	Campylobacter jejuni
GCF_900638165.1	56527_E01	2025-07-08	Campylobacter jejuni		NCTC13268					GCF_900638165.1-RS_2025_07_08	Complete Genome	2018-12-20		1	Campylobacter jejuni
GCF_003368225.1	ASM336822v1	2025-07-08	Campylobacter jejuni		CJ018CCUA					GCF_003368225.1-RS_2025_07_08	Complete Genome	2018-08-09		1	Campylobacter jejuni
GCF_002587225.1	ASM258722v1	2025-07-08	Campylobacter jejuni		FDAARGOS_421					GCF_002587225.1-RS_2025_07_08	Complete Genome	2017-10-18		1	Campylobacter jejuni
GCF_016350125.1	ASM1635012v1	2025-07-08	Campylobacter jejuni		RM1221					GCF_016350125.1-RS_2025_07_08	Complete Genome	2020-12-24		1	Campylobacter jejuni
GCF_003368185.1	ASM336818v1	2025-07-08	Campylobacter jejuni		CJ071CC464					GCF_003368185.1-RS_2025_07_08	Complete Genome	2018-08-09		1	Campylobacter jejuni
GCF_007107025.1	ASM710702v1	2025-07-08	Campylobacter jejuni		YH003					GCF_007107025.1-RS_2025_07_08	Complete Genome	2019-07-18		1	Campylobacter jejuni
GCF_002407125.1	ASM240712v1	2025-07-08	Campylobacter jejuni		CFSAN032806					GCF_002407125.1-RS_2025_07_08	Complete Genome	2017-10-02		2	Campylobacter jejuni
GCF_003368045.1	ASM336804v1	2025-07-08	Campylobacter jejuni		CJ067CC45					GCF_003368045.1-RS_2025_07_08	Complete Genome	2018-08-09		1	Campylobacter jejuni
GCF_003060725.1	ASM306072v1	2025-07-08	Campylobacter jejuni		12567					GCF_003060725.1-RS_2025_07_08	Complete Genome	2018-04-23		1	Campylobacter jejuni
GCF_003368165.1	ASM336816v1	2025-07-08	Campylobacter jejuni		CJ074CC443					GCF_003368165.1-RS_2025_07_08	Complete Genome	2018-08-09		1	Campylobacter jejuni
GCF_014151465.1	ASM1415146v1	2025-07-08	Campylobacter jejuni		C220					GCF_014151465.1-RS_2025_07_08	Complete Genome	2020-08-11		1	Campylobacter jejuni
GCF_014152105.1	ASM1415210v1	2025-07-08	Campylobacter jejuni		C197					GCF_014152105.1-RS_2025_07_08	Complete Genome	2020-08-11		1	Campylobacter jejuni
GCF_003060745.1	ASM306074v1	2025-07-08	Campylobacter jejuni		NCTC 12660					GCF_003060745.1-RS_2025_07_08	Complete Genome	2018-04-23		1	Campylobacter jejuni
GCF_017352015.1	ASM1735201v1	2025-07-08	Campylobacter jejuni		CAMSA2002					GCF_017352015.1-RS_2025_07_08	Complete Genome	2021-03-14		2	Campylobacter jejuni
GCF_003368105.1	ASM336810v1	2025-07-08	Campylobacter jejuni		CJ017CCUA					GCF_003368105.1-RS_2025_07_08	Complete Genome	2018-08-09		1	Campylobacter jejuni
GCF_900638205.1	56553_D01	2025-07-08	Campylobacter jejuni		NCTC13255					GCF_900638205.1-RS_2025_07_08	Complete Genome	2018-12-20		1	Campylobacter jejuni
GCF_900638195.1	56553_F01	2025-07-08	Campylobacter jejuni		NCTC13261					GCF_900638195.1-RS_2025_07_08	Complete Genome	2018-12-20		1	Campylobacter jejuni
GCF_016458845.1	ASM1645884v1	2025-07-08	Campylobacter jejuni		CJP19-D445			CFSAN091031		GCF_016458845.1-RS_2025_07_08	Complete Genome	2021-01-03		2	Campylobacter jejuni
GCF_017357025.1	ASM1735702v1	2025-07-08	Campylobacter jejuni		RM1477					GCF_017357025.1-RS_2025_07_08	Complete Genome	2021-03-16		2	Campylobacter jejuni
GCF_012224765.1	ASM1222476v1	2025-07-08	Campylobacter jejuni		ZS004					GCF_012224765.1-RS_2025_07_08	Complete Genome	2020-04-09		2	Campylobacter jejuni
GCF_900638175.1	56527_F01	2025-07-08	Campylobacter jejuni		NCTC13266					GCF_900638175.1-RS_2025_07_08	Complete Genome	2018-12-20		1	Campylobacter jejuni
GCF_012224585.1	ASM1222458v1	2025-07-08	Campylobacter jejuni		ZS005					GCF_012224585.1-RS_2025_07_08	Complete Genome	2020-04-09		1	Campylobacter jejuni
GCF_003368245.1	ASM336824v1	2025-07-08	Campylobacter jejuni		CJ066CC508					GCF_003368245.1-RS_2025_07_08	Complete Genome	2018-08-09		1	Campylobacter jejuni
GCF_003368065.1	ASM336806v1	2025-07-08	Campylobacter jejuni		CJ515CC45					GCF_003368065.1-RS_2025_07_08	Complete Genome	2018-08-09		1	Campylobacter jejuni
GCF_012224905.1	ASM1222490v1	2025-07-08	Campylobacter jejuni		ZH006					GCF_012224905.1-RS_2025_07_08	Complete Genome	2020-04-09		1	Campylobacter jejuni
GCF_013463375.1	ASM1346337v1	2025-09-02	Candidatus Carsonella ruddii					JRPAMB4		GCF_013463375.1-RS_2025_09_02	Complete Genome	2020-07-22		1	Candidatus Carsonella
GCF_047159365.1	ASM4715936v1	2025-06-27	Candidatus Carsonella ruddii (Anomoneura mori)		AM					GCF_047159365.1-RS_2025_06_27	Complete Genome	2025-07-15		1	Candidatus Carsonella
GCF_051054315.1	ASM5105431v1	2025-06-26	Candidatus Carsonella ruddii					GDMZMX		GCF_051054315.1-RS_2025_06_26	Complete Genome	2025-06-27		1	Candidatus Carsonella
GCF_050928165.1	ASM5092816v1	2025-06-17	Candidatus Carsonella ruddii					JXFZ		GCF_050928165.1-RS_2025_06_17	Complete Genome	2025-06-17		1	Candidatus Carsonella
GCF_050923585.1	ASM5092358v1	2025-06-17	Candidatus Carsonella ruddii					ZJWZ		GCF_050923585.1-RS_2025_06_17	Complete Genome	2025-06-17		1	Candidatus Carsonella
GCF_050931305.1	ASM5093130v1	2025-06-17	Candidatus Carsonella ruddii					GDMZFS		GCF_050931305.1-RS_2025_06_17	Complete Genome	2025-06-17		1	Candidatus Carsonella
GCF_050929675.1	ASM5092967v1	2025-06-17	Candidatus Carsonella ruddii					GDQY		GCF_050929675.1-RS_2025_06_17	Complete Genome	2025-06-17		1	Candidatus Carsonella
GCF_050923535.1	ASM5092353v1	2025-06-17	Candidatus Carsonella ruddii					YNMS		GCF_050923535.1-RS_2025_06_17	Complete Genome	2025-06-17		1	Candidatus Carsonella
GCF_050927325.1	ASM5092732v1	2025-06-17	Candidatus Carsonella ruddii					JXGZ		GCF_050927325.1-RS_2025_06_17	Complete Genome	2025-06-17		1	Candidatus Carsonella
GCF_050928875.1	ASM5092887v1	2025-06-17	Candidatus Carsonella ruddii					GDZJ		GCF_050928875.1-RS_2025_06_17	Complete Genome	2025-06-17		1	Candidatus Carsonella
GCF_050924255.1	ASM5092425v1	2025-06-17	Candidatus Carsonella ruddii					HNYX		GCF_050924255.1-RS_2025_06_17	Complete Genome	2025-06-17		1	Candidatus Carsonella
GCF_050924265.1	ASM5092426v1	2025-06-17	Candidatus Carsonella ruddii					TWNT		GCF_050924265.1-RS_2025_06_17	Complete Genome	2025-06-17		1	Candidatus Carsonella
GCF_050928885.1	ASM5092888v1	2025-06-17	Candidatus Carsonella ruddii					GDMM		GCF_050928885.1-RS_2025_06_17	Complete Genome	2025-06-17		1	Candidatus Carsonella
GCF_050931655.1	ASM5093165v1	2025-06-17	Candidatus Carsonella ruddii					GDSGRH		GCF_050931655.1-RS_2025_06_17	Complete Genome	2025-06-17		1	Candidatus Carsonella
GCF_050931715.1	ASM5093171v1	2025-06-17	Candidatus Carsonella ruddii					GDCZXQ		GCF_050931715.1-RS_2025_06_17	Complete Genome	2025-06-17		1	Candidatus Carsonella
GCF_050925605.1	ASM5092560v1	2025-06-17	Candidatus Carsonella ruddii					HNCM		GCF_050925605.1-RS_2025_06_17	Complete Genome	2025-06-17		1	Candidatus Carsonella
GCF_050930495.1	ASM5093049v1	2025-06-17	Candidatus Carsonella ruddii					GDJM		GCF_050930495.1-RS_2025_06_17	Complete Genome	2025-06-17		1	Candidatus Carsonella
GCF_050930525.1	ASM5093052v1	2025-06-17	Candidatus Carsonella ruddii					GDHY		GCF_050930525.1-RS_2025_06_17	Complete Genome	2025-06-17		1	Candidatus Carsonella
GCF_050931315.1	ASM5093131v1	2025-06-17	Candidatus Carsonella ruddii					GDYN		GCF_050931315.1-RS_2025_06_17	Complete Genome	2025-06-17		1	Candidatus Carsonella
GCF_050931735.1	ASM5093173v1	2025-06-17	Candidatus Carsonella ruddii					GDHZBL		GCF_050931735.1-RS_2025_06_17	Complete Genome	2025-06-17		1	Candidatus Carsonella
GCF_050931825.1	ASM5093182v1	2025-06-17	Candidatus Carsonella ruddii					GDFS		GCF_050931825.1-RS_2025_06_17	Complete Genome	2025-06-17		1	Candidatus Carsonella
GCF_050925705.1	ASM5092570v1	2025-06-17	Candidatus Carsonella ruddii					FJQZ		GCF_050925705.1-RS_2025_06_17	Complete Genome	2025-06-17		1	Candidatus Carsonella
GCF_050929705.1	ASM5092970v1	2025-06-17	Candidatus Carsonella ruddii					GDZQ		GCF_050929705.1-RS_2025_06_17	Complete Genome	2025-06-17		1	Candidatus Carsonella
GCF_050931645.1	ASM5093164v1	2025-06-17	Candidatus Carsonella ruddii					GDYF		GCF_050931645.1-RS_2025_06_17	Complete Genome	2025-06-17		1	Candidatus Carsonella
GCF_050926545.1	ASM5092654v1	2025-06-17	Candidatus Carsonella ruddii					GXQZ		GCF_050926545.1-RS_2025_06_17	Complete Genome	2025-06-17		1	Candidatus Carsonella
GCF_050931725.1	ASM5093172v1	2025-06-17	Candidatus Carsonella ruddii					GDJYJD		GCF_050931725.1-RS_2025_06_17	Complete Genome	2025-06-17		1	Candidatus Carsonella
GCF_050931835.1	ASM5093183v1	2025-06-17	Candidatus Carsonella ruddii					GDGZCH		GCF_050931835.1-RS_2025_06_17	Complete Genome	2025-06-17		1	Candidatus Carsonella
GCF_050927275.1	ASM5092727v1	2025-06-17	Candidatus Carsonella ruddii					GXGL		GCF_050927275.1-RS_2025_06_17	Complete Genome	2025-06-17		1	Candidatus Carsonella
GCF_050926515.1	ASM5092651v1	2025-06-17	Candidatus Carsonella ruddii					GXWZ		GCF_050926515.1-RS_2025_06_17	Complete Genome	2025-06-17		1	Candidatus Carsonella
GCF_050928095.1	ASM5092809v1	2025-06-17	Candidatus Carsonella ruddii					JXPX		GCF_050928095.1-RS_2025_06_17	Complete Genome	2025-06-17		1	Candidatus Carsonella
GCF_050931705.1	ASM5093170v1	2025-06-17	Candidatus Carsonella ruddii					GDSTNA		GCF_050931705.1-RS_2025_06_17	Complete Genome	2025-06-17		1	Candidatus Carsonella
GCF_050922225.1	ASM5092222v1	2025-06-16	Candidatus Carsonella ruddii					FLpsy		GCF_050922225.1-RS_2025_06_16	Complete Genome	2025-06-17		1	Candidatus Carsonella
GCF_050922245.1	ASM5092224v1	2025-06-16	Candidatus Carsonella ruddii					CApsy		GCF_050922245.1-RS_2025_06_16	Complete Genome	2025-06-17		1	Candidatus Carsonella
GCF_050922885.1	ASM5092288v1	2025-06-16	Candidatus Carsonella ruddii					GZCH		GCF_050922885.1-RS_2025_06_16	Complete Genome	2025-06-17		1	Candidatus Carsonella
GCF_050922835.1	ASM5092283v1	2025-06-16	Candidatus Carsonella ruddii					SCLB		GCF_050922835.1-RS_2025_06_16	Complete Genome	2025-06-17		1	Candidatus Carsonella
GCF_000287275.1	ASM28727v1	2025-04-16	Candidatus Carsonella ruddii HC isolate Thao2000		HC			Thao2000		GCF_000287275.1-RS_2025_04_16	Complete Genome	2012-08-13		1	Candidatus Carsonella
GCF_000287235.1	ASM28723v1	2025-04-16	Candidatus Carsonella ruddii CE isolate Thao2000		CE			Thao2000		GCF_000287235.1-RS_2025_04_16	Complete Genome	2012-08-13		1	Candidatus Carsonella
GCF_000287255.1	ASM28725v1	2025-04-16	Candidatus Carsonella ruddii CS isolate Thao2000		CS			Thao2000		GCF_000287255.1-RS_2025_04_16	Complete Genome	2012-08-13		1	Candidatus Carsonella
GCF_000287315.1	ASM28731v1	2025-03-27	Candidatus Carsonella ruddii PC isolate NHV		PC			NHV		GCF_000287315.1-RS_2025_03_27	Complete Genome	2012-08-13		1	Candidatus Carsonella
GCF_000010365.1	ASM1036v1	2025-03-27	Candidatus Carsonella ruddii PV		PV					GCF_000010365.1-RS_2025_03_27	Complete Genome	2006-10-21		1	Candidatus Carsonella
GCF_000287295.1	ASM28729v1	2025-03-27	Candidatus Carsonella ruddii HT isolate Thao2000		HT			Thao2000		GCF_000287295.1-RS_2025_03_27	Complete Genome	2012-08-13		1	Candidatus Carsonella
GCF_000441575.1	ASM44157v1	2025-03-21	Candidatus Carsonella ruddii DC		DC					GCF_000441575.1-RS_2025_03_21	Complete Genome	2013-07-26		1	Candidatus Carsonella
GCF_016593055.1	ASM1659305v1	2025-03-13	Candidatus Carsonella ruddii (Diaphorina cf. continua)		Dco					GCF_016593055.1-RS_2025_03_13	Complete Genome	2020-12-15		1	Candidatus Carsonella
GCF_002009355.1	ASM200935v1	2025-02-09	Candidatus Carsonella ruddii		BC					GCF_002009355.1-RS_2025_02_09	Complete Genome	2017-03-02		1	Candidatus Carsonella
GCF_001274515.1	ASM127451v1	2025-02-01	Candidatus Carsonella ruddii		YCCR					GCF_001274515.1-RS_2025_02_01	Complete Genome	2015-08-26		1	Candidatus Carsonella
GCF_029910615.1	ASM2991061v1	2025-01-05	Candidatus Carsonella ruddii					Cmel21		GCF_029910615.1-RS_2025_01_05	Complete Genome	2023-05-01		1	Candidatus Carsonella
GCF_029910595.1	ASM2991059v1	2025-01-05	Candidatus Carsonella ruddii					ET-AT1-13		GCF_029910595.1-RS_2025_01_05	Complete Genome	2023-05-01		1	Candidatus Carsonella
GCF_029910635.1	ASM2991063v1	2025-01-05	Candidatus Carsonella ruddii					Cmel4		GCF_029910635.1-RS_2025_01_05	Complete Genome	2023-05-01		1	Candidatus Carsonella
GCF_029909935.1	ASM2990993v1	2025-01-02	Candidatus Carsonella ruddii					Cmel17		GCF_029909935.1-RS_2025_01_02	Complete Genome	2023-05-01		1	Candidatus Carsonella
GCF_045866265.1	ASM4586626v1	2024-12-11	Candidatus Carsonella ruddii DC		DC					GCF_045866265.1-RS_2024_12_11	Complete Genome	2024-12-11		1	Candidatus Carsonella
GCF_022985555.1	ASM2298555v1	2025-08-31	Candidatus Karelsulcia muelleri					PYRCLA		GCF_022985555.1-RS_2025_08_31	Complete Genome	2022-04-14		1	Candidatus Karelsulcia
GCF_022985615.1	ASM2298561v1	2025-08-31	Candidatus Karelsulcia muelleri					PYRVIR		GCF_022985615.1-RS_2025_08_31	Complete Genome	2022-04-14		1	Candidatus Karelsulcia
GCF_022985515.1	ASM2298551v1	2025-08-31	Candidatus Karelsulcia muelleri					PYRLAN		GCF_022985515.1-RS_2025_08_31	Complete Genome	2022-04-14		1	Candidatus Karelsulcia
GCF_016888785.1	ASM1688878v1	2025-08-31	Candidatus Karelsulcia muelleri					RANSCY		GCF_016888785.1-RS_2025_08_31	Complete Genome	2021-02-15		1	Candidatus Karelsulcia
GCF_016888765.1	ASM1688876v1	2025-08-31	Candidatus Karelsulcia muelleri					DICMUL		GCF_016888765.1-RS_2025_08_31	Complete Genome	2021-02-15		1	Candidatus Karelsulcia
GCF_016889585.1	ASM1688958v1	2025-08-31	Candidatus Karelsulcia muelleri					CALKRU		GCF_016889585.1-RS_2025_08_31	Complete Genome	2021-02-15		1	Candidatus Karelsulcia
GCF_003215265.1	ASM321526v1	2025-08-18	Candidatus Karelsulcia muelleri					SMTANJAP		GCF_003215265.1-RS_2025_08_18	Complete Genome	2018-06-12		1	Candidatus Karelsulcia
GCF_003213655.1	ASM321365v1	2025-08-18	Candidatus Karelsulcia muelleri					SMAURJAP		GCF_003213655.1-RS_2025_08_18	Complete Genome	2018-06-12		1	Candidatus Karelsulcia
GCF_003213895.1	ASM321389v1	2025-08-18	Candidatus Karelsulcia muelleri					SMTERVAC		GCF_003213895.1-RS_2025_08_18	Complete Genome	2018-06-12		1	Candidatus Karelsulcia
GCF_003215515.1	ASM321551v1	2025-08-18	Candidatus Karelsulcia muelleri					SMMEIOPA		GCF_003215515.1-RS_2025_08_18	Complete Genome	2018-06-12		1	Candidatus Karelsulcia
GCF_003214015.1	ASM321401v1	2025-08-18	Candidatus Karelsulcia muelleri					SMMEIKUR		GCF_003214015.1-RS_2025_08_18	Complete Genome	2018-06-12		1	Candidatus Karelsulcia
GCF_003214495.1	ASM321449v1	2025-08-18	Candidatus Karelsulcia muelleri					SMMUDKUR		GCF_003214495.1-RS_2025_08_18	Complete Genome	2018-06-12		1	Candidatus Karelsulcia
GCF_003213775.1	ASM321377v1	2025-08-18	Candidatus Karelsulcia muelleri					SMVAGTER		GCF_003213775.1-RS_2025_08_18	Complete Genome	2018-06-12		1	Candidatus Karelsulcia
GCF_003214365.1	ASM321436v1	2025-08-18	Candidatus Karelsulcia muelleri					SMMOGMIN		GCF_003214365.1-RS_2025_08_18	Complete Genome	2018-06-12		1	Candidatus Karelsulcia
GCF_030297035.1	ASM3029703v1	2025-06-21	Candidatus Karelsulcia muelleri		NCIN					GCF_030297035.1-RS_2025_06_21	Complete Genome	2023-05-11		1	Candidatus Karelsulcia
GCF_964026525.1	ihAphAlni3.Sulcia_sp_1.1	2025-06-05	Candidatus Karelsulcia muelleri					1d4c07cd-1054-4c54-98f9-64159b4f6ee4		GCF_964026525.1-RS_2025_06_05	Complete Genome	2024-06-05		1	Candidatus Karelsulcia
GCF_964031215.1	ihAllMode1.Sulcia_sp_1.1	2025-05-01	Candidatus Karelsulcia muelleri					fb26488a-d24b-40f9-ab0b-89d02ab792ab		GCF_964031215.1-RS_2025_05_01	Complete Genome	2025-05-01		1	Candidatus Karelsulcia
GCF_024817035.1	ASM2481703v1	2025-04-07	Candidatus Karelsulcia muelleri		OIPI					GCF_024817035.1-RS_2025_04_07	Complete Genome	2022-09-01		1	Candidatus Karelsulcia
GCF_024817135.1	ASM2481713v1	2025-04-07	Candidatus Karelsulcia muelleri		MIPI					GCF_024817135.1-RS_2025_04_07	Complete Genome	2022-09-01		1	Candidatus Karelsulcia
GCF_024817215.1	ASM2481721v1	2025-04-07	Candidatus Karelsulcia muelleri		KIPI					GCF_024817215.1-RS_2025_04_07	Complete Genome	2022-09-01		1	Candidatus Karelsulcia
GCF_024817975.1	ASM2481797v1	2025-04-07	Candidatus Karelsulcia muelleri		HICO					GCF_024817975.1-RS_2025_04_07	Complete Genome	2022-09-01		1	Candidatus Karelsulcia
GCF_024818015.1	ASM2481801v1	2025-04-07	Candidatus Karelsulcia muelleri		EHBR					GCF_024818015.1-RS_2025_04_07	Complete Genome	2022-09-01		1	Candidatus Karelsulcia
GCF_024817095.1	ASM2481709v1	2025-04-07	Candidatus Karelsulcia muelleri		NHBR					GCF_024817095.1-RS_2025_04_07	Complete Genome	2022-09-01		1	Candidatus Karelsulcia
GCF_024817655.1	ASM2481765v1	2025-04-07	Candidatus Karelsulcia muelleri		HMCO					GCF_024817655.1-RS_2025_04_07	Complete Genome	2022-09-01		1	Candidatus Karelsulcia
GCF_024817175.1	ASM2481717v1	2025-04-07	Candidatus Karelsulcia muelleri		MICO					GCF_024817175.1-RS_2025_04_07	Complete Genome	2022-09-01		1	Candidatus Karelsulcia
GCF_024817475.1	ASM2481747v1	2025-04-07	Candidatus Karelsulcia muelleri		KICL					GCF_024817475.1-RS_2025_04_07	Complete Genome	2022-09-01		1	Candidatus Karelsulcia
GCF_024817995.1	ASM2481799v1	2025-04-07	Candidatus Karelsulcia muelleri		EMBR					GCF_024817995.1-RS_2025_04_07	Complete Genome	2022-09-01		1	Candidatus Karelsulcia
GCF_024817015.1	ASM2481701v1	2025-04-07	Candidatus Karelsulcia muelleri		WOBR					GCF_024817015.1-RS_2025_04_07	Complete Genome	2022-09-01		1	Candidatus Karelsulcia
GCF_024817955.1	ASM2481795v1	2025-04-07	Candidatus Karelsulcia muelleri		HIMY					GCF_024817955.1-RS_2025_04_07	Complete Genome	2022-09-01		1	Candidatus Karelsulcia
GCF_024817075.1	ASM2481707v1	2025-04-07	Candidatus Karelsulcia muelleri		OIDO					GCF_024817075.1-RS_2025_04_07	Complete Genome	2022-09-01		1	Candidatus Karelsulcia
GCF_024817155.1	ASM2481715v1	2025-04-07	Candidatus Karelsulcia muelleri		MIMY					GCF_024817155.1-RS_2025_04_07	Complete Genome	2022-09-01		1	Candidatus Karelsulcia
GCF_024817055.1	ASM2481705v1	2025-04-07	Candidatus Karelsulcia muelleri		OIMY					GCF_024817055.1-RS_2025_04_07	Complete Genome	2022-09-01		1	Candidatus Karelsulcia
GCF_024817235.1	ASM2481723v1	2025-04-07	Candidatus Karelsulcia muelleri		KIMY					GCF_024817235.1-RS_2025_04_07	Complete Genome	2022-09-01		1	Candidatus Karelsulcia
GCF_024817115.1	ASM2481711v1	2025-04-07	Candidatus Karelsulcia muelleri		MIPS					GCF_024817115.1-RS_2025_04_07	Complete Genome	2022-09-01		1	Candidatus Karelsulcia
GCF_024817335.1	ASM2481733v1	2025-04-07	Candidatus Karelsulcia muelleri		KIDO					GCF_024817335.1-RS_2025_04_07	Complete Genome	2022-09-01		1	Candidatus Karelsulcia
GCF_028748865.1	ASM2874886v1	2025-03-27	Candidatus Karelsulcia muelleri					OFIL1		GCF_028748865.1-RS_2025_03_27	Complete Genome	2023-02-21		1	Candidatus Karelsulcia
GCF_001447915.1	ASM144791v1	2025-03-03	Candidatus Karelsulcia muelleri		PUNC					GCF_001447915.1-RS_2025_03_03	Complete Genome	2015-11-24		1	Candidatus Karelsulcia
GCF_017086585.1	ASM1708658v1	2025-02-12	Candidatus Karelsulcia muelleri		YC					GCF_017086585.1-RS_2025_02_12	Complete Genome	2021-03-01		1	Candidatus Karelsulcia
GCF_014211855.1	ASM1421185v1	2025-02-12	Candidatus Karelsulcia muelleri					SUL-MSEV		GCF_014211855.1-RS_2025_02_12	Complete Genome	2020-08-16		1	Candidatus Karelsulcia
GCF_003391295.1	ASM339129v1	2025-02-12	Candidatus Karelsulcia muelleri		OLIH					GCF_003391295.1-RS_2025_02_12	Complete Genome	2018-08-15		1	Candidatus Karelsulcia
GCF_024817195.1	ASM2481719v1	2025-02-09	Candidatus Karelsulcia muelleri		KISC					GCF_024817195.1-RS_2025_02_09	Complete Genome	2022-09-01		1	Candidatus Karelsulcia
GCF_003214575.1	ASM321457v1	2024-12-01	Candidatus Karelsulcia muelleri					SMPLAKAE		GCF_003214575.1-RS_2024_12_01	Complete Genome	2018-06-12		1	Candidatus Karelsulcia
GCF_003213565.1	ASM321356v1	2024-10-25	Candidatus Karelsulcia muelleri					SMAURBIH		GCF_003213565.1-RS_2024_10_25	Complete Genome	2018-06-12		1	Candidatus Karelsulcia
GCF_003214255.1	ASM321425v1	2024-10-25	Candidatus Karelsulcia muelleri					SMEUTCHI		GCF_003214255.1-RS_2024_10_25	Complete Genome	2018-06-12		1	Candidatus Karelsulcia
GCF_003214655.1	ASM321465v1	2024-10-25	Candidatus Karelsulcia muelleri					SMTERNIG		GCF_003214655.1-RS_2024_10_25	Complete Genome	2018-06-12		1	Candidatus Karelsulcia
GCF_003214785.1	ASM321478v1	2024-10-25	Candidatus Karelsulcia muelleri					SMCRYATR		GCF_003214785.1-RS_2024_10_25	Complete Genome	2018-06-12		1	Candidatus Karelsulcia
GCF_003215155.1	ASM321515v1	2024-10-25	Candidatus Karelsulcia muelleri					SMHYAMAC		GCF_003215155.1-RS_2024_10_25	Complete Genome	2018-06-12		1	Candidatus Karelsulcia
GCF_003215395.1	ASM321539v1	2024-10-25	Candidatus Karelsulcia muelleri					SMMEIIWA		GCF_003215395.1-RS_2024_10_25	Complete Genome	2018-06-12		1	Candidatus Karelsulcia
GCF_003215035.1	ASM321503v1	2024-10-25	Candidatus Karelsulcia muelleri					SMGRABIM		GCF_003215035.1-RS_2024_10_25	Complete Genome	2018-06-12		1	Candidatus Karelsulcia
GCF_003213395.1	ASM321339v1	2024-10-25	Candidatus Karelsulcia muelleri					SMGRANIG		GCF_003213395.1-RS_2024_10_25	Complete Genome	2018-06-12		1	Candidatus Karelsulcia
GCF_002088315.1	ASM208831v1	2025-08-25	Chlamydia trachomatis		chxRP4F1					GCF_002088315.1-RS_2025_08_25	Complete Genome	2017-04-12		1	Chlamydia trachomatis
GCF_000175515.1	ASM17551v1	2025-08-25	Chlamydia trachomatis L2tet1		L2tet1					GCF_000175515.1-RS_2025_08_25	Complete Genome	2010-01-26	ACUI01	1	Chlamydia trachomatis
GCF_000173515.1	ASM17351v1	2025-08-25	Chlamydia trachomatis 70					70		GCF_000173515.1-RS_2025_08_25	Complete Genome	2009-01-30	ABYF01	1	Chlamydia trachomatis
GCF_000173535.1	ASM17353v1	2025-08-25	Chlamydia trachomatis 70s					70s		GCF_000173535.1-RS_2025_08_25	Complete Genome	2009-01-30	ABYG01	1	Chlamydia trachomatis
GCF_000173495.1	ASM17349v1	2025-08-25	Chlamydia trachomatis 6276s					6276s		GCF_000173495.1-RS_2025_08_25	Complete Genome	2009-01-30	ABYE01	1	Chlamydia trachomatis
GCF_000173475.1	ASM17347v1	2025-08-25	Chlamydia trachomatis 6276					6276		GCF_000173475.1-RS_2025_08_25	Complete Genome	2009-01-30	ABYD01	1	Chlamydia trachomatis
GCF_000174055.1	ASM17405v1	2025-08-25	Chlamydia trachomatis D(s)2923					2923		GCF_000174055.1-RS_2025_08_25	Complete Genome	2009-01-30	ACFJ01	1	Chlamydia trachomatis
GCF_001183765.1	ASM118376v1	2025-08-25	Chlamydia trachomatis D/CS637/11		D/CS637/11					GCF_001183765.1-RS_2025_08_25	Complete Genome	2015-07-21		2	Chlamydia trachomatis
GCF_000284475.1	ASM28447v1	2025-07-22	Chlamydia trachomatis A2497		A2497					GCF_000284475.1-RS_2025_07_22	Complete Genome	2012-01-11		1	Chlamydia trachomatis
GCF_000590635.1	ASM59063v1	2025-07-22	Chlamydia trachomatis F/11-96		F/11-96					GCF_000590635.1-RS_2025_07_22	Complete Genome	2013-08-21		1	Chlamydia trachomatis
GCF_000318525.1	ASM31852v2	2025-07-02	Chlamydia trachomatis A/363		A/363					GCF_000318525.1-RS_2025_07_02	Complete Genome	2012-03-30		2	Chlamydia trachomatis
GCF_000318785.1	ASM31878v1	2025-07-02	Chlamydia trachomatis Ia/SotonIa3		Ia/SotonIa3					GCF_000318785.1-RS_2025_07_02	Complete Genome	2012-03-13		2	Chlamydia trachomatis
GCF_000318765.1	ASM31876v1	2025-07-02	Chlamydia trachomatis Ia/SotonIa1		Ia/SotonIa1					GCF_000318765.1-RS_2025_07_02	Complete Genome	2012-03-13		2	Chlamydia trachomatis
GCF_000318825.1	ASM31882v1	2025-07-02	Chlamydia trachomatis L1/440/LN		L1/440/LN					GCF_000318825.1-RS_2025_07_02	Complete Genome	2012-03-13		1	Chlamydia trachomatis
GCF_000318845.1	ASM31884v1	2025-07-02	Chlamydia trachomatis L1/115		L1/115					GCF_000318845.1-RS_2025_07_02	Complete Genome	2012-03-13		2	Chlamydia trachomatis
GCF_000318905.1	ASM31890v1	2025-07-02	Chlamydia trachomatis L2b/8200/07		L2b/8200/07					GCF_000318905.1-RS_2025_07_02	Complete Genome	2012-03-13		2	Chlamydia trachomatis
GCF_000318885.1	ASM31888v1	2025-07-02	Chlamydia trachomatis L2/25667R		L2/25667R					GCF_000318885.1-RS_2025_07_02	Complete Genome	2012-03-13		1	Chlamydia trachomatis
GCF_000318985.1	ASM31898v1	2025-07-02	Chlamydia trachomatis L2b/795		L2b/795					GCF_000318985.1-RS_2025_07_02	Complete Genome	2012-03-13		2	Chlamydia trachomatis
GCF_000318645.1	ASM31864v1	2025-07-01	Chlamydia trachomatis E/Bour		E/Bour					GCF_000318645.1-RS_2025_07_01	Complete Genome	2012-03-13		2	Chlamydia trachomatis
GCF_000304495.1	Cm_ESW3	2025-07-01	Chlamydia trachomatis E/SW3		E/SW3					GCF_000304495.1-RS_2025_07_01	Complete Genome	2012-03-13		1	Chlamydia trachomatis
GCF_000304535.1	Cm_FSW5	2025-07-01	Chlamydia trachomatis F/SW5		F/SW5					GCF_000304535.1-RS_2025_07_01	Complete Genome	2012-03-13		1	Chlamydia trachomatis
GCF_000304515.1	Cm_FSW4	2025-07-01	Chlamydia trachomatis F/SW4		F/SW4					GCF_000304515.1-RS_2025_07_01	Complete Genome	2012-03-13		1	Chlamydia trachomatis
GCF_000318565.1	ASM31856v1	2025-07-01	Chlamydia trachomatis A/7249		A/7249					GCF_000318565.1-RS_2025_07_01	Complete Genome	2012-03-13		2	Chlamydia trachomatis
GCF_000319105.1	ASM31910v1	2025-07-01	Chlamydia trachomatis L3/404/LN		L3/404/LN					GCF_000319105.1-RS_2025_07_01	Complete Genome	2012-03-13		2	Chlamydia trachomatis
GCF_000318925.1	ASM31892v1	2025-07-01	Chlamydia trachomatis L2b/UCH-2		L2b/UCH-2					GCF_000318925.1-RS_2025_07_01	Complete Genome	2012-03-13		2	Chlamydia trachomatis
GCF_018336275.1	ASM1833627v1	2025-06-16	Chlamydia trachomatis		L2/Hefty/ct732::Tn					GCF_018336275.1-RS_2025_06_16	Complete Genome	2021-05-11		1	Chlamydia trachomatis
GCF_018337015.1	ASM1833701v1	2025-06-16	Chlamydia trachomatis		L2/Hefty/ct590::Tn					GCF_018337015.1-RS_2025_06_16	Complete Genome	2021-05-11		1	Chlamydia trachomatis
GCF_018336255.1	ASM1833625v1	2025-06-15	Chlamydia trachomatis		L2/Hefty/ct350::Tn					GCF_018336255.1-RS_2025_06_15	Complete Genome	2021-05-11		1	Chlamydia trachomatis
GCF_018336295.1	ASM1833629v1	2025-06-15	Chlamydia trachomatis		L2/Hefty/ct054::Tn					GCF_018336295.1-RS_2025_06_15	Complete Genome	2021-05-11		1	Chlamydia trachomatis
GCF_018336315.1	ASM1833631v1	2025-06-15	Chlamydia trachomatis		L2/Hefty/ct404::Tn					GCF_018336315.1-RS_2025_06_15	Complete Genome	2021-05-11		1	Chlamydia trachomatis
GCF_000226605.1	ASM22660v1	2025-06-04	Chlamydia trachomatis A2497		A2497					GCF_000226605.1-RS_2025_06_04	Complete Genome	2011-09-28		2	Chlamydia trachomatis
GCF_039778305.1	ASM3977830v1	2025-06-01	Chlamydia trachomatis		BQ05_F_6370					GCF_039778305.1-RS_2025_06_01	Complete Genome	2024-05-24		1	Chlamydia trachomatis
GCF_039778315.1	ASM3977831v1	2025-06-01	Chlamydia trachomatis		BQ05_M04431_F_6370					GCF_039778315.1-RS_2025_06_01	Complete Genome	2024-05-24		1	Chlamydia trachomatis
GCF_039778335.1	ASM3977833v1	2025-06-01	Chlamydia trachomatis		BQ06_K06160_J_p225					GCF_039778335.1-RS_2025_06_01	Complete Genome	2024-05-24		1	Chlamydia trachomatis
GCF_039778345.1	ASM3977834v1	2025-06-01	Chlamydia trachomatis		BQ06_L04117_J_p225					GCF_039778345.1-RS_2025_06_01	Complete Genome	2024-05-24		1	Chlamydia trachomatis
GCF_039778325.1	ASM3977832v1	2025-06-01	Chlamydia trachomatis		BQ06_D0_J_p225					GCF_039778325.1-RS_2025_06_01	Complete Genome	2024-05-24		1	Chlamydia trachomatis
GCF_039778415.1	ASM3977841v1	2025-06-01	Chlamydia trachomatis		BQ07_A11257_D_6319					GCF_039778415.1-RS_2025_06_01	Complete Genome	2024-05-24		1	Chlamydia trachomatis
GCF_039778425.1	ASM3977842v1	2025-06-01	Chlamydia trachomatis		BQ07_D0_D_6319					GCF_039778425.1-RS_2025_06_01	Complete Genome	2024-05-24		1	Chlamydia trachomatis
GCF_004135145.1	ASM413514v1	2025-05-30	Chlamydia trachomatis		tet9					GCF_004135145.1-RS_2025_05_30	Complete Genome	2019-02-03		1	Chlamydia trachomatis
GCF_001183825.1	ASM118382v1	2025-05-22	Chlamydia trachomatis		F/CS847/08					GCF_001183825.1-RS_2025_05_22	Complete Genome	2015-07-21		2	Chlamydia trachomatis
GCF_001183805.1	ASM118380v1	2025-05-21	Chlamydia trachomatis		E/CS1025/11					GCF_001183805.1-RS_2025_05_21	Complete Genome	2015-07-21		2	Chlamydia trachomatis
GCF_001183845.1	ASM118384v1	2025-05-21	Chlamydia trachomatis		Ia/CS190/96					GCF_001183845.1-RS_2025_05_21	Complete Genome	2015-07-21		2	Chlamydia trachomatis
GCF_000092485.1	ASM9248v1	2025-04-26	Chlamydia trachomatis D-EC		D-EC					GCF_000092485.1-RS_2025_04_26	Complete Genome	2010-06-09		2	Chlamydia trachomatis
GCF_000441775.1	ASM44177v1	2025-04-26	Chlamydia trachomatis J/6276tet1		J/6276tet1					GCF_000441775.1-RS_2025_04_26	Complete Genome	2013-07-26		1	Chlamydia trachomatis
GCF_000441695.1	ASM44169v1	2025-04-26	Chlamydia trachomatis RC-L2(s)/3		RC-L2(s)/3					GCF_000441695.1-RS_2025_04_26	Complete Genome	2013-07-26		1	Chlamydia trachomatis
GCF_000441585.1	ASM44158v1	2025-04-26	Chlamydia trachomatis RC-F/69		RC-F/69					GCF_000441585.1-RS_2025_04_26	Complete Genome	2013-07-26		1	Chlamydia trachomatis
GCF_000092665.1	ASM9266v1	2025-04-26	Chlamydia trachomatis E/150		E/150					GCF_000092665.1-RS_2025_04_26	Complete Genome	2010-05-21		1	Chlamydia trachomatis
GCF_000092725.1	ASM9272v1	2025-04-26	Chlamydia trachomatis G/11074		G/11074					GCF_000092725.1-RS_2025_04_26	Complete Genome	2010-05-21		1	Chlamydia trachomatis
GCF_000092685.1	ASM9268v1	2025-04-26	Chlamydia trachomatis G/9768		G/9768					GCF_000092685.1-RS_2025_04_26	Complete Genome	2010-05-21		1	Chlamydia trachomatis
GCF_000092705.1	ASM9270v1	2025-04-26	Chlamydia trachomatis G/11222		G/11222					GCF_000092705.1-RS_2025_04_26	Complete Genome	2010-05-21		1	Chlamydia trachomatis
GCF_035620115.1	ASM3562011v1	2025-08-25	Citrobacter freundii		NFYY328					GCF_035620115.1-RS_2025_08_25	Complete Genome	2024-01-13		9	Citrobacter freundii
GCF_027595105.3	ASM2759510v3	2025-08-22	Citrobacter freundii		NY2385					GCF_027595105.3-RS_2025_08_22	Complete Genome	2023-06-28		5	Citrobacter freundii
GCF_052148555.1	ASM5214855v1	2025-08-20	Citrobacter freundii		2025-PB01					GCF_052148555.1-RS_2025_08_20	Complete Genome	2025-08-20		1	Citrobacter freundii
GCF_013085885.1	ASM1308588v1	2025-07-14	Citrobacter freundii		CitB					GCF_013085885.1-RS_2025_07_14	Complete Genome	2020-05-14		3	Citrobacter freundii
GCF_030064365.1	ASM3006436v1	2025-07-08	Citrobacter freundii		Cf-Emp					GCF_030064365.1-RS_2025_07_08	Complete Genome	2023-05-12		7	Citrobacter freundii
GCF_001702455.1	ASM170245v1	2025-06-29	Citrobacter freundii		B38					GCF_001702455.1-RS_2025_06_29	Complete Genome	2016-08-10		4	Citrobacter freundii
GCF_051027625.1	ASM5102762v1	2025-06-25	Citrobacter freundii		FAHZZU6617					GCF_051027625.1-RS_2025_06_25	Complete Genome	2025-06-26		8	Citrobacter freundii
GCF_904859905.1	MSB1_1H	2025-06-17	Citrobacter freundii		MSB1_1H			MSB1_1H		GCF_904859905.1-RS_2025_06_17	Complete Genome	2020-11-01		3	Citrobacter freundii
GCF_004792475.1	ASM479247v1	2025-06-13	Citrobacter freundii		Upstream_1					GCF_004792475.1-RS_2025_06_13	Complete Genome	2019-04-14		1	Citrobacter freundii
GCF_023658085.1	ASM2365808v1	2025-06-11	Citrobacter freundii		59174					GCF_023658085.1-RS_2025_06_11	Complete Genome	2022-06-07		5	Citrobacter freundii
GCF_050881555.1	ASM5088155v1	2025-06-11	Citrobacter freundii		SM-3					GCF_050881555.1-RS_2025_06_11	Complete Genome	2025-06-12		1	Citrobacter freundii
GCF_050821485.1	ASM5082148v1	2025-06-07	Citrobacter freundii		WF1033					GCF_050821485.1-RS_2025_06_07	Complete Genome	2025-06-07		5	Citrobacter freundii
GCF_029717145.1	ASM2971714v1	2025-06-06	Citrobacter freundii		RHB13-SO-C05					GCF_029717145.1-RS_2025_06_06	Complete Genome	2023-04-13		3	Citrobacter freundii
GCF_030177735.1	ASM3017773v1	2025-06-05	Citrobacter freundii		CRNMS1					GCF_030177735.1-RS_2025_06_05	Complete Genome	2023-06-06		3	Citrobacter freundii
GCF_905338045.2	AI3057v1_cp	2025-06-04	Citrobacter freundii					0		GCF_905338045.2-RS_2025_06_04	Complete Genome	2022-05-24		8	Citrobacter freundii
GCF_905329885.2	AI2826v1_cpp	2025-06-04	Citrobacter freundii					22		GCF_905329885.2-RS_2025_06_04	Complete Genome	2022-05-24		6	Citrobacter freundii
GCF_023612475.1	ASM2361247v1	2025-06-04	Citrobacter freundii		MEI002					GCF_023612475.1-RS_2025_06_04	Complete Genome	2022-05-31		6	Citrobacter freundii
GCF_013815045.1	ASM1381504v1	2025-05-31	Citrobacter freundii		RHB36-C06					GCF_013815045.1-RS_2025_05_31	Complete Genome	2020-07-28		1	Citrobacter freundii
GCF_013883595.1	ASM1388359v1	2025-05-30	Citrobacter freundii		RHB24-C03					GCF_013883595.1-RS_2025_05_30	Complete Genome	2020-07-29		1	Citrobacter freundii
GCF_013801705.1	ASM1380170v1	2025-05-28	Citrobacter freundii		RHB41-C16					GCF_013801705.1-RS_2025_05_28	Complete Genome	2020-07-28		1	Citrobacter freundii
GCF_013726215.1	ASM1372621v1	2025-05-28	Citrobacter freundii		RHBSTW-00923					GCF_013726215.1-RS_2025_05_28	Complete Genome	2020-07-27		1	Citrobacter freundii
GCF_013785085.1	ASM1378508v1	2025-05-28	Citrobacter freundii		RHBSTW-00477					GCF_013785085.1-RS_2025_05_28	Complete Genome	2020-07-28		1	Citrobacter freundii
GCF_013786025.1	ASM1378602v1	2025-05-28	Citrobacter freundii		RHBSTW-00334					GCF_013786025.1-RS_2025_05_28	Complete Genome	2020-07-28		1	Citrobacter freundii
GCF_013828645.1	ASM1382864v1	2025-05-28	Citrobacter freundii		RHB29-C07					GCF_013828645.1-RS_2025_05_28	Complete Genome	2020-07-28		1	Citrobacter freundii
GCF_013724765.1	ASM1372476v1	2025-05-27	Citrobacter freundii		RHBSTW-00965					GCF_013724765.1-RS_2025_05_27	Complete Genome	2020-07-27		3	Citrobacter freundii
GCF_013792125.1	ASM1379212v1	2025-05-27	Citrobacter freundii		RHBSTW-00120					GCF_013792125.1-RS_2025_05_27	Complete Genome	2020-07-28		2	Citrobacter freundii
GCF_013740875.1	ASM1374087v1	2025-05-27	Citrobacter freundii		RHBSTW-00444					GCF_013740875.1-RS_2025_05_27	Complete Genome	2020-07-27		5	Citrobacter freundii
GCF_013784225.1	ASM1378422v1	2025-05-27	Citrobacter freundii		RHBSTW-00589					GCF_013784225.1-RS_2025_05_27	Complete Genome	2020-07-28		1	Citrobacter freundii
GCF_013724985.1	ASM1372498v1	2025-05-27	Citrobacter freundii		RHBSTW-00968					GCF_013724985.1-RS_2025_05_27	Complete Genome	2020-07-27		3	Citrobacter freundii
GCF_030122475.1	ASM3012247v1	2025-05-26	Citrobacter freundii		26019					GCF_030122475.1-RS_2025_05_26	Complete Genome	2023-05-26		5	Citrobacter freundii
GCF_030122495.1	ASM3012249v1	2025-05-26	Citrobacter freundii		2075					GCF_030122495.1-RS_2025_05_26	Complete Genome	2023-05-26		4	Citrobacter freundii
GCF_013821695.1	ASM1382169v1	2025-05-26	Citrobacter freundii		RHB31-C16					GCF_013821695.1-RS_2025_05_26	Complete Genome	2020-07-28		1	Citrobacter freundii
GCF_013882995.1	ASM1388299v1	2025-05-26	Citrobacter freundii		RHB24-C05					GCF_013882995.1-RS_2025_05_26	Complete Genome	2020-07-29		1	Citrobacter freundii
GCF_013745755.1	ASM1374575v1	2025-05-25	Citrobacter freundii		RHBSTW-00714					GCF_013745755.1-RS_2025_05_25	Complete Genome	2020-07-27		3	Citrobacter freundii
GCF_023330605.1	ASM2333060v1	2025-05-19	Citrobacter freundii		GMU8049					GCF_023330605.1-RS_2025_05_19	Complete Genome	2022-05-11		2	Citrobacter freundii
GCF_030035205.1	ASM3003520v1	2025-05-18	Citrobacter freundii		CF5125					GCF_030035205.1-RS_2025_05_18	Complete Genome	2023-05-18		5	Citrobacter freundii
GCF_039634395.1	ASM3963439v1	2025-05-16	Citrobacter freundii		C61969					GCF_039634395.1-RS_2025_05_16	Complete Genome	2024-05-15		2	Citrobacter freundii
GCF_013612875.1	ASM1361287v1	2025-05-16	Citrobacter freundii		RHBSTW-00398					GCF_013612875.1-RS_2025_05_16	Complete Genome	2020-07-24		5	Citrobacter freundii
GCF_013785525.1	ASM1378552v1	2025-05-16	Citrobacter freundii		RHBSTW-00408					GCF_013785525.1-RS_2025_05_16	Complete Genome	2020-07-28		1	Citrobacter freundii
GCF_030007795.1	ASM3000779v1	2025-05-14	Citrobacter freundii		CF13					GCF_030007795.1-RS_2025_05_14	Complete Genome	2023-05-13		4	Citrobacter freundii
GCF_030007575.1	ASM3000757v1	2025-05-14	Citrobacter freundii		CF12					GCF_030007575.1-RS_2025_05_14	Complete Genome	2023-05-13		6	Citrobacter freundii
GCF_014169975.1	ASM1416997v1	2025-05-14	Citrobacter freundii		IDR1900015725-01-02					GCF_014169975.1-RS_2025_05_14	Complete Genome	2020-08-12		4	Citrobacter freundii
GCF_013371705.1	ASM1337170v1	2025-05-13	Citrobacter freundii		ZY198					GCF_013371705.1-RS_2025_05_13	Complete Genome	2020-06-24		4	Citrobacter freundii
GCF_014170055.1	ASM1417005v1	2025-05-12	Citrobacter freundii		IDR1800045912-01-00					GCF_014170055.1-RS_2025_05_12	Complete Genome	2020-08-12		7	Citrobacter freundii
GCF_039566135.1	ASM3956613v1	2025-05-09	Citrobacter freundii		C11					GCF_039566135.1-RS_2025_05_09	Complete Genome	2024-05-10		2	Citrobacter freundii
GCF_039554995.1	ASM3955499v1	2025-05-08	Citrobacter freundii		NFYY361					GCF_039554995.1-RS_2025_05_08	Complete Genome	2024-05-09		8	Citrobacter freundii
GCF_050157225.1	ASM5015722v1	2025-05-07	Citrobacter freundii		A27547					GCF_050157225.1-RS_2025_05_07	Complete Genome	2025-05-14		4	Citrobacter freundii
GCF_050187865.1	ASM5018786v1	2025-05-07	Citrobacter freundii		A31575					GCF_050187865.1-RS_2025_05_07	Complete Genome	2025-05-14		3	Citrobacter freundii
GCF_016939615.1	ASM1693961v1	2025-04-29	Citrobacter freundii		CF49969					GCF_016939615.1-RS_2025_04_29	Complete Genome	2021-02-25		5	Citrobacter freundii
GCF_026240835.1	ASM2624083v1	2025-04-22	Citrobacter freundii		CF1807					GCF_026240835.1-RS_2025_04_22	Complete Genome	2022-11-20		9	Citrobacter freundii
GCF_048684835.1	ASM4868483v1	2025-06-15	Clostridioides difficile		S3981					GCF_048684835.1-RS_2025_06_15	Complete Genome	2025-03-21		1	Clostridioides difficile
GCF_048684865.1	ASM4868486v1	2025-06-15	Clostridioides difficile		C562					GCF_048684865.1-RS_2025_06_15	Complete Genome	2025-03-21		1	Clostridioides difficile
GCF_048684825.1	ASM4868482v1	2025-06-15	Clostridioides difficile		C1174					GCF_048684825.1-RS_2025_06_15	Complete Genome	2025-03-21		1	Clostridioides difficile
GCF_050917545.1	ASM5091754v1	2025-06-13	Clostridioides difficile		16338					GCF_050917545.1-RS_2025_06_13	Complete Genome	2025-06-14		1	Clostridioides difficile
GCF_037920665.1	ASM3792066v1	2025-04-17	Clostridioides difficile		Z1322PCD0028					GCF_037920665.1-RS_2025_04_17	Complete Genome	2024-04-06		3	Clostridioides difficile
GCF_037922005.1	ASM3792200v1	2025-04-17	Clostridioides difficile		Z1322PCD0018					GCF_037922005.1-RS_2025_04_17	Complete Genome	2024-04-05		2	Clostridioides difficile
GCF_049673575.1	ASM4967357v1	2025-04-17	Clostridioides difficile		774					GCF_049673575.1-RS_2025_04_17	Complete Genome	2025-04-20		1	Clostridioides difficile
GCF_037920055.1	ASM3792005v1	2025-04-17	Clostridioides difficile		Z1322PCD0033					GCF_037920055.1-RS_2025_04_17	Complete Genome	2024-04-05		2	Clostridioides difficile
GCF_037920325.1	ASM3792032v1	2025-04-17	Clostridioides difficile		Z1322PCD0031					GCF_037920325.1-RS_2025_04_17	Complete Genome	2024-04-05		3	Clostridioides difficile
GCF_037922655.1	ASM3792265v1	2025-04-17	Clostridioides difficile		Z1322PCD0012					GCF_037922655.1-RS_2025_04_17	Complete Genome	2024-04-05		3	Clostridioides difficile
GCF_049673565.1	ASM4967356v1	2025-04-17	Clostridioides difficile		741					GCF_049673565.1-RS_2025_04_17	Complete Genome	2025-04-20		1	Clostridioides difficile
GCF_037924525.1	ASM3792452v1	2025-04-17	Clostridioides difficile		Z1322HCD0115					GCF_037924525.1-RS_2025_04_17	Complete Genome	2024-04-05		1	Clostridioides difficile
GCF_037941005.1	ASM3794100v1	2025-04-13	Clostridioides difficile		Z1322HCD0031					GCF_037941005.1-RS_2025_04_13	Complete Genome	2024-04-06		5	Clostridioides difficile
GCF_049532765.1	DSM29636_HGAP3_1SC	2025-04-13	Clostridioides difficile		DSM 29636					GCF_049532765.1-RS_2025_04_13	Complete Genome	2025-04-15		1	Clostridioides difficile
GCF_049532785.1	DSM29753_HGAP3_1SC	2025-04-13	Clostridioides difficile		DSM 29753					GCF_049532785.1-RS_2025_04_13	Complete Genome	2025-04-15		1	Clostridioides difficile
GCF_049532795.1	DSM29752_HGAP2_1SC	2025-04-13	Clostridioides difficile		DSM 29752					GCF_049532795.1-RS_2025_04_13	Complete Genome	2025-04-15		1	Clostridioides difficile
GCF_037918925.1	ASM3791892v1	2025-04-13	Clostridioides difficile		Z1322PCD0052					GCF_037918925.1-RS_2025_04_13	Complete Genome	2024-04-05		7	Clostridioides difficile
GCF_049532775.1	DSM29650_HGAP3_1SC	2025-04-13	Clostridioides difficile		DSM 29650					GCF_049532775.1-RS_2025_04_13	Complete Genome	2025-04-15		1	Clostridioides difficile
GCF_037915445.1	ASM3791544v1	2025-04-10	Clostridioides difficile		Z1323HCD0020					GCF_037915445.1-RS_2025_04_10	Complete Genome	2024-04-05		1	Clostridioides difficile
GCF_036630125.1	cd221108_barcode08	2025-04-09	Clostridioides difficile		cd221108_barcode08					GCF_036630125.1-RS_2025_04_09	Complete Genome	2024-04-05		2	Clostridioides difficile
GCF_037941895.1	ASM3794189v1	2025-04-09	Clostridioides difficile		Z1322HCD0004					GCF_037941895.1-RS_2025_04_09	Complete Genome	2024-04-05		1	Clostridioides difficile
GCF_037943445.1	ASM3794344v1	2025-04-09	Clostridioides difficile		Z1322PCD0068					GCF_037943445.1-RS_2025_04_09	Complete Genome	2024-04-06		1	Clostridioides difficile
GCF_037933165.1	ASM3793316v1	2025-04-09	Clostridioides difficile		Z1322HCD0041					GCF_037933165.1-RS_2025_04_09	Complete Genome	2024-04-05		1	Clostridioides difficile
GCF_037932795.1	ASM3793279v1	2025-04-09	Clostridioides difficile		Z1322HCD0043					GCF_037932795.1-RS_2025_04_09	Complete Genome	2024-04-06		2	Clostridioides difficile
GCF_037923795.1	ASM3792379v1	2025-04-08	Clostridioides difficile		Z1322HCD0116					GCF_037923795.1-RS_2025_04_08	Complete Genome	2024-04-05		2	Clostridioides difficile
GCF_037934445.1	ASM3793444v1	2025-04-08	Clostridioides difficile		Z1322HCD0033					GCF_037934445.1-RS_2025_04_08	Complete Genome	2024-04-06		3	Clostridioides difficile
GCF_037918655.1	ASM3791865v1	2025-04-05	Clostridioides difficile		Z1322PCD0055					GCF_037918655.1-RS_2025_04_05	Complete Genome	2024-04-05		1	Clostridioides difficile
GCF_037923265.1	ASM3792326v1	2025-04-05	Clostridioides difficile		Z1322PCD0001					GCF_037923265.1-RS_2025_04_05	Complete Genome	2024-04-05		2	Clostridioides difficile
GCF_037932505.1	ASM3793250v1	2025-04-05	Clostridioides difficile		Z1322HCD0045					GCF_037932505.1-RS_2025_04_05	Complete Genome	2024-04-05		1	Clostridioides difficile
GCF_037915205.1	ASM3791520v1	2025-04-05	Clostridioides difficile		Z1323HCD0021					GCF_037915205.1-RS_2025_04_05	Complete Genome	2024-04-05		2	Clostridioides difficile
GCF_037920935.1	ASM3792093v1	2025-04-05	Clostridioides difficile		Z1322PCD0027					GCF_037920935.1-RS_2025_04_05	Complete Genome	2024-04-05		1	Clostridioides difficile
GCF_037930055.1	ASM3793005v1	2025-04-05	Clostridioides difficile		Z1322HCD0081					GCF_037930055.1-RS_2025_04_05	Complete Genome	2024-04-05		1	Clostridioides difficile
GCF_037933585.1	ASM3793358v1	2025-04-05	Clostridioides difficile		Z1322HCD0038					GCF_037933585.1-RS_2025_04_05	Complete Genome	2024-04-06		3	Clostridioides difficile
GCF_037931695.1	ASM3793169v1	2025-04-05	Clostridioides difficile		Z1322HCD0068					GCF_037931695.1-RS_2025_04_05	Complete Genome	2024-04-05		1	Clostridioides difficile
GCF_037935125.1	ASM3793512v1	2025-04-05	Clostridioides difficile		Z1322HCD0027					GCF_037935125.1-RS_2025_04_05	Complete Genome	2024-04-05		1	Clostridioides difficile
GCF_037919485.1	ASM3791948v1	2025-04-05	Clostridioides difficile		Z1322PCD0039					GCF_037919485.1-RS_2025_04_05	Complete Genome	2024-04-05		1	Clostridioides difficile
GCF_037917855.1	ASM3791785v1	2025-04-05	Clostridioides difficile		Z1322PCD0066					GCF_037917855.1-RS_2025_04_05	Complete Genome	2024-04-05		2	Clostridioides difficile
GCF_037941545.1	ASM3794154v1	2025-04-05	Clostridioides difficile		Z1322HCD0006					GCF_037941545.1-RS_2025_04_05	Complete Genome	2024-04-05		3	Clostridioides difficile
GCF_037914975.1	ASM3791497v1	2025-04-05	Clostridioides difficile		Z1323HCD0085					GCF_037914975.1-RS_2025_04_05	Complete Genome	2024-04-05		1	Clostridioides difficile
GCF_037929155.1	ASM3792915v1	2025-04-05	Clostridioides difficile		Z1322HCD0094					GCF_037929155.1-RS_2025_04_05	Complete Genome	2024-04-06		3	Clostridioides difficile
GCF_037916535.1	ASM3791653v1	2025-04-05	Clostridioides difficile		Z1322PCD0075					GCF_037916535.1-RS_2025_04_05	Complete Genome	2024-04-05		1	Clostridioides difficile
GCF_037914995.1	ASM3791499v1	2025-04-05	Clostridioides difficile		Z1323HCD0047					GCF_037914995.1-RS_2025_04_05	Complete Genome	2024-04-05		3	Clostridioides difficile
GCF_037929775.1	ASM3792977v1	2025-04-05	Clostridioides difficile		Z1322HCD0087					GCF_037929775.1-RS_2025_04_05	Complete Genome	2024-04-05		1	Clostridioides difficile
GCF_037914985.1	ASM3791498v1	2025-04-05	Clostridioides difficile		Z1323HCD0065					GCF_037914985.1-RS_2025_04_05	Complete Genome	2024-04-05		1	Clostridioides difficile
GCF_037929465.1	ASM3792946v1	2025-04-05	Clostridioides difficile		Z1322HCD0092					GCF_037929465.1-RS_2025_04_05	Complete Genome	2024-04-05		1	Clostridioides difficile
GCF_037942165.1	ASM3794216v1	2025-04-05	Clostridioides difficile		Z1322HCD0002					GCF_037942165.1-RS_2025_04_05	Complete Genome	2024-04-05		1	Clostridioides difficile
GCF_037915725.1	ASM3791572v1	2025-04-05	Clostridioides difficile		Z1323HCD0018					GCF_037915725.1-RS_2025_04_05	Complete Genome	2024-04-05		1	Clostridioides difficile
GCF_037917495.1	ASM3791749v1	2025-04-05	Clostridioides difficile		Z1322PCD0067					GCF_037917495.1-RS_2025_04_05	Complete Genome	2024-04-05		2	Clostridioides difficile
GCF_037930425.1	ASM3793042v1	2025-04-05	Clostridioides difficile		Z1322HCD0073					GCF_037930425.1-RS_2025_04_05	Complete Genome	2024-04-05		3	Clostridioides difficile
GCF_037921775.1	ASM3792177v1	2025-04-05	Clostridioides difficile		Z1322PCD0023					GCF_037921775.1-RS_2025_04_05	Complete Genome	2024-04-05		1	Clostridioides difficile
GCF_024584665.1	ASM2458466v1	2025-08-22	Clostridium botulinum		FE9504ACG					GCF_024584665.1-RS_2025_08_22	Complete Genome	2022-08-08		1	Clostridium botulinum
GCF_016071375.1	ASM1607137v1	2025-06-07	Clostridium botulinum		Stockholm					GCF_016071375.1-RS_2025_06_07	Complete Genome	2020-12-15		6	Clostridium botulinum
GCF_003017225.1	ASM301722v1	2025-06-06	Clostridium botulinum		RF5					GCF_003017225.1-RS_2025_06_06	Complete Genome	2018-03-26		1	Clostridium botulinum
GCF_003017145.1	ASM301714v1	2025-06-06	Clostridium botulinum		Mfbjulcb8					GCF_003017145.1-RS_2025_06_06	Complete Genome	2018-03-26		1	Clostridium botulinum
GCF_003017335.1	ASM301733v1	2025-06-06	Clostridium botulinum		Mfbjulcb3					GCF_003017335.1-RS_2025_06_06	Complete Genome	2018-03-26		1	Clostridium botulinum
GCF_000827955.1	ASM82795v1	2025-06-06	Clostridium botulinum		NCTC 8550					GCF_000827955.1-RS_2025_06_06	Complete Genome	2015-01-23		1	Clostridium botulinum
GCF_000827935.1	ASM82793v1	2025-06-06	Clostridium botulinum		NCTC 8266					GCF_000827935.1-RS_2025_06_06	Complete Genome	2015-01-23		1	Clostridium botulinum
GCF_000204565.1	ASM20456v1	2025-06-06	Clostridium botulinum BKT015925		BKT015925					GCF_000204565.1-RS_2025_06_06	Complete Genome	2011-04-18		6	Clostridium botulinum
GCF_000020285.1	ASM2028v1	2025-06-05	Clostridium botulinum E3 str. Alaska E43		Alaska E43					GCF_000020285.1-RS_2025_06_05	Complete Genome	2008-05-16		1	Clostridium botulinum
GCF_029962365.1	ASM2996236v1	2025-05-13	Clostridium botulinum		V73					GCF_029962365.1-RS_2025_05_13	Complete Genome	2023-05-10		2	Clostridium botulinum
GCF_027943665.1	ASM2794366v1	2025-05-11	Clostridium botulinum		Osaka2020					GCF_027943665.1-RS_2025_05_11	Complete Genome	2022-11-19		3	Clostridium botulinum
GCF_022833145.1	ASM2283314v1	2025-04-19	Clostridium botulinum		ST7B					GCF_022833145.1-RS_2025_04_19	Complete Genome	2022-04-07		2	Clostridium botulinum
GCF_016838665.1	ASM1683866v1	2025-04-16	Clostridium botulinum		IBCA10-7060					GCF_016838665.1-RS_2025_04_16	Complete Genome	2021-02-09		1	Clostridium botulinum
GCF_016798345.1	ASM1679834v1	2025-04-16	Clostridium botulinum		X58540					GCF_016798345.1-RS_2025_04_16	Complete Genome	2021-02-02		1	Clostridium botulinum
GCF_014068615.1	ASM1406861v1	2025-04-15	Clostridium botulinum		CJ0611A1					GCF_014068615.1-RS_2025_04_15	Complete Genome	2020-08-05		2	Clostridium botulinum
GCF_009733885.1	ASM973388v1	2025-04-13	Clostridium botulinum		NCTC 13319					GCF_009733885.1-RS_2025_04_13	Complete Genome	2019-12-06		2	Clostridium botulinum
GCF_003345315.1	ASM334531v1	2025-04-12	Clostridium botulinum		CFSAN034202					GCF_003345315.1-RS_2025_04_12	Complete Genome	2018-07-30		3	Clostridium botulinum
GCF_003345335.1	ASM334533v1	2025-04-12	Clostridium botulinum		CFSAN034200					GCF_003345335.1-RS_2025_04_12	Complete Genome	2018-07-30		3	Clostridium botulinum
GCF_003058445.1	ASM305844v1	2025-04-12	Clostridium botulinum		CFSAN064329					GCF_003058445.1-RS_2025_04_12	Complete Genome	2018-04-22		2	Clostridium botulinum
GCF_003058345.1	ASM305834v1	2025-04-12	Clostridium botulinum		DFPST0029					GCF_003058345.1-RS_2025_04_12	Complete Genome	2018-04-21		1	Clostridium botulinum
GCF_000817935.1	ASM81793v1	2025-04-12	Clostridium botulinum CDC_1436		CDC_1436					GCF_000817935.1-RS_2025_04_12	Complete Genome	2015-01-14		2	Clostridium botulinum
GCF_000253195.1	ASM25319v1	2025-04-12	Clostridium botulinum H04402 065		H04402 065					GCF_000253195.1-RS_2025_04_12	Complete Genome	2011-02-08		1	Clostridium botulinum
GCF_000063585.1	ASM6358v1	2025-04-11	Clostridium botulinum A str. ATCC 3502		ATCC 3502					GCF_000063585.1-RS_2025_04_11	Complete Genome	2007-05-24		2	Clostridium botulinum
GCF_000829015.1	ASM82901v1	2025-04-11	Clostridium botulinum		111					GCF_000829015.1-RS_2025_04_11	Complete Genome	2015-01-06		1	Clostridium botulinum
GCF_000022765.1	ASM2276v1	2025-04-11	Clostridium botulinum A2 str. Kyoto		Kyoto					GCF_000022765.1-RS_2025_04_11	Complete Genome	2009-04-15		1	Clostridium botulinum
GCF_000019545.1	ASM1954v1	2025-04-11	Clostridium botulinum A3 str. Loch Maree		Loch Maree					GCF_000019545.1-RS_2025_04_11	Complete Genome	2008-03-05		2	Clostridium botulinum
GCF_000020345.1	ASM2034v1	2025-04-11	Clostridium botulinum Ba4 str. 657		657					GCF_000020345.1-RS_2025_04_11	Complete Genome	2009-05-01		3	Clostridium botulinum
GCF_000019305.1	ASM1930v1	2025-04-11	Clostridium botulinum B1 str. Okra		Okra					GCF_000019305.1-RS_2025_04_11	Complete Genome	2008-02-28		2	Clostridium botulinum
GCF_000017065.1	ASM1706v1	2025-04-10	Clostridium botulinum F str. Langeland		Langeland					GCF_000017065.1-RS_2025_04_10	Complete Genome	2007-07-20		2	Clostridium botulinum
GCF_036630055.1	ASM3663005v1	2025-04-09	Clostridium botulinum A		RFBIO-Honey-B6					GCF_036630055.1-RS_2025_04_09	Complete Genome	2024-04-05		1	Clostridium botulinum
GCF_001921925.1	ASM192192v1	2025-04-07	Clostridium botulinum		1169					GCF_001921925.1-RS_2025_04_07	Complete Genome	2016-12-27		2	Clostridium botulinum
GCF_002865845.1	ASM286584v1	2025-04-07	Clostridium botulinum		Af650					GCF_002865845.1-RS_2025_04_07	Complete Genome	2018-01-08		2	Clostridium botulinum
GCF_002865885.1	ASM286588v1	2025-04-07	Clostridium botulinum		B305					GCF_002865885.1-RS_2025_04_07	Complete Genome	2018-01-08		3	Clostridium botulinum
GCF_002866225.1	ASM286622v1	2025-04-07	Clostridium botulinum		B609					GCF_002866225.1-RS_2025_04_07	Complete Genome	2018-01-08		3	Clostridium botulinum
GCF_002866125.1	ASM286612v1	2025-04-07	Clostridium botulinum		B515					GCF_002866125.1-RS_2025_04_07	Complete Genome	2018-01-08		4	Clostridium botulinum
GCF_001921905.1	ASM192190v1	2025-04-07	Clostridium botulinum		F1425					GCF_001921905.1-RS_2025_04_07	Complete Genome	2016-12-27		2	Clostridium botulinum
GCF_002865745.1	ASM286574v1	2025-04-07	Clostridium botulinum		B742					GCF_002865745.1-RS_2025_04_07	Complete Genome	2018-01-08		1	Clostridium botulinum
GCF_002866045.1	ASM286604v1	2025-04-07	Clostridium botulinum		BrDura					GCF_002866045.1-RS_2025_04_07	Complete Genome	2018-01-08		2	Clostridium botulinum
GCF_001921945.1	ASM192194v1	2025-04-07	Clostridium botulinum		AM282					GCF_001921945.1-RS_2025_04_07	Complete Genome	2016-12-27		2	Clostridium botulinum
GCF_002865825.1	ASM286582v1	2025-04-07	Clostridium botulinum		A634					GCF_002865825.1-RS_2025_04_07	Complete Genome	2018-01-08		3	Clostridium botulinum
GCF_002865765.1	ASM286576v1	2025-04-07	Clostridium botulinum		Mauritius					GCF_002865765.1-RS_2025_04_07	Complete Genome	2018-01-08		1	Clostridium botulinum
GCF_002865805.1	ASM286580v1	2025-04-07	Clostridium botulinum		AM1051					GCF_002865805.1-RS_2025_04_07	Complete Genome	2018-01-08		2	Clostridium botulinum
GCF_001921985.1	ASM192198v1	2025-04-07	Clostridium botulinum		F634					GCF_001921985.1-RS_2025_04_07	Complete Genome	2016-12-27		4	Clostridium botulinum
GCF_000017045.1	ASM1704v1	2025-04-01	Clostridium botulinum A str. Hall		Hall					GCF_000017045.1-RS_2025_04_01	Complete Genome	2007-07-20		1	Clostridium botulinum
GCF_000017025.1	ASM1702v1	2025-04-01	Clostridium botulinum A str. ATCC 19397		ATCC 19397					GCF_000017025.1-RS_2025_04_01	Complete Genome	2007-07-20		1	Clostridium botulinum
GCF_001889365.1	ASM188936v1	2025-03-05	Clostridium botulinum		CDC_54064					GCF_001889365.1-RS_2025_03_05	Complete Genome	2016-12-06		2	Clostridium botulinum
GCF_001879605.1	ASM187960v1	2025-03-05	Clostridium botulinum		CDC_69094					GCF_001879605.1-RS_2025_03_05	Complete Genome	2016-11-16		1	Clostridium botulinum
GCF_001921965.1	ASM192196v1	2025-03-05	Clostridium botulinum		F160					GCF_001921965.1-RS_2025_03_05	Complete Genome	2016-12-27		2	Clostridium botulinum
GCF_001879625.1	ASM187962v1	2025-03-05	Clostridium botulinum		CDC_67190					GCF_001879625.1-RS_2025_03_05	Complete Genome	2016-11-16		3	Clostridium botulinum
GCF_001889345.1	ASM188934v1	2025-03-05	Clostridium botulinum		CDC_69094					GCF_001889345.1-RS_2025_03_05	Complete Genome	2016-12-06		1	Clostridium botulinum
GCF_024652845.1	ASM2465284v1	2025-08-30	Clostridium perfringens		JXNC-J1					GCF_024652845.1-RS_2025_08_30	Complete Genome	2022-08-14		4	Clostridium perfringens
GCF_024652865.1	ASM2465286v1	2025-08-30	Clostridium perfringens		JXNC-B4					GCF_024652865.1-RS_2025_08_30	Complete Genome	2022-08-14		4	Clostridium perfringens
GCF_024599955.1	ASM2459995v1	2025-08-24	Clostridium perfringens		JXNC-3B					GCF_024599955.1-RS_2025_08_24	Complete Genome	2022-08-09		11	Clostridium perfringens
GCF_024599915.1	ASM2459991v1	2025-08-24	Clostridium perfringens		JXNC-S10					GCF_024599915.1-RS_2025_08_24	Complete Genome	2022-08-09		4	Clostridium perfringens
GCF_024599935.1	ASM2459993v1	2025-08-24	Clostridium perfringens		JXNC-DD					GCF_024599935.1-RS_2025_08_24	Complete Genome	2022-08-09		3	Clostridium perfringens
GCF_052056475.1	ASM5205647v1	2025-08-16	Clostridium perfringens		NM-3-2					GCF_052056475.1-RS_2025_08_16	Complete Genome	2025-08-16		1	Clostridium perfringens
GCF_052056755.1	ASM5205675v1	2025-08-16	Clostridium perfringens		Cp-2025-6					GCF_052056755.1-RS_2025_08_16	Complete Genome	2025-08-16		1	Clostridium perfringens
GCF_029541585.1	ASM2954158v1	2025-07-08	Clostridium perfringens		ENRHS1					GCF_029541585.1-RS_2025_07_08	Complete Genome	2023-04-03		2	Clostridium perfringens
GCF_051048215.1	ASM5104821v1	2025-06-26	Clostridium perfringens		QD2022FB4-CP1					GCF_051048215.1-RS_2025_06_26	Complete Genome	2025-06-27		1	Clostridium perfringens
GCF_051057975.1	ASM5105797v1	2025-06-26	Clostridium perfringens		CW11					GCF_051057975.1-RS_2025_06_26	Complete Genome	2025-06-27		6	Clostridium perfringens
GCF_050916635.1	ASM5091663v1	2025-06-13	Clostridium perfringens		NM-2024-3					GCF_050916635.1-RS_2025_06_13	Complete Genome	2025-06-14		1	Clostridium perfringens
GCF_050916645.1	ASM5091664v1	2025-06-13	Clostridium perfringens		NM-2024-1					GCF_050916645.1-RS_2025_06_13	Complete Genome	2025-06-14		1	Clostridium perfringens
GCF_029392955.1	ASM2939295v1	2025-05-13	Clostridium perfringens D		NCTC8346					GCF_029392955.1-RS_2025_05_13	Complete Genome	2023-03-27		2	Clostridium perfringens
GCF_029392915.1	ASM2939291v1	2025-05-13	Clostridium perfringens D		CN3842					GCF_029392915.1-RS_2025_05_13	Complete Genome	2023-03-27		2	Clostridium perfringens
GCF_029393075.1	ASM2939307v1	2025-05-13	Clostridium perfringens B		NCTC3110					GCF_029393075.1-RS_2025_05_13	Complete Genome	2023-03-27		2	Clostridium perfringens
GCF_029393235.1	ASM2939323v1	2025-05-13	Clostridium perfringens B		ATCC 3626					GCF_029393235.1-RS_2025_05_13	Complete Genome	2023-03-27		2	Clostridium perfringens
GCF_037522075.1	ASM3752207v1	2025-04-17	Clostridium perfringens		Z1322PCP0048					GCF_037522075.1-RS_2025_04_17	Complete Genome	2024-04-05		5	Clostridium perfringens
GCF_037509445.1	ASM3750944v1	2025-04-17	Clostridium perfringens		Z1323CCP0010					GCF_037509445.1-RS_2025_04_17	Complete Genome	2024-04-05		3	Clostridium perfringens
GCF_037514075.1	ASM3751407v1	2025-04-17	Clostridium perfringens		Z1322WCP0013					GCF_037514075.1-RS_2025_04_17	Complete Genome	2024-04-05		6	Clostridium perfringens
GCF_037517435.1	ASM3751743v1	2025-04-17	Clostridium perfringens		Z1322PCP0088					GCF_037517435.1-RS_2025_04_17	Complete Genome	2024-04-05		5	Clostridium perfringens
GCF_037507525.1	ASM3750752v1	2025-04-17	Clostridium perfringens		Z1323CCP0065					GCF_037507525.1-RS_2025_04_17	Complete Genome	2024-04-05		7	Clostridium perfringens
GCF_037081805.1	ASM3708180v1	2025-04-17	Clostridium perfringens		2019-01-3486-1_1					GCF_037081805.1-RS_2025_04_17	Complete Genome	2024-04-05		7	Clostridium perfringens
GCF_037521165.1	ASM3752116v1	2025-04-17	Clostridium perfringens		Z1322PCP0054					GCF_037521165.1-RS_2025_04_17	Complete Genome	2024-04-05		4	Clostridium perfringens
GCF_037520035.1	ASM3752003v1	2025-04-17	Clostridium perfringens		Z1322PCP0055					GCF_037520035.1-RS_2025_04_17	Complete Genome	2024-04-05		4	Clostridium perfringens
GCF_037498835.1	ASM3749883v1	2025-04-17	Clostridium perfringens		Z1323HCP0044					GCF_037498835.1-RS_2025_04_17	Complete Genome	2024-04-05		5	Clostridium perfringens
GCF_037493815.1	ASM3749381v1	2025-04-17	Clostridium perfringens		Z1323HCP0073					GCF_037493815.1-RS_2025_04_17	Complete Genome	2024-04-05		5	Clostridium perfringens
GCF_037522945.1	ASM3752294v1	2025-04-17	Clostridium perfringens		Z1322HCP0014					GCF_037522945.1-RS_2025_04_17	Complete Genome	2024-04-05		4	Clostridium perfringens
GCF_029580675.1	ASM2958067v1	2025-04-16	Clostridium perfringens		ENRHS3					GCF_029580675.1-RS_2025_04_16	Complete Genome	2023-04-04		2	Clostridium perfringens
GCF_022429605.1	ASM2242960v1	2025-04-16	Clostridium perfringens		Qinghai-1					GCF_022429605.1-RS_2025_04_16	Complete Genome	2022-03-01		2	Clostridium perfringens
GCF_029580895.1	ASM2958089v1	2025-04-16	Clostridium perfringens		ENRHS4					GCF_029580895.1-RS_2025_04_16	Complete Genome	2023-04-04		2	Clostridium perfringens
GCF_029580775.1	ASM2958077v1	2025-04-16	Clostridium perfringens		ENRHS7					GCF_029580775.1-RS_2025_04_16	Complete Genome	2023-04-04		2	Clostridium perfringens
GCF_001579785.1	ASM157978v1	2025-04-15	Clostridium perfringens		JP838					GCF_001579785.1-RS_2025_04_15	Complete Genome	2016-03-03		5	Clostridium perfringens
GCF_001579765.1	ASM157976v1	2025-04-15	Clostridium perfringens		JP55					GCF_001579765.1-RS_2025_04_15	Complete Genome	2016-03-03		6	Clostridium perfringens
GCF_016026675.1	ASM1602667v1	2025-04-15	Clostridium perfringens		FDAARGOS_931					GCF_016026675.1-RS_2025_04_15	Complete Genome	2020-12-14		3	Clostridium perfringens
GCF_016027155.1	ASM1602715v1	2025-04-15	Clostridium perfringens		FDAARGOS_904					GCF_016027155.1-RS_2025_04_15	Complete Genome	2020-12-14		3	Clostridium perfringens
GCF_016026995.1	ASM1602699v1	2025-04-15	Clostridium perfringens		FDAARGOS_905					GCF_016026995.1-RS_2025_04_15	Complete Genome	2020-12-14		2	Clostridium perfringens
GCF_002355795.1	ASM235579v1	2025-04-15	Clostridium perfringens		CBA7123					GCF_002355795.1-RS_2025_04_15	Complete Genome	2016-08-24		2	Clostridium perfringens
GCF_000009685.1	ASM968v1	2025-04-15	Clostridium perfringens str. 13		13					GCF_000009685.1-RS_2025_04_15	Complete Genome	2002-01-24		2	Clostridium perfringens
GCF_037502555.1	ASM3750255v1	2025-04-14	Clostridium perfringens		Z1323HCP0030					GCF_037502555.1-RS_2025_04_14	Complete Genome	2024-04-05		3	Clostridium perfringens
GCF_037497135.1	ASM3749713v1	2025-04-14	Clostridium perfringens		Z1323HCP0054					GCF_037497135.1-RS_2025_04_14	Complete Genome	2024-04-05		3	Clostridium perfringens
GCF_037506515.1	ASM3750651v1	2025-04-14	Clostridium perfringens		Z1323HCP0008					GCF_037506515.1-RS_2025_04_14	Complete Genome	2024-04-05		4	Clostridium perfringens
GCF_037503705.1	ASM3750370v1	2025-04-14	Clostridium perfringens		Z1323HCP0027					GCF_037503705.1-RS_2025_04_14	Complete Genome	2024-04-05		4	Clostridium perfringens
GCF_037504455.1	ASM3750445v1	2025-04-14	Clostridium perfringens		Z1323HCP0019					GCF_037504455.1-RS_2025_04_14	Complete Genome	2024-04-05		4	Clostridium perfringens
GCF_037505185.1	ASM3750518v1	2025-04-14	Clostridium perfringens		Z1323HCP0016					GCF_037505185.1-RS_2025_04_14	Complete Genome	2024-04-05		5	Clostridium perfringens
GCF_037524795.1	ASM3752479v1	2025-04-14	Clostridium perfringens		Z1322HCP0002					GCF_037524795.1-RS_2025_04_14	Complete Genome	2024-04-05		4	Clostridium perfringens
GCF_037492235.1	ASM3749223v1	2025-04-14	Clostridium perfringens		Z1323HCP0095					GCF_037492235.1-RS_2025_04_14	Complete Genome	2024-04-05		5	Clostridium perfringens
GCF_037499725.1	ASM3749972v1	2025-04-14	Clostridium perfringens		Z1323HCP0034					GCF_037499725.1-RS_2025_04_14	Complete Genome	2024-04-05		4	Clostridium perfringens
GCF_037523885.1	ASM3752388v1	2025-04-14	Clostridium perfringens		Z1322HCP0005					GCF_037523885.1-RS_2025_04_14	Complete Genome	2024-04-05		4	Clostridium perfringens
GCF_902386435.1	UHGG_MGYG-HGUT-02372	2025-04-13	Clostridium perfringens					MGYG-HGUT-02372		GCF_902386435.1-RS_2025_04_13	Complete Genome	2019-08-10		1	Clostridium perfringens
GCF_002312985.1	ASM231298v1	2025-04-12	Clostridium perfringens		LLY_N11					GCF_002312985.1-RS_2025_04_12	Complete Genome	2017-09-19		4	Clostridium perfringens
GCF_030656655.1	ASM3065665v1	2025-08-10	Corynebacterium diphtheriae		CMCC38007					GCF_030656655.1-RS_2025_08_10	Complete Genome	2023-08-06		1	Corynebacterium diphtheriae
GCF_051549835.1	ASM5154983v1	2025-07-30	Corynebacterium diphtheriae		AML_2433					GCF_051549835.1-RS_2025_07_30	Complete Genome	2025-07-31		1	Corynebacterium diphtheriae
GCF_030408695.1	ASM3040869v1	2025-07-07	Corynebacterium diphtheriae		DSM 44123					GCF_030408695.1-RS_2025_07_07	Complete Genome	2023-07-05		1	Corynebacterium diphtheriae
GCF_004758745.1	ASM475874v1	2025-04-30	Corynebacterium diphtheriae		TH1526					GCF_004758745.1-RS_2025_04_30	Complete Genome	2019-04-09		1	Corynebacterium diphtheriae
GCF_963556635.1	20e8f080	2025-04-26	Corynebacterium diphtheriae					20e8f080		GCF_963556635.1-RS_2025_04_26	Complete Genome	2023-10-19		1	Corynebacterium diphtheriae
GCF_963556565.1	dbde5ce5	2025-04-26	Corynebacterium diphtheriae					dbde5ce5		GCF_963556565.1-RS_2025_04_26	Complete Genome	2023-10-19		1	Corynebacterium diphtheriae
GCF_963556575.1	a17b6a40	2025-04-26	Corynebacterium diphtheriae					a17b6a40		GCF_963556575.1-RS_2025_04_26	Complete Genome	2023-10-19		1	Corynebacterium diphtheriae
GCF_002843135.1	ASM284313v1	2025-04-15	Corynebacterium diphtheriae bv. mitis str. ISS 3319		ISS 3319					GCF_002843135.1-RS_2025_04_15	Complete Genome	2017-12-14		2	Corynebacterium diphtheriae
GCF_021560255.1	ASM2156025v1	2025-04-13	Corynebacterium diphtheriae		CD1036					GCF_021560255.1-RS_2025_04_13	Complete Genome	2022-01-24		1	Corynebacterium diphtheriae
GCF_021560235.1	ASM2156023v1	2025-04-02	Corynebacterium diphtheriae		CD1040					GCF_021560235.1-RS_2025_04_02	Complete Genome	2022-01-24		1	Corynebacterium diphtheriae
GCF_021560275.1	ASM2156027v1	2025-04-02	Corynebacterium diphtheriae		CD1033					GCF_021560275.1-RS_2025_04_02	Complete Genome	2022-01-24		1	Corynebacterium diphtheriae
GCF_021560315.1	ASM2156031v1	2025-04-02	Corynebacterium diphtheriae		CD1008					GCF_021560315.1-RS_2025_04_02	Complete Genome	2022-01-24		1	Corynebacterium diphtheriae
GCF_021560335.1	ASM2156033v1	2025-04-02	Corynebacterium diphtheriae		CD1005					GCF_021560335.1-RS_2025_04_02	Complete Genome	2022-01-24		1	Corynebacterium diphtheriae
GCF_021560295.1	ASM2156029v1	2025-04-02	Corynebacterium diphtheriae		CD1032					GCF_021560295.1-RS_2025_04_02	Complete Genome	2022-01-24		1	Corynebacterium diphtheriae
GCF_020736125.1	ASM2073612v1	2025-04-02	Corynebacterium diphtheriae		FDAARGOS_1552					GCF_020736125.1-RS_2025_04_02	Complete Genome	2021-11-03		1	Corynebacterium diphtheriae
GCF_000241895.1	ASM24189v1	2025-04-02	Corynebacterium diphtheriae 241		241					GCF_000241895.1-RS_2025_04_02	Complete Genome	2012-01-10		1	Corynebacterium diphtheriae
GCF_000242775.1	ASM24277v1	2025-04-01	Corynebacterium diphtheriae HC03		HC03					GCF_000242775.1-RS_2025_04_01	Complete Genome	2012-01-13		1	Corynebacterium diphtheriae
GCF_024969505.1	ASM2496950v1	2025-04-01	Corynebacterium diphtheriae bv. mitis		230/19					GCF_024969505.1-RS_2025_04_01	Complete Genome	2022-09-06		1	Corynebacterium diphtheriae
GCF_024969545.1	ASM2496954v1	2025-04-01	Corynebacterium diphtheriae bv. mitis		632/19					GCF_024969545.1-RS_2025_04_01	Complete Genome	2022-09-06		1	Corynebacterium diphtheriae
GCF_024969445.1	ASM2496944v1	2025-04-01	Corynebacterium diphtheriae bv. mitis		6272/17					GCF_024969445.1-RS_2025_04_01	Complete Genome	2022-09-06		1	Corynebacterium diphtheriae
GCF_024968705.1	ASM2496870v1	2025-04-01	Corynebacterium diphtheriae bv. mitis		38009/20					GCF_024968705.1-RS_2025_04_01	Complete Genome	2022-09-06		1	Corynebacterium diphtheriae
GCF_024968525.1	ASM2496852v1	2025-04-01	Corynebacterium diphtheriae bv. mitis		824/20					GCF_024968525.1-RS_2025_04_01	Complete Genome	2022-09-06		1	Corynebacterium diphtheriae
GCF_014826095.1	ASM1482609v1	2025-03-31	Corynebacterium diphtheriae bv. mitis		PC0646					GCF_014826095.1-RS_2025_03_31	Complete Genome	2020-09-30		1	Corynebacterium diphtheriae
GCF_001457455.1	NCTC11397	2025-03-30	Corynebacterium diphtheriae		NCTC11397					GCF_001457455.1-RS_2025_03_30	Complete Genome	2015-03-22		1	Corynebacterium diphtheriae
GCF_902809765.1	NCTC11397	2025-03-30	Corynebacterium diphtheriae					NCTC11397		GCF_902809765.1-RS_2025_03_30	Complete Genome	2020-02-26		1	Corynebacterium diphtheriae
GCF_020736085.1	ASM2073608v1	2025-03-30	Corynebacterium diphtheriae subsp. diphtheriae		FDAARGOS_1554					GCF_020736085.1-RS_2025_03_30	Complete Genome	2021-11-03		1	Corynebacterium diphtheriae
GCF_021560115.1	ASM2156011v1	2025-03-30	Corynebacterium diphtheriae		CD1009					GCF_021560115.1-RS_2025_03_30	Complete Genome	2022-01-24		2	Corynebacterium diphtheriae
GCF_000255155.1	ASM25515v1	2025-03-27	Corynebacterium diphtheriae HC02		HC02					GCF_000255155.1-RS_2025_03_27	Complete Genome	2012-01-13		1	Corynebacterium diphtheriae
GCF_000255215.1	ASM25521v1	2025-03-27	Corynebacterium diphtheriae CDCE 8392		CDCE 8392					GCF_000255215.1-RS_2025_03_27	Complete Genome	2012-01-13		1	Corynebacterium diphtheriae
GCF_000255275.1	ASM25527v1	2025-03-20	Corynebacterium diphtheriae PW8		PW8					GCF_000255275.1-RS_2025_03_20	Complete Genome	2012-01-13		1	Corynebacterium diphtheriae
GCF_000195815.1	ASM19581v1	2025-02-16	Corynebacterium diphtheriae NCTC 13129		NCTC 13129					GCF_000195815.1-RS_2025_02_16	Complete Genome	2003-11-10		1	Corynebacterium diphtheriae
GCF_003194045.1	ASM319404v1	2025-02-07	Corynebacterium diphtheriae		BQ11					GCF_003194045.1-RS_2025_02_07	Complete Genome	2018-06-06		1	Corynebacterium diphtheriae
GCF_900638705.1	59178_D01	2025-02-07	Corynebacterium diphtheriae		NCTC3529					GCF_900638705.1-RS_2025_02_07	Complete Genome	2018-12-20		1	Corynebacterium diphtheriae
GCF_001902275.1	ASM190227v1	2025-02-07	Corynebacterium diphtheriae		B-D-16-78					GCF_001902275.1-RS_2025_02_07	Complete Genome	2016-12-13		1	Corynebacterium diphtheriae
GCF_900638715.1	59178_E01	2025-02-07	Corynebacterium diphtheriae		NCTC7838					GCF_900638715.1-RS_2025_02_07	Complete Genome	2018-12-20		1	Corynebacterium diphtheriae
GCF_021052705.1	ASM2105270v1	2025-02-07	Corynebacterium diphtheriae		SCPM-O-B-4453					GCF_021052705.1-RS_2025_02_07	Complete Genome	2021-12-06		1	Corynebacterium diphtheriae
GCF_000241875.1	ASM24187v1	2025-02-06	Corynebacterium diphtheriae 31A		31A					GCF_000241875.1-RS_2025_02_06	Complete Genome	2012-01-10		1	Corynebacterium diphtheriae
GCF_000255175.1	ASM25517v1	2025-02-06	Corynebacterium diphtheriae C7 (beta)		C7 (beta)					GCF_000255175.1-RS_2025_02_06	Complete Genome	2012-01-13		1	Corynebacterium diphtheriae
GCF_000241935.1	ASM24193v1	2025-02-06	Corynebacterium diphtheriae BH8		BH8					GCF_000241935.1-RS_2025_02_06	Complete Genome	2012-01-10		1	Corynebacterium diphtheriae
GCF_000255195.1	ASM25519v1	2025-02-06	Corynebacterium diphtheriae HC04		HC04					GCF_000255195.1-RS_2025_02_06	Complete Genome	2012-01-13		1	Corynebacterium diphtheriae
GCF_000241915.1	ASM24191v1	2025-02-06	Corynebacterium diphtheriae INCA 402		INCA 402					GCF_000241915.1-RS_2025_02_06	Complete Genome	2012-01-10		1	Corynebacterium diphtheriae
GCF_000255235.1	ASM25523v1	2025-02-06	Corynebacterium diphtheriae HC01		HC01					GCF_000255235.1-RS_2025_02_06	Complete Genome	2012-01-13		1	Corynebacterium diphtheriae
GCF_000255255.1	ASM25525v1	2025-02-06	Corynebacterium diphtheriae VA01		VA01					GCF_000255255.1-RS_2025_02_06	Complete Genome	2012-01-13		1	Corynebacterium diphtheriae
GCF_021560215.1	ASM2156021v1	2025-01-30	Corynebacterium diphtheriae		CD1075					GCF_021560215.1-RS_2025_01_30	Complete Genome	2022-01-24		1	Corynebacterium diphtheriae
GCF_020736105.1	ASM2073610v1	2024-12-22	Corynebacterium diphtheriae		FDAARGOS_1553					GCF_020736105.1-RS_2024_12_22	Complete Genome	2021-11-03		1	Corynebacterium diphtheriae
GCF_002073375.2	ASM207337v2	2024-11-20	Corynebacterium diphtheriae		FDAARGOS_197					GCF_002073375.2-RS_2024_11_20	Complete Genome	2018-02-23		1	Corynebacterium diphtheriae
GCF_024968405.1	ASM2496840v1	2024-09-20	Corynebacterium diphtheriae bv. gravis		453/18					GCF_024968405.1-RS_2024_09_20	Complete Genome	2022-09-06		1	Corynebacterium diphtheriae
GCF_024969465.1	ASM2496946v1	2024-09-20	Corynebacterium diphtheriae bv. gravis		5521/17					GCF_024969465.1-RS_2024_09_20	Complete Genome	2022-09-06		1	Corynebacterium diphtheriae
GCF_024968285.1	ASM2496828v1	2024-09-20	Corynebacterium diphtheriae bv. gravis		49390/20					GCF_024968285.1-RS_2024_09_20	Complete Genome	2022-09-06		1	Corynebacterium diphtheriae
GCF_024969365.1	ASM2496936v1	2024-09-20	Corynebacterium diphtheriae bv. gravis		14225/20					GCF_024969365.1-RS_2024_09_20	Complete Genome	2022-09-06		1	Corynebacterium diphtheriae
GCF_002155265.1	ASM215526v1	2025-08-23	Corynebacterium pseudotuberculosis		ATCC 19410					GCF_002155265.1-RS_2025_08_23	Complete Genome	2017-05-22		1	Corynebacterium pseudotuberculosis
GCF_000221625.1	ASM22162v1	2025-08-18	Corynebacterium pseudotuberculosis PAT10		PAT10					GCF_000221625.1-RS_2025_08_18	Complete Genome	2011-07-27		1	Corynebacterium pseudotuberculosis
GCF_029674585.1	ASM2967458v1	2025-08-15	Corynebacterium pseudotuberculosis		BA3					GCF_029674585.1-RS_2025_08_15	Complete Genome	2023-04-11		1	Corynebacterium pseudotuberculosis
GCF_024296985.1	ASM2429698v1	2025-07-25	Corynebacterium pseudotuberculosis		Cp_Eq_BR01					GCF_024296985.1-RS_2025_07_25	Complete Genome	2022-07-17		1	Corynebacterium pseudotuberculosis
GCF_005341445.1	ASM534144v1	2025-07-24	Corynebacterium pseudotuberculosis		Cap5W					GCF_005341445.1-RS_2025_07_24	Complete Genome	2019-05-14		1	Corynebacterium pseudotuberculosis
GCF_005341465.1	ASM534146v1	2025-07-24	Corynebacterium pseudotuberculosis		Cap4W					GCF_005341465.1-RS_2025_07_24	Complete Genome	2019-05-14		1	Corynebacterium pseudotuberculosis
GCF_002009385.1	ASM200938v1	2025-07-18	Corynebacterium pseudotuberculosis		phoP					GCF_002009385.1-RS_2025_07_18	Complete Genome	2017-03-02		1	Corynebacterium pseudotuberculosis
GCF_002953955.1	ASM295395v1	2025-07-18	Corynebacterium pseudotuberculosis		OVI03					GCF_002953955.1-RS_2025_07_18	Complete Genome	2018-02-06		1	Corynebacterium pseudotuberculosis
GCF_002953275.1	ASM295327v1	2025-07-18	Corynebacterium pseudotuberculosis		CAP3W					GCF_002953275.1-RS_2025_07_18	Complete Genome	2018-02-05		1	Corynebacterium pseudotuberculosis
GCF_002009415.1	ASM200941v1	2025-07-16	Corynebacterium pseudotuberculosis		MIC6					GCF_002009415.1-RS_2025_07_16	Complete Genome	2017-03-02		1	Corynebacterium pseudotuberculosis
GCF_000152065.3	ASM15206v3	2025-06-30	Corynebacterium pseudotuberculosis I19		I19					GCF_000152065.3-RS_2025_06_30	Complete Genome	2019-12-13		1	Corynebacterium pseudotuberculosis
GCF_000144935.2	ASM14493v3	2025-06-30	Corynebacterium pseudotuberculosis 1002		1002					GCF_000144935.2-RS_2025_06_30	Complete Genome	2020-01-27		1	Corynebacterium pseudotuberculosis
GCF_004353245.1	ASM435324v1	2025-04-19	Corynebacterium pseudotuberculosis		E7					GCF_004353245.1-RS_2025_04_19	Complete Genome	2019-03-15		1	Corynebacterium pseudotuberculosis
GCF_004323775.1	ASM432377v1	2025-04-11	Corynebacterium pseudotuberculosis		Cap1R					GCF_004323775.1-RS_2025_04_11	Complete Genome	2019-03-04		1	Corynebacterium pseudotuberculosis
GCF_000259155.4	ASM25915v4	2025-04-11	Corynebacterium pseudotuberculosis 31		31					GCF_000259155.4-RS_2025_04_11	Complete Genome	2019-12-13		1	Corynebacterium pseudotuberculosis
GCF_029674565.1	ASM2967456v1	2025-04-10	Corynebacterium pseudotuberculosis		G1					GCF_029674565.1-RS_2025_04_10	Complete Genome	2023-04-11		1	Corynebacterium pseudotuberculosis
GCF_002794435.1	ASM279443v1	2025-04-09	Corynebacterium pseudotuberculosis		PA08			A19		GCF_002794435.1-RS_2025_04_09	Complete Genome	2017-11-21		1	Corynebacterium pseudotuberculosis
GCF_001579825.2	ASM157982v2	2025-04-08	Corynebacterium pseudotuberculosis		MB11					GCF_001579825.2-RS_2025_04_08	Complete Genome	2020-01-16		1	Corynebacterium pseudotuberculosis
GCF_001969165.3	ASM196916v3	2025-04-07	Corynebacterium pseudotuberculosis		MB302					GCF_001969165.3-RS_2025_04_07	Complete Genome	2019-12-16		1	Corynebacterium pseudotuberculosis
GCF_001456175.1	ASM145617v1	2025-04-07	Corynebacterium pseudotuberculosis		PA01					GCF_001456175.1-RS_2025_04_07	Complete Genome	2015-12-03		1	Corynebacterium pseudotuberculosis
GCF_000248375.2	ASM24837v2	2025-04-07	Corynebacterium pseudotuberculosis 316		316					GCF_000248375.2-RS_2025_04_07	Complete Genome	2019-12-16		1	Corynebacterium pseudotuberculosis
GCF_000265545.3	ASM26554v3	2025-04-06	Corynebacterium pseudotuberculosis Cp162		Cp162					GCF_000265545.3-RS_2025_04_06	Complete Genome	2019-12-16		1	Corynebacterium pseudotuberculosis
GCF_000227605.3	ASM22760v3	2025-04-06	Corynebacterium pseudotuberculosis CIP 52.97		CIP 52.97					GCF_000227605.3-RS_2025_04_06	Complete Genome	2019-12-13		1	Corynebacterium pseudotuberculosis
GCF_004332355.1	ASM433235v1	2025-04-04	Corynebacterium pseudotuberculosis		38MAT					GCF_004332355.1-RS_2025_04_04	Complete Genome	2019-03-07		1	Corynebacterium pseudotuberculosis
GCF_004941425.1	ASM494142v1	2025-04-04	Corynebacterium pseudotuberculosis		OVI1FL					GCF_004941425.1-RS_2025_04_04	Complete Genome	2019-04-30		1	Corynebacterium pseudotuberculosis
GCF_004771435.1	ASM477143v1	2025-04-04	Corynebacterium pseudotuberculosis		Cap1C					GCF_004771435.1-RS_2025_04_04	Complete Genome	2019-04-11		1	Corynebacterium pseudotuberculosis
GCF_000144675.2	ASM14467v2	2025-04-04	Corynebacterium pseudotuberculosis C231		C231					GCF_000144675.2-RS_2025_04_04	Complete Genome	2020-01-16		1	Corynebacterium pseudotuberculosis
GCF_009762635.1	ASM976263v1	2025-04-03	Corynebacterium pseudotuberculosis		sigB					GCF_009762635.1-RS_2025_04_03	Complete Genome	2019-12-18		1	Corynebacterium pseudotuberculosis
GCF_009905175.1	ASM990517v1	2025-04-03	Corynebacterium pseudotuberculosis		SigD					GCF_009905175.1-RS_2025_04_03	Complete Genome	2020-01-19		1	Corynebacterium pseudotuberculosis
GCF_009762655.1	ASM976265v1	2025-04-03	Corynebacterium pseudotuberculosis		SigH					GCF_009762655.1-RS_2025_04_03	Complete Genome	2019-12-18		1	Corynebacterium pseudotuberculosis
GCF_002072715.1	ASM207271v1	2025-04-03	Corynebacterium pseudotuberculosis		SigmaE					GCF_002072715.1-RS_2025_04_03	Complete Genome	2017-03-27		1	Corynebacterium pseudotuberculosis
GCF_004332375.1	ASM433237v1	2025-04-03	Corynebacterium pseudotuberculosis		04MAT					GCF_004332375.1-RS_2025_04_03	Complete Genome	2019-03-07		1	Corynebacterium pseudotuberculosis
GCF_000143705.2	ASM14370v2	2025-04-03	Corynebacterium pseudotuberculosis FRC41		FRC41					GCF_000143705.2-RS_2025_04_03	Complete Genome	2019-12-13		1	Corynebacterium pseudotuberculosis
GCF_001026945.2	ASM102694v2	2025-04-02	Corynebacterium pseudotuberculosis		29156					GCF_001026945.2-RS_2025_04_02	Complete Genome	2020-01-27		1	Corynebacterium pseudotuberculosis
GCF_004193655.1	ASM419365v1	2025-04-02	Corynebacterium pseudotuberculosis		CAPNAT1					GCF_004193655.1-RS_2025_04_02	Complete Genome	2019-02-13		1	Corynebacterium pseudotuberculosis
GCF_004193635.1	ASM419363v1	2025-04-02	Corynebacterium pseudotuberculosis		CR07					GCF_004193635.1-RS_2025_04_02	Complete Genome	2019-02-13		1	Corynebacterium pseudotuberculosis
GCF_004193955.1	ASM419395v1	2025-04-02	Corynebacterium pseudotuberculosis		87MAT					GCF_004193955.1-RS_2025_04_02	Complete Genome	2019-02-13		1	Corynebacterium pseudotuberculosis
GCF_004295625.1	ASM429562v1	2025-04-02	Corynebacterium pseudotuberculosis		99MAT					GCF_004295625.1-RS_2025_04_02	Complete Genome	2019-02-25		1	Corynebacterium pseudotuberculosis
GCF_004193695.1	ASM419369v1	2025-04-02	Corynebacterium pseudotuberculosis		CAPMI05					GCF_004193695.1-RS_2025_04_02	Complete Genome	2019-02-13		1	Corynebacterium pseudotuberculosis
GCF_004323755.1	ASM432375v1	2025-04-02	Corynebacterium pseudotuberculosis		Cap8W					GCF_004323755.1-RS_2025_04_02	Complete Genome	2019-03-04		1	Corynebacterium pseudotuberculosis
GCF_003955905.1	ASM395590v1	2025-04-02	Corynebacterium pseudotuberculosis		OVIAF1					GCF_003955905.1-RS_2025_04_02	Complete Genome	2018-12-19		1	Corynebacterium pseudotuberculosis
GCF_004193675.1	ASM419367v1	2025-04-02	Corynebacterium pseudotuberculosis		CAPMI03					GCF_004193675.1-RS_2025_04_02	Complete Genome	2019-02-13		1	Corynebacterium pseudotuberculosis
GCF_003955885.1	ASM395588v1	2025-04-02	Corynebacterium pseudotuberculosis		Cap1W					GCF_003955885.1-RS_2025_04_02	Complete Genome	2018-12-19		1	Corynebacterium pseudotuberculosis
GCF_000814865.1	ASM81486v1	2025-04-02	Corynebacterium pseudotuberculosis		VD57					GCF_000814865.1-RS_2025_04_02	Complete Genome	2015-01-06		1	Corynebacterium pseudotuberculosis
GCF_001433475.1	ASM143347v1	2025-04-02	Corynebacterium pseudotuberculosis		1002B					GCF_001433475.1-RS_2025_04_02	Complete Genome	2015-11-05		1	Corynebacterium pseudotuberculosis
GCF_009762615.1	ASM976261v1	2025-04-02	Corynebacterium pseudotuberculosis		SigK					GCF_009762615.1-RS_2025_04_02	Complete Genome	2019-12-18		1	Corynebacterium pseudotuberculosis
GCF_000241855.1	ASM24185v1	2025-03-27	Corynebacterium pseudotuberculosis 3/99-5		3/99-5					GCF_000241855.1-RS_2025_03_27	Complete Genome	2012-01-10		1	Corynebacterium pseudotuberculosis
GCF_000227175.1	ASM22717v1	2025-03-27	Corynebacterium pseudotuberculosis 42/02-A		42/02-A					GCF_000227175.1-RS_2025_03_27	Complete Genome	2011-10-03		1	Corynebacterium pseudotuberculosis
GCF_000263755.5	ASM26375v3	2025-03-22	Corynebacterium pseudotuberculosis 258		258					GCF_000263755.5-RS_2025_03_22	Complete Genome	2019-12-13		1	Corynebacterium pseudotuberculosis
GCF_000258385.1	ASM25838v1	2025-03-20	Corynebacterium pseudotuberculosis 267		267					GCF_000258385.1-RS_2025_03_20	Complete Genome	2012-04-10		1	Corynebacterium pseudotuberculosis
GCF_052059955.1	ASM5205995v1	2025-08-16	Edwardsiella ictaluri		A21-00102					GCF_052059955.1-RS_2025_08_16	Complete Genome	2025-08-15	JBQERV01	4	Edwardsiella ictaluri
GCF_030347235.1	ASM3034723v1	2025-06-27	Edwardsiella ictaluri		YCH					GCF_030347235.1-RS_2025_06_27	Complete Genome	2023-06-22		3	Edwardsiella ictaluri
GCF_003074995.2	ASM307499v2	2025-04-02	Edwardsiella ictaluri		S07-698					GCF_003074995.2-RS_2025_04_02	Complete Genome	2021-10-12		3	Edwardsiella ictaluri
GCF_003054425.1	ASM305442v1	2025-04-02	Edwardsiella ictaluri		MS-17-156					GCF_003054425.1-RS_2025_04_02	Complete Genome	2018-04-17		3	Edwardsiella ictaluri
GCF_025665395.1	ASM2566539v1	2025-04-02	Edwardsiella ictaluri		E9-302					GCF_025665395.1-RS_2025_04_02	Complete Genome	2022-10-12		3	Edwardsiella ictaluri
GCF_025665375.1	ASM2566537v1	2025-04-01	Edwardsiella ictaluri		669					GCF_025665375.1-RS_2025_04_01	Complete Genome	2022-10-12		3	Edwardsiella ictaluri
GCF_003058405.2	ASM305840v2	2025-03-09	Edwardsiella ictaluri		S97-773					GCF_003058405.2-RS_2025_03_09	Complete Genome	2021-10-15		3	Edwardsiella ictaluri
GCF_047783105.1	ASM4778310v1	2025-02-17	Edwardsiella ictaluri		HCF-1					GCF_047783105.1-RS_2025_02_17	Complete Genome	2025-02-17		3	Edwardsiella ictaluri
GCF_047783115.1	ASM4778311v1	2025-02-17	Edwardsiella ictaluri		T3-F2 AAHRU					GCF_047783115.1-RS_2025_02_17	Complete Genome	2025-02-17		3	Edwardsiella ictaluri
GCF_047783205.1	ASM4778320v1	2025-02-17	Edwardsiella ictaluri		S94-1051					GCF_047783205.1-RS_2025_02_17	Complete Genome	2025-02-17		4	Edwardsiella ictaluri
GCF_047783175.1	ASM4778317v1	2025-02-17	Edwardsiella ictaluri		RE-33					GCF_047783175.1-RS_2025_02_17	Complete Genome	2025-02-17		6	Edwardsiella ictaluri
GCF_047783185.1	ASM4778318v1	2025-02-17	Edwardsiella ictaluri		EILO					GCF_047783185.1-RS_2025_02_17	Complete Genome	2025-02-17		3	Edwardsiella ictaluri
GCF_047783145.1	ASM4778314v1	2025-02-17	Edwardsiella ictaluri		HCF #4 Smooth					GCF_047783145.1-RS_2025_02_17	Complete Genome	2025-02-17		4	Edwardsiella ictaluri
GCF_047783135.1	ASM4778313v1	2025-02-17	Edwardsiella ictaluri		HCF #4 Rough					GCF_047783135.1-RS_2025_02_17	Complete Genome	2025-02-17		4	Edwardsiella ictaluri
GCF_047783215.1	ASM4778321v1	2025-02-17	Edwardsiella ictaluri		30IA NewJersey					GCF_047783215.1-RS_2025_02_17	Complete Genome	2025-02-17		2	Edwardsiella ictaluri
GCF_016070975.1	ASM1607097v1	2025-02-15	Edwardsiella ictaluri		T1-1					GCF_016070975.1-RS_2025_02_15	Complete Genome	2020-12-15		3	Edwardsiella ictaluri
GCF_016070795.1	ASM1607079v1	2025-02-15	Edwardsiella ictaluri		2234					GCF_016070795.1-RS_2025_02_15	Complete Genome	2020-12-15		4	Edwardsiella ictaluri
GCF_002076875.1	ASM207687v1	2025-02-08	Edwardsiella ictaluri		RUSVM-1					GCF_002076875.1-RS_2025_02_08	Complete Genome	2017-04-03		1	Edwardsiella ictaluri
GCF_000022885.2	ASM2288v2	2024-11-28	Edwardsiella ictaluri 93-146		93-146					GCF_000022885.2-RS_2024_11_28	Complete Genome	2012-10-16		1	Edwardsiella ictaluri
GCF_044226155.1	ASM4422615v1	2024-11-02	Edwardsiella ictaluri		S19-327					GCF_044226155.1-RS_2024_11_02	Complete Genome	2024-11-02		4	Edwardsiella ictaluri
GCF_044223715.1	ASM4422371v1	2024-11-02	Edwardsiella ictaluri		S17-478					GCF_044223715.1-RS_2024_11_02	Complete Genome	2024-11-02		4	Edwardsiella ictaluri
GCF_044218795.1	ASM4421879v1	2024-11-02	Edwardsiella ictaluri		S13-645					GCF_044218795.1-RS_2024_11_02	Complete Genome	2024-11-02		4	Edwardsiella ictaluri
GCF_044218805.1	ASM4421880v1	2024-11-02	Edwardsiella ictaluri		S14-635					GCF_044218805.1-RS_2024_11_02	Complete Genome	2024-11-02		4	Edwardsiella ictaluri
GCF_044223945.1	ASM4422394v1	2024-11-02	Edwardsiella ictaluri		S18-605					GCF_044223945.1-RS_2024_11_02	Complete Genome	2024-11-02		4	Edwardsiella ictaluri
GCF_044221295.1	ASM4422129v1	2024-11-02	Edwardsiella ictaluri		S15-424					GCF_044221295.1-RS_2024_11_02	Complete Genome	2024-11-02		4	Edwardsiella ictaluri
GCF_044221095.1	ASM4422109v1	2024-11-02	Edwardsiella ictaluri		S15-163					GCF_044221095.1-RS_2024_11_02	Complete Genome	2024-11-02		5	Edwardsiella ictaluri
GCF_044223725.1	ASM4422372v1	2024-11-02	Edwardsiella ictaluri		S17-753					GCF_044223725.1-RS_2024_11_02	Complete Genome	2024-11-02		4	Edwardsiella ictaluri
GCF_044221075.1	ASM4422107v1	2024-11-02	Edwardsiella ictaluri		S14-377					GCF_044221075.1-RS_2024_11_02	Complete Genome	2024-11-02		3	Edwardsiella ictaluri
GCF_044230515.1	ASM4423051v1	2024-11-02	Edwardsiella ictaluri		13-TAL-140K3					GCF_044230515.1-RS_2024_11_02	Complete Genome	2024-11-02		3	Edwardsiella ictaluri
GCF_044228665.1	ASM4422866v1	2024-11-02	Edwardsiella ictaluri		12-TAL-295-K					GCF_044228665.1-RS_2024_11_02	Complete Genome	2024-11-02		3	Edwardsiella ictaluri
GCF_044228655.1	ASM4422865v1	2024-11-02	Edwardsiella ictaluri		12-TAL-294-B4					GCF_044228655.1-RS_2024_11_02	Complete Genome	2024-11-02		3	Edwardsiella ictaluri
GCF_044230575.1	ASM4423057v1	2024-11-02	Edwardsiella ictaluri		15-TAL067-K					GCF_044230575.1-RS_2024_11_02	Complete Genome	2024-11-02		3	Edwardsiella ictaluri
GCF_044231285.1	ASM4423128v1	2024-11-02	Edwardsiella ictaluri		TAL-152-K5					GCF_044231285.1-RS_2024_11_02	Complete Genome	2024-11-02		3	Edwardsiella ictaluri
GCF_044228845.1	ASM4422884v1	2024-11-02	Edwardsiella ictaluri		13-TAL-118					GCF_044228845.1-RS_2024_11_02	Complete Genome	2024-11-02		3	Edwardsiella ictaluri
GCF_044230525.1	ASM4423052v1	2024-11-02	Edwardsiella ictaluri		14-TAL-019-BIA					GCF_044230525.1-RS_2024_11_02	Complete Genome	2024-11-02		3	Edwardsiella ictaluri
GCF_044226165.1	ASM4422616v1	2024-11-02	Edwardsiella ictaluri		LADL-11-149-B					GCF_044226165.1-RS_2024_11_02	Complete Genome	2024-11-02		3	Edwardsiella ictaluri
GCF_044226345.1	ASM4422634v1	2024-11-02	Edwardsiella ictaluri		LADL-11-184-A					GCF_044226345.1-RS_2024_11_02	Complete Genome	2024-11-02		3	Edwardsiella ictaluri
GCF_042638265.1	ASM4263826v1	2024-10-06	Edwardsiella ictaluri		Ei-64					GCF_042638265.1-RS_2024_10_06	Complete Genome	2024-10-11		4	Edwardsiella ictaluri
GCF_042638315.1	ASM4263831v1	2024-10-06	Edwardsiella ictaluri		Ei-85					GCF_042638315.1-RS_2024_10_06	Complete Genome	2024-10-11		3	Edwardsiella ictaluri
GCF_042638255.1	ASM4263825v1	2024-10-06	Edwardsiella ictaluri		Ei-60					GCF_042638255.1-RS_2024_10_06	Complete Genome	2024-10-11		4	Edwardsiella ictaluri
GCF_042638245.1	ASM4263824v1	2024-10-06	Edwardsiella ictaluri		Ei-59					GCF_042638245.1-RS_2024_10_06	Complete Genome	2024-10-11		4	Edwardsiella ictaluri
GCF_042638145.1	ASM4263814v1	2024-10-06	Edwardsiella ictaluri		Ei-E137					GCF_042638145.1-RS_2024_10_06	Complete Genome	2024-10-11		4	Edwardsiella ictaluri
GCF_042638135.1	ASM4263813v1	2024-10-06	Edwardsiella ictaluri		Ei-E126					GCF_042638135.1-RS_2024_10_06	Complete Genome	2024-10-11		5	Edwardsiella ictaluri
GCF_042638175.1	ASM4263817v1	2024-10-06	Edwardsiella ictaluri		Ei-40shipment7					GCF_042638175.1-RS_2024_10_06	Complete Genome	2024-10-11		4	Edwardsiella ictaluri
GCF_042638215.1	ASM4263821v1	2024-10-05	Edwardsiella ictaluri		Ei-VN5					GCF_042638215.1-RS_2024_10_05	Complete Genome	2024-10-11		2	Edwardsiella ictaluri
GCF_042638345.1	ASM4263834v1	2024-10-05	Edwardsiella ictaluri		Ei-77cfu1pp					GCF_042638345.1-RS_2024_10_05	Complete Genome	2024-10-11		3	Edwardsiella ictaluri
GCF_042638355.1	ASM4263835v1	2024-10-05	Edwardsiella ictaluri		Ei-80					GCF_042638355.1-RS_2024_10_05	Complete Genome	2024-10-11		3	Edwardsiella ictaluri
GCF_042638235.1	ASM4263823v1	2024-10-05	Edwardsiella ictaluri		Ei-57					GCF_042638235.1-RS_2024_10_05	Complete Genome	2024-10-11		3	Edwardsiella ictaluri
GCF_042638225.1	ASM4263822v1	2024-10-05	Edwardsiella ictaluri		Ei-54					GCF_042638225.1-RS_2024_10_05	Complete Genome	2024-10-11		3	Edwardsiella ictaluri
GCF_042638335.1	ASM4263833v1	2024-10-05	Edwardsiella ictaluri		Ei-71					GCF_042638335.1-RS_2024_10_05	Complete Genome	2024-10-11		2	Edwardsiella ictaluri
GCF_052368665.1	ASM5236866v1	2025-09-01	Elizabethkingia anophelis		2008N05-106					GCF_052368665.1-RS_2025_09_01	Complete Genome	2025-09-01		1	Elizabethkingia anophelis
GCF_052368345.1	ASM5236834v1	2025-09-01	Elizabethkingia anophelis		2008N05-106_exbD					GCF_052368345.1-RS_2025_09_01	Complete Genome	2025-09-01		1	Elizabethkingia anophelis
GCF_052368395.1	ASM5236839v1	2025-09-01	Elizabethkingia anophelis		2008N05-106_pbp4					GCF_052368395.1-RS_2025_09_01	Complete Genome	2025-09-01		1	Elizabethkingia anophelis
GCF_052368715.1	ASM5236871v1	2025-09-01	Elizabethkingia anophelis		2008S01-229-VAN-R					GCF_052368715.1-RS_2025_09_01	Complete Genome	2025-09-01		1	Elizabethkingia anophelis
GCF_029873315.1	ASM2987331v1	2025-08-26	Elizabethkingia anophelis		AWYL_1					GCF_029873315.1-RS_2025_08_26	Complete Genome	2023-04-26		1	Elizabethkingia anophelis
GCF_002023235.2	ASM202323v2	2025-08-24	Elizabethkingia anophelis		E6809					GCF_002023235.2-RS_2025_08_24	Complete Genome	2017-03-09		1	Elizabethkingia anophelis
GCF_028898485.1	ASM2889848v3	2025-08-09	Elizabethkingia anophelis		2023CK-00282					GCF_028898485.1-RS_2025_08_09	Complete Genome	2023-08-09		1	Elizabethkingia anophelis
GCF_024205645.1	ASM2420564v1	2025-07-20	Elizabethkingia anophelis		344-1					GCF_024205645.1-RS_2025_07_20	Complete Genome	2022-07-11		1	Elizabethkingia anophelis
GCF_024205525.1	ASM2420552v1	2025-07-20	Elizabethkingia anophelis		347-10					GCF_024205525.1-RS_2025_07_20	Complete Genome	2022-07-11		1	Elizabethkingia anophelis
GCF_024205545.1	ASM2420554v1	2025-07-20	Elizabethkingia anophelis		346-72					GCF_024205545.1-RS_2025_07_20	Complete Genome	2022-07-11		1	Elizabethkingia anophelis
GCF_024205565.1	ASM2420556v1	2025-07-20	Elizabethkingia anophelis		346-66					GCF_024205565.1-RS_2025_07_20	Complete Genome	2022-07-11		1	Elizabethkingia anophelis
GCF_024205425.1	ASM2420542v1	2025-07-20	Elizabethkingia anophelis		351-72					GCF_024205425.1-RS_2025_07_20	Complete Genome	2022-07-11		1	Elizabethkingia anophelis
GCF_024205445.1	ASM2420544v1	2025-07-20	Elizabethkingia anophelis		349-83					GCF_024205445.1-RS_2025_07_20	Complete Genome	2022-07-11		1	Elizabethkingia anophelis
GCF_024205465.1	ASM2420546v1	2025-07-20	Elizabethkingia anophelis		347-96					GCF_024205465.1-RS_2025_07_20	Complete Genome	2022-07-11		1	Elizabethkingia anophelis
GCF_024205625.1	ASM2420562v1	2025-07-20	Elizabethkingia anophelis		277-17					GCF_024205625.1-RS_2025_07_20	Complete Genome	2022-07-11		2	Elizabethkingia anophelis
GCF_024205085.1	ASM2420508v1	2025-07-19	Elizabethkingia anophelis		367-19					GCF_024205085.1-RS_2025_07_19	Complete Genome	2022-07-11		1	Elizabethkingia anophelis
GCF_024205105.1	ASM2420510v1	2025-07-19	Elizabethkingia anophelis		362-2					GCF_024205105.1-RS_2025_07_19	Complete Genome	2022-07-11		1	Elizabethkingia anophelis
GCF_024205185.1	ASM2420518v1	2025-07-19	Elizabethkingia anophelis		354-72					GCF_024205185.1-RS_2025_07_19	Complete Genome	2022-07-11		1	Elizabethkingia anophelis
GCF_927611535.1	EAV_NVH72 complete genome sequence	2025-06-03	Elizabethkingia anophelis		EAV_NVH72			EAV_NVH72		GCF_927611535.1-RS_2025_06_03	Complete Genome	2023-06-01		1	Elizabethkingia anophelis
GCF_951394135.1	EAV_NNN508 complete genome sequence	2025-06-03	Elizabethkingia anophelis		EAV_NNN508			EAV_NNN508		GCF_951394135.1-RS_2025_06_03	Complete Genome	2023-06-01		1	Elizabethkingia anophelis
GCF_927611585.1	EAV_NVB490 complete genome sequence	2025-06-03	Elizabethkingia anophelis		EAV_NVB490			EAV_NVB490		GCF_927611585.1-RS_2025_06_03	Complete Genome	2023-06-01		1	Elizabethkingia anophelis
GCF_927611525.1	EAV_VTKC53 complete genome sequence	2025-06-03	Elizabethkingia anophelis		EAV_VTKC53			EAV_VTKC53		GCF_927611525.1-RS_2025_06_03	Complete Genome	2023-06-01		1	Elizabethkingia anophelis
GCF_002022045.1	ASM202204v1	2025-05-21	Elizabethkingia anophelis		JM-87					GCF_002022045.1-RS_2025_05_21	Complete Genome	2017-03-06		1	Elizabethkingia anophelis
GCF_023092945.1	ASM2309294v2	2025-05-11	Elizabethkingia anophelis		2022CK-00262					GCF_023092945.1-RS_2025_05_11	Complete Genome	2023-01-17		2	Elizabethkingia anophelis
GCF_025449135.1	ASM2544913v1	2025-04-02	Elizabethkingia anophelis		C08					GCF_025449135.1-RS_2025_04_02	Complete Genome	2022-09-28		1	Elizabethkingia anophelis
GCF_002022065.1	ASM202206v1	2025-03-05	Elizabethkingia anophelis		3375					GCF_002022065.1-RS_2025_03_05	Complete Genome	2017-03-06		1	Elizabethkingia anophelis
GCF_002022025.1	ASM202202v1	2025-03-05	Elizabethkingia anophelis		0422					GCF_002022025.1-RS_2025_03_05	Complete Genome	2017-03-06		1	Elizabethkingia anophelis
GCF_002024825.1	ASM202482v1	2025-03-05	Elizabethkingia anophelis		F3543					GCF_002024825.1-RS_2025_03_05	Complete Genome	2017-03-10		1	Elizabethkingia anophelis
GCF_001618465.2	ASM161846v2	2025-03-03	Elizabethkingia anophelis		CSID_3015183684					GCF_001618465.2-RS_2025_03_03	Complete Genome	2016-04-20		1	Elizabethkingia anophelis
GCF_001618545.2	ASM161854v2	2025-03-03	Elizabethkingia anophelis		CSID_3015183681					GCF_001618545.2-RS_2025_03_03	Complete Genome	2016-04-20		1	Elizabethkingia anophelis
GCF_001618505.2	ASM161850v2	2025-03-03	Elizabethkingia anophelis		CSID_3000521207					GCF_001618505.2-RS_2025_03_03	Complete Genome	2016-04-20		1	Elizabethkingia anophelis
GCF_001011675.1	ASM101167v1	2025-03-03	Elizabethkingia anophelis FMS-007		FMS-007					GCF_001011675.1-RS_2025_03_03	Complete Genome	2015-05-21		1	Elizabethkingia anophelis
GCF_000495935.2	ASM49593v2	2025-01-06	Elizabethkingia anophelis NUHP1		NUHP1					GCF_000495935.2-RS_2025_01_06	Complete Genome	2014-08-27		1	Elizabethkingia anophelis
GCF_009810215.1	ASM981021v1	2024-12-11	Elizabethkingia anophelis		JUNP353					GCF_009810215.1-RS_2024_12_11	Complete Genome	2019-12-21		1	Elizabethkingia anophelis
GCF_024205125.1	ASM2420512v1	2024-12-11	Elizabethkingia anophelis		356-17					GCF_024205125.1-RS_2024_12_11	Complete Genome	2022-07-11		1	Elizabethkingia anophelis
GCF_024205505.1	ASM2420550v1	2024-12-11	Elizabethkingia anophelis		347-50					GCF_024205505.1-RS_2024_12_11	Complete Genome	2022-07-11		1	Elizabethkingia anophelis
GCF_002277995.2	ASM227799v2	2024-12-11	Elizabethkingia anophelis		FDAARGOS_198					GCF_002277995.2-RS_2024_12_11	Complete Genome	2018-03-02		1	Elizabethkingia anophelis
GCF_045690275.1	ASM4569027v1	2024-12-05	Elizabethkingia anophelis		2024CK-00125					GCF_045690275.1-RS_2024_12_05	Complete Genome	2024-12-06		1	Elizabethkingia anophelis
GCF_045571555.1	ASM4557155v1	2024-12-04	Elizabethkingia anophelis		ES-CHC077					GCF_045571555.1-RS_2024_12_04	Complete Genome	2024-12-07		1	Elizabethkingia anophelis
GCF_045571545.1	ASM4557154v1	2024-12-04	Elizabethkingia anophelis		ES-CHC014					GCF_045571545.1-RS_2024_12_04	Complete Genome	2024-12-07		1	Elizabethkingia anophelis
GCF_045571535.1	ASM4557153v1	2024-12-04	Elizabethkingia anophelis		ES-CHC078					GCF_045571535.1-RS_2024_12_04	Complete Genome	2024-12-07		1	Elizabethkingia anophelis
GCF_045571525.1	ASM4557152v1	2024-12-04	Elizabethkingia anophelis		ES-CHC079					GCF_045571525.1-RS_2024_12_04	Complete Genome	2024-12-07		1	Elizabethkingia anophelis
GCF_031101875.1	ASM3110187v3	2024-11-20	Elizabethkingia anophelis		2023CK-00934					GCF_031101875.1-RS_2024_11_20	Complete Genome	2024-11-02		1	Elizabethkingia anophelis
GCF_037008785.1	ASM3700878v2	2024-11-20	Elizabethkingia anophelis		2024CK-00261					GCF_037008785.1-RS_2024_11_20	Complete Genome	2024-11-02		1	Elizabethkingia anophelis
GCF_044325005.1	ASM4432500v1	2024-11-03	Elizabethkingia anophelis		Eli6					GCF_044325005.1-RS_2024_11_03	Complete Genome	2024-11-04		1	Elizabethkingia anophelis
GCF_044324995.1	ASM4432499v1	2024-11-03	Elizabethkingia anophelis		Eli5					GCF_044324995.1-RS_2024_11_03	Complete Genome	2024-11-04		1	Elizabethkingia anophelis
GCF_044324985.1	ASM4432498v1	2024-11-03	Elizabethkingia anophelis		Eli4					GCF_044324985.1-RS_2024_11_03	Complete Genome	2024-11-04		1	Elizabethkingia anophelis
GCF_044325015.1	ASM4432501v1	2024-11-03	Elizabethkingia anophelis		Eli8					GCF_044325015.1-RS_2024_11_03	Complete Genome	2024-11-04		1	Elizabethkingia anophelis
GCF_044324955.1	ASM4432495v1	2024-11-03	Elizabethkingia anophelis		Eli1					GCF_044324955.1-RS_2024_11_03	Complete Genome	2024-11-04		1	Elizabethkingia anophelis
GCF_014702245.1	ASM1470224v1	2024-10-25	Elizabethkingia anophelis		SUE					GCF_014702245.1-RS_2024_10_25	Complete Genome	2020-09-22		1	Elizabethkingia anophelis
GCF_024599655.1	ASM2459965v1	2025-08-24	Enterobacter asburiae		R_A5.MM					GCF_024599655.1-RS_2025_08_24	Complete Genome	2022-08-09		1	Enterobacter asburiae
GCF_052039465.1	ASM5203946v1	2025-08-15	Enterobacter asburiae		NY14333					GCF_052039465.1-RS_2025_08_15	Complete Genome	2025-08-16		3	Enterobacter asburiae
GCF_051903055.1	ASM5190305v1	2025-08-08	Enterobacter asburiae		NY14272					GCF_051903055.1-RS_2025_08_08	Complete Genome	2025-08-09		4	Enterobacter asburiae
GCF_030505295.1	ASM3050529v1	2025-07-18	Enterobacter asburiae		IK3					GCF_030505295.1-RS_2025_07_18	Complete Genome	2023-07-19		5	Enterobacter asburiae
GCF_030444575.1	ASM3044457v1	2025-07-16	Enterobacter asburiae		BP16m1					GCF_030444575.1-RS_2025_07_16	Complete Genome	2023-07-13		3	Enterobacter asburiae
GCF_030444555.1	ASM3044455v1	2025-07-16	Enterobacter asburiae		MP4m4					GCF_030444555.1-RS_2025_07_16	Complete Genome	2023-07-13		3	Enterobacter asburiae
GCF_030444535.1	ASM3044453v1	2025-07-16	Enterobacter asburiae		MO13m20					GCF_030444535.1-RS_2025_07_16	Complete Genome	2023-07-13		14	Enterobacter asburiae
GCF_030406145.1	ASM3040614v1	2025-07-06	Enterobacter asburiae		RG1					GCF_030406145.1-RS_2025_07_06	Complete Genome	2023-07-04		1	Enterobacter asburiae
GCF_050883555.1	ASM5088355v1	2025-06-11	Enterobacter asburiae		NY3233					GCF_050883555.1-RS_2025_06_11	Complete Genome	2025-06-12		3	Enterobacter asburiae
GCF_030179835.1	ASM3017983v1	2025-06-05	Enterobacter asburiae		2017-45-54-05					GCF_030179835.1-RS_2025_06_05	Complete Genome	2023-06-06		5	Enterobacter asburiae
GCF_030179805.1	ASM3017980v1	2025-06-05	Enterobacter asburiae		2017-45-80					GCF_030179805.1-RS_2025_06_05	Complete Genome	2023-06-06		3	Enterobacter asburiae
GCF_008364575.2	ASM836457v2	2025-06-05	Enterobacter asburiae		E2					GCF_008364575.2-RS_2025_06_05	Complete Genome	2024-06-06		1	Enterobacter asburiae
GCF_023023265.1	ASM2302326v1	2025-05-21	Enterobacter asburiae		AR0468-yvys					GCF_023023265.1-RS_2025_05_21	Complete Genome	2022-04-18		8	Enterobacter asburiae
GCF_023023045.1	ASM2302304v1	2025-05-21	Enterobacter asburiae		161373-yvys					GCF_023023045.1-RS_2025_05_21	Complete Genome	2022-04-18		4	Enterobacter asburiae
GCF_039623865.1	ASM3962386v1	2025-05-18	Enterobacter asburiae		WUM-UW/843					GCF_039623865.1-RS_2025_05_18	Complete Genome	2024-05-18		3	Enterobacter asburiae
GCF_019968865.1	ASM1996886v1	2025-05-13	Enterobacter asburiae		JBIWA002					GCF_019968865.1-RS_2025_05_13	Complete Genome	2021-09-14		6	Enterobacter asburiae
GCF_019968785.1	ASM1996878v1	2025-05-13	Enterobacter asburiae		JBIWA007					GCF_019968785.1-RS_2025_05_13	Complete Genome	2021-09-14		5	Enterobacter asburiae
GCF_050158175.1	ASM5015817v1	2025-05-07	Enterobacter asburiae		A26618					GCF_050158175.1-RS_2025_05_07	Complete Genome	2025-05-14		5	Enterobacter asburiae
GCF_038727575.1	ASM3872757v1	2025-05-02	Enterobacter asburiae		GDFQ9D152					GCF_038727575.1-RS_2025_05_02	Complete Genome	2024-05-03		4	Enterobacter asburiae
GCF_035556915.1	ASM3555691v2	2025-04-21	Enterobacter asburiae		2024CK-00035					GCF_035556915.1-RS_2025_04_21	Complete Genome	2024-04-06		1	Enterobacter asburiae
GCF_023023145.1	ASM2302314v1	2025-04-14	Enterobacter asburiae		AR2284-yvys					GCF_023023145.1-RS_2025_04_14	Complete Genome	2022-04-18		4	Enterobacter asburiae
GCF_023101705.1	ASM2310170v1	2025-04-14	Enterobacter asburiae		16773-yvys					GCF_023101705.1-RS_2025_04_14	Complete Genome	2022-04-18		7	Enterobacter asburiae
GCF_013784425.1	ASM1378442v1	2025-04-14	Enterobacter asburiae		RHBSTW-00516					GCF_013784425.1-RS_2025_04_14	Complete Genome	2020-07-28		1	Enterobacter asburiae
GCF_013782005.1	ASM1378200v1	2025-04-14	Enterobacter asburiae		RHBSTW-01009					GCF_013782005.1-RS_2025_04_14	Complete Genome	2020-07-28		3	Enterobacter asburiae
GCF_009811955.2	SM1_v3	2025-04-11	Enterobacter asburiae		SM1					GCF_009811955.2-RS_2025_04_11	Complete Genome	2025-04-15		1	Enterobacter asburiae
GCF_013740195.1	ASM1374019v1	2025-04-09	Enterobacter asburiae		RHBSTW-00542					GCF_013740195.1-RS_2025_04_09	Complete Genome	2020-07-27		5	Enterobacter asburiae
GCF_022570715.1	ASM2257071v1	2025-04-08	Enterobacter asburiae		5549					GCF_022570715.1-RS_2025_04_08	Complete Genome	2022-03-15		3	Enterobacter asburiae
GCF_028622135.1	ASM2862213v1	2025-03-25	Enterobacter asburiae		2022CK-00757					GCF_028622135.1-RS_2025_03_25	Complete Genome	2023-02-15		5	Enterobacter asburiae
GCF_027595525.1	ASM2759552v1	2025-02-21	Enterobacter asburiae		S3_CRE3					GCF_027595525.1-RS_2025_02_21	Complete Genome	2023-01-09		1	Enterobacter asburiae
GCF_016027695.1	ASM1602769v1	2025-02-14	Enterobacter asburiae		FDAARGOS_892					GCF_016027695.1-RS_2025_02_14	Complete Genome	2020-12-14		3	Enterobacter asburiae
GCF_011396735.1	ASM1139673v1	2025-02-13	Enterobacter asburiae		A2563					GCF_011396735.1-RS_2025_02_13	Complete Genome	2020-02-06		1	Enterobacter asburiae
GCF_007035645.1	ASM703564v1	2025-02-13	Enterobacter asburiae		1808-013					GCF_007035645.1-RS_2025_02_13	Complete Genome	2019-05-14		2	Enterobacter asburiae
GCF_001022095.1	ASM102209v1	2025-01-31	Enterobacter asburiae		CAV1043					GCF_001022095.1-RS_2025_01_31	Complete Genome	2015-06-09		7	Enterobacter asburiae
GCF_000632395.1	ASM63239v1	2025-01-31	Enterobacter asburiae L1		L1					GCF_000632395.1-RS_2025_01_31	Complete Genome	2014-04-15		1	Enterobacter asburiae
GCF_047159435.1	ASM4715943v1	2025-01-26	Enterobacter asburiae		GPC19-245					GCF_047159435.1-RS_2025_01_26	Complete Genome	2025-01-26		2	Enterobacter asburiae
GCF_015168595.1	ASM1516859v1	2024-12-21	Enterobacter asburiae		SD4L					GCF_015168595.1-RS_2024_12_21	Complete Genome	2020-11-02		2	Enterobacter asburiae
GCF_034331165.1	ASM3433116v2	2024-12-16	Enterobacter asburiae		2023CK-01510					GCF_034331165.1-RS_2024_12_16	Complete Genome	2024-12-06		2	Enterobacter asburiae
GCF_007035805.1	ASM703580v1	2024-12-13	Enterobacter asburiae		17Nkhm-UP2					GCF_007035805.1-RS_2024_12_13	Complete Genome	2019-05-14		2	Enterobacter asburiae
GCF_017347425.1	ASM1734742v1	2024-12-01	Enterobacter asburiae		En30					GCF_017347425.1-RS_2024_12_01	Complete Genome	2021-02-26		3	Enterobacter asburiae
GCF_019048485.1	ASM1904848v1	2024-12-01	Enterobacter asburiae		FDAARGOS 1432					GCF_019048485.1-RS_2024_12_01	Complete Genome	2021-06-28		4	Enterobacter asburiae
GCF_018394395.1	ASM1839439v1	2024-12-01	Enterobacter asburiae		L1 delta-T1RM					GCF_018394395.1-RS_2024_12_01	Complete Genome	2021-05-18		1	Enterobacter asburiae
GCF_003940765.1	ASM394076v1	2024-11-30	Enterobacter asburiae		CAV1043					GCF_003940765.1-RS_2024_11_30	Complete Genome	2018-12-12		1	Enterobacter asburiae
GCF_001521715.1	ASM152171v1	2024-11-29	Enterobacter asburiae		ATCC 35953					GCF_001521715.1-RS_2024_11_29	Complete Genome	2016-01-21		5	Enterobacter asburiae
GCF_025999975.1	ASM2599997v1	2024-11-26	Enterobacter asburiae		KAM576					GCF_025999975.1-RS_2024_11_26	Complete Genome	2022-10-11		7	Enterobacter asburiae
GCF_019973695.1	ASM1997369v1	2024-11-19	Enterobacter asburiae		Ent261					GCF_019973695.1-RS_2024_11_19	Complete Genome	2021-09-02		2	Enterobacter asburiae
GCF_045013525.1	ASM4501352v1	2024-11-19	Enterobacter asburiae		1-6_W4-1_h					GCF_045013525.1-RS_2024_11_19	Complete Genome	2024-11-21		4	Enterobacter asburiae
GCF_033130105.1	ASM3313010v1	2024-11-06	Enterobacter asburiae		TA61661					GCF_033130105.1-RS_2024_11_06	Complete Genome	2023-06-30		2	Enterobacter asburiae
GCF_044344475.1	ASM4434447v1	2024-11-05	Enterobacter asburiae		FUJ80072					GCF_044344475.1-RS_2024_11_05	Complete Genome	2024-11-06		2	Enterobacter asburiae
GCF_043966055.1	ASM4396605v1	2024-10-29	Enterobacter asburiae		ECC-232					GCF_043966055.1-RS_2024_10_29	Complete Genome	2024-10-29		3	Enterobacter asburiae
GCF_043965215.1	ASM4396521v1	2024-10-29	Enterobacter asburiae		ECC-253					GCF_043965215.1-RS_2024_10_29	Complete Genome	2024-10-29		2	Enterobacter asburiae
GCF_052073595.1	ASM5207359v1	2025-08-17	Enterobacter hormaechei		EH18242023BG					GCF_052073595.1-RS_2025_08_17	Complete Genome	2025-08-17	JBQHIK01	6	Enterobacter hormaechei
GCF_052073625.1	ASM5207362v1	2025-08-17	Enterobacter hormaechei		EH36082023BG					GCF_052073625.1-RS_2025_08_17	Complete Genome	2025-08-17	JBQHIL01	4	Enterobacter hormaechei
GCF_052073395.1	ASM5207339v1	2025-08-17	Enterobacter hormaechei		EH9642024BG					GCF_052073395.1-RS_2025_08_17	Complete Genome	2025-08-17	JBQHIM01	3	Enterobacter hormaechei
GCF_030732205.1	ASM3073220v1	2025-08-14	Enterobacter hormaechei		RSY19					GCF_030732205.1-RS_2025_08_14	Complete Genome	2023-08-15		2	Enterobacter hormaechei
GCF_030717405.1	ASM3071740v1	2025-08-11	Enterobacter hormaechei		MRSN791417					GCF_030717405.1-RS_2025_08_11	Complete Genome	2023-08-12		9	Enterobacter hormaechei
GCF_051799885.1	ASM5179988v1	2025-08-05	Enterobacter hormaechei		ST4					GCF_051799885.1-RS_2025_08_05	Complete Genome	2025-08-06		1	Enterobacter hormaechei
GCF_051617875.1	ASM5161787v1	2025-07-31	Enterobacter hormaechei		CPO413					GCF_051617875.1-RS_2025_07_31	Complete Genome	2025-08-01		4	Enterobacter hormaechei
GCF_051560505.1	ASM5156050v1	2025-07-30	Enterobacter hormaechei		CPO025					GCF_051560505.1-RS_2025_07_30	Complete Genome	2025-07-31		3	Enterobacter hormaechei
GCF_051561185.1	ASM5156118v1	2025-07-30	Enterobacter hormaechei		CPO278					GCF_051561185.1-RS_2025_07_30	Complete Genome	2025-07-31		2	Enterobacter hormaechei
GCF_051549645.1	ASM5154964v1	2025-07-30	Enterobacter hormaechei		EN2209347					GCF_051549645.1-RS_2025_07_30	Complete Genome	2025-07-31		4	Enterobacter hormaechei
GCF_030486465.1	ASM3048646v1	2025-07-16	Enterobacter hormaechei subsp. xiangfangensis		Eh8322_LBHALD					GCF_030486465.1-RS_2025_07_16	Complete Genome	2023-07-16		3	Enterobacter hormaechei
GCF_051307155.1	ASM5130715v1	2025-07-14	Enterobacter hormaechei		APO23					GCF_051307155.1-RS_2025_07_14	Complete Genome	2025-07-15		2	Enterobacter hormaechei
GCF_030413825.1	ASM3041382v1	2025-07-11	Enterobacter hormaechei		Eh202_LBHALD					GCF_030413825.1-RS_2025_07_11	Complete Genome	2023-07-10		2	Enterobacter hormaechei
GCF_051131905.1	ASM5113190v1	2025-06-29	Enterobacter hormaechei		EH60					GCF_051131905.1-RS_2025_06_29	Complete Genome	2025-06-29		8	Enterobacter hormaechei
GCF_051093635.1	ASM5109363v1	2025-06-27	Enterobacter hormaechei		NY14259					GCF_051093635.1-RS_2025_06_27	Complete Genome	2025-06-27		5	Enterobacter hormaechei
GCF_051092895.1	ASM5109289v1	2025-06-27	Enterobacter hormaechei		NY14255					GCF_051092895.1-RS_2025_06_27	Complete Genome	2025-06-27		9	Enterobacter hormaechei
GCF_051092825.1	ASM5109282v1	2025-06-27	Enterobacter hormaechei subsp. xiangfangensis		NY14253					GCF_051092825.1-RS_2025_06_27	Complete Genome	2025-06-27		6	Enterobacter hormaechei
GCF_051093565.1	ASM5109356v1	2025-06-27	Enterobacter hormaechei subsp. xiangfangensis		NY14256					GCF_051093565.1-RS_2025_06_27	Complete Genome	2025-06-27		5	Enterobacter hormaechei
GCF_051092005.1	ASM5109200v1	2025-06-27	Enterobacter hormaechei subsp. xiangfangensis		NY14244					GCF_051092005.1-RS_2025_06_27	Complete Genome	2025-06-27		6	Enterobacter hormaechei
GCF_051092075.1	ASM5109207v1	2025-06-27	Enterobacter hormaechei subsp. xiangfangensis		NY14250					GCF_051092075.1-RS_2025_06_27	Complete Genome	2025-06-27		5	Enterobacter hormaechei
GCF_051091335.1	ASM5109133v1	2025-06-26	Enterobacter hormaechei		NY14116					GCF_051091335.1-RS_2025_06_26	Complete Genome	2025-06-27		5	Enterobacter hormaechei
GCF_051089675.1	ASM5108967v1	2025-06-26	Enterobacter hormaechei		NY5732					GCF_051089675.1-RS_2025_06_26	Complete Genome	2025-06-27		4	Enterobacter hormaechei
GCF_051090075.1	ASM5109007v1	2025-06-26	Enterobacter hormaechei		NY5808					GCF_051090075.1-RS_2025_06_26	Complete Genome	2025-06-27		3	Enterobacter hormaechei
GCF_051090735.1	ASM5109073v1	2025-06-26	Enterobacter hormaechei subsp. xiangfangensis		NY5821					GCF_051090735.1-RS_2025_06_26	Complete Genome	2025-06-27		3	Enterobacter hormaechei
GCF_051091715.1	ASM5109171v1	2025-06-26	Enterobacter hormaechei subsp. xiangfangensis		NY14234					GCF_051091715.1-RS_2025_06_26	Complete Genome	2025-06-27		4	Enterobacter hormaechei
GCF_051089665.1	ASM5108966v1	2025-06-26	Enterobacter hormaechei subsp. xiangfangensis		NY5744					GCF_051089665.1-RS_2025_06_26	Complete Genome	2025-06-27		3	Enterobacter hormaechei
GCF_051091755.1	ASM5109175v1	2025-06-26	Enterobacter hormaechei subsp. xiangfangensis		NY14237					GCF_051091755.1-RS_2025_06_26	Complete Genome	2025-06-27		6	Enterobacter hormaechei
GCF_051090725.1	ASM5109072v1	2025-06-26	Enterobacter hormaechei subsp. xiangfangensis		NY5818					GCF_051090725.1-RS_2025_06_26	Complete Genome	2025-06-27		6	Enterobacter hormaechei
GCF_038627025.1	ASM3862702v2	2025-06-23	Enterobacter hormaechei		2024CK-00477					GCF_038627025.1-RS_2025_06_23	Complete Genome	2024-06-12		3	Enterobacter hormaechei
GCF_038627095.1	ASM3862709v2	2025-06-23	Enterobacter hormaechei		2024CK-00534					GCF_038627095.1-RS_2025_06_23	Complete Genome	2024-06-12		3	Enterobacter hormaechei
GCF_038627045.1	ASM3862704v2	2025-06-23	Enterobacter hormaechei		2024CK-00476					GCF_038627045.1-RS_2025_06_23	Complete Genome	2024-06-12		3	Enterobacter hormaechei
GCF_038418305.1	ASM3841830v2	2025-06-23	Enterobacter hormaechei		2024CK-00459					GCF_038418305.1-RS_2025_06_23	Complete Genome	2024-06-12		6	Enterobacter hormaechei
GCF_030324195.1	ASM3032419v1	2025-06-22	Enterobacter hormaechei		EHX_PAT_001					GCF_030324195.1-RS_2025_06_22	Complete Genome	2023-06-22		4	Enterobacter hormaechei
GCF_023734835.1	ASM2373483v1	2025-06-20	Enterobacter hormaechei		FUJ80003					GCF_023734835.1-RS_2025_06_20	Complete Genome	2022-06-05		2	Enterobacter hormaechei
GCF_050883155.1	ASM5088315v1	2025-06-11	Enterobacter hormaechei		NY3181					GCF_050883155.1-RS_2025_06_11	Complete Genome	2025-06-12		6	Enterobacter hormaechei
GCF_050883685.1	ASM5088368v1	2025-06-11	Enterobacter hormaechei		NY3627					GCF_050883685.1-RS_2025_06_11	Complete Genome	2025-06-12		3	Enterobacter hormaechei
GCF_050871255.1	ASM5087125v1	2025-06-11	Enterobacter hormaechei		NY2616					GCF_050871255.1-RS_2025_06_11	Complete Genome	2025-06-12		3	Enterobacter hormaechei
GCF_050884245.1	ASM5088424v1	2025-06-11	Enterobacter hormaechei		NY5292					GCF_050884245.1-RS_2025_06_11	Complete Genome	2025-06-12		3	Enterobacter hormaechei
GCF_050871265.1	ASM5087126v1	2025-06-11	Enterobacter hormaechei		NY2861					GCF_050871265.1-RS_2025_06_11	Complete Genome	2025-06-12		4	Enterobacter hormaechei
GCF_050871225.1	ASM5087122v1	2025-06-11	Enterobacter hormaechei		NY1016					GCF_050871225.1-RS_2025_06_11	Complete Genome	2025-06-12		4	Enterobacter hormaechei
GCF_050871245.1	ASM5087124v1	2025-06-11	Enterobacter hormaechei subsp. xiangfangensis		NY1526					GCF_050871245.1-RS_2025_06_11	Complete Genome	2025-06-12		5	Enterobacter hormaechei
GCF_050871235.1	ASM5087123v1	2025-06-11	Enterobacter hormaechei subsp. xiangfangensis		NY1316					GCF_050871235.1-RS_2025_06_11	Complete Genome	2025-06-12		4	Enterobacter hormaechei
GCF_050883545.1	ASM5088354v1	2025-06-11	Enterobacter hormaechei subsp. xiangfangensis		NY3231					GCF_050883545.1-RS_2025_06_11	Complete Genome	2025-06-12		3	Enterobacter hormaechei
GCF_050883695.1	ASM5088369v1	2025-06-11	Enterobacter hormaechei subsp. xiangfangensis		NY5291					GCF_050883695.1-RS_2025_06_11	Complete Genome	2025-06-12		6	Enterobacter hormaechei
GCF_050871215.1	ASM5087121v1	2025-06-11	Enterobacter hormaechei subsp. xiangfangensis		NY14233					GCF_050871215.1-RS_2025_06_11	Complete Genome	2025-06-12		2	Enterobacter hormaechei
GCF_038069265.1	ASM3806926v2	2025-06-09	Enterobacter hormaechei		2024CK-00374					GCF_038069265.1-RS_2025_06_09	Complete Genome	2024-05-31		4	Enterobacter hormaechei
GCF_038626985.1	ASM3862698v2	2025-06-09	Enterobacter hormaechei		2024CK-00479					GCF_038626985.1-RS_2025_06_09	Complete Genome	2024-05-31		4	Enterobacter hormaechei
GCF_008370065.2	ASM837006v2	2025-06-05	Enterobacter hormaechei		E11					GCF_008370065.2-RS_2025_06_05	Complete Genome	2024-06-06		2	Enterobacter hormaechei
GCF_025398395.2	ASM2539839v2	2025-06-02	Enterobacter hormaechei		2020CK-00376					GCF_025398395.2-RS_2025_06_02	Complete Genome	2023-06-02		3	Enterobacter hormaechei
GCF_039906065.1	ASM3990606v1	2025-05-30	Enterobacter hormaechei		YY1					GCF_039906065.1-RS_2025_05_30	Complete Genome	2024-05-31		2	Enterobacter hormaechei
GCF_013403545.1	ASM1340354v1	2025-08-22	Enterobacter roggenkampii		KQ-01					GCF_013403545.1-RS_2025_08_22	Complete Genome	2020-07-13		1	Enterobacter roggenkampii
GCF_013389415.1	ASM1338941v1	2025-08-16	Enterobacter roggenkampii		ED5					GCF_013389415.1-RS_2025_08_16	Complete Genome	2020-07-05		2	Enterobacter roggenkampii
GCF_019047025.1	ASM1904702v1	2025-07-20	Enterobacter roggenkampii		FDAARGOS 1430					GCF_019047025.1-RS_2025_07_20	Complete Genome	2021-06-28		3	Enterobacter roggenkampii
GCF_030384865.1	ASM3038486v1	2025-07-03	Enterobacter roggenkampii		WL374					GCF_030384865.1-RS_2025_07_03	Complete Genome	2023-07-02		5	Enterobacter roggenkampii
GCF_051090065.1	ASM5109006v1	2025-06-26	Enterobacter roggenkampii		NY5815					GCF_051090065.1-RS_2025_06_26	Complete Genome	2025-06-27		5	Enterobacter roggenkampii
GCF_038627005.1	ASM3862700v2	2025-06-23	Enterobacter roggenkampii		2024CK-00478					GCF_038627005.1-RS_2025_06_23	Complete Genome	2024-06-12		4	Enterobacter roggenkampii
GCF_016756655.1	ASM1675665v1	2025-06-16	Enterobacter roggenkampii		OIPH-N260					GCF_016756655.1-RS_2025_06_16	Complete Genome	2021-01-04		5	Enterobacter roggenkampii
GCF_050883145.1	ASM5088314v1	2025-06-11	Enterobacter roggenkampii		NY3142					GCF_050883145.1-RS_2025_06_11	Complete Genome	2025-06-12		5	Enterobacter roggenkampii
GCF_023650875.1	ASM2365087v1	2025-06-09	Enterobacter roggenkampii		GD21SC1505					GCF_023650875.1-RS_2025_06_09	Complete Genome	2022-06-06		6	Enterobacter roggenkampii
GCF_030179035.1	ASM3017903v1	2025-06-05	Enterobacter roggenkampii		2017-45-51-04-01					GCF_030179035.1-RS_2025_06_05	Complete Genome	2023-06-06		6	Enterobacter roggenkampii
GCF_030179635.1	ASM3017963v1	2025-06-05	Enterobacter roggenkampii		2017-45-131-01A					GCF_030179635.1-RS_2025_06_05	Complete Genome	2023-06-06		3	Enterobacter roggenkampii
GCF_039727605.1	ASM3972760v1	2025-05-22	Enterobacter roggenkampii		L3897					GCF_039727605.1-RS_2025_05_22	Complete Genome	2024-05-24		2	Enterobacter roggenkampii
GCF_023375625.1	ASM2337562v1	2025-05-21	Enterobacter roggenkampii		Ek140					GCF_023375625.1-RS_2025_05_21	Complete Genome	2022-05-16		2	Enterobacter roggenkampii
GCF_023375585.1	ASM2337558v1	2025-05-21	Enterobacter roggenkampii		K666					GCF_023375585.1-RS_2025_05_21	Complete Genome	2022-05-16		7	Enterobacter roggenkampii
GCF_023375565.1	ASM2337556v1	2025-05-21	Enterobacter roggenkampii		K475-2					GCF_023375565.1-RS_2025_05_21	Complete Genome	2022-05-16		5	Enterobacter roggenkampii
GCF_023023065.1	ASM2302306v1	2025-05-21	Enterobacter roggenkampii		13840-yvys					GCF_023023065.1-RS_2025_05_21	Complete Genome	2022-04-18		2	Enterobacter roggenkampii
GCF_025021485.1	ASM2502148v1	2025-05-06	Enterobacter roggenkampii		RX.G5M56					GCF_025021485.1-RS_2025_05_06	Complete Genome	2022-09-07		1	Enterobacter roggenkampii
GCF_004684365.1	ASM468436v1	2025-04-29	Enterobacter roggenkampii		BP10374					GCF_004684365.1-RS_2025_04_29	Complete Genome	2019-04-07		1	Enterobacter roggenkampii
GCF_029834495.1	ASM2983449v1	2025-04-19	Enterobacter roggenkampii		EOBSR_19					GCF_029834495.1-RS_2025_04_19	Complete Genome	2023-04-19		2	Enterobacter roggenkampii
GCF_049605525.1	ASM4960552v1	2025-04-17	Enterobacter roggenkampii		JARB-T-NT00318					GCF_049605525.1-RS_2025_04_17	Complete Genome	2025-04-19		6	Enterobacter roggenkampii
GCF_013742615.1	ASM1374261v1	2025-04-16	Enterobacter roggenkampii		RHBSTW-00309					GCF_013742615.1-RS_2025_04_16	Complete Genome	2020-07-27		5	Enterobacter roggenkampii
GCF_029536245.1	ASM2953624v1	2025-04-16	Enterobacter roggenkampii		0-E					GCF_029536245.1-RS_2025_04_16	Complete Genome	2023-04-01		5	Enterobacter roggenkampii
GCF_013635755.1	ASM1363575v1	2025-04-16	Enterobacter roggenkampii		RHBSTW-00002					GCF_013635755.1-RS_2025_04_16	Complete Genome	2020-07-24		11	Enterobacter roggenkampii
GCF_029542685.1	ASM2954268v1	2025-04-15	Enterobacter roggenkampii		ws6-3					GCF_029542685.1-RS_2025_04_15	Complete Genome	2023-04-03		1	Enterobacter roggenkampii
GCF_029542705.1	ASM2954270v1	2025-04-15	Enterobacter roggenkampii		WS28-4					GCF_029542705.1-RS_2025_04_15	Complete Genome	2023-04-03		1	Enterobacter roggenkampii
GCF_029542745.1	ASM2954274v1	2025-04-15	Enterobacter roggenkampii		WS22-2					GCF_029542745.1-RS_2025_04_15	Complete Genome	2023-04-03		2	Enterobacter roggenkampii
GCF_029718635.1	ASM2971863v1	2025-04-13	Enterobacter roggenkampii		RHB21-E1-C01					GCF_029718635.1-RS_2025_04_13	Complete Genome	2023-04-13		1	Enterobacter roggenkampii
GCF_002211685.1	ASM221168v1	2025-04-11	Enterobacter roggenkampii		704SK10					GCF_002211685.1-RS_2025_04_11	Complete Genome	2017-06-30		3	Enterobacter roggenkampii
GCF_013728935.1	ASM1372893v1	2025-04-11	Enterobacter roggenkampii		RHBSTW-00872					GCF_013728935.1-RS_2025_04_11	Complete Genome	2020-07-27		2	Enterobacter roggenkampii
GCF_002007805.1	ASM200780v1	2025-04-11	Enterobacter roggenkampii		R11					GCF_002007805.1-RS_2025_04_11	Complete Genome	2017-02-28		5	Enterobacter roggenkampii
GCF_013725995.1	ASM1372599v1	2025-04-11	Enterobacter roggenkampii		RHBSTW-00925					GCF_013725995.1-RS_2025_04_11	Complete Genome	2020-07-27		3	Enterobacter roggenkampii
GCF_004138605.1	ASM413860v1	2025-04-11	Enterobacter roggenkampii		ECY546					GCF_004138605.1-RS_2025_04_11	Complete Genome	2019-02-05		2	Enterobacter roggenkampii
GCF_013733395.1	ASM1373339v1	2025-04-11	Enterobacter roggenkampii		RHBSTW-00695					GCF_013733395.1-RS_2025_04_11	Complete Genome	2020-07-27		6	Enterobacter roggenkampii
GCF_023023685.1	ASM2302368v1	2025-04-02	Enterobacter roggenkampii		12795-yvys					GCF_023023685.1-RS_2025_04_02	Complete Genome	2022-04-18		4	Enterobacter roggenkampii
GCF_023195715.1	ASM2319571v1	2025-03-31	Enterobacter roggenkampii		C3-17			C3-17		GCF_023195715.1-RS_2025_03_31	Complete Genome	2022-05-01		12	Enterobacter roggenkampii
GCF_001729805.1	ASM172980v1	2025-03-05	Enterobacter roggenkampii		DSM 16690					GCF_001729805.1-RS_2025_03_05	Complete Genome	2016-09-16		2	Enterobacter roggenkampii
GCF_018596855.2	ASM1859685v2	2025-02-26	Enterobacter roggenkampii		120063					GCF_018596855.2-RS_2025_02_26	Complete Genome	2023-01-30		7	Enterobacter roggenkampii
GCF_042710995.1	ASM4271099v2	2025-02-23	Enterobacter roggenkampii					2024CK-01530		GCF_042710995.1-RS_2025_02_23	Complete Genome	2025-02-13		1	Enterobacter roggenkampii
GCF_009184765.2	ASM918476v2	2025-02-06	Enterobacter roggenkampii		WCHER090065					GCF_009184765.2-RS_2025_02_06	Complete Genome	2019-11-07		3	Enterobacter roggenkampii
GCF_047117625.1	ASM4711762v1	2025-01-25	Enterobacter roggenkampii		WL111					GCF_047117625.1-RS_2025_01_25	Complete Genome	2025-01-25		7	Enterobacter roggenkampii
GCF_047116295.1	ASM4711629v1	2025-01-25	Enterobacter roggenkampii		WL110					GCF_047116295.1-RS_2025_01_25	Complete Genome	2025-01-25		6	Enterobacter roggenkampii
GCF_020881955.1	ASM2088195v1	2025-01-11	Enterobacter roggenkampii		POL1					GCF_020881955.1-RS_2025_01_11	Complete Genome	2021-11-16		3	Enterobacter roggenkampii
GCF_015136315.1	ASM1513631v1	2024-12-16	Enterobacter roggenkampii		STW0522-66					GCF_015136315.1-RS_2024_12_16	Complete Genome	2020-10-08		8	Enterobacter roggenkampii
GCF_041462765.1	ASM4146276v2	2024-12-16	Enterobacter roggenkampii		2024CK-01276					GCF_041462765.1-RS_2024_12_16	Complete Genome	2024-12-06		2	Enterobacter roggenkampii
GCF_000807415.2	ASM80741v4	2024-12-10	Enterobacter roggenkampii		35734					GCF_000807415.2-RS_2024_12_10	Complete Genome	2015-08-18		4	Enterobacter roggenkampii
GCF_021347605.1	ASM2134760v1	2024-12-01	Enterobacter roggenkampii		F1057					GCF_021347605.1-RS_2024_12_01	Complete Genome	2022-01-03		2	Enterobacter roggenkampii
GCF_025999915.1	ASM2599991v1	2024-11-26	Enterobacter roggenkampii		KAM546					GCF_025999915.1-RS_2024_11_26	Complete Genome	2022-10-11		13	Enterobacter roggenkampii
GCF_043965975.1	ASM4396597v1	2024-10-29	Enterobacter roggenkampii		ECC-247					GCF_043965975.1-RS_2024_10_29	Complete Genome	2024-10-29		4	Enterobacter roggenkampii
GCF_043968015.1	ASM4396801v1	2024-10-29	Enterobacter roggenkampii		ECC-180					GCF_043968015.1-RS_2024_10_29	Complete Genome	2024-10-29		1	Enterobacter roggenkampii
GCF_014524505.1	ASM1452450v1	2024-10-27	Enterobacter roggenkampii		Ecl_20_981					GCF_014524505.1-RS_2024_10_27	Complete Genome	2020-09-11		4	Enterobacter roggenkampii
GCF_006349345.1	ASM634934v1	2025-08-26	Enterococcus faecalis		HA-1					GCF_006349345.1-RS_2025_08_26	Complete Genome	2019-06-15		2	Enterococcus faecalis
GCF_003966385.1	ASM396638v1	2025-08-25	Enterococcus faecalis		KUB3006					GCF_003966385.1-RS_2025_08_25	Complete Genome	2018-05-08		4	Enterococcus faecalis
GCF_003966405.1	ASM396640v1	2025-08-25	Enterococcus faecalis		KUB3007					GCF_003966405.1-RS_2025_08_25	Complete Genome	2018-05-08		5	Enterococcus faecalis
GCF_052084685.1	ASM5208468v1	2025-08-19	Enterococcus faecalis		EFSMS14					GCF_052084685.1-RS_2025_08_19	Complete Genome	2025-08-20		2	Enterococcus faecalis
GCF_052084615.1	ASM5208461v1	2025-08-19	Enterococcus faecalis		EFSMS49					GCF_052084615.1-RS_2025_08_19	Complete Genome	2025-08-20		5	Enterococcus faecalis
GCF_024579795.1	ASM2457979v1	2025-08-19	Enterococcus faecalis		JF3A-4253					GCF_024579795.1-RS_2025_08_19	Complete Genome	2022-08-06		7	Enterococcus faecalis
GCF_052084595.1	ASM5208459v1	2025-08-19	Enterococcus faecalis		EFSMS09					GCF_052084595.1-RS_2025_08_19	Complete Genome	2025-08-20		2	Enterococcus faecalis
GCF_052084525.1	ASM5208452v1	2025-08-19	Enterococcus faecalis		EFSMS104					GCF_052084525.1-RS_2025_08_19	Complete Genome	2025-08-20		2	Enterococcus faecalis
GCF_052084695.1	ASM5208469v1	2025-08-19	Enterococcus faecalis		EFSMS55					GCF_052084695.1-RS_2025_08_19	Complete Genome	2025-08-20		3	Enterococcus faecalis
GCF_024579755.1	ASM2457975v1	2025-08-19	Enterococcus faecalis		JF3A-223					GCF_024579755.1-RS_2025_08_19	Complete Genome	2022-08-06		5	Enterococcus faecalis
GCF_052084585.1	ASM5208458v1	2025-08-19	Enterococcus faecalis		EFSMS98					GCF_052084585.1-RS_2025_08_19	Complete Genome	2025-08-20		2	Enterococcus faecalis
GCF_052084625.1	ASM5208462v1	2025-08-19	Enterococcus faecalis		EFSMS07					GCF_052084625.1-RS_2025_08_19	Complete Genome	2025-08-20		2	Enterococcus faecalis
GCF_052084565.1	ASM5208456v1	2025-08-19	Enterococcus faecalis		EFSMS39					GCF_052084565.1-RS_2025_08_19	Complete Genome	2025-08-20		2	Enterococcus faecalis
GCF_052084575.1	ASM5208457v1	2025-08-19	Enterococcus faecalis		EFSMS88					GCF_052084575.1-RS_2025_08_19	Complete Genome	2025-08-20		2	Enterococcus faecalis
GCF_025958805.1	ASM2595880v1	2025-08-18	Enterococcus faecalis		BE16					GCF_025958805.1-RS_2025_08_18	Complete Genome	2022-11-02		4	Enterococcus faecalis
GCF_018517125.1	ASM1851712v1	2025-08-17	Enterococcus faecalis		18-243					GCF_018517125.1-RS_2025_08_17	Complete Genome	2021-05-26		3	Enterococcus faecalis
GCF_019222705.1	ASM1922270v1	2025-08-11	Enterococcus faecalis		NS2					GCF_019222705.1-RS_2025_08_11	Complete Genome	2021-07-15		2	Enterococcus faecalis
GCF_019195415.1	ASM1919541v1	2025-08-09	Enterococcus faecalis		SY-1					GCF_019195415.1-RS_2025_08_09	Complete Genome	2021-07-12		2	Enterococcus faecalis
GCF_051523625.1	ASM5152362v1	2025-07-25	Enterococcus faecalis		CBUKC0123					GCF_051523625.1-RS_2025_07_25	Complete Genome	2025-07-29		5	Enterococcus faecalis
GCF_013344645.1	ASM1334464v1	2025-07-24	Enterococcus faecalis		111540027-2					GCF_013344645.1-RS_2025_07_24	Complete Genome	2020-06-15		1	Enterococcus faecalis
GCF_013344625.1	ASM1334462v1	2025-07-24	Enterococcus faecalis		111540047-1					GCF_013344625.1-RS_2025_07_24	Complete Genome	2020-06-15		1	Enterococcus faecalis
GCF_013344605.1	ASM1334460v1	2025-07-24	Enterococcus faecalis		133170041-3					GCF_013344605.1-RS_2025_07_24	Complete Genome	2020-06-15		3	Enterococcus faecalis
GCF_005484525.1	ASM548452v1	2025-07-24	Enterococcus faecalis		SGAir0397					GCF_005484525.1-RS_2025_07_24	Complete Genome	2019-05-17		1	Enterococcus faecalis
GCF_013344665.1	ASM1334466v1	2025-07-24	Enterococcus faecalis		092160007-3					GCF_013344665.1-RS_2025_07_24	Complete Genome	2020-06-15		1	Enterococcus faecalis
GCF_030517125.1	ASM3051712v1	2025-07-21	Enterococcus faecalis		EfsPF36					GCF_030517125.1-RS_2025_07_21	Complete Genome	2023-05-16		2	Enterococcus faecalis
GCF_030517385.1	ASM3051738v1	2025-07-21	Enterococcus faecalis		EfsPF23					GCF_030517385.1-RS_2025_07_21	Complete Genome	2023-05-16		3	Enterococcus faecalis
GCF_030517415.1	ASM3051741v1	2025-07-21	Enterococcus faecalis		EfsC129					GCF_030517415.1-RS_2025_07_21	Complete Genome	2023-05-16		2	Enterococcus faecalis
GCF_030517565.1	ASM3051756v1	2025-07-21	Enterococcus faecalis		EfsC1					GCF_030517565.1-RS_2025_07_21	Complete Genome	2023-05-16		2	Enterococcus faecalis
GCF_030517535.1	ASM3051753v1	2025-07-21	Enterococcus faecalis		EfsPF24-2					GCF_030517535.1-RS_2025_07_21	Complete Genome	2023-05-16		3	Enterococcus faecalis
GCF_030517625.1	ASM3051762v1	2025-07-21	Enterococcus faecalis		EfsC13					GCF_030517625.1-RS_2025_07_21	Complete Genome	2023-05-16		3	Enterococcus faecalis
GCF_030517505.1	ASM3051750v1	2025-07-21	Enterococcus faecalis		EfsC23					GCF_030517505.1-RS_2025_07_21	Complete Genome	2023-05-16		2	Enterococcus faecalis
GCF_030517445.1	ASM3051744v1	2025-07-21	Enterococcus faecalis		EfsC43					GCF_030517445.1-RS_2025_07_21	Complete Genome	2023-05-16		2	Enterococcus faecalis
GCF_030517355.1	ASM3051735v1	2025-07-21	Enterococcus faecalis		EfsPF27					GCF_030517355.1-RS_2025_07_21	Complete Genome	2023-05-16		2	Enterococcus faecalis
GCF_030517475.1	ASM3051747v1	2025-07-21	Enterococcus faecalis		EfsC29					GCF_030517475.1-RS_2025_07_21	Complete Genome	2023-05-16		2	Enterococcus faecalis
GCF_030512425.1	ASM3051242v1	2025-07-20	Enterococcus faecalis		HL1					GCF_030512425.1-RS_2025_07_20	Complete Genome	2023-07-20		1	Enterococcus faecalis
GCF_003345275.1	ASM334527v1	2025-07-19	Enterococcus faecalis		TY1			flatfish		GCF_003345275.1-RS_2025_07_19	Complete Genome	2018-07-30		3	Enterococcus faecalis
GCF_003812665.1	ASM381266v1	2025-07-16	Enterococcus faecalis		FDAARGOS_528					GCF_003812665.1-RS_2025_07_16	Complete Genome	2018-11-21		1	Enterococcus faecalis
GCF_006364815.1	ASM636481v1	2025-07-13	Enterococcus faecalis		FDAARGOS_611					GCF_006364815.1-RS_2025_07_13	Complete Genome	2019-06-19		1	Enterococcus faecalis
GCF_051294835.1	ASM5129483v1	2025-07-11	Enterococcus faecalis		GW					GCF_051294835.1-RS_2025_07_11	Complete Genome	2025-07-11		3	Enterococcus faecalis
GCF_965641725.1	GPT24-05	2025-07-10	Enterococcus faecalis					GPT24-05		GCF_965641725.1-RS_2025_07_10	Complete Genome	2025-07-10		3	Enterococcus faecalis
GCF_051247075.1	ASM5124707v1	2025-07-09	Enterococcus faecalis		Z83-1					GCF_051247075.1-RS_2025_07_09	Complete Genome	2025-07-10		1	Enterococcus faecalis
GCF_000211255.2	ASM21125v2	2025-07-07	Enterococcus faecalis 62		62					GCF_000211255.2-RS_2025_07_07	Complete Genome	2011-02-16		4	Enterococcus faecalis
GCF_030376825.1	ASM3037682v1	2025-06-30	Enterococcus faecalis		RE25					GCF_030376825.1-RS_2025_06_30	Complete Genome	2023-06-30		4	Enterococcus faecalis
GCF_040371495.1	ASM4037149v1	2025-06-28	Enterococcus faecalis		EF01					GCF_040371495.1-RS_2025_06_28	Complete Genome	2024-06-28		3	Enterococcus faecalis
GCF_030295805.1	ASM3029580v1	2025-06-21	Enterococcus faecalis		L6D					GCF_030295805.1-RS_2025_06_21	Complete Genome	2023-02-21		2	Enterococcus faecalis
GCF_030295845.1	ASM3029584v1	2025-06-21	Enterococcus faecalis		N4E					GCF_030295845.1-RS_2025_06_21	Complete Genome	2023-02-21		2	Enterococcus faecalis
GCF_030295445.1	ASM3029544v1	2025-06-21	Enterococcus faecalis		JARB-HU0796					GCF_030295445.1-RS_2025_06_21	Complete Genome	2023-02-15		3	Enterococcus faecalis
GCF_023746575.1	ASM2374657v1	2025-06-20	Enterococcus faecalis		M9					GCF_023746575.1-RS_2025_06_20	Complete Genome	2022-06-16		4	Enterococcus faecalis
GCF_000172575.2	ASM17257v2	2025-06-20	Enterococcus faecalis OG1RF		OG1RF					GCF_000172575.2-RS_2025_06_20	Complete Genome	2011-04-06		1	Enterococcus faecalis
GCF_022648285.1	ASM2264828v1	2025-06-17	Enterococcus faecalis		UAMS_EL56					GCF_022648285.1-RS_2025_06_17	Complete Genome	2022-03-21		5	Enterococcus faecalis
GCF_024665675.1	ASM2466567v1	2025-09-01	Enterococcus faecium		ENCfa-68					GCF_024665675.1-RS_2025_09_01	Complete Genome	2022-08-15		2	Enterococcus faecium
GCF_006351845.1	ASM635184v1	2025-09-01	Enterococcus faecium		N56454					GCF_006351845.1-RS_2025_09_01	Complete Genome	2019-06-16		2	Enterococcus faecium
GCF_006351785.1	ASM635178v1	2025-08-31	Enterococcus faecium		FB-1					GCF_006351785.1-RS_2025_08_31	Complete Genome	2019-06-16		2	Enterococcus faecium
GCF_052245245.1	ASM5224524v1	2025-08-27	Enterococcus faecium		RY8678E					GCF_052245245.1-RS_2025_08_27	Complete Genome	2025-08-25	JBQPXD01	8	Enterococcus faecium
GCF_006337045.1	ASM633704v1	2025-08-26	Enterococcus faecium		DB-1					GCF_006337045.1-RS_2025_08_26	Complete Genome	2019-06-13		4	Enterococcus faecium
GCF_006280355.1	ASM628035v1	2025-08-26	Enterococcus faecium		F17E0263					GCF_006280355.1-RS_2025_08_26	Complete Genome	2019-06-12		3	Enterococcus faecium
GCF_006337145.1	ASM633714v1	2025-08-26	Enterococcus faecium		HB-1					GCF_006337145.1-RS_2025_08_26	Complete Genome	2019-06-13		2	Enterococcus faecium
GCF_900639535.1	E8202_hybrid_assembly	2025-08-25	Enterococcus faecium					E8202		GCF_900639535.1-RS_2025_08_25	Complete Genome	2019-01-02		7	Enterococcus faecium
GCF_900639715.1	E8414_hybrid_assembly	2025-08-25	Enterococcus faecium					E8414		GCF_900639715.1-RS_2025_08_25	Complete Genome	2019-01-02		9	Enterococcus faecium
GCF_001518735.1	ASM151873v1	2025-08-25	Enterococcus faecium		6E6					GCF_001518735.1-RS_2025_08_25	Complete Genome	2016-01-20		3	Enterococcus faecium
GCF_900639465.1	E7429_hybrid_assembly	2025-08-25	Enterococcus faecium					E7429		GCF_900639465.1-RS_2025_08_25	Complete Genome	2019-01-02		10	Enterococcus faecium
GCF_900639545.1	E7933_hybrid_assembly	2025-08-25	Enterococcus faecium					E7933		GCF_900639545.1-RS_2025_08_25	Complete Genome	2019-01-02		10	Enterococcus faecium
GCF_900639615.1	E8328_hybrid_assembly	2025-08-25	Enterococcus faecium					E8328		GCF_900639615.1-RS_2025_08_25	Complete Genome	2019-01-02		5	Enterococcus faecium
GCF_900639595.1	E8377_hybrid_assembly	2025-08-25	Enterococcus faecium					E8377		GCF_900639595.1-RS_2025_08_25	Complete Genome	2019-01-02		7	Enterococcus faecium
GCF_900639625.1	E8284_hybrid_assembly	2025-08-25	Enterococcus faecium					E8284		GCF_900639625.1-RS_2025_08_25	Complete Genome	2019-01-02		6	Enterococcus faecium
GCF_900639395.1	E6975_hybrid_assembly	2025-08-25	Enterococcus faecium					E6975		GCF_900639395.1-RS_2025_08_25	Complete Genome	2019-01-02		9	Enterococcus faecium
GCF_900639605.1	E8290_hybrid_assembly	2025-08-25	Enterococcus faecium					E8290		GCF_900639605.1-RS_2025_08_25	Complete Genome	2019-01-02		7	Enterococcus faecium
GCF_900639575.1	E8014_hybrid_assembly	2025-08-25	Enterococcus faecium					E8014		GCF_900639575.1-RS_2025_08_25	Complete Genome	2019-01-02		6	Enterococcus faecium
GCF_900639565.1	E8195_hybrid_assembly	2025-08-25	Enterococcus faecium					E8195		GCF_900639565.1-RS_2025_08_25	Complete Genome	2019-01-02		8	Enterococcus faecium
GCF_900639445.1	E7199_hybrid_assembly	2025-08-25	Enterococcus faecium					E7199		GCF_900639445.1-RS_2025_08_25	Complete Genome	2019-01-02		6	Enterococcus faecium
GCF_900639355.1	E7025_hybrid_assembly	2025-08-25	Enterococcus faecium					E7025		GCF_900639355.1-RS_2025_08_25	Complete Genome	2019-01-02		9	Enterococcus faecium
GCF_900639365.1	E7171_hybrid_assembly	2025-08-25	Enterococcus faecium					E7171		GCF_900639365.1-RS_2025_08_25	Complete Genome	2019-01-02		6	Enterococcus faecium
GCF_900639515.1	E7654_hybrid_assembly	2025-08-25	Enterococcus faecium					E7654		GCF_900639515.1-RS_2025_08_25	Complete Genome	2019-01-02		7	Enterococcus faecium
GCF_900639525.1	E7663_hybrid_assembly	2025-08-25	Enterococcus faecium					E7663		GCF_900639525.1-RS_2025_08_25	Complete Genome	2019-01-02		7	Enterococcus faecium
GCF_900638825.1	E4438_hybrid_assembly	2025-08-25	Enterococcus faecium					E4438		GCF_900638825.1-RS_2025_08_25	Complete Genome	2018-12-21		6	Enterococcus faecium
GCF_900638805.1	E4402_hybrid_assembly	2025-08-25	Enterococcus faecium					E4402		GCF_900638805.1-RS_2025_08_25	Complete Genome	2018-12-21		5	Enterococcus faecium
GCF_900639415.1	E6988_hybrid_assembly	2025-08-25	Enterococcus faecium					E6988		GCF_900639415.1-RS_2025_08_25	Complete Genome	2019-01-02		11	Enterococcus faecium
GCF_900639335.1	E7067_hybrid_assembly	2025-08-25	Enterococcus faecium					E7067		GCF_900639335.1-RS_2025_08_25	Complete Genome	2019-01-02		8	Enterococcus faecium
GCF_900639345.1	E6055_hybrid_assembly	2025-08-25	Enterococcus faecium					E6055		GCF_900639345.1-RS_2025_08_25	Complete Genome	2019-01-02		6	Enterococcus faecium
GCF_900639455.1	E7237_hybrid_assembly	2025-08-25	Enterococcus faecium					E7237		GCF_900639455.1-RS_2025_08_25	Complete Genome	2019-01-02		4	Enterococcus faecium
GCF_900639405.1	E4457_hybrid_assembly	2025-08-25	Enterococcus faecium					E4457		GCF_900639405.1-RS_2025_08_25	Complete Genome	2019-01-02		12	Enterococcus faecium
GCF_900639725.1	E8423_hybrid_assembly	2025-08-25	Enterococcus faecium					E8423		GCF_900639725.1-RS_2025_08_25	Complete Genome	2019-01-02		3	Enterococcus faecium
GCF_900635415.1	E6043_hybrid_assembly	2025-08-25	Enterococcus faecium					E6043		GCF_900635415.1-RS_2025_08_25	Complete Genome	2018-12-19		9	Enterococcus faecium
GCF_900639555.1	E8172_hybrid_assembly	2025-08-25	Enterococcus faecium					E8172		GCF_900639555.1-RS_2025_08_25	Complete Genome	2019-01-02		12	Enterococcus faecium
GCF_900639425.1	E7098_hybrid_assembly	2025-08-25	Enterococcus faecium					E7098		GCF_900639425.1-RS_2025_08_25	Complete Genome	2019-01-02		4	Enterococcus faecium
GCF_900638785.1	E1774_hybrid_assembly	2025-08-25	Enterococcus faecium					E1774		GCF_900638785.1-RS_2025_08_25	Complete Genome	2018-12-21		4	Enterococcus faecium
GCF_900639385.1	E7040_hybrid_assembly	2025-08-25	Enterococcus faecium					E7040		GCF_900639385.1-RS_2025_08_25	Complete Genome	2019-01-02		7	Enterococcus faecium
GCF_900639585.1	E7948_hybrid_assembly	2025-08-25	Enterococcus faecium					E7948		GCF_900639585.1-RS_2025_08_25	Complete Genome	2019-01-02		7	Enterococcus faecium
GCF_900639745.1	E4456_hybrid_assembly	2025-08-25	Enterococcus faecium					E4456		GCF_900639745.1-RS_2025_08_25	Complete Genome	2019-01-02		6	Enterococcus faecium
GCF_900639655.1	E8691_hybrid_assembly	2025-08-25	Enterococcus faecium					E8691		GCF_900639655.1-RS_2025_08_25	Complete Genome	2019-01-02		8	Enterococcus faecium
GCF_900639635.1	E8927_hybrid_assembly	2025-08-25	Enterococcus faecium					E8927		GCF_900639635.1-RS_2025_08_25	Complete Genome	2019-01-02		7	Enterococcus faecium
GCF_900635365.1	E1334_hybrid_assembly	2025-08-25	Enterococcus faecium					E1334		GCF_900635365.1-RS_2025_08_25	Complete Genome	2018-12-19		3	Enterococcus faecium
GCF_900634805.1	E0139_hybrid_assembly	2025-08-25	Enterococcus faecium					E0139		GCF_900634805.1-RS_2025_08_25	Complete Genome	2018-12-19		2	Enterococcus faecium
GCF_900637035.1	46582_D01	2025-08-25	Enterococcus faecium		NCTC7174					GCF_900637035.1-RS_2025_08_25	Complete Genome	2018-12-20		1	Enterococcus faecium
GCF_900638815.1	E0595_hybrid_assembly	2025-08-25	Enterococcus faecium					E0595		GCF_900638815.1-RS_2025_08_25	Complete Genome	2018-12-21		2	Enterococcus faecium
GCF_900639705.1	E9101_hybrid_assembly	2025-08-25	Enterococcus faecium					E9101		GCF_900639705.1-RS_2025_08_25	Complete Genome	2019-01-02		1	Enterococcus faecium
GCF_900638775.1	E4227_hybrid_assembly	2025-08-25	Enterococcus faecium					E4227		GCF_900638775.1-RS_2025_08_25	Complete Genome	2018-12-21		4	Enterococcus faecium
GCF_900640265.1	E4239_hybrid_assembly	2025-08-25	Enterococcus faecium					E4239		GCF_900640265.1-RS_2025_08_25	Complete Genome	2019-01-03		4	Enterococcus faecium
GCF_052161595.1	ASM5216159v1	2025-08-21	Enterococcus faecium		N21-03014					GCF_052161595.1-RS_2025_08_21	Complete Genome	2025-08-22		11	Enterococcus faecium
GCF_020221735.2	ASM2022173v2	2025-08-19	Enterococcus faecium		4995/20					GCF_020221735.2-RS_2025_08_19	Complete Genome	2021-10-04		7	Enterococcus faecium
GCF_051013815.1	ASM5101381v1	2025-06-21	Erwinia aphidicola		W10_2					GCF_051013815.1-RS_2025_06_21	Complete Genome	2025-06-21		2	Erwinia aphidicola
GCF_050038595.1	Leveau_X3Z_1	2025-05-01	Erwinia aphidicola		1B06					GCF_050038595.1-RS_2025_05_01	Complete Genome	2025-05-13		4	Erwinia aphidicola
GCF_036866255.1	ASM3686625v1	2025-04-10	Erwinia aphidicola		B06_3					GCF_036866255.1-RS_2025_04_10	Complete Genome	2024-04-05		1	Erwinia aphidicola
GCF_036866345.1	ASM3686634v1	2025-04-07	Erwinia aphidicola		B03_5					GCF_036866345.1-RS_2025_04_07	Complete Genome	2024-04-05		2	Erwinia aphidicola
GCF_036866025.1	ASM3686602v1	2025-04-07	Erwinia aphidicola		N2_6					GCF_036866025.1-RS_2025_04_07	Complete Genome	2024-04-05		4	Erwinia aphidicola
GCF_036866335.1	ASM3686633v1	2025-04-07	Erwinia aphidicola		B03_6					GCF_036866335.1-RS_2025_04_07	Complete Genome	2024-04-05		1	Erwinia aphidicola
GCF_036865655.1	ASM3686565v1	2025-04-07	Erwinia aphidicola		W10_3					GCF_036865655.1-RS_2025_04_07	Complete Genome	2024-04-05		1	Erwinia aphidicola
GCF_036866085.1	ASM3686608v1	2025-04-07	Erwinia aphidicola		B10_7					GCF_036866085.1-RS_2025_04_07	Complete Genome	2024-04-05		3	Erwinia aphidicola
GCF_036865705.1	ASM3686570v1	2025-04-06	Erwinia aphidicola		W09_6					GCF_036865705.1-RS_2025_04_06	Complete Genome	2024-04-05		1	Erwinia aphidicola
GCF_036865805.1	ASM3686580v1	2025-04-06	Erwinia aphidicola		W06_2					GCF_036865805.1-RS_2025_04_06	Complete Genome	2024-04-05		1	Erwinia aphidicola
GCF_036866215.1	ASM3686621v1	2025-04-06	Erwinia aphidicola		B06_8					GCF_036866215.1-RS_2025_04_06	Complete Genome	2024-04-05		1	Erwinia aphidicola
GCF_036866265.1	ASM3686626v1	2025-04-06	Erwinia aphidicola		B06_2					GCF_036866265.1-RS_2025_04_06	Complete Genome	2024-04-05		1	Erwinia aphidicola
GCF_036866275.1	ASM3686627v1	2025-04-06	Erwinia aphidicola		B06_1					GCF_036866275.1-RS_2025_04_06	Complete Genome	2024-04-05		1	Erwinia aphidicola
GCF_036866225.1	ASM3686622v1	2025-04-06	Erwinia aphidicola		B06_6					GCF_036866225.1-RS_2025_04_06	Complete Genome	2024-04-05		1	Erwinia aphidicola
GCF_036865825.1	ASM3686582v1	2025-04-06	Erwinia aphidicola		W06_1					GCF_036865825.1-RS_2025_04_06	Complete Genome	2024-04-05		1	Erwinia aphidicola
GCF_036866135.1	ASM3686613v1	2025-04-05	Erwinia aphidicola		B09_9					GCF_036866135.1-RS_2025_04_05	Complete Genome	2024-04-05		2	Erwinia aphidicola
GCF_036866195.1	ASM3686619v1	2025-04-05	Erwinia aphidicola		B09_1					GCF_036866195.1-RS_2025_04_05	Complete Genome	2024-04-05		1	Erwinia aphidicola
GCF_036865745.1	ASM3686574v1	2025-04-05	Erwinia aphidicola		W09_2					GCF_036865745.1-RS_2025_04_05	Complete Genome	2024-04-05		2	Erwinia aphidicola
GCF_036866175.1	ASM3686617v1	2025-04-05	Erwinia aphidicola		B09_3					GCF_036866175.1-RS_2025_04_05	Complete Genome	2024-04-05		2	Erwinia aphidicola
GCF_036865735.1	ASM3686573v1	2025-04-05	Erwinia aphidicola		W09_3					GCF_036865735.1-RS_2025_04_05	Complete Genome	2024-04-05		2	Erwinia aphidicola
GCF_036866185.1	ASM3686618v1	2025-04-05	Erwinia aphidicola		B09_2					GCF_036866185.1-RS_2025_04_05	Complete Genome	2024-04-05		1	Erwinia aphidicola
GCF_036865715.1	ASM3686571v1	2025-04-05	Erwinia aphidicola		W09_5					GCF_036865715.1-RS_2025_04_05	Complete Genome	2024-04-05		2	Erwinia aphidicola
GCF_036865685.1	ASM3686568v1	2025-04-05	Erwinia aphidicola		W09_8					GCF_036865685.1-RS_2025_04_05	Complete Genome	2024-04-05		2	Erwinia aphidicola
GCF_036866145.1	ASM3686614v1	2025-04-05	Erwinia aphidicola		B09_8					GCF_036866145.1-RS_2025_04_05	Complete Genome	2024-04-05		2	Erwinia aphidicola
GCF_036865725.1	ASM3686572v1	2025-04-05	Erwinia aphidicola		W09_4					GCF_036865725.1-RS_2025_04_05	Complete Genome	2024-04-05		2	Erwinia aphidicola
GCF_036866165.1	ASM3686616v1	2025-04-05	Erwinia aphidicola		B09_4					GCF_036866165.1-RS_2025_04_05	Complete Genome	2024-04-05		2	Erwinia aphidicola
GCF_036866155.1	ASM3686615v1	2025-04-05	Erwinia aphidicola		B09_7					GCF_036866155.1-RS_2025_04_05	Complete Genome	2024-04-05		2	Erwinia aphidicola
GCF_036865695.1	ASM3686569v1	2025-04-05	Erwinia aphidicola		W09_7					GCF_036865695.1-RS_2025_04_05	Complete Genome	2024-04-05		2	Erwinia aphidicola
GCF_036874005.1	ASM3687400v1	2025-04-05	Erwinia aphidicola		W09_1					GCF_036874005.1-RS_2025_04_05	Complete Genome	2024-04-05		1	Erwinia aphidicola
GCF_036865565.1	ASM3686556v1	2025-04-05	Erwinia aphidicola		Z9_3					GCF_036865565.1-RS_2025_04_05	Complete Genome	2024-04-05		1	Erwinia aphidicola
GCF_036865585.1	ASM3686558v1	2025-04-05	Erwinia aphidicola		W11_1					GCF_036865585.1-RS_2025_04_05	Complete Genome	2024-04-05		2	Erwinia aphidicola
GCF_036866405.1	ASM3686640v1	2025-04-05	Erwinia aphidicola		B01_7					GCF_036866405.1-RS_2025_04_05	Complete Genome	2024-04-05		1	Erwinia aphidicola
GCF_036866415.1	ASM3686641v1	2025-04-05	Erwinia aphidicola		B01_5					GCF_036866415.1-RS_2025_04_05	Complete Genome	2024-04-05		2	Erwinia aphidicola
GCF_036866395.1	ASM3686639v1	2025-04-05	Erwinia aphidicola		B01_8					GCF_036866395.1-RS_2025_04_05	Complete Genome	2024-04-05		2	Erwinia aphidicola
GCF_036866005.1	ASM3686600v1	2025-04-05	Erwinia aphidicola		W03_1					GCF_036866005.1-RS_2025_04_05	Complete Genome	2024-04-05		1	Erwinia aphidicola
GCF_036865985.1	ASM3686598v1	2025-04-05	Erwinia aphidicola		W03_2					GCF_036865985.1-RS_2025_04_05	Complete Genome	2024-04-05		1	Erwinia aphidicola
GCF_036866305.1	ASM3686630v1	2025-04-05	Erwinia aphidicola		B03_9					GCF_036866305.1-RS_2025_04_05	Complete Genome	2024-04-05		1	Erwinia aphidicola
GCF_036865955.1	ASM3686595v1	2025-04-05	Erwinia aphidicola		W03_5					GCF_036865955.1-RS_2025_04_05	Complete Genome	2024-04-05		1	Erwinia aphidicola
GCF_036866315.1	ASM3686631v1	2025-04-05	Erwinia aphidicola		B03_8					GCF_036866315.1-RS_2025_04_05	Complete Genome	2024-04-05		1	Erwinia aphidicola
GCF_036865835.1	ASM3686583v1	2025-04-05	Erwinia aphidicola		W04_9					GCF_036865835.1-RS_2025_04_05	Complete Genome	2024-04-05		1	Erwinia aphidicola
GCF_036865925.1	ASM3686592v1	2025-04-05	Erwinia aphidicola		W03_8					GCF_036865925.1-RS_2025_04_05	Complete Genome	2024-04-05		1	Erwinia aphidicola
GCF_036865995.1	ASM3686599v1	2025-04-05	Erwinia aphidicola		W03_10					GCF_036865995.1-RS_2025_04_05	Complete Genome	2024-04-05		1	Erwinia aphidicola
GCF_036865935.1	ASM3686593v1	2025-04-05	Erwinia aphidicola		W03_6					GCF_036865935.1-RS_2025_04_05	Complete Genome	2024-04-05		1	Erwinia aphidicola
GCF_036865965.1	ASM3686596v1	2025-04-05	Erwinia aphidicola		W03_4					GCF_036865965.1-RS_2025_04_05	Complete Genome	2024-04-05		1	Erwinia aphidicola
GCF_036865975.1	ASM3686597v1	2025-04-05	Erwinia aphidicola		W03_3					GCF_036865975.1-RS_2025_04_05	Complete Genome	2024-04-05		1	Erwinia aphidicola
GCF_036866355.1	ASM3686635v1	2025-04-05	Erwinia aphidicola		B03_4					GCF_036866355.1-RS_2025_04_05	Complete Genome	2024-04-05		2	Erwinia aphidicola
GCF_036865945.1	ASM3686594v1	2025-04-05	Erwinia aphidicola		W03_7					GCF_036865945.1-RS_2025_04_05	Complete Genome	2024-04-05		1	Erwinia aphidicola
GCF_036866385.1	ASM3686638v1	2025-04-05	Erwinia aphidicola		B03_10					GCF_036866385.1-RS_2025_04_05	Complete Genome	2024-04-05		1	Erwinia aphidicola
GCF_036866365.1	ASM3686636v1	2025-04-05	Erwinia aphidicola		B03_3					GCF_036866365.1-RS_2025_04_05	Complete Genome	2024-04-05		1	Erwinia aphidicola
GCF_036866425.1	ASM3686642v1	2025-04-05	Erwinia aphidicola		B01_4					GCF_036866425.1-RS_2025_04_05	Complete Genome	2024-04-05		1	Erwinia aphidicola
GCF_024532325.1	ASM2453232v1	2025-08-18	Escherichia albertii		133_1_GWG_A					GCF_024532325.1-RS_2025_08_18	Complete Genome	2022-08-04		3	Escherichia albertii
GCF_024532175.1	ASM2453217v1	2025-08-18	Escherichia albertii		222_1_EW_B					GCF_024532175.1-RS_2025_08_18	Complete Genome	2022-08-04		1	Escherichia albertii
GCF_024532365.1	ASM2453236v1	2025-08-18	Escherichia albertii		112_1_EW_A					GCF_024532365.1-RS_2025_08_18	Complete Genome	2022-08-04		3	Escherichia albertii
GCF_024532135.1	ASM2453213v1	2025-08-18	Escherichia albertii		233_2_GWG_B					GCF_024532135.1-RS_2025_08_18	Complete Genome	2022-08-04		3	Escherichia albertii
GCF_024532385.1	ASM2453238v1	2025-08-18	Escherichia albertii		110_1_TBG_A					GCF_024532385.1-RS_2025_08_18	Complete Genome	2022-08-04		2	Escherichia albertii
GCF_024532055.1	ASM2453205v1	2025-08-18	Escherichia albertii		254_1_EW_B					GCF_024532055.1-RS_2025_08_18	Complete Genome	2022-08-04		3	Escherichia albertii
GCF_024532155.1	ASM2453215v1	2025-08-18	Escherichia albertii		231_1_NP_B					GCF_024532155.1-RS_2025_08_18	Complete Genome	2022-08-04		3	Escherichia albertii
GCF_024532225.1	ASM2453222v1	2025-08-18	Escherichia albertii		205_2_TBG_B					GCF_024532225.1-RS_2025_08_18	Complete Genome	2022-08-04		2	Escherichia albertii
GCF_024532305.1	ASM2453230v1	2025-08-18	Escherichia albertii		147_1_TBG_A					GCF_024532305.1-RS_2025_08_18	Complete Genome	2022-08-04		5	Escherichia albertii
GCF_024532245.1	ASM2453224v1	2025-08-18	Escherichia albertii		155_2_TBG_A					GCF_024532245.1-RS_2025_08_18	Complete Genome	2022-08-04		3	Escherichia albertii
GCF_024532265.1	ASM2453226v1	2025-08-18	Escherichia albertii		153_2_TBG_A					GCF_024532265.1-RS_2025_08_18	Complete Genome	2022-08-04		3	Escherichia albertii
GCF_024532095.1	ASM2453209v1	2025-08-18	Escherichia albertii		251_2_EW_B					GCF_024532095.1-RS_2025_08_18	Complete Genome	2022-08-04		3	Escherichia albertii
GCF_024532115.1	ASM2453211v1	2025-08-18	Escherichia albertii		247_2_EW_B					GCF_024532115.1-RS_2025_08_18	Complete Genome	2022-08-04		3	Escherichia albertii
GCF_024532075.1	ASM2453207v1	2025-08-18	Escherichia albertii		253_2_EW_B					GCF_024532075.1-RS_2025_08_18	Complete Genome	2022-08-04		3	Escherichia albertii
GCF_024532345.1	ASM2453234v1	2025-08-18	Escherichia albertii		121_1_EW_A					GCF_024532345.1-RS_2025_08_18	Complete Genome	2022-08-04		1	Escherichia albertii
GCF_024532425.1	ASM2453242v1	2025-08-18	Escherichia albertii		104_2_TS_A					GCF_024532425.1-RS_2025_08_18	Complete Genome	2022-08-04		1	Escherichia albertii
GCF_028622615.1	ASM2862261v1	2025-08-06	Escherichia albertii		BIA_11					GCF_028622615.1-RS_2025_08_06	Complete Genome	2023-02-15		4	Escherichia albertii
GCF_040114695.1	ASM4011469v1	2025-06-11	Escherichia albertii		FH2023039					GCF_040114695.1-RS_2025_06_11	Complete Genome	2024-06-12		3	Escherichia albertii
GCF_040114625.1	ASM4011462v1	2025-06-11	Escherichia albertii		ESA311					GCF_040114625.1-RS_2025_06_11	Complete Genome	2024-06-12		6	Escherichia albertii
GCF_016904795.1	ASM1690479v2	2025-04-22	Escherichia albertii		Sample 166					GCF_016904795.1-RS_2025_04_22	Complete Genome	2021-03-10		4	Escherichia albertii
GCF_016904815.1	ASM1690481v2	2025-04-22	Escherichia albertii		Sample 165					GCF_016904815.1-RS_2025_04_22	Complete Genome	2021-03-10		5	Escherichia albertii
GCF_016904775.2	ASM1690477v2	2025-04-22	Escherichia albertii		Sample 168					GCF_016904775.2-RS_2025_04_22	Complete Genome	2021-03-10		3	Escherichia albertii
GCF_016904735.2	ASM1690473v2	2025-04-22	Escherichia albertii		Sample 170					GCF_016904735.2-RS_2025_04_22	Complete Genome	2021-03-10		3	Escherichia albertii
GCF_016904715.2	ASM1690471v2	2025-04-22	Escherichia albertii		Sample 169					GCF_016904715.2-RS_2025_04_22	Complete Genome	2021-03-10		3	Escherichia albertii
GCF_016904755.1	ASM1690475v2	2025-04-22	Escherichia albertii		Sample 167					GCF_016904755.1-RS_2025_04_22	Complete Genome	2021-03-10		2	Escherichia albertii
GCF_003864095.1	ASM386409v1	2025-04-13	Escherichia albertii		NCTC 9362					GCF_003864095.1-RS_2025_04_13	Complete Genome	2018-12-05		2	Escherichia albertii
GCF_017357745.1	ASM1735774v1	2025-04-11	Escherichia albertii		RM9973					GCF_017357745.1-RS_2025_04_11	Complete Genome	2021-03-16		3	Escherichia albertii
GCF_003864075.1	ASM386407v1	2025-04-09	Escherichia albertii		2010C-3449					GCF_003864075.1-RS_2025_04_09	Complete Genome	2018-12-05		1	Escherichia albertii
GCF_003312545.2	ASM331254v2	2025-04-09	Escherichia albertii		2013C-4143					GCF_003312545.2-RS_2025_04_09	Complete Genome	2018-12-06		1	Escherichia albertii
GCF_003860385.1	ASM386038v1	2025-04-09	Escherichia albertii		2014C-4015					GCF_003860385.1-RS_2025_04_09	Complete Genome	2018-12-04		4	Escherichia albertii
GCF_003316815.1	ASM331681v2	2025-04-01	Escherichia albertii		07-3866					GCF_003316815.1-RS_2025_04_01	Complete Genome	2018-12-06		2	Escherichia albertii
GCF_003312485.2	ASM331248v2	2025-04-01	Escherichia albertii		05-3106					GCF_003312485.2-RS_2025_04_01	Complete Genome	2018-12-06		3	Escherichia albertii
GCF_003860365.1	ASM386036v1	2025-04-01	Escherichia albertii		06-3542					GCF_003860365.1-RS_2025_04_01	Complete Genome	2018-12-04		2	Escherichia albertii
GCF_028622335.1	ASM2862233v1	2025-03-25	Escherichia albertii		BIA_5-2					GCF_028622335.1-RS_2025_03_25	Complete Genome	2023-02-15		2	Escherichia albertii
GCF_028622215.1	ASM2862221v1	2025-03-25	Escherichia albertii		BIA_89-5					GCF_028622215.1-RS_2025_03_25	Complete Genome	2023-02-15		2	Escherichia albertii
GCF_028622195.1	ASM2862219v1	2025-03-25	Escherichia albertii		BIA_7					GCF_028622195.1-RS_2025_03_25	Complete Genome	2023-02-15		6	Escherichia albertii
GCF_028622595.1	ASM2862259v1	2025-03-25	Escherichia albertii		BIA_22					GCF_028622595.1-RS_2025_03_25	Complete Genome	2023-02-15		9	Escherichia albertii
GCF_028622555.1	ASM2862255v1	2025-03-25	Escherichia albertii		BIA_18					GCF_028622555.1-RS_2025_03_25	Complete Genome	2023-02-15		6	Escherichia albertii
GCF_028622635.1	ASM2862263v1	2025-03-25	Escherichia albertii		BIA_17					GCF_028622635.1-RS_2025_03_25	Complete Genome	2023-02-15		4	Escherichia albertii
GCF_028622415.1	ASM2862241v1	2025-03-25	Escherichia albertii		BIA_24					GCF_028622415.1-RS_2025_03_25	Complete Genome	2023-02-15		8	Escherichia albertii
GCF_028622655.1	ASM2862265v1	2025-03-25	Escherichia albertii		BIA_16-3					GCF_028622655.1-RS_2025_03_25	Complete Genome	2023-02-15		3	Escherichia albertii
GCF_028622355.1	ASM2862235v1	2025-03-25	Escherichia albertii		BIA_40					GCF_028622355.1-RS_2025_03_25	Complete Genome	2023-02-15		4	Escherichia albertii
GCF_028622495.1	ASM2862249v1	2025-03-25	Escherichia albertii		BIA_32					GCF_028622495.1-RS_2025_03_25	Complete Genome	2023-02-15		6	Escherichia albertii
GCF_028622395.1	ASM2862239v1	2025-03-25	Escherichia albertii		BIA_13					GCF_028622395.1-RS_2025_03_25	Complete Genome	2023-02-15		9	Escherichia albertii
GCF_028622535.1	ASM2862253v1	2025-03-25	Escherichia albertii		BIA_25					GCF_028622535.1-RS_2025_03_25	Complete Genome	2023-02-15		5	Escherichia albertii
GCF_028622455.1	ASM2862245v1	2025-03-25	Escherichia albertii		BIA_36					GCF_028622455.1-RS_2025_03_25	Complete Genome	2023-02-15		5	Escherichia albertii
GCF_028622295.1	ASM2862229v1	2025-03-25	Escherichia albertii		BIA_5					GCF_028622295.1-RS_2025_03_25	Complete Genome	2023-02-15		5	Escherichia albertii
GCF_028622435.1	ASM2862243v1	2025-03-25	Escherichia albertii		BIA_4					GCF_028622435.1-RS_2025_03_25	Complete Genome	2023-02-15		5	Escherichia albertii
GCF_028622515.1	ASM2862251v1	2025-03-25	Escherichia albertii		BIA_15					GCF_028622515.1-RS_2025_03_25	Complete Genome	2023-02-15		5	Escherichia albertii
GCF_028622475.1	ASM2862247v1	2025-03-25	Escherichia albertii		BIA_35					GCF_028622475.1-RS_2025_03_25	Complete Genome	2023-02-15		5	Escherichia albertii
GCF_001618345.2	ASM161834v2	2025-08-31	Escherichia coli		Ecol_745					GCF_001618345.2-RS_2025_08_31	Complete Genome	2016-07-12		2	Escherichia coli
GCF_034643695.1	ASM3464369v1	2025-08-31	Escherichia coli		KE47					GCF_034643695.1-RS_2025_08_31	Complete Genome	2023-12-26		2	Escherichia coli
GCF_003122105.1	ASM312210v1	2025-08-31	Escherichia coli		ECCRA-119					GCF_003122105.1-RS_2025_08_31	Complete Genome	2018-05-13		4	Escherichia coli
GCF_030717665.1	ASM3071766v1	2025-08-27	Escherichia coli		QML220601					GCF_030717665.1-RS_2025_08_27	Complete Genome	2023-08-13		2	Escherichia coli
GCF_024499095.1	ASM2449909v1	2025-08-27	Escherichia coli		CPww7					GCF_024499095.1-RS_2025_08_27	Complete Genome	2022-08-01		6	Escherichia coli
GCF_024499265.1	ASM2449926v1	2025-08-27	Escherichia coli		LP50-1					GCF_024499265.1-RS_2025_08_27	Complete Genome	2022-08-01		8	Escherichia coli
GCF_024496025.1	ASM2449602v1	2025-08-27	Escherichia coli		035152					GCF_024496025.1-RS_2025_08_27	Complete Genome	2022-07-31		2	Escherichia coli
GCF_024499115.1	ASM2449911v1	2025-08-27	Escherichia coli		CP52E					GCF_024499115.1-RS_2025_08_27	Complete Genome	2022-08-01		6	Escherichia coli
GCF_024499305.1	ASM2449930v1	2025-08-27	Escherichia coli		JSMCR1					GCF_024499305.1-RS_2025_08_27	Complete Genome	2022-08-01		6	Escherichia coli
GCF_024499155.1	ASM2449915v1	2025-08-27	Escherichia coli		CPF6					GCF_024499155.1-RS_2025_08_27	Complete Genome	2022-08-01		11	Escherichia coli
GCF_024499175.1	ASM2449917v1	2025-08-27	Escherichia coli		CPE35					GCF_024499175.1-RS_2025_08_27	Complete Genome	2022-08-01		9	Escherichia coli
GCF_030717825.1	ASM3071782v1	2025-08-27	Escherichia coli		QML220614					GCF_030717825.1-RS_2025_08_27	Complete Genome	2023-08-13		2	Escherichia coli
GCF_001679985.1	ASM167998v1	2025-08-25	Escherichia coli		210205630					GCF_001679985.1-RS_2025_08_25	Complete Genome	2016-07-06		6	Escherichia coli
GCF_024331495.2	ASM2433149v2	2025-08-25	Escherichia coli		MLI106K2					GCF_024331495.2-RS_2025_08_25	Complete Genome	2023-02-08		4	Escherichia coli
GCF_024331345.2	ASM2433134v2	2025-08-25	Escherichia coli		MLI104K2					GCF_024331345.2-RS_2025_08_25	Complete Genome	2023-02-08		2	Escherichia coli
GCF_023370135.1	ASM2337013v1	2025-08-25	Escherichia coli		2-1					GCF_023370135.1-RS_2025_08_25	Complete Genome	2022-05-15		5	Escherichia coli
GCF_028551195.1	ASM2855119v1	2025-08-25	Escherichia coli		CUVM3					GCF_028551195.1-RS_2025_08_25	Complete Genome	2023-02-08		6	Escherichia coli
GCF_002077195.1	ASM207719v1	2025-08-25	Escherichia coli		FAM21845					GCF_002077195.1-RS_2025_08_25	Complete Genome	2017-04-03		6	Escherichia coli
GCF_018323825.1	ASM1832382v1	2025-08-25	Escherichia coli		Ec387					GCF_018323825.1-RS_2025_08_25	Complete Genome	2021-04-20		3	Escherichia coli
GCF_019211745.1	ASM1921174v1	2025-08-23	Escherichia coli		Sx181-0-1					GCF_019211745.1-RS_2025_08_23	Complete Genome	2021-07-14		2	Escherichia coli
GCF_030708015.1	ASM3070801v1	2025-08-22	Escherichia coli		R4					GCF_030708015.1-RS_2025_08_22	Complete Genome	2023-08-10		2	Escherichia coli
GCF_030707995.1	ASM3070799v1	2025-08-22	Escherichia coli		R6					GCF_030707995.1-RS_2025_08_22	Complete Genome	2023-08-10		4	Escherichia coli
GCF_030717525.1	ASM3071752v1	2025-08-22	Escherichia coli		GON1437					GCF_030717525.1-RS_2025_08_22	Complete Genome	2023-08-12		2	Escherichia coli
GCF_030717505.1	ASM3071750v1	2025-08-22	Escherichia coli		JCH8249					GCF_030717505.1-RS_2025_08_22	Complete Genome	2023-08-12		2	Escherichia coli
GCF_030717485.1	ASM3071748v1	2025-08-22	Escherichia coli		JCH767					GCF_030717485.1-RS_2025_08_22	Complete Genome	2023-08-12		1	Escherichia coli
GCF_030708055.1	ASM3070805v1	2025-08-22	Escherichia coli		R2					GCF_030708055.1-RS_2025_08_22	Complete Genome	2023-08-10		4	Escherichia coli
GCF_030708375.1	ASM3070837v1	2025-08-22	Escherichia coli		DJH_137urine					GCF_030708375.1-RS_2025_08_22	Complete Genome	2023-08-10		4	Escherichia coli
GCF_030708255.1	ASM3070825v1	2025-08-21	Escherichia coli		S6					GCF_030708255.1-RS_2025_08_21	Complete Genome	2023-08-10		3	Escherichia coli
GCF_030708155.1	ASM3070815v1	2025-08-21	Escherichia coli		S13					GCF_030708155.1-RS_2025_08_21	Complete Genome	2023-08-10		3	Escherichia coli
GCF_030708175.1	ASM3070817v1	2025-08-21	Escherichia coli		S12					GCF_030708175.1-RS_2025_08_21	Complete Genome	2023-08-10		2	Escherichia coli
GCF_030708135.1	ASM3070813v1	2025-08-21	Escherichia coli		S14					GCF_030708135.1-RS_2025_08_21	Complete Genome	2023-08-10		3	Escherichia coli
GCF_030708275.1	ASM3070827v1	2025-08-21	Escherichia coli		S5					GCF_030708275.1-RS_2025_08_21	Complete Genome	2023-08-10		3	Escherichia coli
GCF_030708235.1	ASM3070823v1	2025-08-21	Escherichia coli		S7					GCF_030708235.1-RS_2025_08_21	Complete Genome	2023-08-10		6	Escherichia coli
GCF_030708215.1	ASM3070821v1	2025-08-21	Escherichia coli		S8					GCF_030708215.1-RS_2025_08_21	Complete Genome	2023-08-10		2	Escherichia coli
GCF_030708535.1	ASM3070853v1	2025-08-21	Escherichia coli		R14					GCF_030708535.1-RS_2025_08_21	Complete Genome	2023-08-10		4	Escherichia coli
GCF_030707875.1	ASM3070787v1	2025-08-21	Escherichia coli		R12					GCF_030707875.1-RS_2025_08_21	Complete Genome	2023-08-10		2	Escherichia coli
GCF_030708295.1	ASM3070829v1	2025-08-21	Escherichia coli		S4					GCF_030708295.1-RS_2025_08_21	Complete Genome	2023-08-10		2	Escherichia coli
GCF_030707915.1	ASM3070791v1	2025-08-21	Escherichia coli		R10					GCF_030707915.1-RS_2025_08_21	Complete Genome	2023-08-10		2	Escherichia coli
GCF_030708315.1	ASM3070831v1	2025-08-21	Escherichia coli		S3					GCF_030708315.1-RS_2025_08_21	Complete Genome	2023-08-10		1	Escherichia coli
GCF_030707855.1	ASM3070785v1	2025-08-21	Escherichia coli		R13					GCF_030707855.1-RS_2025_08_21	Complete Genome	2023-08-10		2	Escherichia coli
GCF_030707895.1	ASM3070789v1	2025-08-21	Escherichia coli		R11					GCF_030707895.1-RS_2025_08_21	Complete Genome	2023-08-10		7	Escherichia coli
GCF_030707975.1	ASM3070797v1	2025-08-21	Escherichia coli		R7					GCF_030707975.1-RS_2025_08_21	Complete Genome	2023-08-10		4	Escherichia coli
GCF_030708335.1	ASM3070833v1	2025-08-21	Escherichia coli		S2					GCF_030708335.1-RS_2025_08_21	Complete Genome	2023-08-10		4	Escherichia coli
GCF_030707935.1	ASM3070793v1	2025-08-21	Escherichia coli		R9					GCF_030707935.1-RS_2025_08_21	Complete Genome	2023-08-10		8	Escherichia coli
GCF_030707955.1	ASM3070795v1	2025-08-21	Escherichia coli		R8					GCF_030707955.1-RS_2025_08_21	Complete Genome	2023-08-10		2	Escherichia coli
GCF_030708195.1	ASM3070819v1	2025-08-21	Escherichia coli		S9					GCF_030708195.1-RS_2025_08_21	Complete Genome	2023-08-10		4	Escherichia coli
GCF_030708395.1	ASM3070839v1	2025-08-21	Escherichia coli		DJH_183sputum					GCF_030708395.1-RS_2025_08_21	Complete Genome	2023-08-10		3	Escherichia coli
GCF_024467035.1	ASM2446703v1	2025-08-21	Escherichia coli		M171-1					GCF_024467035.1-RS_2025_08_21	Complete Genome	2022-07-28		3	Escherichia coli
GCF_052122755.1	ASM5212275v1	2025-08-19	Escherichia coli		2020N21-110-15					GCF_052122755.1-RS_2025_08_19	Complete Genome	2025-08-19	JBQJRS01	21	Escherichia coli
GCF_052122845.1	ASM5212284v1	2025-08-19	Escherichia coli		2020N21-110-24					GCF_052122845.1-RS_2025_08_19	Complete Genome	2025-08-19	JBQJRT01	15	Escherichia coli
GCF_003944565.2	ASM394456v2	2025-07-31	Escherichia fergusonii		EFCF056					GCF_003944565.2-RS_2025_07_31	Complete Genome	2019-06-10		7	Escherichia fergusonii
GCF_019047545.1	ASM1904754v1	2025-07-20	Escherichia fergusonii		FDAARGOS 1438					GCF_019047545.1-RS_2025_07_20	Complete Genome	2021-06-28		1	Escherichia fergusonii
GCF_013171325.1	ASM1317132v1	2025-07-17	Escherichia fergusonii		HNCF11W					GCF_013171325.1-RS_2025_07_17	Complete Genome	2020-05-26		3	Escherichia fergusonii
GCF_030296855.1	ASM3029685v1	2025-06-21	Escherichia fergusonii		30038					GCF_030296855.1-RS_2025_06_21	Complete Genome	2023-04-05		5	Escherichia fergusonii
GCF_030035445.1	ASM3003544v1	2025-05-18	Escherichia fergusonii		XJ19MCE1					GCF_030035445.1-RS_2025_05_18	Complete Genome	2023-05-18		8	Escherichia fergusonii
GCF_020883415.1	ASM2088341v1	2025-04-21	Escherichia fergusonii		EF20JDJ4045					GCF_020883415.1-RS_2025_04_21	Complete Genome	2021-11-18		6	Escherichia fergusonii
GCF_020105775.1	ASM2010577v1	2025-04-21	Escherichia fergusonii		EF31					GCF_020105775.1-RS_2025_04_21	Complete Genome	2021-09-23		3	Escherichia fergusonii
GCF_020023425.1	ASM2002342v1	2025-04-21	Escherichia fergusonii		EF91					GCF_020023425.1-RS_2025_04_21	Complete Genome	2021-09-17		3	Escherichia fergusonii
GCF_029718025.1	ASM2971802v1	2025-04-13	Escherichia fergusonii		RHB02-E1-C03					GCF_029718025.1-RS_2025_04_13	Complete Genome	2023-04-13		6	Escherichia fergusonii
GCF_029719885.1	ASM2971988v1	2025-04-13	Escherichia fergusonii		RHB44-C21					GCF_029719885.1-RS_2025_04_13	Complete Genome	2023-04-13		3	Escherichia fergusonii
GCF_029716165.1	ASM2971616v1	2025-04-13	Escherichia fergusonii		RHB16-E2-C07					GCF_029716165.1-RS_2025_04_13	Complete Genome	2023-04-13		2	Escherichia fergusonii
GCF_029720005.1	ASM2972000v1	2025-04-13	Escherichia fergusonii		RHB44-C01					GCF_029720005.1-RS_2025_04_13	Complete Genome	2023-04-13		6	Escherichia fergusonii
GCF_029719985.1	ASM2971998v1	2025-04-13	Escherichia fergusonii		RHB44-C03					GCF_029719985.1-RS_2025_04_13	Complete Genome	2023-04-13		7	Escherichia fergusonii
GCF_013799825.1	ASM1379982v1	2025-04-10	Escherichia fergusonii		RHB42-C13					GCF_013799825.1-RS_2025_04_10	Complete Genome	2020-07-28		4	Escherichia fergusonii
GCF_013820845.1	ASM1382084v1	2025-04-09	Escherichia fergusonii		RHB32-C05					GCF_013820845.1-RS_2025_04_09	Complete Genome	2020-07-28		4	Escherichia fergusonii
GCF_013829265.1	ASM1382926v1	2025-04-09	Escherichia fergusonii		RHB28-C21					GCF_013829265.1-RS_2025_04_09	Complete Genome	2020-07-28		7	Escherichia fergusonii
GCF_013834165.1	ASM1383416v1	2025-04-09	Escherichia fergusonii		RHB26-C09					GCF_013834165.1-RS_2025_04_09	Complete Genome	2020-07-28		1	Escherichia fergusonii
GCF_036511175.1	ASM3651117v1	2025-04-09	Escherichia fergusonii		22C057LT					GCF_036511175.1-RS_2025_04_09	Complete Genome	2023-09-02		6	Escherichia fergusonii
GCF_036509855.1	ASM3650985v1	2025-04-09	Escherichia fergusonii		18B226LT					GCF_036509855.1-RS_2025_04_09	Complete Genome	2023-09-02		7	Escherichia fergusonii
GCF_013838265.1	ASM1383826v1	2025-04-09	Escherichia fergusonii		RHB24-C08					GCF_013838265.1-RS_2025_04_09	Complete Genome	2020-07-28		1	Escherichia fergusonii
GCF_013838465.1	ASM1383846v1	2025-04-09	Escherichia fergusonii		RHB24-C06					GCF_013838465.1-RS_2025_04_09	Complete Genome	2020-07-28		1	Escherichia fergusonii
GCF_013819325.1	ASM1381932v1	2025-04-04	Escherichia fergusonii		RHB33-C04					GCF_013819325.1-RS_2025_04_04	Complete Genome	2020-07-28		5	Escherichia fergusonii
GCF_013819085.1	ASM1381908v1	2025-04-04	Escherichia fergusonii		RHB33-C07					GCF_013819085.1-RS_2025_04_04	Complete Genome	2020-07-28		5	Escherichia fergusonii
GCF_036511355.1	ASM3651135v1	2025-04-04	Escherichia fergusonii		22C065LT					GCF_036511355.1-RS_2025_04_04	Complete Genome	2023-09-02		5	Escherichia fergusonii
GCF_036510595.1	ASM3651059v1	2025-04-04	Escherichia fergusonii		22C036LT					GCF_036510595.1-RS_2025_04_04	Complete Genome	2023-09-02		5	Escherichia fergusonii
GCF_036510815.1	ASM3651081v1	2025-04-04	Escherichia fergusonii		22C037LT					GCF_036510815.1-RS_2025_04_04	Complete Genome	2023-09-02		5	Escherichia fergusonii
GCF_013813205.1	ASM1381320v1	2025-04-03	Escherichia fergusonii		RHB38-C07					GCF_013813205.1-RS_2025_04_03	Complete Genome	2020-07-28		6	Escherichia fergusonii
GCF_013801425.1	ASM1380142v1	2025-04-03	Escherichia fergusonii		RHB41-C20					GCF_013801425.1-RS_2025_04_03	Complete Genome	2020-07-28		6	Escherichia fergusonii
GCF_013801845.1	ASM1380184v1	2025-04-03	Escherichia fergusonii		RHB41-C15					GCF_013801845.1-RS_2025_04_03	Complete Genome	2020-07-28		6	Escherichia fergusonii
GCF_013820225.1	ASM1382022v1	2025-04-03	Escherichia fergusonii		RHB32-C16					GCF_013820225.1-RS_2025_04_03	Complete Genome	2020-07-28		5	Escherichia fergusonii
GCF_013820465.1	ASM1382046v1	2025-04-03	Escherichia fergusonii		RHB32-C09					GCF_013820465.1-RS_2025_04_03	Complete Genome	2020-07-28		5	Escherichia fergusonii
GCF_013798785.1	ASM1379878v1	2025-04-03	Escherichia fergusonii		RHB42-C24					GCF_013798785.1-RS_2025_04_03	Complete Genome	2020-07-28		4	Escherichia fergusonii
GCF_013800985.1	ASM1380098v1	2025-04-03	Escherichia fergusonii		RHB42-C01					GCF_013800985.1-RS_2025_04_03	Complete Genome	2020-07-28		4	Escherichia fergusonii
GCF_013899845.1	ASM1389984v1	2025-04-03	Escherichia fergusonii		RHB10-C04					GCF_013899845.1-RS_2025_04_03	Complete Genome	2020-07-29		4	Escherichia fergusonii
GCF_013899685.1	ASM1389968v1	2025-04-03	Escherichia fergusonii		RHB10-C23					GCF_013899685.1-RS_2025_04_03	Complete Genome	2020-07-29		4	Escherichia fergusonii
GCF_036510415.1	ASM3651041v1	2025-04-03	Escherichia fergusonii		22C021LT					GCF_036510415.1-RS_2025_04_03	Complete Genome	2023-09-02		5	Escherichia fergusonii
GCF_036510215.1	ASM3651021v1	2025-04-03	Escherichia fergusonii		18B269LT					GCF_036510215.1-RS_2025_04_03	Complete Genome	2023-09-02		5	Escherichia fergusonii
GCF_036511015.1	ASM3651101v1	2025-04-03	Escherichia fergusonii		22C056LT					GCF_036511015.1-RS_2025_04_03	Complete Genome	2023-09-02		5	Escherichia fergusonii
GCF_036510035.1	ASM3651003v1	2025-04-03	Escherichia fergusonii		18B233LT					GCF_036510035.1-RS_2025_04_03	Complete Genome	2023-09-02		5	Escherichia fergusonii
GCF_013923185.1	ASM1392318v1	2025-04-02	Escherichia fergusonii		RHB02-C22					GCF_013923185.1-RS_2025_04_02	Complete Genome	2020-07-30		6	Escherichia fergusonii
GCF_013596835.1	ASM1359683v1	2025-04-02	Escherichia fergusonii		RHB28-C13					GCF_013596835.1-RS_2025_04_02	Complete Genome	2020-07-24		6	Escherichia fergusonii
GCF_013834525.1	ASM1383452v1	2025-04-02	Escherichia fergusonii		RHB26-C03					GCF_013834525.1-RS_2025_04_02	Complete Genome	2020-07-28		2	Escherichia fergusonii
GCF_013813425.1	ASM1381342v1	2025-04-02	Escherichia fergusonii		RHB38-C04					GCF_013813425.1-RS_2025_04_02	Complete Genome	2020-07-28		3	Escherichia fergusonii
GCF_013819565.1	ASM1381956v1	2025-04-02	Escherichia fergusonii		RHB32-C22					GCF_013819565.1-RS_2025_04_02	Complete Genome	2020-07-28		3	Escherichia fergusonii
GCF_013822105.1	ASM1382210v1	2025-04-02	Escherichia fergusonii		RHB31-C13					GCF_013822105.1-RS_2025_04_02	Complete Genome	2020-07-28		1	Escherichia fergusonii
GCF_013836325.1	ASM1383632v1	2025-04-02	Escherichia fergusonii		RHB25-C10					GCF_013836325.1-RS_2025_04_02	Complete Genome	2020-07-28		2	Escherichia fergusonii
GCF_013893835.1	ASM1389383v1	2025-04-02	Escherichia fergusonii		RHB18-C04					GCF_013893835.1-RS_2025_04_02	Complete Genome	2020-07-29		3	Escherichia fergusonii
GCF_013591455.1	ASM1359145v1	2025-04-02	Escherichia fergusonii		RHB41-C23					GCF_013591455.1-RS_2025_04_02	Complete Genome	2020-07-24		9	Escherichia fergusonii
GCF_013894595.1	ASM1389459v1	2025-04-02	Escherichia fergusonii		RHB17-C11					GCF_013894595.1-RS_2025_04_02	Complete Genome	2020-07-29		1	Escherichia fergusonii
GCF_013886195.1	ASM1388619v1	2025-04-02	Escherichia fergusonii		RHB23-C02					GCF_013886195.1-RS_2025_04_02	Complete Genome	2020-07-29		4	Escherichia fergusonii
GCF_010233385.1	ASM1023338v1	2025-08-11	Francisella tularensis subsp. holarctica		B-8364					GCF_010233385.1-RS_2025_08_11	Complete Genome	2020-02-06		1	Francisella tularensis
GCF_019182265.1	ASM1918226v1	2025-08-10	Francisella tularensis		Scherm					GCF_019182265.1-RS_2025_08_10	Complete Genome	2021-07-06		1	Francisella tularensis
GCF_019137575.1	ASM1913757v1	2025-07-30	Francisella tularensis		Schu S4_249					GCF_019137575.1-RS_2025_07_30	Complete Genome	2021-07-06		1	Francisella tularensis
GCF_019134835.1	ASM1913483v1	2025-07-30	Francisella tularensis		COLL					GCF_019134835.1-RS_2025_07_30	Complete Genome	2021-07-06		1	Francisella tularensis
GCF_019137555.1	ASM1913755v1	2025-07-30	Francisella tularensis		Schu S4					GCF_019137555.1-RS_2025_07_30	Complete Genome	2021-07-06		1	Francisella tularensis
GCF_019134775.1	ASM1913477v1	2025-07-30	Francisella tularensis		2016320786					GCF_019134775.1-RS_2025_07_30	Complete Genome	2021-07-06		1	Francisella tularensis
GCF_019134815.1	ASM1913481v1	2025-07-30	Francisella tularensis		2015315990					GCF_019134815.1-RS_2025_07_30	Complete Genome	2021-07-06		1	Francisella tularensis
GCF_019134755.1	ASM1913475v1	2025-07-30	Francisella tularensis		2014313438					GCF_019134755.1-RS_2025_07_30	Complete Genome	2021-07-06		1	Francisella tularensis
GCF_019134735.1	ASM1913473v1	2025-07-30	Francisella tularensis		2017317779					GCF_019134735.1-RS_2025_07_30	Complete Genome	2021-07-06		1	Francisella tularensis
GCF_019134795.1	ASM1913479v1	2025-07-30	Francisella tularensis subsp. holarctica		2015321842					GCF_019134795.1-RS_2025_07_30	Complete Genome	2021-07-06		1	Francisella tularensis
GCF_002102455.2	ASM210245v2	2025-07-25	Francisella tularensis subsp. holarctica		A271_1 (FDC408)					GCF_002102455.2-RS_2025_07_25	Complete Genome	2020-06-29		1	Francisella tularensis
GCF_051048185.1	FSC458	2025-06-26	Francisella tularensis subsp. holarctica		LVS					GCF_051048185.1-RS_2025_06_26	Complete Genome	2025-06-27		1	Francisella tularensis
GCF_000833335.1	ASM83333v1	2025-05-08	Francisella tularensis subsp. holarctica LVS		LVS					GCF_000833335.1-RS_2025_05_08	Complete Genome	2015-02-06		1	Francisella tularensis
GCF_010233165.1	ASM1023316v1	2025-04-16	Francisella tularensis subsp. holarctica		B-8365					GCF_010233165.1-RS_2025_04_16	Complete Genome	2020-02-06		1	Francisella tularensis
GCF_010232785.1	ASM1023278v1	2025-04-16	Francisella tularensis subsp. holarctica		B-8367					GCF_010232785.1-RS_2025_04_16	Complete Genome	2020-02-06		1	Francisella tularensis
GCF_010232985.1	ASM1023298v1	2025-04-16	Francisella tularensis subsp. holarctica		B-8366					GCF_010232985.1-RS_2025_04_16	Complete Genome	2020-02-06		1	Francisella tularensis
GCF_000011405.1	ASM1140v1	2025-04-16	Francisella tularensis subsp. holarctica OSU18		OSU18					GCF_000011405.1-RS_2025_04_16	Complete Genome	2012-04-23		1	Francisella tularensis
GCF_000248415.2	ASM24841v2	2025-04-16	Francisella tularensis subsp. tularensis TIGB03		TIGB03					GCF_000248415.2-RS_2025_04_16	Complete Genome	2018-05-03		1	Francisella tularensis
GCF_000014605.1	ASM1460v1	2025-04-15	Francisella tularensis subsp. holarctica OSU18		OSU18					GCF_000014605.1-RS_2025_04_15	Complete Genome	2006-09-20		1	Francisella tularensis
GCF_000168775.2	ASM16877v2	2025-04-15	Francisella tularensis subsp. holarctica FSC200		FSC200					GCF_000168775.2-RS_2025_04_15	Complete Genome	2012-09-28		1	Francisella tularensis
GCF_001011135.1	ASM101113v1	2025-04-15	Francisella tularensis subsp. tularensis WY-00W4114		WY-00W4114			Francisella tularensis subsp. tularensis subtype A.II		GCF_001011135.1-RS_2025_04_15	Complete Genome	2015-05-21		1	Francisella tularensis
GCF_000016105.1	ASM1610v1	2025-04-15	Francisella tularensis subsp. tularensis WY96-3418		WY96-3418					GCF_000016105.1-RS_2025_04_15	Complete Genome	2007-03-24		1	Francisella tularensis
GCF_000023305.1	ASM2330v1	2025-04-15	Francisella tularensis subsp. tularensis NE061598		NE061598					GCF_000023305.1-RS_2025_04_15	Complete Genome	2009-12-28		1	Francisella tularensis
GCF_000017785.1	ASM1778v1	2025-04-15	Francisella tularensis subsp. holarctica FTNF002-00		FTNF002-00					GCF_000017785.1-RS_2025_04_15	Complete Genome	2007-08-23		1	Francisella tularensis
GCF_001865695.1	ASM186569v1	2025-03-05	Francisella tularensis subsp. novicida PA10-7858		PA10-7858					GCF_001865695.1-RS_2025_03_05	Complete Genome	2016-11-03		1	Francisella tularensis
GCF_000248435.2	ASM24843v2	2025-03-05	Francisella tularensis subsp. tularensis TI0902		TI0902					GCF_000248435.2-RS_2025_03_05	Complete Genome	2018-05-03		1	Francisella tularensis
GCF_000833475.1	ASM83347v1	2025-03-03	Francisella tularensis subsp. tularensis		NIH B-38					GCF_000833475.1-RS_2025_03_03	Complete Genome	2015-02-06		1	Francisella tularensis
GCF_002886065.1	ASM288606v1	2025-03-03	Francisella tularensis		12T0050_FLI					GCF_002886065.1-RS_2025_03_03	Complete Genome	2018-01-17		1	Francisella tularensis
GCF_000834965.1	ASM83496v1	2025-03-03	Francisella tularensis subsp. novicida		DPG 3A-IS					GCF_000834965.1-RS_2025_03_03	Complete Genome	2015-02-09		2	Francisella tularensis
GCF_001262115.1	ASM126211v1	2025-03-03	Francisella tularensis subsp. tularensis		WY96					GCF_001262115.1-RS_2025_03_03	Complete Genome	2015-08-06		1	Francisella tularensis
GCF_000009245.1	ASM924v1	2025-02-10	Francisella tularensis subsp. holarctica LVS		LVS					GCF_000009245.1-RS_2025_02_10	Complete Genome	2006-03-08		1	Francisella tularensis
GCF_000008985.1	ASM898v1	2025-02-10	Francisella tularensis subsp. tularensis SCHU S4		SCHU S4					GCF_000008985.1-RS_2025_02_10	Complete Genome	2009-08-14		1	Francisella tularensis
GCF_000009325.1	ASM932v1	2025-02-10	Francisella tularensis subsp. tularensis FSC198		FSC 198					GCF_000009325.1-RS_2025_02_10	Complete Genome	2006-07-25		1	Francisella tularensis
GCF_001267475.1	ASM126747v1	2025-02-01	Francisella tularensis subsp. tularensis MA00-2987		MA00-2987					GCF_001267475.1-RS_2025_02_01	Complete Genome	2015-08-14		1	Francisella tularensis
GCF_000978785.2	ASM97878v2	2025-01-31	Francisella tularensis subsp. tularensis str. SCHU S4 substr. NR-28534		SCHU S4 substr. NR-28534					GCF_000978785.2-RS_2025_01_31	Complete Genome	2015-05-12		2	Francisella tularensis
GCF_000014645.1	ASM1464v1	2025-01-30	Francisella tularensis subsp. novicida U112		U112					GCF_000014645.1-RS_2025_01_30	Complete Genome	2006-11-28		1	Francisella tularensis
GCF_021560555.1	ASM2156055v1	2025-01-30	Francisella tularensis		NUS 3003ST					GCF_021560555.1-RS_2025_01_30	Complete Genome	2022-01-24		1	Francisella tularensis
GCF_021560595.1	ASM2156059v1	2025-01-30	Francisella tularensis		FAM SR-2					GCF_021560595.1-RS_2025_01_30	Complete Genome	2022-01-24		1	Francisella tularensis
GCF_021560575.1	ASM2156057v1	2025-01-30	Francisella tularensis subsp. holarctica		FSC201					GCF_021560575.1-RS_2025_01_30	Complete Genome	2022-01-24		1	Francisella tularensis
GCF_002952075.1	ASM295207v1	2025-01-28	Francisella tularensis subsp. novicida		TCH2015					GCF_002952075.1-RS_2025_01_28	Complete Genome	2018-02-12		1	Francisella tularensis
GCF_001880205.1	ASM188020v1	2025-01-28	Francisella tularensis subsp. novicida		AL97-2214					GCF_001880205.1-RS_2025_01_28	Complete Genome	2016-11-17		1	Francisella tularensis
GCF_001880245.1	ASM188024v1	2025-01-28	Francisella tularensis subsp. novicida		AZ06-7470					GCF_001880245.1-RS_2025_01_28	Complete Genome	2016-11-17		2	Francisella tularensis
GCF_000833375.1	ASM83337v1	2025-01-24	Francisella tularensis subsp. novicida U112		U112					GCF_000833375.1-RS_2025_01_24	Complete Genome	2015-02-06		1	Francisella tularensis
GCF_000833515.1	ASM83351v1	2025-01-24	Francisella tularensis subsp. holarctica		425					GCF_000833515.1-RS_2025_01_24	Complete Genome	2015-02-06		1	Francisella tularensis
GCF_000833495.1	ASM83349v1	2025-01-24	Francisella tularensis subsp. holarctica		VT68					GCF_000833495.1-RS_2025_01_24	Complete Genome	2015-02-06		1	Francisella tularensis
GCF_000833235.1	ASM83323v1	2025-01-24	Francisella tularensis subsp. holarctica		FTT_1					GCF_000833235.1-RS_2025_01_24	Complete Genome	2015-02-06		1	Francisella tularensis
GCF_000833535.1	ASM83353v1	2025-01-24	Francisella tularensis subsp. tularensis SCHU S4		SHU-S4					GCF_000833535.1-RS_2025_01_24	Complete Genome	2015-02-06		1	Francisella tularensis
GCF_000833165.1	ASM83316v1	2025-01-24	Francisella tularensis subsp. novicida F6168		F6168					GCF_000833165.1-RS_2025_01_24	Complete Genome	2015-02-06		2	Francisella tularensis
GCF_001611815.4	ASM161181v4	2025-01-18	Francisella tularensis		15NIIEG					GCF_001611815.4-RS_2025_01_18	Complete Genome	2021-01-07		1	Francisella tularensis
GCF_014905905.1	ASM1490590v1	2025-01-18	Francisella tularensis subsp. holarctica		KU-1					GCF_014905905.1-RS_2025_01_18	Complete Genome	2020-09-26		1	Francisella tularensis
GCF_050219895.1	ASM5021989v1	2025-05-07	Fusobacterium animalis		SB002					GCF_050219895.1-RS_2025_05_07	Complete Genome	2025-05-14		1	Fusobacterium animalis
GCF_037897545.1	ASM3789754v1	2025-05-01	Fusobacterium animalis		SB024					GCF_037897545.1-RS_2025_05_01	Complete Genome	2024-04-05		3	Fusobacterium animalis
GCF_037897485.1	ASM3789748v1	2025-05-01	Fusobacterium animalis		SB029					GCF_037897485.1-RS_2025_05_01	Complete Genome	2024-04-05		3	Fusobacterium animalis
GCF_037911905.1	ASM3791190v1	2025-04-21	Fusobacterium animalis		KCOM3127					GCF_037911905.1-RS_2025_04_21	Complete Genome	2024-04-05		1	Fusobacterium animalis
GCF_037911935.1	ASM3791193v1	2025-04-21	Fusobacterium animalis		KCOM2877					GCF_037911935.1-RS_2025_04_21	Complete Genome	2024-04-05		1	Fusobacterium animalis
GCF_037911915.1	ASM3791191v1	2025-04-21	Fusobacterium animalis		KCOM2969					GCF_037911915.1-RS_2025_04_21	Complete Genome	2024-04-05		1	Fusobacterium animalis
GCF_037905245.1	ASM3790524v1	2025-04-21	Fusobacterium animalis		KCOM1280					GCF_037905245.1-RS_2025_04_21	Complete Genome	2024-04-05		2	Fusobacterium animalis
GCF_037897415.1	ASM3789741v1	2025-04-21	Fusobacterium animalis		SB034					GCF_037897415.1-RS_2025_04_21	Complete Genome	2024-04-05		1	Fusobacterium animalis
GCF_037906465.1	ASM3790646v1	2025-04-21	Fusobacterium animalis		SB059					GCF_037906465.1-RS_2025_04_21	Complete Genome	2024-04-05		1	Fusobacterium animalis
GCF_037904575.1	ASM3790457v1	2025-04-21	Fusobacterium animalis		KCOM3774					GCF_037904575.1-RS_2025_04_21	Complete Genome	2024-04-05		1	Fusobacterium animalis
GCF_037893335.1	ASM3789333v1	2025-04-21	Fusobacterium animalis		SB020					GCF_037893335.1-RS_2025_04_21	Complete Genome	2024-04-05		1	Fusobacterium animalis
GCF_037911025.1	ASM3791102v1	2025-04-21	Fusobacterium animalis		SB058					GCF_037911025.1-RS_2025_04_21	Complete Genome	2024-04-05		1	Fusobacterium animalis
GCF_037911885.1	ASM3791188v1	2025-04-21	Fusobacterium animalis		KCOM3229					GCF_037911885.1-RS_2025_04_21	Complete Genome	2024-04-05		1	Fusobacterium animalis
GCF_037888995.1	ASM3788899v1	2025-04-21	Fusobacterium animalis		SB012					GCF_037888995.1-RS_2025_04_21	Complete Genome	2024-04-05		4	Fusobacterium animalis
GCF_037897515.1	ASM3789751v1	2025-04-21	Fusobacterium animalis		SB026					GCF_037897515.1-RS_2025_04_21	Complete Genome	2024-04-05		1	Fusobacterium animalis
GCF_037897425.1	ASM3789742v1	2025-04-21	Fusobacterium animalis		SB031					GCF_037897425.1-RS_2025_04_21	Complete Genome	2024-04-05		1	Fusobacterium animalis
GCF_037911955.1	ASM3791195v1	2025-04-21	Fusobacterium animalis		KCOM2765					GCF_037911955.1-RS_2025_04_21	Complete Genome	2024-04-05		1	Fusobacterium animalis
GCF_037911845.1	ASM3791184v1	2025-04-21	Fusobacterium animalis		SB053					GCF_037911845.1-RS_2025_04_21	Complete Genome	2024-04-05		1	Fusobacterium animalis
GCF_037889045.1	ASM3788904v1	2025-04-21	Fusobacterium animalis		SB001					GCF_037889045.1-RS_2025_04_21	Complete Genome	2024-04-06		1	Fusobacterium animalis
GCF_037911875.1	ASM3791187v1	2025-04-21	Fusobacterium animalis		KCOM3645					GCF_037911875.1-RS_2025_04_21	Complete Genome	2024-04-05		1	Fusobacterium animalis
GCF_037888975.1	ASM3788897v1	2025-04-21	Fusobacterium animalis		SB014					GCF_037888975.1-RS_2025_04_21	Complete Genome	2024-04-05		1	Fusobacterium animalis
GCF_037906355.1	ASM3790635v1	2025-04-21	Fusobacterium animalis		SB008					GCF_037906355.1-RS_2025_04_21	Complete Genome	2024-04-05		1	Fusobacterium animalis
GCF_037911975.1	ASM3791197v1	2025-04-21	Fusobacterium animalis		KCOM2538					GCF_037911975.1-RS_2025_04_21	Complete Genome	2024-04-05		1	Fusobacterium animalis
GCF_037911855.1	ASM3791185v1	2025-04-21	Fusobacterium animalis		SB052					GCF_037911855.1-RS_2025_04_21	Complete Genome	2024-04-05		1	Fusobacterium animalis
GCF_037904725.1	ASM3790472v1	2025-04-21	Fusobacterium animalis		KCOM2763					GCF_037904725.1-RS_2025_04_21	Complete Genome	2024-04-05		1	Fusobacterium animalis
GCF_037912025.1	ASM3791202v1	2025-04-21	Fusobacterium animalis		KCOM1325					GCF_037912025.1-RS_2025_04_21	Complete Genome	2024-04-05		1	Fusobacterium animalis
GCF_037904595.1	ASM3790459v1	2025-04-21	Fusobacterium animalis		KCOM3367					GCF_037904595.1-RS_2025_04_21	Complete Genome	2024-04-05		1	Fusobacterium animalis
GCF_037911925.1	ASM3791192v1	2025-04-21	Fusobacterium animalis		KCOM2952					GCF_037911925.1-RS_2025_04_21	Complete Genome	2024-04-05		2	Fusobacterium animalis
GCF_037908355.1	ASM3790835v1	2025-04-21	Fusobacterium animalis		SB061					GCF_037908355.1-RS_2025_04_21	Complete Genome	2024-04-05		1	Fusobacterium animalis
GCF_037907055.1	ASM3790705v1	2025-04-21	Fusobacterium animalis		SB062					GCF_037907055.1-RS_2025_04_21	Complete Genome	2024-04-05		1	Fusobacterium animalis
GCF_037889035.1	ASM3788903v1	2025-04-21	Fusobacterium animalis		SB003					GCF_037889035.1-RS_2025_04_21	Complete Genome	2024-04-05		1	Fusobacterium animalis
GCF_037889015.1	ASM3788901v1	2025-04-21	Fusobacterium animalis		SB010					GCF_037889015.1-RS_2025_04_21	Complete Genome	2024-04-05		2	Fusobacterium animalis
GCF_037911945.1	ASM3791194v1	2025-04-21	Fusobacterium animalis		KCOM2860					GCF_037911945.1-RS_2025_04_21	Complete Genome	2024-04-05		1	Fusobacterium animalis
GCF_037897535.1	ASM3789753v1	2025-04-21	Fusobacterium animalis		SB025					GCF_037897535.1-RS_2025_04_21	Complete Genome	2024-04-05		1	Fusobacterium animalis
GCF_037888955.1	ASM3788895v1	2025-04-21	Fusobacterium animalis		SB018					GCF_037888955.1-RS_2025_04_21	Complete Genome	2024-04-05		1	Fusobacterium animalis
GCF_037897505.1	ASM3789750v1	2025-04-21	Fusobacterium animalis		SB027					GCF_037897505.1-RS_2025_04_21	Complete Genome	2024-04-05		1	Fusobacterium animalis
GCF_037906395.1	ASM3790639v1	2025-04-21	Fusobacterium animalis		SB063					GCF_037906395.1-RS_2025_04_21	Complete Genome	2024-04-05		1	Fusobacterium animalis
GCF_037909675.1	ASM3790967v1	2025-04-21	Fusobacterium animalis		SB060					GCF_037909675.1-RS_2025_04_21	Complete Genome	2024-04-05		1	Fusobacterium animalis
GCF_037911815.1	ASM3791181v1	2025-04-21	Fusobacterium animalis		SB056					GCF_037911815.1-RS_2025_04_21	Complete Genome	2024-04-05		1	Fusobacterium animalis
GCF_001296145.1	ASM129614v1	2025-04-08	Fusobacterium animalis		KCOM 1325					GCF_001296145.1-RS_2025_04_08	Complete Genome	2015-09-22		1	Fusobacterium animalis
GCF_001296085.1	ASM129608v1	2025-04-08	Fusobacterium animalis		KCOM 1279					GCF_001296085.1-RS_2025_04_08	Complete Genome	2015-09-22		1	Fusobacterium animalis
GCF_019552085.1	ASM1955208v1	2025-04-08	Fusobacterium animalis		THCT7A2					GCF_019552085.1-RS_2025_04_08	Complete Genome	2021-08-11		1	Fusobacterium animalis
GCF_019552125.1	ASM1955212v1	2025-04-08	Fusobacterium animalis		THCT5A4					GCF_019552125.1-RS_2025_04_08	Complete Genome	2021-08-11		1	Fusobacterium animalis
GCF_019552105.1	ASM1955210v1	2025-04-08	Fusobacterium animalis		THCT6B3					GCF_019552105.1-RS_2025_04_08	Complete Genome	2021-08-11		1	Fusobacterium animalis
GCF_000158275.2	ASM15827v2	2025-04-08	Fusobacterium animalis 7_1		7_1					GCF_000158275.2-RS_2025_04_08	Complete Genome	2014-02-03		2	Fusobacterium animalis
GCF_000400875.1	ASM40087v1	2025-04-08	Fusobacterium animalis 4_8		4_8					GCF_000400875.1-RS_2025_04_08	Complete Genome	2013-05-22		2	Fusobacterium animalis
GCF_037912275.1	ASM3791227v1	2025-04-05	Fusobacterium animalis		KCOM1279					GCF_037912275.1-RS_2025_04_05	Complete Genome	2024-04-05		1	Fusobacterium animalis
GCF_048313085.1	ASM4831308v1	2025-03-05	Fusobacterium animalis		CTI-3					GCF_048313085.1-RS_2025_03_05	Complete Genome	2025-03-06		1	Fusobacterium animalis
GCF_045159915.1	ASM4515991v1	2024-12-11	Fusobacterium animalis		SB036					GCF_045159915.1-RS_2024_12_11	Complete Genome	2024-11-25		1	Fusobacterium animalis
GCF_045159945.1	ASM4515994v1	2024-12-11	Fusobacterium animalis		SB043					GCF_045159945.1-RS_2024_12_11	Complete Genome	2024-11-25		1	Fusobacterium animalis
GCF_050920715.1	Fn25586	2025-06-16	Fusobacterium nucleatum subsp. nucleatum ATCC 25586		ATCC 25586					GCF_050920715.1-RS_2025_06_16	Complete Genome	2025-06-17		1	Fusobacterium nucleatum
GCF_050233295.1	ASM5023329v1	2025-05-08	Fusobacterium nucleatum		KCOM3788					GCF_050233295.1-RS_2025_05_08	Complete Genome	2025-05-14		1	Fusobacterium nucleatum
GCF_050231725.1	ASM5023172v1	2025-05-08	Fusobacterium nucleatum		SB042					GCF_050231725.1-RS_2025_05_08	Complete Genome	2025-05-14		1	Fusobacterium nucleatum
GCF_050233995.1	ASM5023399v1	2025-05-08	Fusobacterium nucleatum subsp. nucleatum ATCC 23726		ATCC 23726					GCF_050233995.1-RS_2025_05_08	Complete Genome	2025-05-14		1	Fusobacterium nucleatum
GCF_037889275.1	ASM3788927v1	2025-05-01	Fusobacterium nucleatum		KCOM2373					GCF_037889275.1-RS_2025_05_01	Complete Genome	2024-04-05		2	Fusobacterium nucleatum
GCF_037889115.1	ASM3788911v1	2025-05-01	Fusobacterium nucleatum		KCOM3764					GCF_037889115.1-RS_2025_05_01	Complete Genome	2024-04-05		1	Fusobacterium nucleatum
GCF_037975335.1	ASM3797533v1	2025-05-01	Fusobacterium nucleatum		KCOM3187					GCF_037975335.1-RS_2025_05_01	Complete Genome	2024-04-07		1	Fusobacterium nucleatum
GCF_037889095.1	ASM3788909v1	2025-05-01	Fusobacterium nucleatum		SB032					GCF_037889095.1-RS_2025_05_01	Complete Genome	2024-04-05		1	Fusobacterium nucleatum
GCF_037889385.1	ASM3788938v1	2025-05-01	Fusobacterium nucleatum		KCOM3713					GCF_037889385.1-RS_2025_05_01	Complete Genome	2024-04-05		1	Fusobacterium nucleatum
GCF_037889195.1	ASM3788919v1	2025-05-01	Fusobacterium nucleatum		KCOM3205					GCF_037889195.1-RS_2025_05_01	Complete Genome	2024-04-05		1	Fusobacterium nucleatum
GCF_037889155.1	ASM3788915v1	2025-05-01	Fusobacterium nucleatum		KCOM3503					GCF_037889155.1-RS_2025_05_01	Complete Genome	2024-04-05		1	Fusobacterium nucleatum
GCF_037955165.1	ASM3795516v1	2025-05-01	Fusobacterium nucleatum		KCOM3363					GCF_037955165.1-RS_2025_05_01	Complete Genome	2024-04-06		1	Fusobacterium nucleatum
GCF_037889205.1	ASM3788920v1	2025-05-01	Fusobacterium nucleatum		KCOM3164					GCF_037889205.1-RS_2025_05_01	Complete Genome	2024-04-05		1	Fusobacterium nucleatum
GCF_037889065.1	ASM3788906v1	2025-05-01	Fusobacterium nucleatum		SB048					GCF_037889065.1-RS_2025_05_01	Complete Genome	2024-04-05		1	Fusobacterium nucleatum
GCF_037889315.1	ASM3788931v1	2025-05-01	Fusobacterium nucleatum		KCOM3486					GCF_037889315.1-RS_2025_05_01	Complete Genome	2024-04-05		1	Fusobacterium nucleatum
GCF_037889255.1	ASM3788925v1	2025-05-01	Fusobacterium nucleatum		KCOM2878					GCF_037889255.1-RS_2025_05_01	Complete Genome	2024-04-05		1	Fusobacterium nucleatum
GCF_037889245.1	ASM3788924v1	2025-05-01	Fusobacterium nucleatum		KCOM2898					GCF_037889245.1-RS_2025_05_01	Complete Genome	2024-04-05		1	Fusobacterium nucleatum
GCF_037889185.1	ASM3788918v1	2025-05-01	Fusobacterium nucleatum		KCOM3208					GCF_037889185.1-RS_2025_05_01	Complete Genome	2024-04-05		1	Fusobacterium nucleatum
GCF_037889135.1	ASM3788913v1	2025-05-01	Fusobacterium nucleatum		KCOM3714					GCF_037889135.1-RS_2025_05_01	Complete Genome	2024-04-05		1	Fusobacterium nucleatum
GCF_037954885.1	ASM3795488v1	2025-05-01	Fusobacterium nucleatum		KCOM3674					GCF_037954885.1-RS_2025_05_01	Complete Genome	2024-04-06		1	Fusobacterium nucleatum
GCF_037889365.1	ASM3788936v1	2025-05-01	Fusobacterium nucleatum		KCOM3758					GCF_037889365.1-RS_2025_05_01	Complete Genome	2024-04-05		1	Fusobacterium nucleatum
GCF_037890135.1	ASM3789013v1	2025-05-01	Fusobacterium nucleatum		KCOM2312					GCF_037890135.1-RS_2025_05_01	Complete Genome	2024-04-05		1	Fusobacterium nucleatum
GCF_037889225.1	ASM3788922v1	2025-05-01	Fusobacterium nucleatum		KCOM2907					GCF_037889225.1-RS_2025_05_01	Complete Genome	2024-04-05		1	Fusobacterium nucleatum
GCF_037954595.1	ASM3795459v1	2025-05-01	Fusobacterium nucleatum		KCOM2205					GCF_037954595.1-RS_2025_05_01	Complete Genome	2024-04-06		1	Fusobacterium nucleatum
GCF_037889215.1	ASM3788921v1	2025-05-01	Fusobacterium nucleatum		KCOM3154					GCF_037889215.1-RS_2025_05_01	Complete Genome	2024-04-05		1	Fusobacterium nucleatum
GCF_037889165.1	ASM3788916v1	2025-05-01	Fusobacterium nucleatum		KCOM3457					GCF_037889165.1-RS_2025_05_01	Complete Genome	2024-04-05		1	Fusobacterium nucleatum
GCF_037953935.1	ASM3795393v1	2025-05-01	Fusobacterium nucleatum		KCOM2013					GCF_037953935.1-RS_2025_05_01	Complete Genome	2024-04-06		1	Fusobacterium nucleatum
GCF_037889145.1	ASM3788914v1	2025-05-01	Fusobacterium nucleatum		KCOM3685					GCF_037889145.1-RS_2025_05_01	Complete Genome	2024-04-05		1	Fusobacterium nucleatum
GCF_037889335.1	ASM3788933v1	2025-05-01	Fusobacterium nucleatum		KCOM3412					GCF_037889335.1-RS_2025_05_01	Complete Genome	2024-04-05		2	Fusobacterium nucleatum
GCF_037889345.1	ASM3788934v1	2025-05-01	Fusobacterium nucleatum		KCOM3182					GCF_037889345.1-RS_2025_05_01	Complete Genome	2024-04-05		1	Fusobacterium nucleatum
GCF_037889265.1	ASM3788926v1	2025-05-01	Fusobacterium nucleatum		KCOM2847					GCF_037889265.1-RS_2025_05_01	Complete Genome	2024-04-05		1	Fusobacterium nucleatum
GCF_037889105.1	ASM3788910v1	2025-05-01	Fusobacterium nucleatum		SB030					GCF_037889105.1-RS_2025_05_01	Complete Genome	2024-04-05		1	Fusobacterium nucleatum
GCF_028657925.1	ASM2865792v1	2025-04-26	Fusobacterium nucleatum		FNA					GCF_028657925.1-RS_2025_04_26	Complete Genome	2023-02-16		1	Fusobacterium nucleatum
GCF_028743415.1	ASM2874341v1	2025-04-26	Fusobacterium nucleatum		2/1/50A					GCF_028743415.1-RS_2025_04_26	Complete Genome	2023-02-20		1	Fusobacterium nucleatum
GCF_028621975.1	ASM2862197v1	2025-04-25	Fusobacterium nucleatum		FNV					GCF_028621975.1-RS_2025_04_25	Complete Genome	2023-02-14		1	Fusobacterium nucleatum
GCF_028621995.1	ASM2862199v1	2025-04-25	Fusobacterium nucleatum		FNU					GCF_028621995.1-RS_2025_04_25	Complete Genome	2023-02-14		1	Fusobacterium nucleatum
GCF_037889285.1	ASM3788928v1	2025-04-21	Fusobacterium nucleatum		KCOM1276					GCF_037889285.1-RS_2025_04_21	Complete Genome	2024-04-05		1	Fusobacterium nucleatum
GCF_037889175.1	ASM3788917v1	2025-04-21	Fusobacterium nucleatum		KCOM3321					GCF_037889175.1-RS_2025_04_21	Complete Genome	2024-04-05		1	Fusobacterium nucleatum
GCF_037889325.1	ASM3788932v1	2025-04-21	Fusobacterium nucleatum		KCOM1801					GCF_037889325.1-RS_2025_04_21	Complete Genome	2024-04-05		1	Fusobacterium nucleatum
GCF_037889375.1	ASM3788937v1	2025-04-21	Fusobacterium nucleatum		KCOM3739					GCF_037889375.1-RS_2025_04_21	Complete Genome	2024-04-05		1	Fusobacterium nucleatum
GCF_037889235.1	ASM3788923v1	2025-04-21	Fusobacterium nucleatum		KCOM2902					GCF_037889235.1-RS_2025_04_21	Complete Genome	2024-04-05		1	Fusobacterium nucleatum
GCF_037889055.1	ASM3788905v1	2025-04-21	Fusobacterium nucleatum		SB049					GCF_037889055.1-RS_2025_04_21	Complete Genome	2024-04-05		1	Fusobacterium nucleatum
GCF_037889125.1	ASM3788912v1	2025-04-21	Fusobacterium nucleatum		KCOM3756					GCF_037889125.1-RS_2025_04_21	Complete Genome	2024-04-05		1	Fusobacterium nucleatum
GCF_037952305.1	ASM3795230v1	2025-04-21	Fusobacterium nucleatum		KCOM2939					GCF_037952305.1-RS_2025_04_21	Complete Genome	2024-04-06		1	Fusobacterium nucleatum
GCF_037951365.1	ASM3795136v1	2025-04-21	Fusobacterium nucleatum		KCOM2995					GCF_037951365.1-RS_2025_04_21	Complete Genome	2024-04-06		1	Fusobacterium nucleatum
GCF_037955445.1	ASM3795544v1	2025-04-21	Fusobacterium nucleatum		KCOM3240					GCF_037955445.1-RS_2025_04_21	Complete Genome	2024-04-06		1	Fusobacterium nucleatum
GCF_037953125.1	ASM3795312v1	2025-04-21	Fusobacterium nucleatum		KCOM2883					GCF_037953125.1-RS_2025_04_21	Complete Genome	2024-04-06		1	Fusobacterium nucleatum
GCF_037889005.1	ASM3788900v1	2025-04-21	Fusobacterium nucleatum subsp. nucleatum		SB011					GCF_037889005.1-RS_2025_04_21	Complete Genome	2024-04-05		1	Fusobacterium nucleatum
GCF_037900345.1	ASM3790034v1	2025-04-05	Fusobacterium nucleatum subsp. nucleatum ATCC 25586		ATCC 25586					GCF_037900345.1-RS_2025_04_05	Complete Genome	2024-04-05		1	Fusobacterium nucleatum
GCF_902381645.1	UHGG_MGYG-HGUT-01347	2025-03-17	Fusobacterium nucleatum					MGYG-HGUT-01347		GCF_902381645.1-RS_2025_03_17	Complete Genome	2019-08-10		1	Fusobacterium nucleatum
GCF_900638105.1	56433_A01	2025-08-25	Haemophilus influenzae		NCTC11873					GCF_900638105.1-RS_2025_08_25	Complete Genome	2018-12-20		1	Haemophilus influenzae
GCF_002966675.1	ASM296667v1	2025-08-25	Haemophilus influenzae		67P56H1					GCF_002966675.1-RS_2025_08_25	Complete Genome	2018-03-02		1	Haemophilus influenzae
GCF_900475535.1	44310_E01	2025-08-14	Haemophilus influenzae		NCTC11931					GCF_900475535.1-RS_2025_08_14	Complete Genome	2018-06-17		1	Haemophilus influenzae
GCF_051937255.1	ASM5193725v1	2025-08-14	Haemophilus influenzae		MHI-4812					GCF_051937255.1-RS_2025_08_14	Complete Genome	2025-08-15		1	Haemophilus influenzae
GCF_051937965.1	ASM5193796v1	2025-08-13	Haemophilus influenzae		MHI-4688					GCF_051937965.1-RS_2025_08_13	Complete Genome	2025-08-13		1	Haemophilus influenzae
GCF_051936825.1	ASM5193682v1	2025-08-13	Haemophilus influenzae		MHI-4814					GCF_051936825.1-RS_2025_08_13	Complete Genome	2025-08-13		1	Haemophilus influenzae
GCF_051936755.1	ASM5193675v1	2025-08-13	Haemophilus influenzae		MHI-4890					GCF_051936755.1-RS_2025_08_13	Complete Genome	2025-08-13		1	Haemophilus influenzae
GCF_051937325.1	ASM5193732v1	2025-08-13	Haemophilus influenzae		MHI-4772					GCF_051937325.1-RS_2025_08_13	Complete Genome	2025-08-13		1	Haemophilus influenzae
GCF_051939635.1	ASM5193963v1	2025-08-13	Haemophilus influenzae		MHI-4466					GCF_051939635.1-RS_2025_08_13	Complete Genome	2025-08-13		1	Haemophilus influenzae
GCF_051939045.1	ASM5193904v1	2025-08-13	Haemophilus influenzae		MHI-4578					GCF_051939045.1-RS_2025_08_13	Complete Genome	2025-08-13		1	Haemophilus influenzae
GCF_051937875.1	ASM5193787v1	2025-08-13	Haemophilus influenzae		MHI-4743					GCF_051937875.1-RS_2025_08_13	Complete Genome	2025-08-13		1	Haemophilus influenzae
GCF_051938585.1	ASM5193858v1	2025-08-13	Haemophilus influenzae		MHI-4640					GCF_051938585.1-RS_2025_08_13	Complete Genome	2025-08-13		1	Haemophilus influenzae
GCF_051939565.1	ASM5193956v1	2025-08-13	Haemophilus influenzae		MHI-4506					GCF_051939565.1-RS_2025_08_13	Complete Genome	2025-08-13		1	Haemophilus influenzae
GCF_051938655.1	ASM5193865v1	2025-08-13	Haemophilus influenzae		MHI-4615					GCF_051938655.1-RS_2025_08_13	Complete Genome	2025-08-13		1	Haemophilus influenzae
GCF_051939095.1	ASM5193909v1	2025-08-13	Haemophilus influenzae		MHI-4537					GCF_051939095.1-RS_2025_08_13	Complete Genome	2025-08-13		1	Haemophilus influenzae
GCF_051940265.1	ASM5194026v1	2025-08-13	Haemophilus influenzae		MHI-4419					GCF_051940265.1-RS_2025_08_13	Complete Genome	2025-08-13		1	Haemophilus influenzae
GCF_051132445.1	ASM5113244v1	2025-06-29	Haemophilus influenzae					Nt delta copZA/v		GCF_051132445.1-RS_2025_06_29	Complete Genome	2025-06-29		1	Haemophilus influenzae
GCF_051132455.1	ASM5113245v1	2025-06-29	Haemophilus influenzae		NTX					GCF_051132455.1-RS_2025_06_29	Complete Genome	2025-06-29		1	Haemophilus influenzae
GCF_051132465.1	ASM5113246v1	2025-06-29	Haemophilus influenzae		NT127					GCF_051132465.1-RS_2025_06_29	Complete Genome	2025-06-30		1	Haemophilus influenzae
GCF_051132425.1	ASM5113242v1	2025-06-29	Haemophilus influenzae					NTHi375 delta nagB#9		GCF_051132425.1-RS_2025_06_29	Complete Genome	2025-06-29		1	Haemophilus influenzae
GCF_051132415.1	ASM5113241v1	2025-06-29	Haemophilus influenzae					NTHi375 delta nagB#10		GCF_051132415.1-RS_2025_06_29	Complete Genome	2025-06-29		1	Haemophilus influenzae
GCF_051132435.1	ASM5113243v1	2025-06-29	Haemophilus influenzae					NTHi375 delta nagB#8		GCF_051132435.1-RS_2025_06_29	Complete Genome	2025-06-29		1	Haemophilus influenzae
GCF_051059365.1	ASM5105936v1	2025-06-26	Haemophilus influenzae		mpi1430					GCF_051059365.1-RS_2025_06_26	Complete Genome	2025-06-27		1	Haemophilus influenzae
GCF_051059505.1	ASM5105950v1	2025-06-26	Haemophilus influenzae		mpi1333					GCF_051059505.1-RS_2025_06_26	Complete Genome	2025-06-27		1	Haemophilus influenzae
GCF_051059445.1	ASM5105944v1	2025-06-26	Haemophilus influenzae		mpi1341					GCF_051059445.1-RS_2025_06_26	Complete Genome	2025-06-27		1	Haemophilus influenzae
GCF_051059435.1	ASM5105943v1	2025-06-26	Haemophilus influenzae		mpi1411					GCF_051059435.1-RS_2025_06_26	Complete Genome	2025-06-27		1	Haemophilus influenzae
GCF_051059495.1	ASM5105949v1	2025-06-26	Haemophilus influenzae		mpi1337					GCF_051059495.1-RS_2025_06_26	Complete Genome	2025-06-27		1	Haemophilus influenzae
GCF_051029245.1	ASM5102924v1	2025-06-25	Haemophilus influenzae		mpi1117					GCF_051029245.1-RS_2025_06_25	Complete Genome	2025-06-26		1	Haemophilus influenzae
GCF_051029255.1	ASM5102925v1	2025-06-25	Haemophilus influenzae		mpi993					GCF_051029255.1-RS_2025_06_25	Complete Genome	2025-06-26		1	Haemophilus influenzae
GCF_051029075.1	ASM5102907v1	2025-06-25	Haemophilus influenzae		mpi1481					GCF_051029075.1-RS_2025_06_25	Complete Genome	2025-06-26		1	Haemophilus influenzae
GCF_051033725.1	ASM5103372v1	2025-06-25	Haemophilus influenzae		mpi543					GCF_051033725.1-RS_2025_06_25	Complete Genome	2025-06-26		1	Haemophilus influenzae
GCF_051029085.1	ASM5102908v1	2025-06-25	Haemophilus influenzae		mpi1474					GCF_051029085.1-RS_2025_06_25	Complete Genome	2025-06-26		1	Haemophilus influenzae
GCF_051030475.1	ASM5103047v1	2025-06-25	Haemophilus influenzae		mpi779					GCF_051030475.1-RS_2025_06_25	Complete Genome	2025-06-26		1	Haemophilus influenzae
GCF_051031595.1	ASM5103159v1	2025-06-25	Haemophilus influenzae		mpi664					GCF_051031595.1-RS_2025_06_25	Complete Genome	2025-06-26		1	Haemophilus influenzae
GCF_051029205.1	ASM5102920v1	2025-06-25	Haemophilus influenzae		mpi1126					GCF_051029205.1-RS_2025_06_25	Complete Genome	2025-06-26		1	Haemophilus influenzae
GCF_051029535.1	ASM5102953v1	2025-06-25	Haemophilus influenzae		mpi989					GCF_051029535.1-RS_2025_06_25	Complete Genome	2025-06-26		1	Haemophilus influenzae
GCF_051029095.1	ASM5102909v1	2025-06-25	Haemophilus influenzae		mpi1200					GCF_051029095.1-RS_2025_06_25	Complete Genome	2025-06-26		1	Haemophilus influenzae
GCF_051030465.1	ASM5103046v1	2025-06-25	Haemophilus influenzae		mpi971					GCF_051030465.1-RS_2025_06_25	Complete Genome	2025-06-26		1	Haemophilus influenzae
GCF_051029025.1	ASM5102902v1	2025-06-25	Haemophilus influenzae		mpi1547					GCF_051029025.1-RS_2025_06_25	Complete Genome	2025-06-26		1	Haemophilus influenzae
GCF_051029005.1	ASM5102900v1	2025-06-25	Haemophilus influenzae		mpi1561					GCF_051029005.1-RS_2025_06_25	Complete Genome	2025-06-26		1	Haemophilus influenzae
GCF_051029525.1	ASM5102952v1	2025-06-25	Haemophilus influenzae		mpi991					GCF_051029525.1-RS_2025_06_25	Complete Genome	2025-06-26		1	Haemophilus influenzae
GCF_051028985.1	ASM5102898v1	2025-06-25	Haemophilus influenzae		mpi1763					GCF_051028985.1-RS_2025_06_25	Complete Genome	2025-06-26		1	Haemophilus influenzae
GCF_051029185.1	ASM5102918v1	2025-06-25	Haemophilus influenzae		mpi1145					GCF_051029185.1-RS_2025_06_25	Complete Genome	2025-06-26		1	Haemophilus influenzae
GCF_051029175.1	ASM5102917v1	2025-06-25	Haemophilus influenzae		mpi1153					GCF_051029175.1-RS_2025_06_25	Complete Genome	2025-06-26		1	Haemophilus influenzae
GCF_051029015.1	ASM5102901v1	2025-06-25	Haemophilus influenzae		mpi1559					GCF_051029015.1-RS_2025_06_25	Complete Genome	2025-06-26		1	Haemophilus influenzae
GCF_051031565.1	ASM5103156v1	2025-06-25	Haemophilus influenzae		mpi668					GCF_051031565.1-RS_2025_06_25	Complete Genome	2025-06-26		1	Haemophilus influenzae
GCF_051028995.1	ASM5102899v1	2025-06-25	Haemophilus influenzae		mpi1746					GCF_051028995.1-RS_2025_06_25	Complete Genome	2025-06-26		1	Haemophilus influenzae
GCF_051033735.1	ASM5103373v1	2025-06-25	Haemophilus influenzae		mpi528					GCF_051033735.1-RS_2025_06_25	Complete Genome	2025-06-26		1	Haemophilus influenzae
GCF_051032755.1	ASM5103275v1	2025-06-25	Haemophilus influenzae		mpi547					GCF_051032755.1-RS_2025_06_25	Complete Genome	2025-06-26		1	Haemophilus influenzae
GCF_051032745.1	ASM5103274v1	2025-06-25	Haemophilus influenzae		mpi550					GCF_051032745.1-RS_2025_06_25	Complete Genome	2025-06-26		1	Haemophilus influenzae
GCF_006338945.1	ASM633894v1	2025-08-26	Helicobacter pylori		479-C-EK2					GCF_006338945.1-RS_2025_08_26	Complete Genome	2019-06-13		1	Helicobacter pylori
GCF_006339065.1	ASM633906v1	2025-08-26	Helicobacter pylori		478-A-EK1					GCF_006339065.1-RS_2025_08_26	Complete Genome	2019-06-13		1	Helicobacter pylori
GCF_900638475.1	57685_G01	2025-08-25	Helicobacter pylori		NCTC13345					GCF_900638475.1-RS_2025_08_25	Complete Genome	2018-12-20		1	Helicobacter pylori
GCF_900638505.1	57728_F01	2025-08-25	Helicobacter pylori		NCTC12823					GCF_900638505.1-RS_2025_08_25	Complete Genome	2018-12-20		1	Helicobacter pylori
GCF_001991095.1	ASM199109v1	2025-08-25	Helicobacter pylori PMSS1		PMSS1					GCF_001991095.1-RS_2025_08_25	Complete Genome	2017-02-10		2	Helicobacter pylori
GCF_034498215.1	ASM3449821v1	2025-08-19	Helicobacter pylori		52N					GCF_034498215.1-RS_2025_08_19	Complete Genome	2023-12-20		1	Helicobacter pylori
GCF_020735525.1	ASM2073552v1	2025-08-18	Helicobacter pylori		FDAARGOS_1601					GCF_020735525.1-RS_2025_08_18	Complete Genome	2021-11-03		2	Helicobacter pylori
GCF_003050665.1	ASM305066v1	2025-07-16	Helicobacter pylori		FDAARGOS_298					GCF_003050665.1-RS_2025_07_16	Complete Genome	2018-04-13		1	Helicobacter pylori
GCF_013122115.1	ASM1312211v1	2025-07-16	Helicobacter pylori		HPY					GCF_013122115.1-RS_2025_07_16	Complete Genome	2020-05-19		2	Helicobacter pylori
GCF_013122055.1	ASM1312205v1	2025-07-16	Helicobacter pylori		HP1352					GCF_013122055.1-RS_2025_07_16	Complete Genome	2020-05-19		2	Helicobacter pylori
GCF_013122035.1	ASM1312203v1	2025-07-16	Helicobacter pylori		HP9192					GCF_013122035.1-RS_2025_07_16	Complete Genome	2020-05-19		2	Helicobacter pylori
GCF_001653395.1	ASM165339v1	2025-07-16	Helicobacter pylori		DU15					GCF_001653395.1-RS_2025_07_16	Complete Genome	2016-05-27		1	Helicobacter pylori
GCF_001653455.1	ASM165345v1	2025-07-16	Helicobacter pylori		K26A1					GCF_001653455.1-RS_2025_07_16	Complete Genome	2016-05-27		1	Helicobacter pylori
GCF_000333835.2	ASM33383v2	2025-07-16	Helicobacter pylori A45		A45					GCF_000333835.2-RS_2025_07_16	Complete Genome	2020-05-18		2	Helicobacter pylori
GCF_000392535.3	ASM39253v3	2025-07-15	Helicobacter pylori UM066		UM066					GCF_000392535.3-RS_2025_07_15	Complete Genome	2014-09-22		1	Helicobacter pylori
GCF_030406585.1	ASM3040658v1	2025-07-06	Helicobacter pylori		HP45k					GCF_030406585.1-RS_2025_07_06	Complete Genome	2023-07-05		1	Helicobacter pylori
GCF_051131785.1	ASM5113178v1	2025-06-29	Helicobacter pylori		VN0344					GCF_051131785.1-RS_2025_06_29	Complete Genome	2025-06-29		1	Helicobacter pylori
GCF_051131805.1	ASM5113180v1	2025-06-29	Helicobacter pylori		VN0621					GCF_051131805.1-RS_2025_06_29	Complete Genome	2025-06-29		1	Helicobacter pylori
GCF_051131795.1	ASM5113179v1	2025-06-29	Helicobacter pylori		VN0358					GCF_051131795.1-RS_2025_06_29	Complete Genome	2025-06-29		1	Helicobacter pylori
GCF_030323385.1	ASM3032338v1	2025-06-22	Helicobacter pylori		BS31					GCF_030323385.1-RS_2025_06_22	Complete Genome	2023-06-22		1	Helicobacter pylori
GCF_030323565.1	ASM3032356v1	2025-06-22	Helicobacter pylori		BS27-2					GCF_030323565.1-RS_2025_06_22	Complete Genome	2023-06-22		1	Helicobacter pylori
GCF_030323485.1	ASM3032348v1	2025-06-22	Helicobacter pylori		BS27-1					GCF_030323485.1-RS_2025_06_22	Complete Genome	2023-06-22		1	Helicobacter pylori
GCF_030323445.1	ASM3032344v1	2025-06-22	Helicobacter pylori		BS22					GCF_030323445.1-RS_2025_06_22	Complete Genome	2023-06-22		1	Helicobacter pylori
GCF_030323405.1	ASM3032340v1	2025-06-22	Helicobacter pylori		BS07					GCF_030323405.1-RS_2025_06_22	Complete Genome	2023-06-22		1	Helicobacter pylori
GCF_030323505.1	ASM3032350v1	2025-06-22	Helicobacter pylori		BS28-1					GCF_030323505.1-RS_2025_06_22	Complete Genome	2023-06-22		1	Helicobacter pylori
GCF_030323525.1	ASM3032352v1	2025-06-22	Helicobacter pylori		BS30					GCF_030323525.1-RS_2025_06_22	Complete Genome	2023-06-22		1	Helicobacter pylori
GCF_030323425.1	ASM3032342v1	2025-06-22	Helicobacter pylori		BS21					GCF_030323425.1-RS_2025_06_22	Complete Genome	2023-06-22		1	Helicobacter pylori
GCF_030323545.1	ASM3032354v1	2025-06-22	Helicobacter pylori		BS06					GCF_030323545.1-RS_2025_06_22	Complete Genome	2023-06-22		1	Helicobacter pylori
GCF_030323585.1	ASM3032358v1	2025-06-22	Helicobacter pylori		BT112					GCF_030323585.1-RS_2025_06_22	Complete Genome	2023-06-22		1	Helicobacter pylori
GCF_030323465.1	ASM3032346v1	2025-06-22	Helicobacter pylori		BS26					GCF_030323465.1-RS_2025_06_22	Complete Genome	2023-06-22		1	Helicobacter pylori
GCF_017821355.1	ASM1782135v1	2025-05-28	Helicobacter pylori		MT5125					GCF_017821355.1-RS_2025_05_28	Complete Genome	2021-04-07		3	Helicobacter pylori
GCF_017821275.1	ASM1782127v1	2025-05-28	Helicobacter pylori		MT5105					GCF_017821275.1-RS_2025_05_28	Complete Genome	2021-04-07		1	Helicobacter pylori
GCF_017821635.1	ASM1782163v1	2025-05-28	Helicobacter pylori		MT5124					GCF_017821635.1-RS_2025_05_28	Complete Genome	2021-04-07		1	Helicobacter pylori
GCF_017821235.1	ASM1782123v1	2025-05-28	Helicobacter pylori		MT5118					GCF_017821235.1-RS_2025_05_28	Complete Genome	2021-04-07		2	Helicobacter pylori
GCF_017821615.1	ASM1782161v1	2025-05-28	Helicobacter pylori		MT5119					GCF_017821615.1-RS_2025_05_28	Complete Genome	2021-04-07		1	Helicobacter pylori
GCF_030067795.1	ASM3006779v1	2025-05-24	Helicobacter pylori		H390r					GCF_030067795.1-RS_2025_05_24	Complete Genome	2023-05-24		1	Helicobacter pylori
GCF_023169645.1	ASM2316964v1	2025-05-14	Helicobacter pylori		JSHR3					GCF_023169645.1-RS_2025_05_14	Complete Genome	2022-04-08		1	Helicobacter pylori
GCF_023169785.1	ASM2316978v1	2025-05-14	Helicobacter pylori		JSHR6					GCF_023169785.1-RS_2025_05_14	Complete Genome	2022-04-08		1	Helicobacter pylori
GCF_022921695.1	ASM2292169v1	2025-04-28	Helicobacter pylori		Hpfe110					GCF_022921695.1-RS_2025_04_28	Complete Genome	2022-04-12		1	Helicobacter pylori
GCF_022925215.1	ASM2292521v1	2025-04-28	Helicobacter pylori		Hpfe019					GCF_022925215.1-RS_2025_04_28	Complete Genome	2022-04-12		2	Helicobacter pylori
GCF_022923035.1	ASM2292303v1	2025-04-28	Helicobacter pylori		Hpfe075					GCF_022923035.1-RS_2025_04_28	Complete Genome	2022-04-12		1	Helicobacter pylori
GCF_022925945.1	ASM2292594v1	2025-04-28	Helicobacter pylori		Hpfe0001					GCF_022925945.1-RS_2025_04_28	Complete Genome	2022-04-12		1	Helicobacter pylori
GCF_022923775.1	ASM2292377v1	2025-04-28	Helicobacter pylori		Hpfe056					GCF_022923775.1-RS_2025_04_28	Complete Genome	2022-04-12		2	Helicobacter pylori
GCF_022921575.1	ASM2292157v1	2025-04-28	Helicobacter pylori		Hpfe112					GCF_022921575.1-RS_2025_04_28	Complete Genome	2022-04-12		1	Helicobacter pylori
GCF_022921915.1	ASM2292191v1	2025-04-28	Helicobacter pylori		Hpfe099					GCF_022921915.1-RS_2025_04_28	Complete Genome	2022-04-12		2	Helicobacter pylori
GCF_022921935.1	ASM2292193v1	2025-04-28	Helicobacter pylori		Hpfe097					GCF_022921935.1-RS_2025_04_28	Complete Genome	2022-04-12		1	Helicobacter pylori
GCF_022921315.1	ASM2292131v1	2025-04-28	Helicobacter pylori		Hpfe118					GCF_022921315.1-RS_2025_04_28	Complete Genome	2022-04-12		1	Helicobacter pylori
GCF_022922415.1	ASM2292241v1	2025-04-28	Helicobacter pylori		Hpfe084					GCF_022922415.1-RS_2025_04_28	Complete Genome	2022-04-12		1	Helicobacter pylori
GCF_022925775.1	ASM2292577v1	2025-04-28	Helicobacter pylori		Hpfe0012					GCF_022925775.1-RS_2025_04_28	Complete Genome	2022-04-12		1	Helicobacter pylori
GCF_022924435.1	ASM2292443v1	2025-04-28	Helicobacter pylori		Hpfe039					GCF_022924435.1-RS_2025_04_28	Complete Genome	2022-04-12		1	Helicobacter pylori
GCF_024661995.1	ASM2466199v1	2025-08-31	Klebsiella aerogenes		TS2020					GCF_024661995.1-RS_2025_08_31	Complete Genome	2022-08-15		1	Klebsiella aerogenes
GCF_002796525.1	ASM279652v1	2025-08-18	Klebsiella aerogenes		AR_0009					GCF_002796525.1-RS_2025_08_18	Complete Genome	2017-11-27		2	Klebsiella aerogenes
GCF_051611975.1	ASM5161197v1	2025-07-31	Klebsiella aerogenes		21AR0759					GCF_051611975.1-RS_2025_07_31	Complete Genome	2025-08-01		3	Klebsiella aerogenes
GCF_050957155.1	ASM5095715v1	2025-06-18	Klebsiella aerogenes		YZ22PK094					GCF_050957155.1-RS_2025_06_18	Complete Genome	2025-06-19		5	Klebsiella aerogenes
GCF_013403435.2	ASM1340343v2	2025-06-14	Klebsiella aerogenes		IIIF7SW-P1					GCF_013403435.2-RS_2025_06_14	Complete Genome	2023-06-14		3	Klebsiella aerogenes
GCF_905333855.2	AI2913v1_cp	2025-06-04	Klebsiella aerogenes					57		GCF_905333855.2-RS_2025_06_04	Complete Genome	2022-05-24		3	Klebsiella aerogenes
GCF_050242395.1	ASM5024239v1	2025-05-08	Klebsiella aerogenes		A31456					GCF_050242395.1-RS_2025_05_08	Complete Genome	2025-05-14		1	Klebsiella aerogenes
GCF_016939495.1	ASM1693949v1	2025-04-29	Klebsiella aerogenes		EA46506					GCF_016939495.1-RS_2025_04_29	Complete Genome	2021-02-25		2	Klebsiella aerogenes
GCF_037429355.1	ASM3742935v2	2025-04-27	Klebsiella aerogenes		2024CK-00327					GCF_037429355.1-RS_2025_04_27	Complete Genome	2025-04-20		1	Klebsiella aerogenes
GCF_035556855.1	ASM3555685v2	2025-04-27	Klebsiella aerogenes		2024CK-00002					GCF_035556855.1-RS_2025_04_27	Complete Genome	2025-04-20		2	Klebsiella aerogenes
GCF_039734745.1	ASM3973474v2	2025-04-27	Klebsiella aerogenes		2024CK-00698					GCF_039734745.1-RS_2025_04_27	Complete Genome	2025-04-20		3	Klebsiella aerogenes
GCF_022915955.1	ASM2291595v4	2025-04-27	Klebsiella aerogenes		2022CK-00202					GCF_022915955.1-RS_2025_04_27	Complete Genome	2025-04-20		1	Klebsiella aerogenes
GCF_023464655.1	ASM2346465v4	2025-04-27	Klebsiella aerogenes		2022CK-00268					GCF_023464655.1-RS_2025_04_27	Complete Genome	2025-04-20		1	Klebsiella aerogenes
GCF_032633365.1	ASM3263336v3	2025-04-27	Klebsiella aerogenes		2023CK-01284					GCF_032633365.1-RS_2025_04_27	Complete Genome	2025-04-20		1	Klebsiella aerogenes
GCF_024211115.1	ASM2421111v2	2025-04-27	Klebsiella aerogenes		2022CK-00395					GCF_024211115.1-RS_2025_04_27	Complete Genome	2025-04-20		2	Klebsiella aerogenes
GCF_036080835.1	ASM3608083v2	2025-04-27	Klebsiella aerogenes		2024CK-00070					GCF_036080835.1-RS_2025_04_27	Complete Genome	2025-04-20		4	Klebsiella aerogenes
GCF_034330985.1	ASM3433098v2	2025-04-21	Klebsiella aerogenes		2023CK-01571					GCF_034330985.1-RS_2025_04_21	Complete Genome	2024-02-01		2	Klebsiella aerogenes
GCF_022759585.1	ASM2275958v1	2025-04-16	Klebsiella aerogenes		NY1688					GCF_022759585.1-RS_2025_04_16	Complete Genome	2022-03-30		8	Klebsiella aerogenes
GCF_001571545.2	ASM157154v2	2025-04-15	Klebsiella aerogenes		G7					GCF_001571545.2-RS_2025_04_15	Complete Genome	2016-03-11		2	Klebsiella aerogenes
GCF_029717585.1	ASM2971758v1	2025-04-14	Klebsiella aerogenes		RHB08-SO-C04					GCF_029717585.1-RS_2025_04_14	Complete Genome	2023-04-13		6	Klebsiella aerogenes
GCF_029717425.1	ASM2971742v1	2025-04-13	Klebsiella aerogenes		RHB11-E1-C08					GCF_029717425.1-RS_2025_04_13	Complete Genome	2023-04-13		2	Klebsiella aerogenes
GCF_022759605.1	ASM2275960v1	2025-04-11	Klebsiella aerogenes		NY1464					GCF_022759605.1-RS_2025_04_11	Complete Genome	2022-03-30		3	Klebsiella aerogenes
GCF_022700775.1	ASM2270077v1	2025-04-10	Klebsiella aerogenes		S148-1					GCF_022700775.1-RS_2025_04_10	Complete Genome	2022-03-28		1	Klebsiella aerogenes
GCF_013727635.1	ASM1372763v1	2025-04-01	Klebsiella aerogenes		RHBSTW-00898					GCF_013727635.1-RS_2025_04_01	Complete Genome	2020-07-27		3	Klebsiella aerogenes
GCF_000215745.1	ASM21574v1	2025-03-30	Klebsiella aerogenes KCTC 2190		KCTC 2190					GCF_000215745.1-RS_2025_03_30	Complete Genome	2011-06-03		1	Klebsiella aerogenes
GCF_007632255.1	ASM763225v1	2025-03-30	Klebsiella aerogenes		Ka37751					GCF_007632255.1-RS_2025_03_30	Complete Genome	2019-07-30		2	Klebsiella aerogenes
GCF_008693885.1	ASM869388v1	2025-03-29	Klebsiella aerogenes		FDAARGOS_641					GCF_008693885.1-RS_2025_03_29	Complete Genome	2019-09-25		1	Klebsiella aerogenes
GCF_019048125.1	ASM1904812v1	2025-03-28	Klebsiella aerogenes		FDAARGOS 1442					GCF_019048125.1-RS_2025_03_28	Complete Genome	2021-06-28		1	Klebsiella aerogenes
GCF_001559215.2	ASM155921v2	2025-03-05	Klebsiella aerogenes		FDAARGOS_152					GCF_001559215.2-RS_2025_03_05	Complete Genome	2018-02-05		1	Klebsiella aerogenes
GCF_048320155.1	ASM4832015v1	2025-03-05	Klebsiella aerogenes		FAHZZU6419					GCF_048320155.1-RS_2025_03_05	Complete Genome	2025-03-06		3	Klebsiella aerogenes
GCF_002796425.1	ASM279642v1	2025-03-05	Klebsiella aerogenes		AR_0007					GCF_002796425.1-RS_2025_03_05	Complete Genome	2017-11-27		1	Klebsiella aerogenes
GCF_002796405.1	ASM279640v1	2025-03-05	Klebsiella aerogenes		AR_0018					GCF_002796405.1-RS_2025_03_05	Complete Genome	2017-11-27		1	Klebsiella aerogenes
GCF_027595705.1	ASM2759570v1	2025-02-21	Klebsiella aerogenes		S33_CRE34					GCF_027595705.1-RS_2025_02_21	Complete Genome	2023-01-09		3	Klebsiella aerogenes
GCF_027595505.1	ASM2759550v1	2025-02-21	Klebsiella aerogenes		S2_CRE2					GCF_027595505.1-RS_2025_02_21	Complete Genome	2023-01-09		2	Klebsiella aerogenes
GCF_011067245.1	ASM1106724v1	2025-02-20	Klebsiella aerogenes		18-2341					GCF_011067245.1-RS_2025_02_20	Complete Genome	2020-03-08		3	Klebsiella aerogenes
GCF_034197875.1	ASM3419787v1	2025-02-08	Klebsiella aerogenes		C242078					GCF_034197875.1-RS_2025_02_08	Complete Genome	2023-12-06		4	Klebsiella aerogenes
GCF_036282765.1	ASM3628276v1	2025-01-29	Klebsiella aerogenes		YD-K10					GCF_036282765.1-RS_2025_01_29	Complete Genome	2024-01-28		4	Klebsiella aerogenes
GCF_034044195.1	ASM3404419v1	2025-01-23	Klebsiella aerogenes		KA04					GCF_034044195.1-RS_2025_01_23	Complete Genome	2023-12-03		7	Klebsiella aerogenes
GCF_024918355.1	ASM2491835v1	2025-01-23	Klebsiella aerogenes		4417					GCF_024918355.1-RS_2025_01_23	Complete Genome	2022-09-04		8	Klebsiella aerogenes
GCF_008727695.1	ASM872769v1	2025-01-23	Klebsiella aerogenes		KA_P10_L5_03.19					GCF_008727695.1-RS_2025_01_23	Complete Genome	2019-09-29		3	Klebsiella aerogenes
GCF_019048885.1	ASM1904888v1	2025-01-09	Klebsiella aerogenes		NTT31XS					GCF_019048885.1-RS_2025_01_09	Complete Genome	2021-06-28		7	Klebsiella aerogenes
GCF_019931695.1	ASM1993169v1	2025-01-09	Klebsiella aerogenes		KAE3SP					GCF_019931695.1-RS_2025_01_09	Complete Genome	2021-09-13		4	Klebsiella aerogenes
GCF_019047925.1	ASM1904792v1	2025-01-09	Klebsiella aerogenes		FDAARGOS 1441					GCF_019047925.1-RS_2025_01_09	Complete Genome	2021-06-28		1	Klebsiella aerogenes
GCF_008931665.1	ASM893166v1	2025-01-08	Klebsiella aerogenes		C9					GCF_008931665.1-RS_2025_01_08	Complete Genome	2019-10-09		4	Klebsiella aerogenes
GCF_003546885.1	ASM354688v1	2025-01-07	Klebsiella aerogenes		FDAARGOS_327					GCF_003546885.1-RS_2025_01_07	Complete Genome	2018-09-11		3	Klebsiella aerogenes
GCF_003812185.1	ASM381218v1	2025-01-07	Klebsiella aerogenes		FDAARGOS_513					GCF_003812185.1-RS_2025_01_07	Complete Genome	2018-11-21		5	Klebsiella aerogenes
GCF_002591115.1	ASM259111v1	2025-01-07	Klebsiella aerogenes		FDAARGOS_363					GCF_002591115.1-RS_2025_01_07	Complete Genome	2017-10-18		1	Klebsiella aerogenes
GCF_001593585.2	ASM159358v2	2025-01-07	Klebsiella aerogenes		FDAARGOS_139					GCF_001593585.2-RS_2025_01_07	Complete Genome	2018-02-05		2	Klebsiella aerogenes
GCF_006874725.1	ASM687472v1	2025-01-07	Klebsiella aerogenes		LU2					GCF_006874725.1-RS_2025_01_07	Complete Genome	2019-07-11		1	Klebsiella aerogenes
GCF_011604725.1	ASM1160472v1	2025-01-03	Klebsiella aerogenes		035					GCF_011604725.1-RS_2025_01_03	Complete Genome	2020-03-22		6	Klebsiella aerogenes
GCF_024396595.1	ASM2439659v1	2025-08-09	Klebsiella michiganensis		HOBD-7					GCF_024396595.1-RS_2025_08_09	Complete Genome	2022-07-25		1	Klebsiella michiganensis
GCF_024225115.1	ASM2422511v1	2025-07-21	Klebsiella michiganensis		LH71					GCF_024225115.1-RS_2025_07_21	Complete Genome	2022-07-13		3	Klebsiella michiganensis
GCF_017798285.1	ASM1779828v1	2025-07-01	Klebsiella michiganensis		LDS17					GCF_017798285.1-RS_2025_07_01	Complete Genome	2021-04-06		1	Klebsiella michiganensis
GCF_030291695.1	ASM3029169v1	2025-06-20	Klebsiella michiganensis		ELP1.34B					GCF_030291695.1-RS_2025_06_20	Complete Genome	2023-06-20		1	Klebsiella michiganensis
GCF_040215115.1	ASM4021511v1	2025-06-19	Klebsiella michiganensis		K2405					GCF_040215115.1-RS_2025_06_19	Complete Genome	2024-06-20		2	Klebsiella michiganensis
GCF_050990815.1	ASM5099081v1	2025-06-19	Klebsiella michiganensis		KLE1					GCF_050990815.1-RS_2025_06_19	Complete Genome	2025-06-19		2	Klebsiella michiganensis
GCF_050921915.1	ASM5092191v1	2025-06-16	Klebsiella michiganensis		GYRY158					GCF_050921915.1-RS_2025_06_16	Complete Genome	2025-06-17		3	Klebsiella michiganensis
GCF_050915995.1	ASM5091599v1	2025-06-13	Klebsiella michiganensis		IAM1133					GCF_050915995.1-RS_2025_06_13	Complete Genome	2025-06-14		2	Klebsiella michiganensis
GCF_023093835.1	ASM2309383v1	2025-05-11	Klebsiella michiganensis		K254					GCF_023093835.1-RS_2025_05_11	Complete Genome	2022-04-24		1	Klebsiella michiganensis
GCF_022869885.1	ASM2286988v1	2025-04-26	Klebsiella michiganensis		fxq					GCF_022869885.1-RS_2025_04_26	Complete Genome	2022-04-11		6	Klebsiella michiganensis
GCF_037081885.1	ASM3708188v1	2025-04-17	Klebsiella michiganensis		B4.H1.30					GCF_037081885.1-RS_2025_04_17	Complete Genome	2024-04-05		5	Klebsiella michiganensis
GCF_037081955.1	ASM3708195v1	2025-04-17	Klebsiella michiganensis		B3.H1.24					GCF_037081955.1-RS_2025_04_17	Complete Genome	2024-04-05		2	Klebsiella michiganensis
GCF_013610655.1	ASM1361065v1	2025-04-16	Klebsiella michiganensis		RHBSTW-00409					GCF_013610655.1-RS_2025_04_16	Complete Genome	2020-07-24		5	Klebsiella michiganensis
GCF_029718685.1	ASM2971868v1	2025-04-13	Klebsiella michiganensis		RHB20-SO-C01					GCF_029718685.1-RS_2025_04_13	Complete Genome	2023-04-13		2	Klebsiella michiganensis
GCF_029718665.1	ASM2971866v1	2025-04-13	Klebsiella michiganensis		RHB20-SO-C02					GCF_029718665.1-RS_2025_04_13	Complete Genome	2023-04-13		2	Klebsiella michiganensis
GCF_013624375.1	ASM1362437v1	2025-04-08	Klebsiella michiganensis		RHBSTW-00167					GCF_013624375.1-RS_2025_04_08	Complete Genome	2020-07-24		10	Klebsiella michiganensis
GCF_022163245.2	ASM2216324v2	2025-04-08	Klebsiella michiganensis		KO_408					GCF_022163245.2-RS_2025_04_08	Complete Genome	2022-03-07		6	Klebsiella michiganensis
GCF_014050515.2	ASM1405051v2	2025-04-04	Klebsiella michiganensis		PS_Koxy4					GCF_014050515.2-RS_2025_04_04	Complete Genome	2022-12-22		6	Klebsiella michiganensis
GCF_017348855.1	ASM1734885v1	2025-04-04	Klebsiella michiganensis		Kmfe267					GCF_017348855.1-RS_2025_04_04	Complete Genome	2021-03-13		6	Klebsiella michiganensis
GCF_022343245.1	ASM2234324v1	2025-04-02	Klebsiella michiganensis		YL6-1					GCF_022343245.1-RS_2025_04_02	Complete Genome	2022-02-18		3	Klebsiella michiganensis
GCF_022343265.1	ASM2234326v1	2025-04-02	Klebsiella michiganensis		YL9					GCF_022343265.1-RS_2025_04_02	Complete Genome	2022-02-18		3	Klebsiella michiganensis
GCF_013636415.1	ASM1363641v1	2025-04-02	Klebsiella michiganensis		RHB20-C02					GCF_013636415.1-RS_2025_04_02	Complete Genome	2020-07-24		2	Klebsiella michiganensis
GCF_022569835.1	ASM2256983v1	2025-04-02	Klebsiella michiganensis		K342					GCF_022569835.1-RS_2025_04_02	Complete Genome	2022-03-15		1	Klebsiella michiganensis
GCF_029027885.1	ASM2902788v1	2025-03-30	Klebsiella michiganensis		YZUMF202001					GCF_029027885.1-RS_2025_03_30	Complete Genome	2023-03-08		1	Klebsiella michiganensis
GCF_028736015.1	ASM2873601v1	2025-03-26	Klebsiella michiganensis		2020CK-00215					GCF_028736015.1-RS_2025_03_26	Complete Genome	2023-02-19		3	Klebsiella michiganensis
GCF_000276705.2	ASM27670v2	2025-03-03	Klebsiella michiganensis E718		E718					GCF_000276705.2-RS_2025_03_03	Complete Genome	2012-07-10		3	Klebsiella michiganensis
GCF_000632415.1	ASM63241v1	2025-03-03	Klebsiella michiganensis HKOPL1		HKOPL1					GCF_000632415.1-RS_2025_03_03	Complete Genome	2014-04-15		1	Klebsiella michiganensis
GCF_027945215.1	ASM2794521v1	2025-02-24	Klebsiella michiganensis		2563					GCF_027945215.1-RS_2025_02_24	Complete Genome	2023-01-24		6	Klebsiella michiganensis
GCF_045069665.1	ASM4506966v2	2025-02-23	Klebsiella michiganensis					2024CK-01750		GCF_045069665.1-RS_2025_02_23	Complete Genome	2025-02-13		4	Klebsiella michiganensis
GCF_043647395.1	ASM4364739v2	2025-02-23	Klebsiella michiganensis					2024CK-01593		GCF_043647395.1-RS_2025_02_23	Complete Genome	2025-02-13		6	Klebsiella michiganensis
GCF_027595545.1	ASM2759554v1	2025-02-21	Klebsiella michiganensis		S4_CRE4					GCF_027595545.1-RS_2025_02_21	Complete Genome	2023-01-09		5	Klebsiella michiganensis
GCF_027577885.1	ASM2757788v1	2025-02-20	Klebsiella michiganensis		2022CK-00496					GCF_027577885.1-RS_2025_02_20	Complete Genome	2023-01-06		7	Klebsiella michiganensis
GCF_021228995.1	ASM2122899v1	2025-02-17	Klebsiella michiganensis		8-1					GCF_021228995.1-RS_2025_02_17	Complete Genome	2021-12-19		2	Klebsiella michiganensis
GCF_021228855.1	ASM2122885v1	2025-02-16	Klebsiella michiganensis		K92					GCF_021228855.1-RS_2025_02_16	Complete Genome	2021-12-19		1	Klebsiella michiganensis
GCF_021228755.1	ASM2122875v1	2025-02-16	Klebsiella michiganensis		Kox101					GCF_021228755.1-RS_2025_02_16	Complete Genome	2021-12-19		4	Klebsiella michiganensis
GCF_021228695.1	ASM2122869v1	2025-02-16	Klebsiella michiganensis		Kox58					GCF_021228695.1-RS_2025_02_16	Complete Genome	2021-12-19		4	Klebsiella michiganensis
GCF_026967695.1	ASM2696769v1	2025-02-05	Klebsiella michiganensis		2022CK-00497					GCF_026967695.1-RS_2025_02_05	Complete Genome	2022-12-18		4	Klebsiella michiganensis
GCF_008693565.1	ASM869356v1	2025-01-23	Klebsiella michiganensis		FDAARGOS_647					GCF_008693565.1-RS_2025_01_23	Complete Genome	2019-09-25		5	Klebsiella michiganensis
GCF_020695625.1	ASM2069562v1	2025-01-23	Klebsiella michiganensis		53828CZ					GCF_020695625.1-RS_2025_01_23	Complete Genome	2021-11-01		3	Klebsiella michiganensis
GCF_003074075.1	ASM307407v1	2025-01-23	Klebsiella michiganensis		AR375					GCF_003074075.1-RS_2025_01_23	Complete Genome	2018-04-30		5	Klebsiella michiganensis
GCF_046580575.1	ASM4658057v1	2025-01-11	Klebsiella michiganensis		W1C1					GCF_046580575.1-RS_2025_01_11	Complete Genome	2025-01-11		1	Klebsiella michiganensis
GCF_046578745.1	ASM4657874v1	2025-01-11	Klebsiella michiganensis		DAMC1					GCF_046578745.1-RS_2025_01_11	Complete Genome	2025-01-11		5	Klebsiella michiganensis
GCF_016618215.1	ASM1661821v1	2025-01-09	Klebsiella michiganensis		BD-50-Km					GCF_016618215.1-RS_2025_01_09	Complete Genome	2021-01-12		4	Klebsiella michiganensis
GCF_014217275.1	ASM1421727v1	2025-01-09	Klebsiella michiganensis		AKKL-001					GCF_014217275.1-RS_2025_01_09	Complete Genome	2020-08-17		1	Klebsiella michiganensis
GCF_019803065.1	ASM1980306v1	2025-01-09	Klebsiella michiganensis		CCRI-24235					GCF_019803065.1-RS_2025_01_09	Complete Genome	2021-08-30		3	Klebsiella michiganensis
GCF_008931605.1	ASM893160v1	2025-01-08	Klebsiella michiganensis		C52					GCF_008931605.1-RS_2025_01_08	Complete Genome	2019-10-09		6	Klebsiella michiganensis
GCF_009930855.1	ASM993085v1	2025-01-08	Klebsiella michiganensis		F107					GCF_009930855.1-RS_2025_01_08	Complete Genome	2020-01-27		3	Klebsiella michiganensis
GCF_007106885.1	ASM710688v1	2025-01-07	Klebsiella michiganensis		KNU07					GCF_007106885.1-RS_2025_01_07	Complete Genome	2019-07-18		2	Klebsiella michiganensis
GCF_000724525.1	ASM72452v1	2025-01-07	Klebsiella michiganensis		M1					GCF_000724525.1-RS_2025_01_07	Complete Genome	2014-07-09		5	Klebsiella michiganensis
GCF_017639895.1	ASM1763989v1	2025-01-02	Klebsiella michiganensis		12084					GCF_017639895.1-RS_2025_01_02	Complete Genome	2021-03-30		1	Klebsiella michiganensis
GCF_030343625.2	ASM3034362v2	2025-08-09	Klebsiella oxytoca		NMI2990_17					GCF_030343625.2-RS_2025_08_09	Complete Genome	2023-08-03		4	Klebsiella oxytoca
GCF_051549625.1	ASM5154962v1	2025-07-30	Klebsiella oxytoca		KO2304443					GCF_051549625.1-RS_2025_07_30	Complete Genome	2025-07-31		4	Klebsiella oxytoca
GCF_051123605.1	ZRL-K31	2025-06-28	Klebsiella oxytoca		K31					GCF_051123605.1-RS_2025_06_28	Complete Genome	2025-06-28		9	Klebsiella oxytoca
GCF_040267715.1	ASM4026771v1	2025-06-23	Klebsiella oxytoca		KN					GCF_040267715.1-RS_2025_06_23	Complete Genome	2024-06-24		2	Klebsiella oxytoca
GCF_904863345.1	MSB1_10D	2025-06-17	Klebsiella oxytoca		MSB1_10D			MSB1_10D		GCF_904863345.1-RS_2025_06_17	Complete Genome	2020-11-01		5	Klebsiella oxytoca
GCF_050916275.1	ASM5091627v1	2025-06-13	Klebsiella oxytoca		KOHN1					GCF_050916275.1-RS_2025_06_13	Complete Genome	2025-06-14		1	Klebsiella oxytoca
GCF_905329555.2	AI2744v1_cpp	2025-06-04	Klebsiella oxytoca					2		GCF_905329555.2-RS_2025_06_04	Complete Genome	2022-05-24		5	Klebsiella oxytoca
GCF_905322525.2	AI2623v1_cpp	2025-06-04	Klebsiella oxytoca					145		GCF_905322525.2-RS_2025_06_04	Complete Genome	2022-05-24		7	Klebsiella oxytoca
GCF_905330835.2	AI2945v1_cpp	2025-06-04	Klebsiella oxytoca					101		GCF_905330835.2-RS_2025_06_04	Complete Genome	2022-05-24		3	Klebsiella oxytoca
GCF_905330865.2	AI2946v1_cpp	2025-06-04	Klebsiella oxytoca					101		GCF_905330865.2-RS_2025_06_04	Complete Genome	2022-05-24		3	Klebsiella oxytoca
GCF_905333885.2	AI2918v1_cp	2025-06-04	Klebsiella oxytoca					36		GCF_905333885.2-RS_2025_06_04	Complete Genome	2022-05-24		7	Klebsiella oxytoca
GCF_905338025.2	AN2363v1_cp	2025-06-04	Klebsiella oxytoca					328		GCF_905338025.2-RS_2025_06_04	Complete Genome	2022-05-24		3	Klebsiella oxytoca
GCF_050245825.1	ASM5024582v1	2025-05-08	Klebsiella oxytoca		A27960					GCF_050245825.1-RS_2025_05_08	Complete Genome	2025-05-14		3	Klebsiella oxytoca
GCF_050245095.1	ASM5024509v1	2025-05-08	Klebsiella oxytoca		A28402					GCF_050245095.1-RS_2025_05_08	Complete Genome	2025-05-14		3	Klebsiella oxytoca
GCF_022605305.1	ASM2260530v1	2025-04-30	Klebsiella oxytoca		C-21-18					GCF_022605305.1-RS_2025_04_30	Complete Genome	2022-03-17		3	Klebsiella oxytoca
GCF_022475535.1	ASM2247553v2	2025-04-27	Klebsiella oxytoca		2022CK-00097					GCF_022475535.1-RS_2025_04_27	Complete Genome	2025-04-20		3	Klebsiella oxytoca
GCF_027627785.1	ASM2762778v1	2025-04-14	Klebsiella oxytoca		AHC-6					GCF_027627785.1-RS_2025_04_14	Complete Genome	2023-01-11		1	Klebsiella oxytoca
GCF_013826985.1	ASM1382698v1	2025-04-07	Klebsiella oxytoca		RHB30-C02					GCF_013826985.1-RS_2025_04_07	Complete Genome	2020-07-28		4	Klebsiella oxytoca
GCF_905232115.2	AI2699v1_cp	2025-04-07	Klebsiella oxytoca					325		GCF_905232115.2-RS_2025_04_07	Complete Genome	2022-05-22		4	Klebsiella oxytoca
GCF_013750595.1	ASM1375059v1	2025-04-06	Klebsiella oxytoca		RHBSTW-00373					GCF_013750595.1-RS_2025_04_06	Complete Genome	2020-07-27		2	Klebsiella oxytoca
GCF_036687455.1	ASM3668745v1	2025-04-05	Klebsiella oxytoca		KO190245					GCF_036687455.1-RS_2025_04_05	Complete Genome	2024-04-05		3	Klebsiella oxytoca
GCF_048572765.1	ASM4857276v1	2025-03-16	Klebsiella oxytoca		K1131					GCF_048572765.1-RS_2025_03_16	Complete Genome	2025-03-16		7	Klebsiella oxytoca
GCF_001870185.1	ASM187018v1	2025-03-05	Klebsiella oxytoca		CAV1015					GCF_001870185.1-RS_2025_03_05	Complete Genome	2016-11-07		6	Klebsiella oxytoca
GCF_025579125.1	ASM2557912v2	2025-02-17	Klebsiella oxytoca		2022CK-00499					GCF_025579125.1-RS_2025_02_17	Complete Genome	2022-12-29		4	Klebsiella oxytoca
GCF_025676565.1	ASM2567656v2	2025-02-17	Klebsiella oxytoca		2022CK-00498					GCF_025676565.1-RS_2025_02_17	Complete Genome	2022-12-29		3	Klebsiella oxytoca
GCF_009707385.1	ASM970738v1	2025-02-01	Klebsiella oxytoca		P620					GCF_009707385.1-RS_2025_02_01	Complete Genome	2019-11-24		1	Klebsiella oxytoca
GCF_016918825.1	ASM1691882v1	2025-01-23	Klebsiella oxytoca		FDAARGOS_1336					GCF_016918825.1-RS_2025_01_23	Complete Genome	2021-02-22	JAFFQV01	15	Klebsiella oxytoca
GCF_021228655.1	ASM2122865v1	2025-01-23	Klebsiella oxytoca		Kox71					GCF_021228655.1-RS_2025_01_23	Complete Genome	2021-12-19		3	Klebsiella oxytoca
GCF_021228715.1	ASM2122871v1	2025-01-23	Klebsiella oxytoca		Kox26					GCF_021228715.1-RS_2025_01_23	Complete Genome	2021-12-19		4	Klebsiella oxytoca
GCF_024918735.1	ASM2491873v1	2025-01-23	Klebsiella oxytoca		ST34					GCF_024918735.1-RS_2025_01_23	Complete Genome	2022-09-04		4	Klebsiella oxytoca
GCF_021228775.1	ASM2122877v1	2025-01-23	Klebsiella oxytoca		Kox100					GCF_021228775.1-RS_2025_01_23	Complete Genome	2021-12-19		3	Klebsiella oxytoca
GCF_046578805.1	ASM4657880v1	2025-01-11	Klebsiella oxytoca		PLMC1					GCF_046578805.1-RS_2025_01_11	Complete Genome	2025-01-11		1	Klebsiella oxytoca
GCF_046578785.1	ASM4657878v1	2025-01-11	Klebsiella oxytoca		BATC2					GCF_046578785.1-RS_2025_01_11	Complete Genome	2025-01-11		1	Klebsiella oxytoca
GCF_046580825.1	ASM4658082v1	2025-01-11	Klebsiella oxytoca		RDPC1					GCF_046580825.1-RS_2025_01_11	Complete Genome	2025-01-11		2	Klebsiella oxytoca
GCF_046580835.1	ASM4658083v1	2025-01-11	Klebsiella oxytoca		OBC1					GCF_046580835.1-RS_2025_01_11	Complete Genome	2025-01-11		1	Klebsiella oxytoca
GCF_001022115.1	ASM102211v1	2025-01-07	Klebsiella oxytoca		CAV1335					GCF_001022115.1-RS_2025_01_07	Complete Genome	2015-06-09		6	Klebsiella oxytoca
GCF_001022295.1	ASM102229v1	2025-01-07	Klebsiella oxytoca		CAV1099					GCF_001022295.1-RS_2025_01_07	Complete Genome	2015-06-09		6	Klebsiella oxytoca
GCF_003812925.1	ASM381292v1	2025-01-07	Klebsiella oxytoca		FDAARGOS_500					GCF_003812925.1-RS_2025_01_07	Complete Genome	2018-11-21		3	Klebsiella oxytoca
GCF_002984395.1	ASM298439v1	2025-01-07	Klebsiella oxytoca		FDAARGOS_335					GCF_002984395.1-RS_2025_01_07	Complete Genome	2018-03-09		2	Klebsiella oxytoca
GCF_016904515.1	ASM1690451v1	2025-01-02	Klebsiella oxytoca		FDAARGOS_1331					GCF_016904515.1-RS_2025_01_02	Complete Genome	2021-02-17		4	Klebsiella oxytoca
GCF_003073975.1	ASM307397v1	2025-01-02	Klebsiella oxytoca		AR380					GCF_003073975.1-RS_2025_01_02	Complete Genome	2018-04-30		2	Klebsiella oxytoca
GCF_017310465.1	ASM1731046v1	2025-01-02	Klebsiella oxytoca		IR5392					GCF_017310465.1-RS_2025_01_02	Complete Genome	2021-03-09		5	Klebsiella oxytoca
GCF_017968865.1	ASM1796886v1	2025-01-02	Klebsiella oxytoca					KoPF10		GCF_017968865.1-RS_2025_01_02	Complete Genome	2021-04-15		1	Klebsiella oxytoca
GCF_039605015.1	ASM3960501v2	2024-12-02	Klebsiella oxytoca		2024CK-00609					GCF_039605015.1-RS_2024_12_02	Complete Genome	2024-09-25		3	Klebsiella oxytoca
GCF_021398915.1	ASM2139891v1	2024-12-02	Klebsiella oxytoca		KONSF-1					GCF_021398915.1-RS_2024_12_02	Complete Genome	2022-01-10		1	Klebsiella oxytoca
GCF_016903415.1	ASM1690341v1	2024-12-02	Klebsiella oxytoca		FDAARGOS_1334					GCF_016903415.1-RS_2024_12_02	Complete Genome	2021-02-17		24	Klebsiella oxytoca
GCF_016903715.1	ASM1690371v1	2024-12-02	Klebsiella oxytoca		FDAARGOS_1332					GCF_016903715.1-RS_2024_12_02	Complete Genome	2021-02-17		3	Klebsiella oxytoca
GCF_016903975.1	ASM1690397v1	2024-12-02	Klebsiella oxytoca		FDAARGOS_1333					GCF_016903975.1-RS_2024_12_02	Complete Genome	2021-02-17		5	Klebsiella oxytoca
GCF_900636985.1	45889_C01	2024-11-26	Klebsiella oxytoca		NCTC13727					GCF_900636985.1-RS_2024_11_26	Complete Genome	2018-12-20		1	Klebsiella oxytoca
GCF_033865735.1	ASM3386573v1	2024-11-26	Klebsiella oxytoca		45					GCF_033865735.1-RS_2024_11_26	Complete Genome	2023-11-21		6	Klebsiella oxytoca
GCF_024496165.1	ASM2449616v1	2025-08-27	Klebsiella pneumoniae		hvKP340					GCF_024496165.1-RS_2025_08_27	Complete Genome	2022-07-31		8	Klebsiella pneumoniae
GCF_030717705.1	ASM3071770v1	2025-08-27	Klebsiella pneumoniae		CRKP-B8					GCF_030717705.1-RS_2025_08_27	Complete Genome	2023-08-13		6	Klebsiella pneumoniae
GCF_024496125.1	ASM2449612v1	2025-08-27	Klebsiella pneumoniae		hvKP323					GCF_024496125.1-RS_2025_08_27	Complete Genome	2022-07-31		6	Klebsiella pneumoniae
GCF_024496185.1	ASM2449618v1	2025-08-27	Klebsiella pneumoniae		hvKP841					GCF_024496185.1-RS_2025_08_27	Complete Genome	2022-07-31		6	Klebsiella pneumoniae
GCF_030717725.1	ASM3071772v1	2025-08-27	Klebsiella pneumoniae		CRKP-F1					GCF_030717725.1-RS_2025_08_27	Complete Genome	2023-08-13		6	Klebsiella pneumoniae
GCF_024496145.1	ASM2449614v1	2025-08-27	Klebsiella pneumoniae		hvKP319					GCF_024496145.1-RS_2025_08_27	Complete Genome	2022-07-31		6	Klebsiella pneumoniae
GCF_024498895.1	ASM2449889v1	2025-08-27	Klebsiella pneumoniae		K-28					GCF_024498895.1-RS_2025_08_27	Complete Genome	2022-08-01		2	Klebsiella pneumoniae
GCF_024505665.1	ASM2450566v1	2025-08-27	Klebsiella pneumoniae		KPA1					GCF_024505665.1-RS_2025_08_27	Complete Genome	2022-08-02		7	Klebsiella pneumoniae
GCF_024496205.1	ASM2449620v1	2025-08-27	Klebsiella pneumoniae		hvKP859					GCF_024496205.1-RS_2025_08_27	Complete Genome	2022-07-31		6	Klebsiella pneumoniae
GCF_024496265.1	ASM2449626v1	2025-08-26	Klebsiella pneumoniae		150040X1B1					GCF_024496265.1-RS_2025_08_26	Complete Genome	2022-07-31		5	Klebsiella pneumoniae
GCF_024498655.1	ASM2449865v1	2025-08-26	Klebsiella pneumoniae		KPK3					GCF_024498655.1-RS_2025_08_26	Complete Genome	2022-08-01		4	Klebsiella pneumoniae
GCF_021166215.1	ASM2116621v1	2025-08-25	Klebsiella pneumoniae		53370					GCF_021166215.1-RS_2025_08_25	Complete Genome	2021-12-12		3	Klebsiella pneumoniae
GCF_021137875.1	ASM2113787v1	2025-08-25	Klebsiella pneumoniae		400195-2-18					GCF_021137875.1-RS_2025_08_25	Complete Genome	2021-12-09		4	Klebsiella pneumoniae
GCF_036541145.1	ASM3654114v1	2025-08-25	Klebsiella pneumoniae		CRE-44					GCF_036541145.1-RS_2025_08_25	Complete Genome	2024-02-10		2	Klebsiella pneumoniae
GCF_002852675.2	ASM285267v2	2025-08-25	Klebsiella pneumoniae subsp. pneumoniae		WCHKP020130					GCF_002852675.2-RS_2025_08_25	Complete Genome	2023-02-08		5	Klebsiella pneumoniae
GCF_030704345.1	ASM3070434v1	2025-08-21	Klebsiella pneumoniae		KPN5752					GCF_030704345.1-RS_2025_08_21	Complete Genome	2023-08-09		7	Klebsiella pneumoniae
GCF_028364475.1	ASM2836447v3	2025-08-21	Klebsiella pneumoniae		2023CK-00047					GCF_028364475.1-RS_2025_08_21	Complete Genome	2023-08-05		5	Klebsiella pneumoniae
GCF_028626845.1	ASM2862684v3	2025-08-21	Klebsiella pneumoniae		2023CK-00111					GCF_028626845.1-RS_2025_08_21	Complete Genome	2023-08-09		4	Klebsiella pneumoniae
GCF_024396875.1	ASM2439687v1	2025-08-20	Klebsiella pneumoniae subsp. pneumoniae		KP82					GCF_024396875.1-RS_2025_08_20	Complete Genome	2022-07-25		8	Klebsiella pneumoniae
GCF_024397375.1	ASM2439737v1	2025-08-19	Klebsiella pneumoniae		FZKP4523					GCF_024397375.1-RS_2025_08_19	Complete Genome	2022-07-25		4	Klebsiella pneumoniae
GCF_030685635.1	ASM3068563v1	2025-08-19	Klebsiella pneumoniae		GDFK0508					GCF_030685635.1-RS_2025_08_19	Complete Genome	2023-08-08		1	Klebsiella pneumoniae
GCF_030685615.1	ASM3068561v1	2025-08-19	Klebsiella pneumoniae		GDFK0181					GCF_030685615.1-RS_2025_08_19	Complete Genome	2023-08-08		1	Klebsiella pneumoniae
GCF_030644565.1	ASM3064456v1	2025-08-19	Klebsiella pneumoniae		Kp_2016-319					GCF_030644565.1-RS_2025_08_19	Complete Genome	2023-08-04		2	Klebsiella pneumoniae
GCF_030644545.1	ASM3064454v1	2025-08-19	Klebsiella pneumoniae		Kp_2016-1198					GCF_030644545.1-RS_2025_08_19	Complete Genome	2023-08-04		2	Klebsiella pneumoniae
GCF_030644625.1	ASM3064462v1	2025-08-19	Klebsiella pneumoniae		Kp_2019-1764					GCF_030644625.1-RS_2025_08_19	Complete Genome	2023-08-04		2	Klebsiella pneumoniae
GCF_024398905.1	ASM2439890v1	2025-08-19	Klebsiella pneumoniae		MEI009					GCF_024398905.1-RS_2025_08_19	Complete Genome	2022-07-25		3	Klebsiella pneumoniae
GCF_024396855.1	ASM2439685v1	2025-08-19	Klebsiella pneumoniae subsp. pneumoniae		KP21					GCF_024396855.1-RS_2025_08_19	Complete Genome	2022-07-25		4	Klebsiella pneumoniae
GCF_024397235.1	ASM2439723v1	2025-08-19	Klebsiella pneumoniae subsp. pneumoniae		KP29					GCF_024397235.1-RS_2025_08_19	Complete Genome	2022-07-25		5	Klebsiella pneumoniae
GCF_024397075.1	ASM2439707v1	2025-08-19	Klebsiella pneumoniae subsp. pneumoniae		KP65					GCF_024397075.1-RS_2025_08_19	Complete Genome	2022-07-25		4	Klebsiella pneumoniae
GCF_002300675.1	ASM230067v2	2025-08-18	Klebsiella pneumoniae		VBA2172					GCF_002300675.1-RS_2025_08_18	Complete Genome	2019-02-28		7	Klebsiella pneumoniae
GCF_946966015.1	ARGID_33072	2025-08-18	Klebsiella pneumoniae					65326252-51f1-11ec-980a-fa163eea3084		GCF_946966015.1-RS_2025_08_18	Complete Genome	2022-09-25		3	Klebsiella pneumoniae
GCF_001455995.1	MS6671.v1	2025-08-18	Klebsiella pneumoniae		MS6671					GCF_001455995.1-RS_2025_08_18	Complete Genome	2015-12-01		7	Klebsiella pneumoniae
GCF_030644605.1	ASM3064460v1	2025-08-18	Klebsiella pneumoniae		Kp_2016-1200					GCF_030644605.1-RS_2025_08_18	Complete Genome	2023-08-04		3	Klebsiella pneumoniae
GCF_030644585.1	ASM3064458v1	2025-08-18	Klebsiella pneumoniae		Kp_2019-1792					GCF_030644585.1-RS_2025_08_18	Complete Genome	2023-08-04		3	Klebsiella pneumoniae
GCF_003571705.1	ASM357170v1	2025-08-18	Klebsiella pneumoniae		AR_0109					GCF_003571705.1-RS_2025_08_18	Complete Genome	2018-09-16		7	Klebsiella pneumoniae
GCF_004010995.1	ASM401099v1	2025-08-18	Klebsiella pneumoniae		08EU827					GCF_004010995.1-RS_2025_08_18	Complete Genome	2019-01-10		5	Klebsiella pneumoniae
GCF_030582295.1	ASM3058229v1	2025-08-18	Klebsiella pneumoniae		AZJ065					GCF_030582295.1-RS_2025_08_18	Complete Genome	2023-08-02		3	Klebsiella pneumoniae
GCF_024637895.1	ASM2463789v1	2025-08-18	Klebsiella pneumoniae		SHX180					GCF_024637895.1-RS_2025_08_18	Complete Genome	2022-08-12		3	Klebsiella pneumoniae
GCF_024637995.1	ASM2463799v1	2025-08-18	Klebsiella pneumoniae		KPTCM					GCF_024637995.1-RS_2025_08_18	Complete Genome	2022-08-12		10	Klebsiella pneumoniae
GCF_030553015.1	ASM3055301v1	2025-08-17	Klebsiella pneumoniae		SP1030					GCF_030553015.1-RS_2025_08_17	Complete Genome	2023-07-30		4	Klebsiella pneumoniae
GCF_024346655.1	ASM2434665v1	2025-08-17	Klebsiella pneumoniae		XHKP6					GCF_024346655.1-RS_2025_08_17	Complete Genome	2022-07-20		4	Klebsiella pneumoniae
GCF_052068375.1	ASM5206837v1	2025-08-17	Klebsiella pneumoniae		KP7452024BG					GCF_052068375.1-RS_2025_08_17	Complete Genome	2025-08-17	JBQHIX01	4	Klebsiella pneumoniae
GCF_030552995.1	ASM3055299v1	2025-08-17	Klebsiella pneumoniae		F1025					GCF_030552995.1-RS_2025_08_17	Complete Genome	2023-07-30		7	Klebsiella pneumoniae
GCF_052068255.1	ASM5206825v1	2025-08-17	Klebsiella pneumoniae		KP6432024BG					GCF_052068255.1-RS_2025_08_17	Complete Genome	2025-08-17	JBQHIW01	3	Klebsiella pneumoniae
GCF_024346695.1	ASM2434669v1	2025-08-17	Klebsiella pneumoniae		XHKP53					GCF_024346695.1-RS_2025_08_17	Complete Genome	2022-07-20		4	Klebsiella pneumoniae
GCF_052063115.1	ASM5206311v1	2025-08-17	Klebsiella pneumoniae		HN148					GCF_052063115.1-RS_2025_08_16	Complete Genome	2025-08-17		3	Klebsiella pneumoniae
GCF_024346895.1	ASM2434689v1	2025-08-16	Klebsiella pneumoniae		XHKPN391					GCF_024346895.1-RS_2025_08_16	Complete Genome	2022-07-20		4	Klebsiella pneumoniae
GCF_024346735.1	ASM2434673v1	2025-08-16	Klebsiella pneumoniae		XHKP75					GCF_024346735.1-RS_2025_08_16	Complete Genome	2022-07-20		5	Klebsiella pneumoniae
GCF_024346815.1	ASM2434681v1	2025-08-16	Klebsiella pneumoniae		XHKP502					GCF_024346815.1-RS_2025_08_16	Complete Genome	2022-07-20		6	Klebsiella pneumoniae
GCF_024346775.1	ASM2434677v1	2025-08-16	Klebsiella pneumoniae		XHKP309					GCF_024346775.1-RS_2025_08_16	Complete Genome	2022-07-20		4	Klebsiella pneumoniae
GCF_030931735.1	ASM3093173v1	2025-08-30	Klebsiella quasipneumoniae subsp. similipneumoniae		KQ20786					GCF_030931735.1-RS_2025_08_30	Complete Genome	2023-08-29		4	Klebsiella quasipneumoniae
GCF_030931055.1	ASM3093105v1	2025-08-30	Klebsiella quasipneumoniae subsp. similipneumoniae		KQ20605					GCF_030931055.1-RS_2025_08_30	Complete Genome	2023-08-29		4	Klebsiella quasipneumoniae
GCF_052220985.1	ASM5222098v1	2025-08-25	Klebsiella quasipneumoniae subsp. similipneumoniae		EW1161					GCF_052220985.1-RS_2025_08_25	Complete Genome	2025-08-25	JBQPMZ01	5	Klebsiella quasipneumoniae
GCF_003443835.1	ASM344383v1	2025-08-22	Klebsiella quasipneumoniae		L22					GCF_003443835.1-RS_2025_08_22	Complete Genome	2018-09-04		6	Klebsiella quasipneumoniae
GCF_051620715.1	ASM5162071v1	2025-07-31	Klebsiella quasipneumoniae subsp. similipneumoniae		KPE043					GCF_051620715.1-RS_2025_07_31	Complete Genome	2025-08-01		4	Klebsiella quasipneumoniae
GCF_030490185.1	ASM3049018v1	2025-07-16	Klebsiella quasipneumoniae		2020S07-155					GCF_030490185.1-RS_2025_07_16	Complete Genome	2023-07-17		9	Klebsiella quasipneumoniae
GCF_024134525.1	ASM2413452v1	2025-07-13	Klebsiella quasipneumoniae		Y7-3					GCF_024134525.1-RS_2025_07_13	Complete Genome	2022-07-04		3	Klebsiella quasipneumoniae
GCF_023920245.1	ASM2392024v1	2025-07-04	Klebsiella quasipneumoniae		EF262					GCF_023920245.1-RS_2025_07_04	Complete Genome	2022-06-27		7	Klebsiella quasipneumoniae
GCF_051122745.1	ASM5112274v1	2025-06-28	Klebsiella quasipneumoniae subsp. similipneumoniae		T11					GCF_051122745.1-RS_2025_06_28	Complete Genome	2025-06-28		7	Klebsiella quasipneumoniae
GCF_051098725.1	ASM5109872v1	2025-06-27	Klebsiella quasipneumoniae		DA76139					GCF_051098725.1-RS_2025_06_27	Complete Genome	2025-06-27		4	Klebsiella quasipneumoniae
GCF_050932645.1	ASM5093264v1	2025-06-17	Klebsiella quasipneumoniae		QF					GCF_050932645.1-RS_2025_06_17	Complete Genome	2025-06-17		2	Klebsiella quasipneumoniae
GCF_050921945.1	ASM5092194v1	2025-06-16	Klebsiella quasipneumoniae subsp. quasipneumoniae		YZ22PK101					GCF_050921945.1-RS_2025_06_16	Complete Genome	2025-06-17		4	Klebsiella quasipneumoniae
GCF_050921935.1	ASM5092193v1	2025-06-16	Klebsiella quasipneumoniae subsp. quasipneumoniae		YZ22PK095					GCF_050921935.1-RS_2025_06_16	Complete Genome	2025-06-17		3	Klebsiella quasipneumoniae
GCF_023650855.1	ASM2365085v1	2025-06-09	Klebsiella quasipneumoniae		GLW9C22					GCF_023650855.1-RS_2025_06_09	Complete Genome	2022-06-06		4	Klebsiella quasipneumoniae
GCF_050847385.1	ASM5084738v1	2025-06-09	Klebsiella quasipneumoniae		NCKUH114					GCF_050847385.1-RS_2025_06_09	Complete Genome	2025-06-09		7	Klebsiella quasipneumoniae
GCF_050847265.1	Toby_K_quasipneumoniae_TMH.W1	2025-06-09	Klebsiella quasipneumoniae subsp. similipneumoniae		TMH.W1					GCF_050847265.1-RS_2025_06_09	Complete Genome	2025-06-09		1	Klebsiella quasipneumoniae
GCF_905331345.2	AI3010v1_cpp	2025-06-04	Klebsiella quasipneumoniae					0		GCF_905331345.2-RS_2025_06_04	Complete Genome	2022-05-24		4	Klebsiella quasipneumoniae
GCF_023573605.1	ASM2357360v1	2025-06-02	Klebsiella quasipneumoniae		NE1					GCF_023573605.1-RS_2025_06_02	Complete Genome	2022-05-29		3	Klebsiella quasipneumoniae
GCF_050572645.1	ASM5057264v1	2025-05-27	Klebsiella quasipneumoniae		KP1226					GCF_050572645.1-RS_2025_05_27	Complete Genome	2025-05-29		2	Klebsiella quasipneumoniae
GCF_039721945.1	ASM3972194v1	2025-05-22	Klebsiella quasipneumoniae		397					GCF_039721945.1-RS_2025_05_22	Complete Genome	2024-05-24		2	Klebsiella quasipneumoniae
GCF_030020875.1	ASM3002087v1	2025-05-16	Klebsiella quasipneumoniae		M7					GCF_030020875.1-RS_2025_05_16	Complete Genome	2023-05-16		7	Klebsiella quasipneumoniae
GCF_023205055.1	ASM2320505v1	2025-05-14	Klebsiella quasipneumoniae		KP20-558					GCF_023205055.1-RS_2025_05_14	Complete Genome	2022-05-02		7	Klebsiella quasipneumoniae
GCF_013377595.2	ASM1337759v2	2025-05-13	Klebsiella quasipneumoniae		F3-6P(1)					GCF_013377595.2-RS_2025_05_13	Complete Genome	2023-05-11		1	Klebsiella quasipneumoniae
GCF_013377665.2	ASM1337766v2	2025-05-13	Klebsiella quasipneumoniae		F3-6P(2)					GCF_013377665.2-RS_2025_05_13	Complete Genome	2023-05-11		1	Klebsiella quasipneumoniae
GCF_013366555.2	ASM1336655v2	2025-05-13	Klebsiella quasipneumoniae		IF1SW-P3					GCF_013366555.2-RS_2025_05_13	Complete Genome	2023-05-11		1	Klebsiella quasipneumoniae
GCF_013366575.2	ASM1336657v2	2025-05-13	Klebsiella quasipneumoniae		IF1SW-P4					GCF_013366575.2-RS_2025_05_13	Complete Genome	2023-05-11		1	Klebsiella quasipneumoniae
GCF_013366585.2	ASM1336658v2	2025-05-13	Klebsiella quasipneumoniae		IF2SW-P1					GCF_013366585.2-RS_2025_05_13	Complete Genome	2023-05-11		1	Klebsiella quasipneumoniae
GCF_013366635.2	ASM1336663v2	2025-05-13	Klebsiella quasipneumoniae		IF1SW-B2					GCF_013366635.2-RS_2025_05_13	Complete Genome	2023-05-11		1	Klebsiella quasipneumoniae
GCF_013366565.2	ASM1336656v2	2025-05-13	Klebsiella quasipneumoniae		IF2SW-B3					GCF_013366565.2-RS_2025_05_13	Complete Genome	2023-05-11		1	Klebsiella quasipneumoniae
GCF_013377655.2	ASM1337765v2	2025-05-13	Klebsiella quasipneumoniae		IIIF3SW-P1					GCF_013377655.2-RS_2025_05_13	Complete Genome	2023-05-11		1	Klebsiella quasipneumoniae
GCF_038430715.1	ASM3843071v1	2025-04-23	Klebsiella quasipneumoniae		2012C06-006					GCF_038430715.1-RS_2025_04_23	Complete Genome	2024-04-24		4	Klebsiella quasipneumoniae
GCF_022353865.1	ASM2235386v1	2025-04-18	Klebsiella quasipneumoniae		SWHEFF_72					GCF_022353865.1-RS_2025_04_18	Complete Genome	2022-02-22		5	Klebsiella quasipneumoniae
GCF_013408885.1	ASM1340888v1	2025-04-18	Klebsiella quasipneumoniae		68-17					GCF_013408885.1-RS_2025_04_18	Complete Genome	2020-07-13		1	Klebsiella quasipneumoniae
GCF_024347795.1	ASM2434779v1	2025-04-18	Klebsiella quasipneumoniae subsp. quasipneumoniae		KAM644					GCF_024347795.1-RS_2025_04_18	Complete Genome	2022-07-06		13	Klebsiella quasipneumoniae
GCF_024347755.1	ASM2434775v1	2025-04-18	Klebsiella quasipneumoniae subsp. quasipneumoniae		KAM622					GCF_024347755.1-RS_2025_04_18	Complete Genome	2022-07-06		11	Klebsiella quasipneumoniae
GCF_022313415.2	ASM2231341v2	2025-04-16	Klebsiella quasipneumoniae subsp. similipneumoniae		IF3SW-P1					GCF_022313415.2-RS_2025_04_16	Complete Genome	2022-05-10		2	Klebsiella quasipneumoniae
GCF_013624775.1	ASM1362477v1	2025-04-08	Klebsiella quasipneumoniae		RHBSTW-00138					GCF_013624775.1-RS_2025_04_08	Complete Genome	2020-07-24		15	Klebsiella quasipneumoniae
GCF_023373565.1	ASM2337356v1	2025-04-08	Klebsiella quasipneumoniae		AR8538					GCF_023373565.1-RS_2025_04_08	Complete Genome	2022-05-16		5	Klebsiella quasipneumoniae
GCF_022494055.1	ASM2249405v1	2025-04-08	Klebsiella quasipneumoniae		STLEFF_28					GCF_022494055.1-RS_2025_04_08	Complete Genome	2022-03-07		7	Klebsiella quasipneumoniae
GCF_037224975.1	ASM3722497v1	2025-04-05	Klebsiella quasipneumoniae		GN04638					GCF_037224975.1-RS_2025_04_05	Complete Genome	2024-04-05		3	Klebsiella quasipneumoniae
GCF_037287485.1	ASM3728748v1	2025-04-05	Klebsiella quasipneumoniae		GN04474					GCF_037287485.1-RS_2025_04_05	Complete Genome	2024-04-05		3	Klebsiella quasipneumoniae
GCF_037950385.1	ASM3795038v1	2025-04-05	Klebsiella quasipneumoniae subsp. similipneumoniae		SHOUER1256					GCF_037950385.1-RS_2025_04_05	Complete Genome	2024-04-06		3	Klebsiella quasipneumoniae
GCF_022433565.1	ASM2243356v1	2025-04-02	Klebsiella quasipneumoniae		ARLG-8054					GCF_022433565.1-RS_2025_04_02	Complete Genome	2022-03-01		2	Klebsiella quasipneumoniae
GCF_019915565.1	ASM1991556v1	2025-04-02	Klebsiella quasipneumoniae		MMCC7					GCF_019915565.1-RS_2025_04_02	Complete Genome	2021-09-09		2	Klebsiella quasipneumoniae
GCF_001596075.2	ASM159607v2	2025-03-05	Klebsiella quasipneumoniae		ATCC 700603			K6		GCF_001596075.2-RS_2025_03_05	Complete Genome	2016-11-22		3	Klebsiella quasipneumoniae
GCF_002240295.1	ASM224029v1	2025-03-05	Klebsiella quasipneumoniae		HKUOPA4					GCF_002240295.1-RS_2025_03_05	Complete Genome	2017-08-03		1	Klebsiella quasipneumoniae
GCF_002240315.1	ASM224031v1	2025-03-05	Klebsiella quasipneumoniae		HKUOPJ4					GCF_002240315.1-RS_2025_03_05	Complete Genome	2017-08-03		1	Klebsiella quasipneumoniae
GCF_002240335.1	ASM224033v1	2025-03-05	Klebsiella quasipneumoniae		HKUOPL4					GCF_002240335.1-RS_2025_03_05	Complete Genome	2017-08-03		1	Klebsiella quasipneumoniae
GCF_021245755.2	ASM2124575v2	2025-02-22	Klebsiella quasipneumoniae		AF004KP1					GCF_021245755.2-RS_2025_02_22	Complete Genome	2025-02-22		6	Klebsiella quasipneumoniae
GCF_026967715.1	ASM2696771v1	2025-02-05	Klebsiella quasipneumoniae		2022CK-00516					GCF_026967715.1-RS_2025_02_05	Complete Genome	2022-12-18		4	Klebsiella quasipneumoniae
GCF_052039215.1	ASM5203921v1	2025-08-15	Klebsiella variicola		Kv_2g					GCF_052039215.1-RS_2025_08_15	Complete Genome	2025-08-16		3	Klebsiella variicola
GCF_051619525.1	ASM5161952v1	2025-07-31	Klebsiella variicola subsp. variicola		KPE040					GCF_051619525.1-RS_2025_07_31	Complete Genome	2025-08-01		5	Klebsiella variicola
GCF_030505415.1	ASM3050541v1	2025-07-18	Klebsiella variicola		LY16					GCF_030505415.1-RS_2025_07_18	Complete Genome	2023-07-19		2	Klebsiella variicola
GCF_030489965.1	ASM3048996v1	2025-07-16	Klebsiella variicola		2020C01-081					GCF_030489965.1-RS_2025_07_16	Complete Genome	2023-07-17		5	Klebsiella variicola
GCF_024138755.1	ASM2413875v1	2025-07-14	Klebsiella variicola		KGB_1					GCF_024138755.1-RS_2025_07_14	Complete Genome	2022-07-05		3	Klebsiella variicola
GCF_030376705.1	ASM3037670v1	2025-06-30	Klebsiella variicola		22KM2707					GCF_030376705.1-RS_2025_06_30	Complete Genome	2023-06-30		2	Klebsiella variicola
GCF_051122715.1	ASM5112271v1	2025-06-28	Klebsiella variicola		HWS1					GCF_051122715.1-RS_2025_06_28	Complete Genome	2025-06-28		1	Klebsiella variicola
GCF_050990805.1	ASM5099080v1	2025-06-19	Klebsiella variicola		KLE2					GCF_050990805.1-RS_2025_06_19	Complete Genome	2025-06-19		2	Klebsiella variicola
GCF_050990795.1	ASM5099079v1	2025-06-18	Klebsiella variicola		KLE3					GCF_050990795.1-RS_2025_06_18	Complete Genome	2025-06-19		2	Klebsiella variicola
GCF_050870805.1	ASM5087080v1	2025-06-11	Klebsiella variicola		T117					GCF_050870805.1-RS_2025_06_11	Complete Genome	2025-06-12		3	Klebsiella variicola
GCF_050847395.1	ASM5084739v1	2025-06-09	Klebsiella variicola		NTUH73					GCF_050847395.1-RS_2025_06_09	Complete Genome	2025-06-09		4	Klebsiella variicola
GCF_905335825.2	AN2340v1_cp	2025-06-04	Klebsiella variicola					0		GCF_905335825.2-RS_2025_06_04	Complete Genome	2022-05-24		4	Klebsiella variicola
GCF_023588825.1	ASM2358882v1	2025-06-03	Klebsiella variicola		17YN56					GCF_023588825.1-RS_2025_06_03	Complete Genome	2022-05-30		1	Klebsiella variicola
GCF_049262525.1	ASM4926252v1	2025-06-01	Klebsiella variicola		GTVSS-026					GCF_049262525.1-RS_2025_06_01	Complete Genome	2025-05-22		1	Klebsiella variicola
GCF_050500315.1	ASM5050031v1	2025-05-21	Klebsiella variicola		ZSLY01					GCF_050500315.1-RS_2025_05_21	Complete Genome	2025-05-22		3	Klebsiella variicola
GCF_050499735.1	ASM5049973v1	2025-05-21	Klebsiella variicola		ZB-1					GCF_050499735.1-RS_2025_05_21	Complete Genome	2025-05-22		4	Klebsiella variicola
GCF_022453785.1	ASM2245378v1	2025-05-18	Klebsiella variicola subsp. variicola		ML.9ba2					GCF_022453785.1-RS_2025_05_18	Complete Genome	2022-03-03		2	Klebsiella variicola
GCF_030007315.1	ASM3000731v1	2025-05-14	Klebsiella variicola		J57					GCF_030007315.1-RS_2025_05_14	Complete Genome	2023-05-13		5	Klebsiella variicola
GCF_033970445.1	ASM3397044v2	2025-05-12	Klebsiella variicola		2023EP-00289					GCF_033970445.1-RS_2025_05_12	Complete Genome	2024-04-25		3	Klebsiella variicola
GCF_039566115.1	ASM3956611v1	2025-05-09	Klebsiella variicola		K3					GCF_039566115.1-RS_2025_05_09	Complete Genome	2024-05-10		1	Klebsiella variicola
GCF_039545775.1	ASM3954577v1	2025-05-07	Klebsiella variicola		LL2208					GCF_039545775.1-RS_2025_05_07	Complete Genome	2024-05-08		1	Klebsiella variicola
GCF_050175235.1	ASM5017523v1	2025-05-07	Klebsiella variicola		A24775					GCF_050175235.1-RS_2025_05_07	Complete Genome	2025-05-14		3	Klebsiella variicola
GCF_038442825.1	ASM3844282v1	2025-04-24	Klebsiella variicola		2024HQ-00003					GCF_038442825.1-RS_2025_04_24	Complete Genome	2024-04-25		3	Klebsiella variicola
GCF_034331225.1	ASM3433122v2	2025-04-21	Klebsiella variicola		2023CK-01508					GCF_034331225.1-RS_2025_04_21	Complete Genome	2024-01-14		4	Klebsiella variicola
GCF_038178705.1	ASM3817870v1	2025-04-17	Klebsiella variicola		KVTMDU					GCF_038178705.1-RS_2025_04_17	Complete Genome	2024-04-17		15	Klebsiella variicola
GCF_037287495.1	ASM3728749v1	2025-04-17	Klebsiella variicola		GN02708					GCF_037287495.1-RS_2025_04_17	Complete Genome	2024-04-05		1	Klebsiella variicola
GCF_041857135.1	kv240612_barcode19	2025-04-07	Klebsiella variicola		kv240612_barcode19					GCF_041857135.1-RS_2025_04_07	Complete Genome	2024-09-08		2	Klebsiella variicola
GCF_036687405.1	ASM3668740v1	2025-04-05	Klebsiella variicola		B19321					GCF_036687405.1-RS_2025_04_05	Complete Genome	2024-04-05		3	Klebsiella variicola
GCF_000019565.1	ASM1956v1	2025-04-04	Klebsiella variicola		342					GCF_000019565.1-RS_2025_04_04	Complete Genome	2008-09-24		3	Klebsiella variicola
GCF_028871695.1	ASM2887169v1	2025-04-03	Klebsiella variicola		SHET-01					GCF_028871695.1-RS_2025_04_03	Complete Genome	2023-02-27		3	Klebsiella variicola
GCF_013728275.1	ASM1372827v1	2025-04-02	Klebsiella variicola		RHBSTW-00883					GCF_013728275.1-RS_2025_04_02	Complete Genome	2020-07-27		3	Klebsiella variicola
GCF_049200665.1	ASM4920066v1	2025-04-02	Klebsiella variicola		2018C01-122					GCF_049200665.1-RS_2025_04_02	Complete Genome	2025-04-04		4	Klebsiella variicola
GCF_000828055.2	ASM82805v2	2025-03-05	Klebsiella variicola		DSM 15968					GCF_000828055.2-RS_2025_03_05	Complete Genome	2016-07-29		1	Klebsiella variicola
GCF_001989495.1	ASM198949v1	2025-03-05	Klebsiella variicola		GJ1					GCF_001989495.1-RS_2025_03_05	Complete Genome	2017-02-07		4	Klebsiella variicola
GCF_001989515.1	ASM198951v1	2025-03-05	Klebsiella variicola		GJ2					GCF_001989515.1-RS_2025_03_05	Complete Genome	2017-02-07		5	Klebsiella variicola
GCF_001989535.1	ASM198953v1	2025-03-05	Klebsiella variicola		GJ3					GCF_001989535.1-RS_2025_03_05	Complete Genome	2017-02-07		5	Klebsiella variicola
GCF_047947005.1	ASM4794700v1	2025-02-25	Klebsiella variicola		KP692JT					GCF_047947005.1-RS_2025_02_25	Complete Genome	2025-02-28		6	Klebsiella variicola
GCF_023703815.1	ASM2370381v1	2025-02-18	Klebsiella variicola		FF907					GCF_023703815.1-RS_2025_02_18	Complete Genome	2022-06-13		1	Klebsiella variicola
GCF_025579425.1	ASM2557942v2	2025-02-17	Klebsiella variicola		2022CK-00504					GCF_025579425.1-RS_2025_02_17	Complete Genome	2022-12-29		4	Klebsiella variicola
GCF_026069095.1	ASM2606909v2	2025-02-17	Klebsiella variicola		2022CK-00568					GCF_026069095.1-RS_2025_02_17	Complete Genome	2022-12-29		6	Klebsiella variicola
GCF_025579405.1	ASM2557940v2	2025-02-17	Klebsiella variicola		2022CK-00502					GCF_025579405.1-RS_2025_02_17	Complete Genome	2022-12-29		4	Klebsiella variicola
GCF_025579445.1	ASM2557944v2	2025-02-17	Klebsiella variicola		2022CK-00500					GCF_025579445.1-RS_2025_02_17	Complete Genome	2022-12-29		4	Klebsiella variicola
GCF_025676845.1	ASM2567684v2	2025-02-17	Klebsiella variicola		2022CK-00505					GCF_025676845.1-RS_2025_02_17	Complete Genome	2022-12-29		5	Klebsiella variicola
GCF_025579525.1	ASM2557952v2	2025-02-17	Klebsiella variicola		2022CK-00503					GCF_025579525.1-RS_2025_02_17	Complete Genome	2022-12-29		4	Klebsiella variicola
GCF_025676585.1	ASM2567658v2	2025-02-17	Klebsiella variicola		2022CK-00501					GCF_025676585.1-RS_2025_02_17	Complete Genome	2022-12-29		4	Klebsiella variicola
GCF_026069065.1	ASM2606906v2	2025-02-17	Klebsiella variicola		2022CK-00567					GCF_026069065.1-RS_2025_02_17	Complete Genome	2022-12-29		7	Klebsiella variicola
GCF_021228835.1	ASM2122883v1	2025-02-16	Klebsiella variicola subsp. variicola		KPN692					GCF_021228835.1-RS_2025_02_16	Complete Genome	2021-12-19		6	Klebsiella variicola
GCF_036452015.1	ASM3645201v1	2025-02-08	Klebsiella variicola		PS00262.4					GCF_036452015.1-RS_2025_02_08	Complete Genome	2024-02-08		5	Klebsiella variicola
GCF_026967735.1	ASM2696773v1	2025-02-05	Klebsiella variicola		2022CK-00564					GCF_026967735.1-RS_2025_02_05	Complete Genome	2022-12-18		4	Klebsiella variicola
GCF_026967755.1	ASM2696775v1	2025-02-05	Klebsiella variicola		2022CK-00565					GCF_026967755.1-RS_2025_02_05	Complete Genome	2022-12-18		4	Klebsiella variicola
GCF_024665815.1	ASM2466581v1	2025-08-31	Lacticaseibacillus paracasei subsp. paracasei		01					GCF_024665815.1-RS_2025_08_31	Complete Genome	2022-08-15		2	Lacticaseibacillus paracasei
GCF_024637915.1	ASM2463791v1	2025-08-30	Lacticaseibacillus paracasei		VHProbi F11					GCF_024637915.1-RS_2025_08_30	Complete Genome	2022-08-12		4	Lacticaseibacillus paracasei
GCF_003268715.1	ASM326871v1	2025-08-18	Lacticaseibacillus paracasei		LC355					GCF_003268715.1-RS_2025_08_18	Complete Genome	2018-06-27		3	Lacticaseibacillus paracasei
GCF_024498315.1	ASM2449831v1	2025-08-14	Lacticaseibacillus paracasei		SMN-LBK					GCF_024498315.1-RS_2025_08_14	Complete Genome	2022-08-01		2	Lacticaseibacillus paracasei
GCF_030581835.1	ASM3058183v1	2025-08-09	Lacticaseibacillus paracasei		XJ-003					GCF_030581835.1-RS_2025_08_09	Complete Genome	2023-08-02		4	Lacticaseibacillus paracasei
GCF_019175405.1	ASM1917540v1	2025-08-08	Lacticaseibacillus paracasei subsp. paracasei		GR0548					GCF_019175405.1-RS_2025_08_08	Complete Genome	2021-07-08		2	Lacticaseibacillus paracasei
GCF_051514555.1	ASM5151455v1	2025-07-24	Lacticaseibacillus paracasei		ZFM847					GCF_051514555.1-RS_2025_07_24	Complete Genome	2025-07-29		5	Lacticaseibacillus paracasei
GCF_030480425.1	ASM3048042v1	2025-07-16	Lacticaseibacillus paracasei		L14					GCF_030480425.1-RS_2025_07_16	Complete Genome	2023-07-15		1	Lacticaseibacillus paracasei
GCF_040536905.1	ASM4053690v1	2025-07-07	Lacticaseibacillus paracasei		z15					GCF_040536905.1-RS_2025_07_07	Complete Genome	2024-07-08		12	Lacticaseibacillus paracasei
GCF_051123965.1	ASM5112396v1	2025-06-28	Lacticaseibacillus paracasei		M8					GCF_051123965.1-RS_2025_06_28	Complete Genome	2025-06-29		3	Lacticaseibacillus paracasei
GCF_040267725.1	ASM4026772v1	2025-06-23	Lacticaseibacillus paracasei		TCI727					GCF_040267725.1-RS_2025_06_23	Complete Genome	2024-06-24		2	Lacticaseibacillus paracasei
GCF_023674545.1	ASM2367454v1	2025-06-11	Lacticaseibacillus paracasei		401					GCF_023674545.1-RS_2025_06_11	Complete Genome	2022-06-08		1	Lacticaseibacillus paracasei
GCF_050858965.1	ASM5085896v1	2025-06-10	Lacticaseibacillus paracasei		CLP-E2					GCF_050858965.1-RS_2025_06_10	Complete Genome	2025-06-10		2	Lacticaseibacillus paracasei
GCF_050596945.1	ASM5059694v1	2025-05-29	Lacticaseibacillus paracasei		CYLB 1019					GCF_050596945.1-RS_2025_05_29	Complete Genome	2025-05-29		2	Lacticaseibacillus paracasei
GCF_030061895.1	ASM3006189v1	2025-05-22	Lacticaseibacillus paracasei		GM-080					GCF_030061895.1-RS_2025_05_22	Complete Genome	2023-05-22		1	Lacticaseibacillus paracasei
GCF_018286435.1	ASM1828643v1	2025-05-22	Lacticaseibacillus paracasei subsp. tolerans		2A					GCF_018286435.1-RS_2025_05_22	Complete Genome	2021-05-06		1	Lacticaseibacillus paracasei
GCF_050320215.1	ASM5032021v1	2025-05-13	Lacticaseibacillus paracasei		LTH 2407					GCF_050320215.1-RS_2025_05_13	Complete Genome	2025-05-14		5	Lacticaseibacillus paracasei
GCF_014905075.1	ASM1490507v1	2025-05-11	Lacticaseibacillus paracasei		NFFJ04					GCF_014905075.1-RS_2025_05_11	Complete Genome	2020-10-21		4	Lacticaseibacillus paracasei
GCF_022478075.1	ASM2247807v1	2025-04-30	Lacticaseibacillus paracasei		VHProbi F22					GCF_022478075.1-RS_2025_04_30	Complete Genome	2022-03-04		2	Lacticaseibacillus paracasei
GCF_049930715.1	ASM4993071v1	2025-04-27	Lacticaseibacillus paracasei		G277-1.1					GCF_049930715.1-RS_2025_04_27	Complete Genome	2025-05-13		1	Lacticaseibacillus paracasei
GCF_017638905.1	ASM1763890v1	2025-04-23	Lacticaseibacillus paracasei		HL182					GCF_017638905.1-RS_2025_04_23	Complete Genome	2021-03-30		4	Lacticaseibacillus paracasei
GCF_022819265.1	ASM2281926v1	2025-04-19	Lacticaseibacillus paracasei		SCB0563					GCF_022819265.1-RS_2025_04_19	Complete Genome	2022-04-06		2	Lacticaseibacillus paracasei
GCF_038098635.1	ASM3809863v1	2025-04-17	Lacticaseibacillus paracasei subsp. tolerans		DS0725					GCF_038098635.1-RS_2025_04_17	Complete Genome	2024-04-17		2	Lacticaseibacillus paracasei
GCF_022701315.1	ASM2270131v1	2025-04-14	Lacticaseibacillus paracasei		WX322					GCF_022701315.1-RS_2025_04_14	Complete Genome	2022-03-28		9	Lacticaseibacillus paracasei
GCF_049532865.1	ASM4953286v1	2025-04-13	Lacticaseibacillus paracasei		PC-01					GCF_049532865.1-RS_2025_04_13	Complete Genome	2025-04-15		1	Lacticaseibacillus paracasei
GCF_037414215.1	ASM3741421v1	2025-04-09	Lacticaseibacillus paracasei		LPC100					GCF_037414215.1-RS_2025_04_09	Complete Genome	2024-04-05		4	Lacticaseibacillus paracasei
GCF_029625355.1	ASM2962535v1	2025-04-08	Lacticaseibacillus paracasei		VHProbi OF10					GCF_029625355.1-RS_2025_04_08	Complete Genome	2023-04-09		1	Lacticaseibacillus paracasei
GCF_037099855.1	ASM3709985v1	2025-04-05	Lacticaseibacillus paracasei		DS2766					GCF_037099855.1-RS_2025_04_05	Complete Genome	2024-04-05		2	Lacticaseibacillus paracasei
GCF_037414395.1	ASM3741439v1	2025-04-05	Lacticaseibacillus paracasei		CUDS0725					GCF_037414395.1-RS_2025_04_05	Complete Genome	2024-04-05		1	Lacticaseibacillus paracasei
GCF_000829035.1	ASM82903v1	2025-04-02	Lacticaseibacillus paracasei subsp. paracasei		JCM 8130					GCF_000829035.1-RS_2025_04_02	Complete Genome	2013-08-14		3	Lacticaseibacillus paracasei
GCF_049163355.1	ASM4916335v1	2025-03-30	Lacticaseibacillus paracasei		FD1					GCF_049163355.1-RS_2025_03_30	Complete Genome	2025-04-03		3	Lacticaseibacillus paracasei
GCF_028609725.1	ASM2860972v1	2025-03-24	Lacticaseibacillus paracasei		CLP-C10					GCF_028609725.1-RS_2025_03_24	Complete Genome	2023-02-13		2	Lacticaseibacillus paracasei
GCF_028609745.1	ASM2860974v1	2025-03-24	Lacticaseibacillus paracasei		CLP-Y5					GCF_028609745.1-RS_2025_03_24	Complete Genome	2023-02-13		3	Lacticaseibacillus paracasei
GCF_021650835.1	ASM2165083v1	2025-03-23	Lacticaseibacillus paracasei subsp. paracasei		GR0562					GCF_021650835.1-RS_2025_03_23	Complete Genome	2022-01-27		5	Lacticaseibacillus paracasei
GCF_003957435.1	ASM395743v1	2025-03-21	Lacticaseibacillus paracasei subsp. tolerans		AO356					GCF_003957435.1-RS_2025_03_21	Complete Genome	2018-12-20		2	Lacticaseibacillus paracasei
GCF_016757695.1	ASM1675769v1	2025-03-17	Lacticaseibacillus paracasei subsp. tolerans		S-NB					GCF_016757695.1-RS_2025_03_17	Complete Genome	2021-01-27		2	Lacticaseibacillus paracasei
GCF_016757675.1	ASM1675767v1	2025-03-17	Lacticaseibacillus paracasei subsp. tolerans		S-NA5					GCF_016757675.1-RS_2025_03_17	Complete Genome	2021-01-27		8	Lacticaseibacillus paracasei
GCF_048500655.1	ASM4850065v1	2025-03-09	Lacticaseibacillus paracasei		CBA7104					GCF_048500655.1-RS_2025_03_09	Complete Genome	2025-03-09		3	Lacticaseibacillus paracasei
GCF_002442835.1	ASM244283v1	2025-03-05	Lacticaseibacillus paracasei		FAM18149					GCF_002442835.1-RS_2025_03_05	Complete Genome	2017-10-04		6	Lacticaseibacillus paracasei
GCF_048282615.1	ASM4828261v1	2025-03-03	Lacticaseibacillus paracasei		439					GCF_048282615.1-RS_2025_03_03	Complete Genome	2025-03-06		1	Lacticaseibacillus paracasei
GCF_001514415.1	ASM151441v1	2025-03-03	Lacticaseibacillus paracasei		KL1					GCF_001514415.1-RS_2025_03_03	Complete Genome	2016-01-14		1	Lacticaseibacillus paracasei
GCF_015693945.1	ASM1569394v1	2025-02-18	Lacticaseibacillus paracasei subsp. tolerans		ZY-1					GCF_015693945.1-RS_2025_02_18	Complete Genome	2020-11-29		5	Lacticaseibacillus paracasei
GCF_003966835.1	ASM396683v1	2025-02-17	Lacticaseibacillus paracasei		IJH-SONE68					GCF_003966835.1-RS_2025_02_17	Complete Genome	2018-07-25		3	Lacticaseibacillus paracasei
GCF_000026485.1	ASM2648v1	2025-02-16	Lacticaseibacillus paracasei		BL23					GCF_000026485.1-RS_2025_02_16	Complete Genome	2008-06-19		1	Lacticaseibacillus paracasei
GCF_902386635.1	UHGG_MGYG-HGUT-02388	2025-02-13	Lacticaseibacillus paracasei					MGYG-HGUT-02388		GCF_902386635.1-RS_2025_02_13	Complete Genome	2019-08-10		1	Lacticaseibacillus paracasei
GCF_044740695.1	L. paracasei 899	2025-02-09	Lacticaseibacillus paracasei		E11.5					GCF_044740695.1-RS_2025_02_09	Complete Genome	2024-11-10		5	Lacticaseibacillus paracasei
GCF_000418515.1	ASM41851v1	2025-02-06	Lacticaseibacillus paracasei		LOCK919					GCF_000418515.1-RS_2025_02_06	Complete Genome	2013-07-08		2	Lacticaseibacillus paracasei
GCF_000194785.1	ASM19478v1	2025-02-02	Lacticaseibacillus paracasei		LC2W					GCF_000194785.1-RS_2025_02_02	Complete Genome	2011-04-01		2	Lacticaseibacillus paracasei
GCF_000019245.4	ASM1924v3	2025-02-02	Lacticaseibacillus paracasei		Zhang					GCF_000019245.4-RS_2025_02_02	Complete Genome	2015-02-05		2	Lacticaseibacillus paracasei
GCF_041283745.2	ASM4128374v2	2025-01-23	Lacticaseibacillus paracasei		ORD 0998					GCF_041283745.2-RS_2025_01_23	Complete Genome	2025-01-24		2	Lacticaseibacillus paracasei
GCF_024665595.1	ASM2466559v1	2025-08-31	Lacticaseibacillus rhamnosus		GR-1					GCF_024665595.1-RS_2025_08_31	Complete Genome	2022-08-15		4	Lacticaseibacillus rhamnosus
GCF_900636875.1	44927_D01	2025-08-25	Lacticaseibacillus rhamnosus		NCTC13710					GCF_900636875.1-RS_2025_08_25	Complete Genome	2018-12-20		1	Lacticaseibacillus rhamnosus
GCF_024610975.1	ASM2461097v1	2025-08-25	Lacticaseibacillus rhamnosus		VHProbi M14					GCF_024610975.1-RS_2025_08_25	Complete Genome	2022-08-10		1	Lacticaseibacillus rhamnosus
GCF_051908385.1	ASM5190838v1	2025-08-11	Lacticaseibacillus rhamnosus		KACC 92513P					GCF_051908385.1-RS_2025_08_11	Complete Genome	2025-08-11	JBPZTN01	2	Lacticaseibacillus rhamnosus
GCF_024397415.1	ASM2439741v1	2025-08-09	Lacticaseibacillus rhamnosus		HN067					GCF_024397415.1-RS_2025_08_09	Complete Genome	2022-07-25		2	Lacticaseibacillus rhamnosus
GCF_051549825.1	ASM5154982v1	2025-07-30	Lacticaseibacillus rhamnosus		MG20180718					GCF_051549825.1-RS_2025_07_30	Complete Genome	2025-07-31		1	Lacticaseibacillus rhamnosus
GCF_030480385.1	ASM3048038v1	2025-07-16	Lacticaseibacillus rhamnosus		MCC 0256					GCF_030480385.1-RS_2025_07_16	Complete Genome	2023-07-15		1	Lacticaseibacillus rhamnosus
GCF_030490305.1	ASM3049030v1	2025-07-16	Lacticaseibacillus rhamnosus		DM163					GCF_030490305.1-RS_2025_07_16	Complete Genome	2023-07-17		2	Lacticaseibacillus rhamnosus
GCF_023913535.1	ASM2391353v1	2025-07-03	Lacticaseibacillus rhamnosus		P118					GCF_023913535.1-RS_2025_07_03	Complete Genome	2022-06-26		1	Lacticaseibacillus rhamnosus
GCF_051200805.1	ASM5120080v1	2025-07-03	Lacticaseibacillus rhamnosus		OBM8					GCF_051200805.1-RS_2025_07_03	Complete Genome	2025-07-04		1	Lacticaseibacillus rhamnosus
GCF_051123815.1	ASM5112381v1	2025-06-28	Lacticaseibacillus rhamnosus		C1					GCF_051123815.1-RS_2025_06_28	Complete Genome	2025-06-29		1	Lacticaseibacillus rhamnosus
GCF_040235135.2	Lrh_B-189-v2	2025-06-26	Lacticaseibacillus rhamnosus		BIM B-189					GCF_040235135.2-RS_2025_06_26	Complete Genome	2024-06-27		1	Lacticaseibacillus rhamnosus
GCF_050706795.1	ASM5070679v1	2025-06-04	Lacticaseibacillus rhamnosus		VHProbi O07					GCF_050706795.1-RS_2025_06_04	Complete Genome	2025-06-04		1	Lacticaseibacillus rhamnosus
GCF_039857935.1	ASM3985793v1	2025-05-27	Lacticaseibacillus rhamnosus		TCI366					GCF_039857935.1-RS_2025_05_27	Complete Genome	2024-05-28		1	Lacticaseibacillus rhamnosus
GCF_018286375.1	ASM1828637v1	2025-05-22	Lacticaseibacillus rhamnosus		AS					GCF_018286375.1-RS_2025_05_22	Complete Genome	2021-05-06		1	Lacticaseibacillus rhamnosus
GCF_018228745.1	ASM1822874v1	2025-05-18	Lacticaseibacillus rhamnosus		X253					GCF_018228745.1-RS_2025_05_18	Complete Genome	2021-05-03		1	Lacticaseibacillus rhamnosus
GCF_030034775.1	ASM3003477v1	2025-05-18	Lacticaseibacillus rhamnosus		k32					GCF_030034775.1-RS_2025_05_18	Complete Genome	2023-05-18		5	Lacticaseibacillus rhamnosus
GCF_018141205.1	ASM1814120v1	2025-05-17	Lacticaseibacillus rhamnosus		CE1					GCF_018141205.1-RS_2025_05_17	Complete Genome	2021-04-27		1	Lacticaseibacillus rhamnosus
GCF_039654095.1	ASM3965409v1	2025-05-16	Lacticaseibacillus rhamnosus		S22825					GCF_039654095.1-RS_2025_05_16	Complete Genome	2024-05-17		1	Lacticaseibacillus rhamnosus
GCF_050367955.1	ASM5036795v1	2025-05-15	Lacticaseibacillus rhamnosus		SL42					GCF_050367955.1-RS_2025_05_15	Complete Genome	2025-05-15		1	Lacticaseibacillus rhamnosus
GCF_036583945.1	ASM3658394v1	2025-05-06	Lacticaseibacillus rhamnosus		CP-1					GCF_036583945.1-RS_2025_05_06	Complete Genome	2024-02-13		1	Lacticaseibacillus rhamnosus
GCF_017795605.1	ASM1779560v1	2025-04-29	Lacticaseibacillus rhamnosus		LDTM7511					GCF_017795605.1-RS_2025_04_29	Complete Genome	2021-04-06		1	Lacticaseibacillus rhamnosus
GCF_045061055.1	ASM4506105v1	2025-04-27	Lacticaseibacillus rhamnosus		MRD080					GCF_045061055.1-RS_2025_04_27	Complete Genome	2024-11-25		1	Lacticaseibacillus rhamnosus
GCF_029543065.1	ASM2954306v1	2025-04-14	Lacticaseibacillus rhamnosus		A5					GCF_029543065.1-RS_2025_04_14	Complete Genome	2023-04-03		1	Lacticaseibacillus rhamnosus
GCF_029010255.1	ASM2901025v1	2025-04-13	Lacticaseibacillus rhamnosus		VSI33					GCF_029010255.1-RS_2025_04_13	Complete Genome	2023-03-06		1	Lacticaseibacillus rhamnosus
GCF_038086925.1	ASM3808692v1	2025-04-13	Lacticaseibacillus rhamnosus		LR110					GCF_038086925.1-RS_2025_04_13	Complete Genome	2024-04-15		1	Lacticaseibacillus rhamnosus
GCF_900636965.1	45296_G02	2025-04-05	Lacticaseibacillus rhamnosus		NCTC13764					GCF_900636965.1-RS_2025_04_05	Complete Genome	2018-12-20		1	Lacticaseibacillus rhamnosus
GCF_000011045.1	ASM1104v1	2025-04-04	Lacticaseibacillus rhamnosus GG		ATCC 53103					GCF_000011045.1-RS_2025_04_04	Complete Genome	2012-05-01		1	Lacticaseibacillus rhamnosus
GCF_029011275.1	ASM2901127v1	2025-04-02	Lacticaseibacillus rhamnosus		VSI43					GCF_029011275.1-RS_2025_04_02	Complete Genome	2023-03-06		3	Lacticaseibacillus rhamnosus
GCF_024442295.1	ASM2444229v1	2025-04-01	Lacticaseibacillus rhamnosus		CLK 101					GCF_024442295.1-RS_2025_04_01	Complete Genome	2022-07-26		3	Lacticaseibacillus rhamnosus
GCF_006151905.1	ASM615190v1	2025-03-29	Lacticaseibacillus rhamnosus		1.0320					GCF_006151905.1-RS_2025_03_29	Complete Genome	2019-06-09		1	Lacticaseibacillus rhamnosus
GCF_048629445.1	ASM4862944v1	2025-03-20	Lacticaseibacillus rhamnosus		TS4					GCF_048629445.1-RS_2025_03_20	Complete Genome	2025-03-20		1	Lacticaseibacillus rhamnosus
GCF_048629795.1	ASM4862979v1	2025-03-20	Lacticaseibacillus rhamnosus		HI1					GCF_048629795.1-RS_2025_03_20	Complete Genome	2025-03-20		1	Lacticaseibacillus rhamnosus
GCF_048629835.1	ASM4862983v1	2025-03-20	Lacticaseibacillus rhamnosus		BBAH7					GCF_048629835.1-RS_2025_03_20	Complete Genome	2025-03-20		1	Lacticaseibacillus rhamnosus
GCF_048629105.1	ASM4862910v1	2025-03-20	Lacticaseibacillus rhamnosus		BBAH2					GCF_048629105.1-RS_2025_03_20	Complete Genome	2025-03-20		1	Lacticaseibacillus rhamnosus
GCF_048629435.1	ASM4862943v1	2025-03-20	Lacticaseibacillus rhamnosus		TB3					GCF_048629435.1-RS_2025_03_20	Complete Genome	2025-03-20		1	Lacticaseibacillus rhamnosus
GCF_028475085.1	ASM2847508v1	2025-03-09	Lacticaseibacillus rhamnosus GG		GG					GCF_028475085.1-RS_2025_03_09	Complete Genome	2023-02-06		1	Lacticaseibacillus rhamnosus
GCF_002158925.1	ASM215892v1	2025-03-05	Lacticaseibacillus rhamnosus		4B15					GCF_002158925.1-RS_2025_03_05	Complete Genome	2017-05-30		1	Lacticaseibacillus rhamnosus
GCF_002286235.1	ASM228623v1	2025-03-05	Lacticaseibacillus rhamnosus		LR5					GCF_002286235.1-RS_2025_03_05	Complete Genome	2017-09-05		1	Lacticaseibacillus rhamnosus
GCF_002076955.1	ASM207695v1	2025-03-05	Lacticaseibacillus rhamnosus		Pen					GCF_002076955.1-RS_2025_03_05	Complete Genome	2017-04-03		1	Lacticaseibacillus rhamnosus
GCF_048015625.1	ASM4801562v1	2025-02-26	Lacticaseibacillus rhamnosus		B3421					GCF_048015625.1-RS_2025_02_26	Complete Genome	2025-03-01		1	Lacticaseibacillus rhamnosus
GCF_047778005.1	ASM4777800v1	2025-02-16	Lacticaseibacillus rhamnosus		MRD-YKTA					GCF_047778005.1-RS_2025_02_16	Complete Genome	2025-02-16		1	Lacticaseibacillus rhamnosus
GCF_902381635.1	UHGG_MGYG-HGUT-01293	2025-02-13	Lacticaseibacillus rhamnosus					MGYG-HGUT-01293		GCF_902381635.1-RS_2025_02_13	Complete Genome	2019-08-10		1	Lacticaseibacillus rhamnosus
GCF_900070175.1	Lactobacillus rhamnosus CECT 8800	2025-02-11	Lacticaseibacillus rhamnosus		BPL5					GCF_900070175.1-RS_2025_02_11	Complete Genome	2016-03-01		1	Lacticaseibacillus rhamnosus
GCF_022220485.1	ASM2222048v1	2025-02-05	Lacticaseibacillus rhamnosus		VHProbi Y39					GCF_022220485.1-RS_2025_02_05	Complete Genome	2022-02-14		1	Lacticaseibacillus rhamnosus
GCF_016599675.1	ASM1659967v2	2025-02-05	Lacticaseibacillus rhamnosus		B6					GCF_016599675.1-RS_2025_02_05	Complete Genome	2021-01-11		1	Lacticaseibacillus rhamnosus
GCF_016653515.1	ASM1665351v1	2025-01-29	Lacticaseibacillus rhamnosus		KF7					GCF_016653515.1-RS_2025_01_29	Complete Genome	2021-01-17		4	Lacticaseibacillus rhamnosus
GCF_035928125.1	ASM3592812v1	2025-01-21	Lacticaseibacillus rhamnosus		VHProbi V77					GCF_035928125.1-RS_2025_01_21	Complete Genome	2024-01-22		1	Lacticaseibacillus rhamnosus
GCF_035334605.1	ASM3533460v1	2025-01-09	Lacticaseibacillus rhamnosus		S262-4W					GCF_035334605.1-RS_2025_01_09	Complete Genome	2024-01-09		1	Lacticaseibacillus rhamnosus
GCF_026427555.1	ASM2642755v1	2025-01-07	Lacticaseibacillus rhamnosus		VHProbi F20					GCF_026427555.1-RS_2025_01_07	Complete Genome	2022-11-28		2	Lacticaseibacillus rhamnosus
GCF_019399915.1	ASM1939991v1	2025-09-01	Lactiplantibacillus plantarum		41P					GCF_019399915.1-RS_2025_09_01	Complete Genome	2021-07-29		6	Lactiplantibacillus plantarum
GCF_052232885.1	ASM5223288v1	2025-08-26	Lactiplantibacillus plantarum		HP-B1280					GCF_052232885.1-RS_2025_08_26	Complete Genome	2025-08-28		1	Lactiplantibacillus plantarum
GCF_031596315.1	ASM3159631v1	2025-08-18	Lactiplantibacillus plantarum		VHProbi SY					GCF_031596315.1-RS_2025_08_18	Complete Genome	2023-09-18		3	Lactiplantibacillus plantarum
GCF_009937825.1	ASM993782v1	2025-08-18	Lactiplantibacillus plantarum		SRCM101511					GCF_009937825.1-RS_2025_08_18	Complete Genome	2020-01-28		6	Lactiplantibacillus plantarum
GCF_000148815.2	ASM14881v1	2025-08-18	Lactiplantibacillus plantarum ST-III		ST-III					GCF_000148815.2-RS_2025_08_18	Complete Genome	2011-07-29		2	Lactiplantibacillus plantarum
GCF_052063245.1	ASM5206324v1	2025-08-16	Lactiplantibacillus plantarum		MY-2					GCF_052063245.1-RS_2025_08_16	Complete Genome	2025-08-17		4	Lactiplantibacillus plantarum
GCF_030758995.1	ASM3075899v1	2025-08-16	Lactiplantibacillus plantarum		RS20D					GCF_030758995.1-RS_2025_08_16	Complete Genome	2023-08-16		5	Lactiplantibacillus plantarum
GCF_052037465.1	ASM5203746v1	2025-08-15	Lactiplantibacillus plantarum		ZR79					GCF_052037465.1-RS_2025_08_15	Complete Genome	2025-08-14	JBQERW01	2	Lactiplantibacillus plantarum
GCF_051990715.1	ASM5199071v1	2025-08-14	Lactiplantibacillus plantarum subsp. plantarum		SST-9961					GCF_051990715.1-RS_2025_08_14	Complete Genome	2025-08-15		9	Lactiplantibacillus plantarum
GCF_051918085.1	ASM5191808v1	2025-08-12	Lactiplantibacillus plantarum		HL-PL05					GCF_051918085.1-RS_2025_08_12	Complete Genome	2025-08-12	JBQAYQ01	17	Lactiplantibacillus plantarum
GCF_019211785.1	ASM1921178v1	2025-08-11	Lactiplantibacillus plantarum subsp. plantarum		GR1187					GCF_019211785.1-RS_2025_08_11	Complete Genome	2021-07-14		4	Lactiplantibacillus plantarum
GCF_019211765.1	ASM1921176v1	2025-08-11	Lactiplantibacillus plantarum subsp. plantarum		GR1184					GCF_019211765.1-RS_2025_08_11	Complete Genome	2021-07-14		3	Lactiplantibacillus plantarum
GCF_051903995.1	ASM5190399v1	2025-08-10	Lactiplantibacillus plantarum		Hi188					GCF_051903995.1-RS_2025_08_10	Complete Genome	2025-08-10		11	Lactiplantibacillus plantarum
GCF_024442115.1	ASM2444211v1	2025-08-09	Lactiplantibacillus plantarum		LpYC41					GCF_024442115.1-RS_2025_08_09	Complete Genome	2022-07-26		2	Lactiplantibacillus plantarum
GCF_024396815.1	ASM2439681v1	2025-08-09	Lactiplantibacillus plantarum		HOM3204					GCF_024396815.1-RS_2025_08_09	Complete Genome	2022-07-25		3	Lactiplantibacillus plantarum
GCF_019076805.1	ASM1907680v1	2025-08-09	Lactiplantibacillus plantarum		XJ25					GCF_019076805.1-RS_2025_08_09	Complete Genome	2021-06-30		2	Lactiplantibacillus plantarum
GCF_051860185.1	ASM5186018v1	2025-08-07	Lactiplantibacillus plantarum		0111					GCF_051860185.1-RS_2025_08_07	Complete Genome	2025-08-08		4	Lactiplantibacillus plantarum
GCF_051557165.1	ASM5155716v1	2025-07-30	Lactiplantibacillus plantarum		NX87					GCF_051557165.1-RS_2025_07_30	Complete Genome	2025-07-31		4	Lactiplantibacillus plantarum
GCF_030503695.1	ASM3050369v1	2025-07-17	Lactiplantibacillus plantarum		BC299					GCF_030503695.1-RS_2025_07_17	Complete Genome	2023-07-18		5	Lactiplantibacillus plantarum
GCF_030463605.1	ASM3046360v1	2025-07-16	Lactiplantibacillus plantarum		HC-2					GCF_030463605.1-RS_2025_07_16	Complete Genome	2023-07-13		3	Lactiplantibacillus plantarum
GCF_024181705.1	ASM2418170v1	2025-07-16	Lactiplantibacillus plantarum		Lp-6					GCF_024181705.1-RS_2025_07_16	Complete Genome	2022-07-07		9	Lactiplantibacillus plantarum
GCF_024181685.1	ASM2418168v1	2025-07-16	Lactiplantibacillus plantarum		P9					GCF_024181685.1-RS_2025_07_16	Complete Genome	2022-07-07		10	Lactiplantibacillus plantarum
GCF_024137985.1	ASM2413798v1	2025-07-14	Lactiplantibacillus plantarum		3-1					GCF_024137985.1-RS_2025_07_14	Complete Genome	2022-07-05		6	Lactiplantibacillus plantarum
GCF_024137845.1	ASM2413784v1	2025-07-13	Lactiplantibacillus plantarum		DM083					GCF_024137845.1-RS_2025_07_13	Complete Genome	2022-07-05		1	Lactiplantibacillus plantarum
GCF_040536935.1	ASM4053693v1	2025-07-07	Lactiplantibacillus plantarum		ZY-1					GCF_040536935.1-RS_2025_07_07	Complete Genome	2024-07-08		5	Lactiplantibacillus plantarum
GCF_051225605.1	ASM5122560v1	2025-07-07	Lactiplantibacillus plantarum		CLP51					GCF_051225605.1-RS_2025_07_07	Complete Genome	2025-07-08		1	Lactiplantibacillus plantarum
GCF_051217015.1	ASM5121701v1	2025-07-07	Lactiplantibacillus plantarum		PL-02					GCF_051217015.1-RS_2025_07_07	Complete Genome	2025-07-08		5	Lactiplantibacillus plantarum
GCF_023973045.1	ASM2397304v1	2025-07-05	Lactiplantibacillus plantarum		Z.6-1					GCF_023973045.1-RS_2025_07_05	Complete Genome	2022-06-28		2	Lactiplantibacillus plantarum
GCF_051123805.1	ASM5112380v1	2025-06-28	Lactiplantibacillus plantarum		Z43					GCF_051123805.1-RS_2025_06_28	Complete Genome	2025-06-29		6	Lactiplantibacillus plantarum
GCF_040356725.1	ASM4035672v1	2025-06-28	Lactiplantibacillus plantarum		FNZ042					GCF_040356725.1-RS_2025_06_28	Complete Genome	2024-06-28		4	Lactiplantibacillus plantarum
GCF_040271445.1	ASM4027144v1	2025-06-24	Lactiplantibacillus plantarum		SCZH-7					GCF_040271445.1-RS_2025_06_24	Complete Genome	2024-06-25		3	Lactiplantibacillus plantarum
GCF_040268325.1	ASM4026832v1	2025-06-24	Lactiplantibacillus plantarum		TCI837					GCF_040268325.1-RS_2025_06_24	Complete Genome	2024-06-25		2	Lactiplantibacillus plantarum
GCF_030297695.1	ASM3029769v1	2025-06-21	Lactiplantibacillus plantarum		IYO2065					GCF_030297695.1-RS_2025_06_21	Complete Genome	2023-06-03		1	Lactiplantibacillus plantarum
GCF_030297735.1	ASM3029773v1	2025-06-21	Lactiplantibacillus plantarum		AWA2045					GCF_030297735.1-RS_2025_06_21	Complete Genome	2023-06-03		2	Lactiplantibacillus plantarum
GCF_050920835.1	ASM5092083v1	2025-06-16	Lactiplantibacillus plantarum		NCU0011190					GCF_050920835.1-RS_2025_06_16	Complete Genome	2025-06-17		5	Lactiplantibacillus plantarum
GCF_030253605.1	ASM3025360v1	2025-06-12	Lactiplantibacillus plantarum		YY-112					GCF_030253605.1-RS_2025_06_12	Complete Genome	2023-06-12		3	Lactiplantibacillus plantarum
GCF_050707955.1	ASM5070795v1	2025-06-04	Lactiplantibacillus plantarum		VHProbi O19					GCF_050707955.1-RS_2025_06_04	Complete Genome	2025-06-04		3	Lactiplantibacillus plantarum
GCF_050613195.1	ASM5061319v1	2025-05-30	Lactiplantibacillus plantarum		ELPL27					GCF_050613195.1-RS_2025_05_30	Complete Genome	2025-05-30		2	Lactiplantibacillus plantarum
GCF_039954855.1	ASM3995485v1	2025-05-30	Lactiplantibacillus plantarum		AHQ-14					GCF_039954855.1-RS_2025_05_30	Complete Genome	2024-05-31		2	Lactiplantibacillus plantarum
GCF_050613265.1	ASM5061326v1	2025-05-30	Lactiplantibacillus plantarum		A45					GCF_050613265.1-RS_2025_05_30	Complete Genome	2025-05-30		3	Lactiplantibacillus plantarum
GCF_050563485.1	Lpb_B-492_v1b	2025-05-26	Lactiplantibacillus plantarum		BIM B-492D					GCF_050563485.1-RS_2025_05_26	Complete Genome	2025-05-26		4	Lactiplantibacillus plantarum
GCF_039725565.1	ASM3972556v1	2025-05-22	Lactiplantibacillus plantarum		DMDL 9010					GCF_039725565.1-RS_2025_05_22	Complete Genome	2024-05-24		3	Lactiplantibacillus plantarum
GCF_018351295.1	ASM1835129v1	2025-05-22	Lactiplantibacillus plantarum		ATCC 202195					GCF_018351295.1-RS_2025_05_22	Complete Genome	2021-05-13		3	Lactiplantibacillus plantarum
GCF_023370155.1	ASM2337015v1	2025-05-21	Lactiplantibacillus plantarum		JB-1					GCF_023370155.1-RS_2025_05_21	Complete Genome	2022-05-15		6	Lactiplantibacillus plantarum
GCF_023348385.1	ASM2334838v1	2025-05-19	Lactiplantibacillus plantarum		LPC904					GCF_023348385.1-RS_2025_05_19	Complete Genome	2022-05-12		1	Lactiplantibacillus plantarum
GCF_023348525.1	ASM2334852v1	2025-05-19	Lactiplantibacillus plantarum		LPT52					GCF_023348525.1-RS_2025_05_19	Complete Genome	2022-05-12		1	Lactiplantibacillus plantarum
GCF_023348465.1	ASM2334846v1	2025-05-19	Lactiplantibacillus plantarum		LPIMC513					GCF_023348465.1-RS_2025_05_19	Complete Genome	2022-05-12		1	Lactiplantibacillus plantarum
GCF_023347215.1	ASM2334721v1	2025-05-19	Lactiplantibacillus plantarum		VHProbi V38					GCF_023347215.1-RS_2025_05_19	Complete Genome	2022-05-12		9	Lactiplantibacillus plantarum
GCF_011304595.2	ASM1130459v2	2025-05-18	Lactiplantibacillus plantarum		LS/07					GCF_011304595.2-RS_2025_05_18	Complete Genome	2022-05-09		6	Lactiplantibacillus plantarum
GCF_023278325.1	ASM2327832v1	2025-05-18	Lactiplantibacillus plantarum		MNCW_1					GCF_023278325.1-RS_2025_05_18	Complete Genome	2022-05-09		7	Lactiplantibacillus plantarum
GCF_024665635.1	ASM2466563v1	2025-08-31	Lactococcus lactis		R-707-1					GCF_024665635.1-RS_2025_08_31	Complete Genome	2022-08-15		7	Lactococcus lactis
GCF_000192705.1	ASM19270v1	2025-08-18	Lactococcus lactis subsp. lactis CV56		CV56					GCF_000192705.1-RS_2025_08_18	Complete Genome	2011-03-18		6	Lactococcus lactis
GCF_024205345.1	ASM2420534v1	2025-08-16	Lactococcus lactis		17M1					GCF_024205345.1-RS_2025_08_16	Complete Genome	2022-07-11		2	Lactococcus lactis
GCF_030480465.1	ASM3048046v1	2025-07-16	Lactococcus lactis		ZZ-2					GCF_030480465.1-RS_2025_07_16	Complete Genome	2023-07-15		1	Lactococcus lactis
GCF_030489665.1	ASM3048966v1	2025-07-16	Lactococcus lactis subsp. lactis		CAB701					GCF_030489665.1-RS_2025_07_16	Complete Genome	2023-07-17		2	Lactococcus lactis
GCF_030437975.1	ASM3043797v1	2025-07-13	Lactococcus lactis subsp. lactis		KMGR2-43					GCF_030437975.1-RS_2025_07_13	Complete Genome	2023-07-11		8	Lactococcus lactis
GCF_051131145.1	ASM5113114v1	2025-06-28	Lactococcus lactis		DMLL15					GCF_051131145.1-RS_2025_06_28	Complete Genome	2025-06-29		2	Lactococcus lactis
GCF_023809745.1	ASM2380974v1	2025-06-24	Lactococcus lactis		WiKim0124					GCF_023809745.1-RS_2025_06_24	Complete Genome	2022-06-20		1	Lactococcus lactis
GCF_023734755.1	ASM2373475v1	2025-06-20	Lactococcus lactis		ID-5					GCF_023734755.1-RS_2025_06_20	Complete Genome	2022-05-03		1	Lactococcus lactis
GCF_023734735.1	ASM2373473v1	2025-06-20	Lactococcus lactis		L8					GCF_023734735.1-RS_2025_06_20	Complete Genome	2022-05-03		1	Lactococcus lactis
GCF_050822385.1	ASM5082238v1	2025-06-07	Lactococcus lactis		lxl					GCF_050822385.1-RS_2025_06_07	Complete Genome	2025-06-07		1	Lactococcus lactis
GCF_050822395.1	ASM5082239v1	2025-06-07	Lactococcus lactis		A32					GCF_050822395.1-RS_2025_06_07	Complete Genome	2025-06-07		1	Lactococcus lactis
GCF_023611885.1	ASM2361188v1	2025-06-04	Lactococcus lactis subsp. lactis		UC109					GCF_023611885.1-RS_2025_06_04	Complete Genome	2022-05-31		6	Lactococcus lactis
GCF_040027695.1	Lla1834_v1_all	2025-06-03	Lactococcus lactis		BIM B-1834					GCF_040027695.1-RS_2025_06_03	Complete Genome	2024-06-04		4	Lactococcus lactis
GCF_050368845.1	ASM5036884v1	2025-05-25	Lactococcus lactis		S11-599					GCF_050368845.1-RS_2025_05_25	Complete Genome	2025-05-15		2	Lactococcus lactis
GCF_050511455.1	ASM5051145v1	2025-05-22	Lactococcus lactis		EIP3I (CNCM I-5388)					GCF_050511455.1-RS_2025_05_22	Complete Genome	2025-05-21	JASGWY01	8	Lactococcus lactis
GCF_050429585.1	ASM5042958v1	2025-05-20	Lactococcus lactis subsp. lactis		LZK-02					GCF_050429585.1-RS_2025_05_20	Complete Genome	2025-05-21		3	Lactococcus lactis
GCF_023078515.1	ASM2307851v1	2025-05-14	Lactococcus lactis		JNU 534					GCF_023078515.1-RS_2025_05_14	Complete Genome	2022-04-21		3	Lactococcus lactis
GCF_023206755.1	ASM2320675v1	2025-05-14	Lactococcus lactis		KF140					GCF_023206755.1-RS_2025_05_14	Complete Genome	2022-05-02		4	Lactococcus lactis
GCF_038721235.1	ASM3872123v1	2025-04-30	Lactococcus lactis		Q13					GCF_038721235.1-RS_2025_04_30	Complete Genome	2024-05-01		4	Lactococcus lactis
GCF_017869415.1	ASM1786941v1	2025-04-26	Lactococcus lactis subsp. lactis bv. diacetylactis		Ge001					GCF_017869415.1-RS_2025_04_26	Complete Genome	2021-04-08		1	Lactococcus lactis
GCF_022809755.1	ASM2280975v1	2025-04-17	Lactococcus lactis		SCB469					GCF_022809755.1-RS_2025_04_17	Complete Genome	2022-04-03		5	Lactococcus lactis
GCF_029023865.1	ASM2902386v1	2025-04-15	Lactococcus lactis		DSM 20481					GCF_029023865.1-RS_2025_04_15	Complete Genome	2023-03-08		3	Lactococcus lactis
GCF_016649195.2	ASM1664919v2	2025-04-15	Lactococcus lactis		LB7					GCF_016649195.2-RS_2025_04_15	Complete Genome	2023-02-21		6	Lactococcus lactis
GCF_003722255.1	ASM372225v1	2025-04-15	Lactococcus lactis		IL6288					GCF_003722255.1-RS_2025_04_15	Complete Genome	2018-11-13		1	Lactococcus lactis
GCF_003722275.1	ASM372227v1	2025-04-14	Lactococcus lactis		IL1403					GCF_003722275.1-RS_2025_04_14	Complete Genome	2018-11-13		1	Lactococcus lactis
GCF_002078435.1	ASM207843v1	2025-04-14	Lactococcus lactis subsp. lactis		275					GCF_002078435.1-RS_2025_04_14	Complete Genome	2017-04-04		5	Lactococcus lactis
GCF_029542225.1	ASM2954222v1	2025-04-13	Lactococcus lactis		EP2					GCF_029542225.1-RS_2025_04_13	Complete Genome	2023-04-03		1	Lactococcus lactis
GCF_022670815.1	ASM2267081v1	2025-04-11	Lactococcus lactis		AH1					GCF_022670815.1-RS_2025_04_11	Complete Genome	2022-03-22		9	Lactococcus lactis
GCF_023822185.1	ASM2382218v1	2025-04-11	Lactococcus lactis subsp. lactis		IBB109					GCF_023822185.1-RS_2025_04_11	Complete Genome	2022-06-21		6	Lactococcus lactis
GCF_023822205.1	ASM2382220v1	2025-04-04	Lactococcus lactis subsp. lactis		IBB417					GCF_023822205.1-RS_2025_04_04	Complete Genome	2022-06-21		6	Lactococcus lactis
GCF_029581115.1	ASM2958111v1	2025-04-03	Lactococcus lactis		ZFM559					GCF_029581115.1-RS_2025_04_03	Complete Genome	2023-04-04		4	Lactococcus lactis
GCF_022494905.1	ASM2249490v1	2025-04-03	Lactococcus lactis subsp. lactis		IMAU11823					GCF_022494905.1-RS_2025_04_03	Complete Genome	2022-03-07		4	Lactococcus lactis
GCF_002078855.1	ASM207885v1	2025-04-03	Lactococcus lactis subsp. lactis		UL8					GCF_002078855.1-RS_2025_04_03	Complete Genome	2017-04-04		4	Lactococcus lactis
GCF_028994235.1	ASM2899423v1	2025-03-31	Lactococcus lactis		P-1					GCF_028994235.1-RS_2025_03_31	Complete Genome	2023-03-05		1	Lactococcus lactis
GCF_003176835.1	ASM317683v1	2025-03-28	Lactococcus lactis subsp. lactis		14B4					GCF_003176835.1-RS_2025_03_28	Complete Genome	2018-05-30		2	Lactococcus lactis
GCF_000025045.1	ASM2504v1	2025-03-27	Lactococcus lactis subsp. lactis KF147		KF147					GCF_000025045.1-RS_2025_03_27	Complete Genome	2009-12-18		2	Lactococcus lactis
GCF_002895225.1	ASM289522v1	2025-03-19	Lactococcus lactis subsp. lactis		G50					GCF_002895225.1-RS_2025_03_19	Complete Genome	2018-01-22		1	Lactococcus lactis
GCF_027594765.1	ASM2759476v1	2025-02-20	Lactococcus lactis		VHProbi V60					GCF_027594765.1-RS_2025_02_20	Complete Genome	2023-01-09		4	Lactococcus lactis
GCF_002804185.1	ASM280418v1	2025-02-18	Lactococcus lactis subsp. lactis		F44					GCF_002804185.1-RS_2025_02_18	Complete Genome	2017-12-04		1	Lactococcus lactis
GCF_002804285.1	ASM280428v1	2025-02-18	Lactococcus lactis subsp. lactis		G423					GCF_002804285.1-RS_2025_02_18	Complete Genome	2017-12-04		1	Lactococcus lactis
GCF_016127135.1	ASM1612713v1	2025-02-17	Lactococcus lactis		FDAARGOS_1064					GCF_016127135.1-RS_2025_02_17	Complete Genome	2020-12-20		5	Lactococcus lactis
GCF_002148215.1	ASM214821v1	2025-02-16	Lactococcus lactis subsp. lactis bv. diacetylactis		FM03					GCF_002148215.1-RS_2025_02_16	Complete Genome	2017-05-17		8	Lactococcus lactis
GCF_016028835.1	ASM1602883v1	2025-02-14	Lactococcus lactis		FDAARGOS_865					GCF_016028835.1-RS_2025_02_14	Complete Genome	2020-12-14		2	Lactococcus lactis
GCF_016027975.1	ASM1602797v1	2025-02-14	Lactococcus lactis		FDAARGOS_887					GCF_016027975.1-RS_2025_02_14	Complete Genome	2020-12-14		5	Lactococcus lactis
GCF_016028815.1	ASM1602881v1	2025-02-14	Lactococcus lactis		FDAARGOS_866					GCF_016028815.1-RS_2025_02_14	Complete Genome	2020-12-14		5	Lactococcus lactis
GCF_900088425.1	A12	2025-02-11	Lactococcus lactis subsp. lactis		A12					GCF_900088425.1-RS_2025_02_11	Complete Genome	2016-07-25		5	Lactococcus lactis
GCF_000344575.1	ASM34457v1	2025-02-11	Lactococcus lactis subsp. lactis IO-1		IO-1					GCF_000344575.1-RS_2025_02_11	Complete Genome	2012-02-04		1	Lactococcus lactis
GCF_000807375.1	ASM80737v1	2025-01-31	Lactococcus lactis subsp. lactis		S0			fresh raw milk		GCF_000807375.1-RS_2025_01_31	Complete Genome	2014-12-23		1	Lactococcus lactis
GCF_047041145.1	ASM4704114v1	2025-01-24	Lactococcus lactis		L-WY410					GCF_047041145.1-RS_2025_01_24	Complete Genome	2025-01-25		4	Lactococcus lactis
GCF_001969405.1	ASM196940v1	2025-08-25	Legionella pneumophila		F4469					GCF_001969405.1-RS_2025_08_25	Complete Genome	2017-01-23		1	Legionella pneumophila
GCF_001592705.1	ASM159270v1	2025-08-10	Legionella pneumophila subsp. pneumophila		Toronto-20052					GCF_001592705.1-RS_2025_08_10	Complete Genome	2016-03-15		1	Legionella pneumophila
GCF_040312195.1	LEG1116	2025-06-25	Legionella pneumophila		LEG1116					GCF_040312195.1-RS_2025_06_25	Complete Genome	2024-06-26		1	Legionella pneumophila
GCF_030168615.1	ASM3016861v1	2025-06-05	Legionella pneumophila		D5241					GCF_030168615.1-RS_2025_06_05	Complete Genome	2023-06-05		2	Legionella pneumophila
GCF_030168655.1	ASM3016865v1	2025-06-05	Legionella pneumophila		D5916					GCF_030168655.1-RS_2025_06_05	Complete Genome	2023-06-05		1	Legionella pneumophila
GCF_030168635.1	ASM3016863v1	2025-06-05	Legionella pneumophila		D5573					GCF_030168635.1-RS_2025_06_05	Complete Genome	2023-06-05		2	Legionella pneumophila
GCF_003003555.1	ASM300355v1	2025-06-04	Legionella pneumophila subsp. raphaeli		NY23					GCF_003003555.1-RS_2025_06_04	Complete Genome	2018-03-15		1	Legionella pneumophila
GCF_003004065.1	ASM300406v1	2025-05-11	Legionella pneumophila		D-7708					GCF_003004065.1-RS_2025_05_11	Complete Genome	2018-03-15		1	Legionella pneumophila
GCF_003004275.1	ASM300427v1	2025-05-11	Legionella pneumophila subsp. pneumophila		Flint 2 (D-7477)					GCF_003004275.1-RS_2025_05_11	Complete Genome	2018-03-15		2	Legionella pneumophila
GCF_003004315.1	ASM300431v1	2025-05-11	Legionella pneumophila subsp. pneumophila		Albuquerque 1 (D-7474)					GCF_003004315.1-RS_2025_05_11	Complete Genome	2018-03-15		2	Legionella pneumophila
GCF_003004175.1	ASM300417v1	2025-05-11	Legionella pneumophila subsp. pneumophila		Birmingham 1 (D-7470)					GCF_003004175.1-RS_2025_05_11	Complete Genome	2018-03-15		1	Legionella pneumophila
GCF_003004135.1	ASM300413v1	2025-05-11	Legionella pneumophila subsp. pneumophila		Knoxville 1 (D-7468)					GCF_003004135.1-RS_2025_05_11	Complete Genome	2018-03-15		1	Legionella pneumophila
GCF_003004155.1	ASM300415v1	2025-05-11	Legionella pneumophila subsp. pneumophila		Burlington 1 (D-7841)					GCF_003004155.1-RS_2025_05_11	Complete Genome	2018-03-15		1	Legionella pneumophila
GCF_003003815.1	ASM300381v1	2025-05-11	Legionella pneumophila subsp. pneumophila		Bellingham 1 (D-7473)					GCF_003003815.1-RS_2025_05_11	Complete Genome	2018-03-15		1	Legionella pneumophila
GCF_003004215.1	ASM300421v1	2025-05-11	Legionella pneumophila subsp. fraseri		D-4058					GCF_003004215.1-RS_2025_05_11	Complete Genome	2018-03-15		2	Legionella pneumophila
GCF_003003955.1	ASM300395v1	2025-05-11	Legionella pneumophila subsp. fraseri		D-5744					GCF_003003955.1-RS_2025_05_11	Complete Genome	2018-03-15		1	Legionella pneumophila
GCF_003003675.1	ASM300367v1	2025-05-11	Legionella pneumophila subsp. fraseri		D-5387					GCF_003003675.1-RS_2025_05_11	Complete Genome	2018-03-15		1	Legionella pneumophila
GCF_003004255.1	ASM300425v1	2025-05-11	Legionella pneumophila subsp. fraseri		F-4198					GCF_003004255.1-RS_2025_05_11	Complete Genome	2018-03-15		2	Legionella pneumophila
GCF_003004115.1	ASM300411v1	2025-05-11	Legionella pneumophila subsp. pascullei		U8W (D-7160)					GCF_003004115.1-RS_2025_05_11	Complete Genome	2018-03-15		1	Legionella pneumophila
GCF_022870105.1	ASM2287010v1	2025-04-26	Legionella pneumophila subsp. pneumophila		PartS-Lpneumophila-RM8376					GCF_022870105.1-RS_2025_04_26	Complete Genome	2022-04-11		1	Legionella pneumophila
GCF_000008485.1	ASM848v1	2025-04-23	Legionella pneumophila subsp. pneumophila str. Philadelphia 1		Philadelphia 1					GCF_000008485.1-RS_2025_04_23	Complete Genome	2004-09-29		1	Legionella pneumophila
GCF_900635115.1	34410_A02	2025-04-15	Legionella pneumophila		NCTC12180					GCF_900635115.1-RS_2025_04_15	Complete Genome	2018-12-19		1	Legionella pneumophila
GCF_003003755.1	ASM300375v1	2025-04-15	Legionella pneumophila subsp. fraseri		Los Angeles 1 (D-7696)					GCF_003003755.1-RS_2025_04_15	Complete Genome	2018-03-15		1	Legionella pneumophila
GCF_003003595.1	ASM300359v1	2025-04-15	Legionella pneumophila subsp. fraseri		D-3137					GCF_003003595.1-RS_2025_04_15	Complete Genome	2018-03-15		1	Legionella pneumophila
GCF_000404245.1	ASM40424v1	2025-04-15	Legionella pneumophila subsp. pneumophila str. Thunder Bay		Thunder Bay					GCF_000404245.1-RS_2025_04_15	Complete Genome	2013-06-03		1	Legionella pneumophila
GCF_010669065.1	ASM1066906v1	2025-04-14	Legionella pneumophila		ERS1305867					GCF_010669065.1-RS_2025_04_14	Complete Genome	2020-02-17		2	Legionella pneumophila
GCF_001753105.1	ASM175310v1	2025-04-04	Legionella pneumophila		C10_S					GCF_001753105.1-RS_2025_04_04	Complete Genome	2016-10-06		1	Legionella pneumophila
GCF_001752965.1	ASM175296v1	2025-04-03	Legionella pneumophila		C7_O					GCF_001752965.1-RS_2025_04_03	Complete Genome	2016-10-06		1	Legionella pneumophila
GCF_001752845.1	ASM175284v1	2025-04-02	Legionella pneumophila		C1_S					GCF_001752845.1-RS_2025_04_02	Complete Genome	2016-10-06		1	Legionella pneumophila
GCF_001753385.1	ASM175338v1	2025-04-02	Legionella pneumophila		E8_O					GCF_001753385.1-RS_2025_04_02	Complete Genome	2016-10-06		1	Legionella pneumophila
GCF_001752885.1	ASM175288v1	2025-04-02	Legionella pneumophila		C3_O					GCF_001752885.1-RS_2025_04_02	Complete Genome	2016-10-06		1	Legionella pneumophila
GCF_001752825.1	ASM175282v1	2025-04-02	Legionella pneumophila		Philadelphia_4					GCF_001752825.1-RS_2025_04_02	Complete Genome	2016-10-06		1	Legionella pneumophila
GCF_001752785.1	ASM175278v1	2025-04-02	Legionella pneumophila		Philadelphia_2					GCF_001752785.1-RS_2025_04_02	Complete Genome	2016-10-06		1	Legionella pneumophila
GCF_001753365.1	ASM175336v1	2025-04-02	Legionella pneumophila		E7_O					GCF_001753365.1-RS_2025_04_02	Complete Genome	2016-10-06		1	Legionella pneumophila
GCF_001752925.1	ASM175292v1	2025-04-02	Legionella pneumophila		C5_P					GCF_001752925.1-RS_2025_04_02	Complete Genome	2016-10-06		1	Legionella pneumophila
GCF_001753125.1	ASM175312v1	2025-04-02	Legionella pneumophila		C11_O					GCF_001753125.1-RS_2025_04_02	Complete Genome	2016-10-06		1	Legionella pneumophila
GCF_001752705.1	ASM175270v1	2025-04-02	Legionella pneumophila		E10_P					GCF_001752705.1-RS_2025_04_02	Complete Genome	2016-10-06		1	Legionella pneumophila
GCF_001752905.1	ASM175290v1	2025-04-02	Legionella pneumophila		C4_S					GCF_001752905.1-RS_2025_04_02	Complete Genome	2016-10-06		1	Legionella pneumophila
GCF_001752805.1	ASM175280v1	2025-04-02	Legionella pneumophila		Philadelphia_3					GCF_001752805.1-RS_2025_04_02	Complete Genome	2016-10-06		1	Legionella pneumophila
GCF_001752765.1	ASM175276v1	2025-04-02	Legionella pneumophila		Philadelphia_1_CDC					GCF_001752765.1-RS_2025_04_02	Complete Genome	2016-10-06		1	Legionella pneumophila
GCF_001753345.1	ASM175334v1	2025-04-02	Legionella pneumophila		E6_N					GCF_001753345.1-RS_2025_04_02	Complete Genome	2016-10-06		1	Legionella pneumophila
GCF_001752945.1	ASM175294v1	2025-04-02	Legionella pneumophila		C6_S					GCF_001752945.1-RS_2025_04_02	Complete Genome	2016-10-06		1	Legionella pneumophila
GCF_001752865.1	ASM175286v1	2025-04-02	Legionella pneumophila		C2_S					GCF_001752865.1-RS_2025_04_02	Complete Genome	2016-10-06		1	Legionella pneumophila
GCF_001752725.1	ASM175272v1	2025-04-02	Legionella pneumophila		E11_U					GCF_001752725.1-RS_2025_04_02	Complete Genome	2016-10-06		1	Legionella pneumophila
GCF_001753285.1	ASM175328v1	2025-04-01	Legionella pneumophila		E3_N					GCF_001753285.1-RS_2025_04_01	Complete Genome	2016-10-06		1	Legionella pneumophila
GCF_001752745.1	ASM175274v1	2025-04-01	Legionella pneumophila		Philadelphia_1_ATCC					GCF_001752745.1-RS_2025_04_01	Complete Genome	2016-10-06		1	Legionella pneumophila
GCF_001753305.1	ASM175330v1	2025-04-01	Legionella pneumophila		E4_N					GCF_001753305.1-RS_2025_04_01	Complete Genome	2016-10-06		1	Legionella pneumophila
GCF_001753145.1	ASM175314v1	2025-04-01	Legionella pneumophila		E1_P					GCF_001753145.1-RS_2025_04_01	Complete Genome	2016-10-06		1	Legionella pneumophila
GCF_001753265.1	ASM175326v1	2025-04-01	Legionella pneumophila		E2_N					GCF_001753265.1-RS_2025_04_01	Complete Genome	2016-10-06		2	Legionella pneumophila
GCF_003004295.1	ASM300429v1	2025-04-01	Legionella pneumophila subsp. pneumophila		Allentown 1 (D-7475)					GCF_003004295.1-RS_2025_04_01	Complete Genome	2018-03-15		3	Legionella pneumophila
GCF_023158895.1	ASM2315889v3	2025-09-01	Leptospira interrogans		KR40					GCF_023158895.1-RS_2025_09_01	Complete Genome	2022-06-23		4	Leptospira interrogans
GCF_030931075.1	ASM3093107v1	2025-08-30	Leptospira interrogans		22					GCF_030931075.1-RS_2025_08_30	Complete Genome	2023-08-29		2	Leptospira interrogans
GCF_052161725.1	ASM5216172v1	2025-08-21	Leptospira interrogans		L1					GCF_052161725.1-RS_2025_08_21	Complete Genome	2025-08-22		2	Leptospira interrogans
GCF_052161695.1	ASM5216169v1	2025-08-21	Leptospira interrogans serovar Canicola		L4					GCF_052161695.1-RS_2025_08_21	Complete Genome	2025-08-22		2	Leptospira interrogans
GCF_052161705.1	ASM5216170v1	2025-08-21	Leptospira interrogans serovar Canicola		L2					GCF_052161705.1-RS_2025_08_21	Complete Genome	2025-08-22		2	Leptospira interrogans
GCF_052161715.1	ASM5216171v1	2025-08-21	Leptospira interrogans serovar Canicola		L3					GCF_052161715.1-RS_2025_08_21	Complete Genome	2025-08-22		2	Leptospira interrogans
GCF_052161685.1	ASM5216168v1	2025-08-21	Leptospira interrogans serovar Icterohaemorrhagiae		L7					GCF_052161685.1-RS_2025_08_21	Complete Genome	2025-08-22		2	Leptospira interrogans
GCF_005222565.1	ASM522256v1	2025-07-23	Leptospira interrogans		FMAS_KW1					GCF_005222565.1-RS_2025_07_23	Complete Genome	2019-05-07		3	Leptospira interrogans
GCF_040126025.1	Leptospira interrogans 3-1 3-2	2025-06-12	Leptospira interrogans		23					GCF_040126025.1-RS_2025_06_12	Complete Genome	2024-06-13		2	Leptospira interrogans
GCF_000007685.1	ASM768v1	2025-06-11	Leptospira interrogans serovar Copenhageni str. Fiocruz L1-130		Fiocruz L1-130					GCF_000007685.1-RS_2025_06_11	Complete Genome	2004-03-23		2	Leptospira interrogans
GCF_023515975.1	ASM2351597v1	2025-05-26	Leptospira interrogans		N 116					GCF_023515975.1-RS_2025_05_26	Complete Genome	2022-05-21		5	Leptospira interrogans
GCF_049957005.1	ASM4995700v1	2025-04-29	Leptospira interrogans serovar Canicola		USDA CAL-010					GCF_049957005.1-RS_2025_04_29	Complete Genome	2025-05-13		3	Leptospira interrogans
GCF_049957935.1	ASM4995793v1	2025-04-29	Leptospira interrogans serovar Bataviae		USDA BTL-020					GCF_049957935.1-RS_2025_04_29	Complete Genome	2025-05-13		4	Leptospira interrogans
GCF_049956375.1	ASM4995637v1	2025-04-29	Leptospira interrogans serovar Copenhageni		USDA ICL-020					GCF_049956375.1-RS_2025_04_29	Complete Genome	2025-05-13		2	Leptospira interrogans
GCF_049958765.1	ASM4995876v1	2025-04-29	Leptospira interrogans serovar Australis		USDA ARL-010					GCF_049958765.1-RS_2025_04_29	Complete Genome	2025-05-13		3	Leptospira interrogans
GCF_049956975.1	ASM4995697v1	2025-04-29	Leptospira interrogans serovar Grippotyphosa		USDA GRL-020					GCF_049956975.1-RS_2025_04_29	Complete Genome	2025-05-13		3	Leptospira interrogans
GCF_049953905.1	ASM4995390v1	2025-04-29	Leptospira interrogans serovar Szwajizak		USDA MIL-020					GCF_049953905.1-RS_2025_04_29	Complete Genome	2025-05-13		2	Leptospira interrogans
GCF_049955695.1	ASM4995569v1	2025-04-29	Leptospira interrogans serovar Pyrogenes		USDA PYL-010					GCF_049955695.1-RS_2025_04_29	Complete Genome	2025-05-13		3	Leptospira interrogans
GCF_049958755.1	ASM4995875v1	2025-04-29	Leptospira interrogans serovar Autumnalis		USDA ATL-010					GCF_049958755.1-RS_2025_04_29	Complete Genome	2025-05-13		6	Leptospira interrogans
GCF_049955055.1	ASM4995505v1	2025-04-29	Leptospira interrogans serovar Bratislava		USDA ARL-050					GCF_049955055.1-RS_2025_04_29	Complete Genome	2025-05-13		3	Leptospira interrogans
GCF_049956385.1	ASM4995638v1	2025-04-29	Leptospira interrogans serovar Hardjo-prajitno		USDA SJL-060					GCF_049956385.1-RS_2025_04_29	Complete Genome	2025-05-13		4	Leptospira interrogans
GCF_049955705.1	ASM4995570v1	2025-04-29	Leptospira interrogans serovar Pomona		USDA POL-010					GCF_049955705.1-RS_2025_04_29	Complete Genome	2025-05-13		2	Leptospira interrogans
GCF_049954495.1	ASM4995449v1	2025-04-29	Leptospira interrogans serovar Hebdomadis		USDA HBL-010					GCF_049954495.1-RS_2025_04_29	Complete Genome	2025-05-13		3	Leptospira interrogans
GCF_022559725.1	ASM2255972v1	2025-04-14	Leptospira interrogans		FMAS_KG2					GCF_022559725.1-RS_2025_04_14	Complete Genome	2022-03-14		7	Leptospira interrogans
GCF_022453725.1	ASM2245372v1	2025-04-14	Leptospira interrogans		FMAS_AW3					GCF_022453725.1-RS_2025_04_14	Complete Genome	2022-03-03		5	Leptospira interrogans
GCF_022343785.1	ASM2234378v1	2025-04-14	Leptospira interrogans		FMAS_AP6					GCF_022343785.1-RS_2025_04_14	Complete Genome	2022-02-20		5	Leptospira interrogans
GCF_022488465.1	ASM2248846v1	2025-04-14	Leptospira interrogans		FMAS_PD1					GCF_022488465.1-RS_2025_04_14	Complete Genome	2022-03-06		7	Leptospira interrogans
GCF_022343825.1	ASM2234382v1	2025-04-14	Leptospira interrogans		FMAS_RT2					GCF_022343825.1-RS_2025_04_14	Complete Genome	2022-02-20		5	Leptospira interrogans
GCF_000941035.1	ASM94103v1	2025-04-14	Leptospira interrogans serovar Linhai str. 56609		56609					GCF_000941035.1-RS_2025_04_14	Complete Genome	2015-03-04		5	Leptospira interrogans
GCF_002073495.2	ASM207349v2	2025-04-04	Leptospira interrogans serovar Copenhageni		FDAARGOS_203					GCF_002073495.2-RS_2025_04_04	Complete Genome	2018-03-01		2	Leptospira interrogans
GCF_022453745.1	ASM2245374v1	2025-04-04	Leptospira interrogans		FMAS_KG1					GCF_022453745.1-RS_2025_04_04	Complete Genome	2022-03-03		8	Leptospira interrogans
GCF_021378355.1	ASM2137835v1	2025-04-04	Leptospira interrogans		UI29382					GCF_021378355.1-RS_2025_04_04	Complete Genome	2022-01-06		3	Leptospira interrogans
GCF_008118365.1	ASM811836v1	2025-04-04	Leptospira interrogans serovar Hardjo		L53					GCF_008118365.1-RS_2025_04_04	Complete Genome	2019-08-27		3	Leptospira interrogans
GCF_022488445.1	ASM2248844v1	2025-04-03	Leptospira interrogans		FMAS_AW2					GCF_022488445.1-RS_2025_04_03	Complete Genome	2022-03-06		5	Leptospira interrogans
GCF_014858865.1	ASM1485886v1	2025-04-03	Leptospira interrogans serovar Bataviae		1489					GCF_014858865.1-RS_2025_04_03	Complete Genome	2020-10-07		9	Leptospira interrogans
GCF_014858935.1	ASM1485893v1	2025-04-02	Leptospira interrogans serovar Bataviae		1548					GCF_014858935.1-RS_2025_04_02	Complete Genome	2020-10-07		4	Leptospira interrogans
GCF_005222585.1	ASM522258v1	2025-03-30	Leptospira interrogans		FMAS_KW2					GCF_005222585.1-RS_2025_03_30	Complete Genome	2019-05-07		2	Leptospira interrogans
GCF_022453705.1	ASM2245370v1	2025-03-30	Leptospira interrogans		FMAS_AP1					GCF_022453705.1-RS_2025_03_30	Complete Genome	2022-03-03		4	Leptospira interrogans
GCF_024526695.1	FMAS_PN3	2025-03-28	Leptospira interrogans		FMAS_PN3					GCF_024526695.1-RS_2025_03_28	Complete Genome	2022-03-03		3	Leptospira interrogans
GCF_000231175.1	ASM23117v1	2025-03-27	Leptospira interrogans serovar Lai str. IPAV		IPAV					GCF_000231175.1-RS_2025_03_27	Complete Genome	2011-10-20		2	Leptospira interrogans
GCF_005222625.1	ASM522262v1	2025-03-22	Leptospira interrogans		FMAS_AW1					GCF_005222625.1-RS_2025_03_22	Complete Genome	2019-05-07		4	Leptospira interrogans
GCF_010978155.1	ASM1097815v1	2025-03-14	Leptospira interrogans serovar Copenhageni		SK1					GCF_010978155.1-RS_2025_03_14	Complete Genome	2020-02-24		2	Leptospira interrogans
GCF_001293065.1	ASM129306v1	2025-03-03	Leptospira interrogans serovar Hardjo str. Norma		Norma			Cattle		GCF_001293065.1-RS_2025_03_03	Complete Genome	2015-09-17		2	Leptospira interrogans
GCF_022343805.1	ASM2234380v1	2025-02-07	Leptospira interrogans		FMAS_AP5					GCF_022343805.1-RS_2025_02_07	Complete Genome	2022-02-20		5	Leptospira interrogans
GCF_022343745.1	ASM2234374v1	2025-02-07	Leptospira interrogans		FMAS_PN2					GCF_022343745.1-RS_2025_02_07	Complete Genome	2022-02-20		3	Leptospira interrogans
GCF_022343765.1	ASM2234376v1	2025-02-07	Leptospira interrogans		FMAS_AP7					GCF_022343765.1-RS_2025_02_07	Complete Genome	2022-02-20		4	Leptospira interrogans
GCF_001010765.1	ASM101076v1	2025-02-02	Leptospira interrogans serovar Bratislava		PigK151					GCF_001010765.1-RS_2025_02_02	Complete Genome	2015-05-20		2	Leptospira interrogans
GCF_001047635.1	ASM104763v1	2025-01-24	Leptospira interrogans serovar Manilae		UP-MMC-NIID LP					GCF_001047635.1-RS_2025_01_24	Complete Genome	2015-07-08		3	Leptospira interrogans
GCF_001047655.1	ASM104765v1	2025-01-24	Leptospira interrogans serovar Manilae		UP-MMC-NIID HP					GCF_001047655.1-RS_2025_01_24	Complete Genome	2015-07-08		3	Leptospira interrogans
GCF_002370085.3	ASM237008v3	2025-01-23	Leptospira interrogans		CUDO5					GCF_002370085.3-RS_2025_01_23	Complete Genome	2023-11-01		4	Leptospira interrogans
GCF_024637935.1	ASM2463793v1	2025-08-30	Limosilactobacillus fermentum		VHProbi O48					GCF_024637935.1-RS_2025_08_30	Complete Genome	2022-08-12		1	Limosilactobacillus fermentum
GCF_030845215.1	ASM3084521v1	2025-08-20	Limosilactobacillus fermentum		A51					GCF_030845215.1-RS_2025_08_20	Complete Genome	2023-08-20		1	Limosilactobacillus fermentum
GCF_030770375.1	ASM3077037v1	2025-08-16	Limosilactobacillus fermentum		B-1840					GCF_030770375.1-RS_2025_08_16	Complete Genome	2023-08-17		1	Limosilactobacillus fermentum
GCF_024494505.1	ASM2449450v1	2025-08-11	Limosilactobacillus fermentum		PMC101					GCF_024494505.1-RS_2025_08_11	Complete Genome	2022-07-30		1	Limosilactobacillus fermentum
GCF_030665445.1	ASM3066544v1	2025-08-09	Limosilactobacillus fermentum		FUA033					GCF_030665445.1-RS_2025_08_09	Complete Genome	2023-08-07		1	Limosilactobacillus fermentum
GCF_051628875.1	ASM5162887v1	2025-07-31	Limosilactobacillus fermentum		P91					GCF_051628875.1-RS_2025_07_31	Complete Genome	2025-08-01		1	Limosilactobacillus fermentum
GCF_018866265.1	ASM1886626v1	2025-07-13	Limosilactobacillus fermentum		L1					GCF_018866265.1-RS_2025_07_13	Complete Genome	2021-06-14		2	Limosilactobacillus fermentum
GCF_029223925.1	ASM2922392v1	2025-07-01	Limosilactobacillus fermentum		KUFM408					GCF_029223925.1-RS_2025_07_01	Complete Genome	2023-03-16		1	Limosilactobacillus fermentum
GCF_051094845.1	ASM5109484v1	2025-06-27	Limosilactobacillus fermentum		PV22					GCF_051094845.1-RS_2025_06_27	Complete Genome	2025-06-27		1	Limosilactobacillus fermentum
GCF_051094935.1	ASM5109493v1	2025-06-27	Limosilactobacillus fermentum		XJC60					GCF_051094935.1-RS_2025_06_27	Complete Genome	2025-06-27		1	Limosilactobacillus fermentum
GCF_051045955.1	ASM5104595v1	2025-06-25	Limosilactobacillus fermentum		HF06					GCF_051045955.1-RS_2025_06_25	Complete Genome	2025-06-26		1	Limosilactobacillus fermentum
GCF_018732245.1	ASM1873224v1	2025-06-25	Limosilactobacillus fermentum		9-4					GCF_018732245.1-RS_2025_06_25	Complete Genome	2021-06-07		1	Limosilactobacillus fermentum
GCF_040267735.1	ASM4026773v1	2025-06-23	Limosilactobacillus fermentum		TCI757					GCF_040267735.1-RS_2025_06_23	Complete Genome	2024-06-24		2	Limosilactobacillus fermentum
GCF_030291755.1	ASM3029175v1	2025-06-20	Limosilactobacillus fermentum		RC4					GCF_030291755.1-RS_2025_06_20	Complete Genome	2023-06-20		1	Limosilactobacillus fermentum
GCF_040235315.1	ASM4023531v1	2025-06-19	Limosilactobacillus fermentum		JF9					GCF_040235315.1-RS_2025_06_19	Complete Genome	2024-06-20		1	Limosilactobacillus fermentum
GCF_030290995.1	ASM3029099v1	2025-06-19	Limosilactobacillus fermentum		KUFM407					GCF_030290995.1-RS_2025_06_19	Complete Genome	2023-06-19		2	Limosilactobacillus fermentum
GCF_050847325.1	ASM5084732v1	2025-06-09	Limosilactobacillus fermentum		NSB2					GCF_050847325.1-RS_2025_06_09	Complete Genome	2025-06-09		2	Limosilactobacillus fermentum
GCF_023612195.1	ASM2361219v1	2025-06-04	Limosilactobacillus fermentum		M4					GCF_023612195.1-RS_2025_06_04	Complete Genome	2022-05-31		1	Limosilactobacillus fermentum
GCF_050032855.1	ASM5003285v1	2025-05-01	Limosilactobacillus fermentum		A10					GCF_050032855.1-RS_2025_05_01	Complete Genome	2025-05-13		1	Limosilactobacillus fermentum
GCF_049532745.1	ASM4953274v1	2025-04-13	Limosilactobacillus fermentum		IMAU32646					GCF_049532745.1-RS_2025_04_13	Complete Genome	2025-04-15		1	Limosilactobacillus fermentum
GCF_017134335.1	ASM1713433v1	2025-04-11	Limosilactobacillus fermentum		GR1009					GCF_017134335.1-RS_2025_04_11	Complete Genome	2021-03-02		1	Limosilactobacillus fermentum
GCF_029011825.1	ASM2901182v1	2025-04-11	Limosilactobacillus fermentum		VSI05					GCF_029011825.1-RS_2025_04_11	Complete Genome	2023-03-06		1	Limosilactobacillus fermentum
GCF_029691425.1	ASM2969142v1	2025-04-11	Limosilactobacillus fermentum		MSJK0025					GCF_029691425.1-RS_2025_04_11	Complete Genome	2023-04-12		2	Limosilactobacillus fermentum
GCF_029537335.1	ASM2953733v1	2025-04-10	Limosilactobacillus fermentum		CYLB55					GCF_029537335.1-RS_2025_04_10	Complete Genome	2023-04-02		3	Limosilactobacillus fermentum
GCF_036784755.1	ASM3678475v1	2025-04-07	Limosilactobacillus fermentum		GBJ					GCF_036784755.1-RS_2025_04_07	Complete Genome	2024-04-05		1	Limosilactobacillus fermentum
GCF_016861955.1	ASM1686195v1	2025-04-06	Limosilactobacillus fermentum		ike38					GCF_016861955.1-RS_2025_04_06	Complete Genome	2021-01-15		2	Limosilactobacillus fermentum
GCF_002119645.1	ASM211964v1	2025-04-04	Limosilactobacillus fermentum		FTDC 8312					GCF_002119645.1-RS_2025_04_04	Complete Genome	2017-05-09		1	Limosilactobacillus fermentum
GCF_009676625.1	ASM967662v1	2025-04-04	Limosilactobacillus fermentum		USM 8633					GCF_009676625.1-RS_2025_04_04	Complete Genome	2019-11-20		1	Limosilactobacillus fermentum
GCF_017134375.1	ASM1713437v1	2025-04-04	Limosilactobacillus fermentum		GR1007					GCF_017134375.1-RS_2025_04_04	Complete Genome	2021-03-02		1	Limosilactobacillus fermentum
GCF_017134355.1	ASM1713435v1	2025-04-04	Limosilactobacillus fermentum		GR1008					GCF_017134355.1-RS_2025_04_04	Complete Genome	2021-03-02		1	Limosilactobacillus fermentum
GCF_017068315.1	ASM1706831v1	2025-04-04	Limosilactobacillus fermentum		GR1103					GCF_017068315.1-RS_2025_04_04	Complete Genome	2021-02-28		1	Limosilactobacillus fermentum
GCF_024665195.1	ASM2466519v1	2025-04-04	Limosilactobacillus fermentum		PCC					GCF_024665195.1-RS_2025_04_04	Complete Genome	2022-08-15		1	Limosilactobacillus fermentum
GCF_022819245.1	ASM2281924v1	2025-04-04	Limosilactobacillus fermentum		SCB0035					GCF_022819245.1-RS_2025_04_04	Complete Genome	2022-04-06		1	Limosilactobacillus fermentum
GCF_000466785.3	ASM46678v3	2025-04-04	Limosilactobacillus fermentum 3872		3872					GCF_000466785.3-RS_2025_04_04	Complete Genome	2015-06-17		2	Limosilactobacillus fermentum
GCF_024204625.1	ASM2420462v1	2025-04-03	Limosilactobacillus fermentum		DM075					GCF_024204625.1-RS_2025_04_03	Complete Genome	2022-07-11		1	Limosilactobacillus fermentum
GCF_004063515.1	ASM406351v1	2025-04-03	Limosilactobacillus fermentum		SRCM103285					GCF_004063515.1-RS_2025_04_03	Complete Genome	2019-01-20		1	Limosilactobacillus fermentum
GCF_016617695.1	ASM1661769v1	2025-04-03	Limosilactobacillus fermentum		B44					GCF_016617695.1-RS_2025_04_03	Complete Genome	2021-01-12		1	Limosilactobacillus fermentum
GCF_018884205.1	ASM1888420v1	2025-04-02	Limosilactobacillus fermentum		YLF016					GCF_018884205.1-RS_2025_04_02	Complete Genome	2021-06-15		1	Limosilactobacillus fermentum
GCF_003346795.1	ASM334679v1	2025-04-02	Limosilactobacillus fermentum		LDTM 7301					GCF_003346795.1-RS_2025_04_02	Complete Genome	2018-07-31		1	Limosilactobacillus fermentum
GCF_003255875.1	ASM325587v1	2025-04-02	Limosilactobacillus fermentum		CBA7106					GCF_003255875.1-RS_2025_04_02	Complete Genome	2018-06-18		1	Limosilactobacillus fermentum
GCF_000010145.1	ASM1014v1	2025-04-02	Limosilactobacillus fermentum IFO 3956		IFO 3956					GCF_000010145.1-RS_2025_04_02	Complete Genome	2008-04-21		1	Limosilactobacillus fermentum
GCF_012273035.1	ASM1227303v1	2025-03-30	Limosilactobacillus fermentum		HFD1					GCF_012273035.1-RS_2025_03_30	Complete Genome	2020-04-12		1	Limosilactobacillus fermentum
GCF_028743095.1	ASM2874309v1	2025-03-26	Limosilactobacillus fermentum		B-1840					GCF_028743095.1-RS_2025_03_26	Complete Genome	2023-02-20		1	Limosilactobacillus fermentum
GCF_048833695.1	ASM4883369v1	2025-03-25	Limosilactobacillus fermentum		GR-9					GCF_048833695.1-RS_2025_03_25	Complete Genome	2025-03-26		2	Limosilactobacillus fermentum
GCF_041200135.1	ASM4120013v1	2025-03-23	Limosilactobacillus fermentum		NS2301G2					GCF_041200135.1-RS_2025_03_23	Complete Genome	2024-08-13		1	Limosilactobacillus fermentum
GCF_028463945.1	ASM2846394v1	2025-03-09	Limosilactobacillus fermentum		MWLf-4					GCF_028463945.1-RS_2025_03_09	Complete Genome	2023-02-05		2	Limosilactobacillus fermentum
GCF_002242615.1	ASM224261v1	2025-03-05	Limosilactobacillus fermentum		SK152					GCF_002242615.1-RS_2025_03_05	Complete Genome	2017-08-07		1	Limosilactobacillus fermentum
GCF_001742205.1	ASM174220v1	2025-03-05	Limosilactobacillus fermentum		NCC2970					GCF_001742205.1-RS_2025_03_05	Complete Genome	2016-09-22		1	Limosilactobacillus fermentum
GCF_900205745.1	Lf_IMDO_130101	2025-02-12	Limosilactobacillus fermentum		IMDO 130101					GCF_900205745.1-RS_2025_02_12	Complete Genome	2018-02-16		1	Limosilactobacillus fermentum
GCF_035621415.1	ASM3562141v1	2025-01-14	Limosilactobacillus fermentum		JL-2					GCF_035621415.1-RS_2025_01_14	Complete Genome	2024-01-14		1	Limosilactobacillus fermentum
GCF_024652885.1	ASM2465288v1	2025-08-30	Limosilactobacillus reuteri		FN041					GCF_024652885.1-RS_2025_08_30	Complete Genome	2022-08-14		3	Limosilactobacillus reuteri
GCF_052280555.1	ASM5228055v1	2025-08-28	Limosilactobacillus reuteri		iVE-9					GCF_052280555.1-RS_2025_08_28	Complete Genome	2025-08-29		1	Limosilactobacillus reuteri
GCF_002007085.2	ASM200708v2	2025-08-18	Limosilactobacillus reuteri		MD IIE-43					GCF_002007085.2-RS_2025_08_18	Complete Genome	2023-11-09		3	Limosilactobacillus reuteri
GCF_030721705.1	ASM3072170v1	2025-08-14	Limosilactobacillus reuteri		RE225					GCF_030721705.1-RS_2025_08_14	Complete Genome	2023-08-14		2	Limosilactobacillus reuteri
GCF_051911155.1	ASM5191115v1	2025-08-11	Limosilactobacillus reuteri		sample_A					GCF_051911155.1-RS_2025_08_11	Complete Genome	2025-08-11	JBQAPQ01	2	Limosilactobacillus reuteri
GCF_020023755.1	ASM2002375v1	2025-08-10	Limosilactobacillus reuteri		SD-RD830-FR					GCF_020023755.1-RS_2025_08_10	Complete Genome	2021-09-17		1	Limosilactobacillus reuteri
GCF_030585585.1	ASM3058558v1	2025-08-09	Limosilactobacillus reuteri		NL02					GCF_030585585.1-RS_2025_08_09	Complete Genome	2023-08-02		3	Limosilactobacillus reuteri
GCF_051670475.1	ASM5167047v1	2025-08-01	Limosilactobacillus reuteri		CACC607					GCF_051670475.1-RS_2025_08_01	Complete Genome	2025-08-02		3	Limosilactobacillus reuteri
GCF_030517815.1	ASM3051781v1	2025-07-21	Limosilactobacillus reuteri		03					GCF_030517815.1-RS_2025_07_21	Complete Genome	2023-07-22		2	Limosilactobacillus reuteri
GCF_018884225.1	ASM1888422v1	2025-07-13	Limosilactobacillus reuteri		YLR001					GCF_018884225.1-RS_2025_07_13	Complete Genome	2021-06-15		4	Limosilactobacillus reuteri
GCF_030345055.1	ASM3034505v1	2025-06-25	Limosilactobacillus reuteri		M1					GCF_030345055.1-RS_2025_06_25	Complete Genome	2023-06-26		1	Limosilactobacillus reuteri
GCF_050967595.1	ASM5096759v1	2025-06-18	Limosilactobacillus reuteri		CHF7-2					GCF_050967595.1-RS_2025_06_18	Complete Genome	2025-06-19		3	Limosilactobacillus reuteri
GCF_050920525.1	ASM5092052v1	2025-06-17	Limosilactobacillus reuteri		i 24.1/2					GCF_050920525.1-RS_2025_06_17	Complete Genome	2025-06-17		5	Limosilactobacillus reuteri
GCF_050920515.1	ASM5092051v1	2025-06-17	Limosilactobacillus reuteri		i 24.2/2					GCF_050920515.1-RS_2025_06_17	Complete Genome	2025-06-17		5	Limosilactobacillus reuteri
GCF_050845985.1	ASM5084598v1	2025-06-08	Limosilactobacillus reuteri		HP-B1251					GCF_050845985.1-RS_2025_06_08	Complete Genome	2025-06-08		3	Limosilactobacillus reuteri
GCF_023078415.1	ASM2307841v1	2025-05-14	Limosilactobacillus reuteri		EFEL6901					GCF_023078415.1-RS_2025_05_14	Complete Genome	2022-04-21		1	Limosilactobacillus reuteri
GCF_050320225.1	ASM5032022v1	2025-05-13	Limosilactobacillus reuteri		LM1063					GCF_050320225.1-RS_2025_05_13	Complete Genome	2025-05-14		1	Limosilactobacillus reuteri
GCF_041888795.1	BG-R46	2025-05-11	Limosilactobacillus reuteri subsp. kinnaridis		BG-R46					GCF_041888795.1-RS_2025_05_11	Complete Genome	2024-09-11		3	Limosilactobacillus reuteri
GCF_037414455.1	ASM3741445v1	2025-04-05	Limosilactobacillus reuteri		CUDS0384					GCF_037414455.1-RS_2025_04_05	Complete Genome	2024-04-05		1	Limosilactobacillus reuteri
GCF_034259105.1	ASM3425910v1	2025-03-11	Limosilactobacillus reuteri		IMAUJBR3					GCF_034259105.1-RS_2025_03_11	Complete Genome	2023-12-10		3	Limosilactobacillus reuteri
GCF_001688685.2	ASM168868v2	2025-03-05	Limosilactobacillus reuteri		I49					GCF_001688685.2-RS_2025_03_05	Complete Genome	2017-04-05		1	Limosilactobacillus reuteri
GCF_013487925.1	ASM1348792v1	2025-02-08	Limosilactobacillus reuteri		1B					GCF_013487925.1-RS_2025_02_08	Complete Genome	2020-07-23		2	Limosilactobacillus reuteri
GCF_013694365.1	ASM1369436v1	2025-02-08	Limosilactobacillus reuteri		CNEI-KCA3					GCF_013694365.1-RS_2025_02_08	Complete Genome	2020-07-26		1	Limosilactobacillus reuteri
GCF_003316935.1	ASM331693v1	2025-02-07	Limosilactobacillus reuteri		SKKU-OGDONS-01					GCF_003316935.1-RS_2025_02_07	Complete Genome	2018-07-13		1	Limosilactobacillus reuteri
GCF_003316895.1	ASM331689v1	2025-02-07	Limosilactobacillus reuteri		Byun-re-01					GCF_003316895.1-RS_2025_02_07	Complete Genome	2018-07-13		1	Limosilactobacillus reuteri
GCF_007633215.1	ASM763321v1	2025-02-07	Limosilactobacillus reuteri		LL7					GCF_007633215.1-RS_2025_02_07	Complete Genome	2019-07-30		2	Limosilactobacillus reuteri
GCF_006874665.1	ASM687466v1	2025-02-07	Limosilactobacillus reuteri		YSJL-12					GCF_006874665.1-RS_2025_02_07	Complete Genome	2019-07-11		3	Limosilactobacillus reuteri
GCF_013348825.1	ASM1334882v1	2025-02-07	Limosilactobacillus reuteri		AN417					GCF_013348825.1-RS_2025_02_07	Complete Genome	2020-06-17		5	Limosilactobacillus reuteri
GCF_021228055.1	ASM2122805v1	2025-02-07	Limosilactobacillus reuteri		VHProbi M07					GCF_021228055.1-RS_2025_02_07	Complete Genome	2021-12-18		1	Limosilactobacillus reuteri
GCF_004208615.1	ASM420861v1	2025-02-07	Limosilactobacillus reuteri		ATG-F4					GCF_004208615.1-RS_2025_02_07	Complete Genome	2019-02-17		1	Limosilactobacillus reuteri
GCF_021165875.1	ASM2116587v1	2025-02-07	Limosilactobacillus reuteri		VHProbi E18					GCF_021165875.1-RS_2025_02_07	Complete Genome	2021-12-12		1	Limosilactobacillus reuteri
GCF_015377805.1	ASM1537780v1	2025-02-07	Limosilactobacillus reuteri		TK-F8A					GCF_015377805.1-RS_2025_02_07	Complete Genome	2020-11-12		1	Limosilactobacillus reuteri
GCF_000016825.1	ASM1682v1	2025-02-06	Limosilactobacillus reuteri subsp. reuteri		DSM 20016					GCF_000016825.1-RS_2025_02_06	Complete Genome	2007-06-01		1	Limosilactobacillus reuteri
GCF_047456375.1	ASM4745637v1	2025-02-06	Limosilactobacillus reuteri		ZJ617					GCF_047456375.1-RS_2025_02_06	Complete Genome	2025-02-06		3	Limosilactobacillus reuteri
GCF_001618905.1	ASM161890v1	2025-02-06	Limosilactobacillus reuteri		ZLR003					GCF_001618905.1-RS_2025_02_06	Complete Genome	2016-04-12		1	Limosilactobacillus reuteri
GCF_001046835.1	ASM104683v1	2025-02-05	Limosilactobacillus reuteri		IRT					GCF_001046835.1-RS_2025_02_05	Complete Genome	2015-07-06		1	Limosilactobacillus reuteri
GCF_035928175.1	ASM3592817v1	2025-01-21	Limosilactobacillus reuteri		VHProbi V43					GCF_035928175.1-RS_2025_01_21	Complete Genome	2024-01-22		1	Limosilactobacillus reuteri
GCF_000010005.1	ASM1000v1	2025-01-20	Limosilactobacillus reuteri subsp. reuteri JCM 1112		JCM 1112					GCF_000010005.1-RS_2025_01_20	Complete Genome	2008-04-21		1	Limosilactobacillus reuteri
GCF_021459965.1	ASM2145996v1	2025-01-19	Limosilactobacillus reuteri		M2021619					GCF_021459965.1-RS_2025_01_19	Complete Genome	2022-01-13		1	Limosilactobacillus reuteri
GCF_021398615.1	ASM2139861v1	2025-01-19	Limosilactobacillus reuteri		DS0384					GCF_021398615.1-RS_2025_01_19	Complete Genome	2022-01-10		2	Limosilactobacillus reuteri
GCF_021383585.1	ASM2138358v1	2025-01-18	Limosilactobacillus reuteri		RTR					GCF_021383585.1-RS_2025_01_18	Complete Genome	2022-01-07		1	Limosilactobacillus reuteri
GCF_035200785.1	ASM3520078v1	2025-01-08	Limosilactobacillus reuteri		C501					GCF_035200785.1-RS_2025_01_08	Complete Genome	2024-01-02		3	Limosilactobacillus reuteri
GCF_026183435.1	ASM2618343v1	2024-12-21	Limosilactobacillus reuteri		BRD_L17					GCF_026183435.1-RS_2024_12_21	Complete Genome	2022-11-15		2	Limosilactobacillus reuteri
GCF_020023775.1	ASM2002377v1	2024-11-26	Limosilactobacillus reuteri		SD-LRE2-IT					GCF_020023775.1-RS_2024_11_26	Complete Genome	2021-09-17		1	Limosilactobacillus reuteri
GCF_045037805.1	ASM4503780v1	2024-11-20	Limosilactobacillus reuteri		ZY15					GCF_045037805.1-RS_2024_11_20	Complete Genome	2024-11-25		4	Limosilactobacillus reuteri
GCF_020412465.1	ASM2041246v1	2024-11-20	Limosilactobacillus reuteri		19-E-6					GCF_020412465.1-RS_2024_11_20	Complete Genome	2021-10-11		1	Limosilactobacillus reuteri
GCF_020412485.1	ASM2041248v1	2024-11-20	Limosilactobacillus reuteri		19-E-3					GCF_020412485.1-RS_2024_11_20	Complete Genome	2021-10-11		1	Limosilactobacillus reuteri
GCF_033570435.1	ASM3357043v1	2024-11-18	Limosilactobacillus reuteri		P43					GCF_033570435.1-RS_2024_11_18	Complete Genome	2023-11-13		1	Limosilactobacillus reuteri
GCF_000159455.2	ASM15945v2	2024-11-05	Limosilactobacillus reuteri SD2112		SD2112					GCF_000159455.2-RS_2024_11_05	Complete Genome	2011-06-20		5	Limosilactobacillus reuteri
GCF_025369755.1	ASM2536975v1	2024-10-16	Limosilactobacillus reuteri		AM_LB1					GCF_025369755.1-RS_2024_10_16	Complete Genome	2022-09-22		4	Limosilactobacillus reuteri
GCF_013389395.1	ASM1338939v1	2025-08-27	Listeria monocytogenes		HM00113468					GCF_013389395.1-RS_2025_08_27	Complete Genome	2020-07-05		1	Listeria monocytogenes
GCF_002105635.1	ASM210563v1	2025-08-25	Listeria monocytogenes		CFSAN022990					GCF_002105635.1-RS_2025_08_25	Complete Genome	2017-04-24		2	Listeria monocytogenes
GCF_002105675.1	ASM210567v1	2025-08-25	Listeria monocytogenes		PNUSAL000144					GCF_002105675.1-RS_2025_08_25	Complete Genome	2017-04-24		1	Listeria monocytogenes
GCF_002105655.1	ASM210565v1	2025-08-25	Listeria monocytogenes		MOD1_LS152					GCF_002105655.1-RS_2025_08_25	Complete Genome	2017-04-24		1	Listeria monocytogenes
GCF_002213705.1	ASM221370v1	2025-08-25	Listeria monocytogenes serotype 1/2a str. 98-2035		98-2035					GCF_002213705.1-RS_2025_08_25	Complete Genome	2017-06-30		1	Listeria monocytogenes
GCF_002213685.1	ASM221368v1	2025-08-25	Listeria monocytogenes serotype 1/2a str. 95-0093		95-0093					GCF_002213685.1-RS_2025_08_25	Complete Genome	2017-06-30		1	Listeria monocytogenes
GCF_002213565.1	ASM221356v1	2025-08-25	Listeria monocytogenes serotype 1/2a str. 04-5457		04-5457					GCF_002213565.1-RS_2025_08_25	Complete Genome	2017-06-30		1	Listeria monocytogenes
GCF_002213605.1	ASM221360v1	2025-08-25	Listeria monocytogenes serotype 1/2a str. 08-7374		08-7374					GCF_002213605.1-RS_2025_08_25	Complete Genome	2017-06-30		1	Listeria monocytogenes
GCF_002213545.1	ASM221354v1	2025-08-25	Listeria monocytogenes serotype 1/2a str. 02-5993		02-5993					GCF_002213545.1-RS_2025_08_25	Complete Genome	2017-06-30		1	Listeria monocytogenes
GCF_002213925.1	ASM221392v1	2025-08-25	Listeria monocytogenes serotype 4b str. 02-1289		02-1289					GCF_002213925.1-RS_2025_08_25	Complete Genome	2017-06-30		1	Listeria monocytogenes
GCF_002214005.1	ASM221400v1	2025-08-25	Listeria monocytogenes serotype 4b str. 81-0592		81-0592					GCF_002214005.1-RS_2025_08_25	Complete Genome	2017-06-30		1	Listeria monocytogenes
GCF_002213625.1	ASM221362v1	2025-08-25	Listeria monocytogenes serotype 1/2a str. 08-7669		08-7669					GCF_002213625.1-RS_2025_08_25	Complete Genome	2017-06-30		1	Listeria monocytogenes
GCF_002213805.1	ASM221380v1	2025-08-25	Listeria monocytogenes serotype 1/2a str. 10-4754		10-4754					GCF_002213805.1-RS_2025_08_25	Complete Genome	2017-06-30		1	Listeria monocytogenes
GCF_002213505.1	ASM221350v1	2025-08-25	Listeria monocytogenes serotype 4b str. 02-6679		02-6679					GCF_002213505.1-RS_2025_08_25	Complete Genome	2017-06-30		1	Listeria monocytogenes
GCF_002213965.1	ASM221396v1	2025-08-25	Listeria monocytogenes serotype 4b str. 02-6680		02-6680					GCF_002213965.1-RS_2025_08_25	Complete Genome	2017-06-30		1	Listeria monocytogenes
GCF_024399455.1	ASM2439945v1	2025-08-19	Listeria monocytogenes		FSCNU_000110					GCF_024399455.1-RS_2025_08_19	Complete Genome	2022-07-25		1	Listeria monocytogenes
GCF_018336635.1	ASM1833663v1	2025-08-18	Listeria monocytogenes		C3					GCF_018336635.1-RS_2025_08_18	Complete Genome	2021-05-11		1	Listeria monocytogenes
GCF_051790435.1	ASM5179043v1	2025-08-05	Listeria monocytogenes		BL91/019					GCF_051790435.1-RS_2025_08_05	Complete Genome	2025-08-06		1	Listeria monocytogenes
GCF_051792215.1	ASM5179221v1	2025-08-05	Listeria monocytogenes		BL88/097					GCF_051792215.1-RS_2025_08_05	Complete Genome	2025-08-06		1	Listeria monocytogenes
GCF_051793055.1	ASM5179305v1	2025-08-05	Listeria monocytogenes		BL88/034					GCF_051793055.1-RS_2025_08_05	Complete Genome	2025-08-06		2	Listeria monocytogenes
GCF_051791365.1	ASM5179136v1	2025-08-05	Listeria monocytogenes		BL89/023					GCF_051791365.1-RS_2025_08_05	Complete Genome	2025-08-06		1	Listeria monocytogenes
GCF_051797645.1	ASM5179764v1	2025-08-05	Listeria monocytogenes		BL87/014					GCF_051797645.1-RS_2025_08_05	Complete Genome	2025-08-06		1	Listeria monocytogenes
GCF_051790875.1	ASM5179087v1	2025-08-05	Listeria monocytogenes		BL89/035					GCF_051790875.1-RS_2025_08_05	Complete Genome	2025-08-06		1	Listeria monocytogenes
GCF_051796835.1	ASM5179683v1	2025-08-05	Listeria monocytogenes		BL87/019					GCF_051796835.1-RS_2025_08_05	Complete Genome	2025-08-06		2	Listeria monocytogenes
GCF_051796805.1	ASM5179680v1	2025-08-05	Listeria monocytogenes		BL87/025					GCF_051796805.1-RS_2025_08_05	Complete Genome	2025-08-06		2	Listeria monocytogenes
GCF_051798525.1	ASM5179852v1	2025-08-05	Listeria monocytogenes		07/031					GCF_051798525.1-RS_2025_08_05	Complete Genome	2025-08-06		2	Listeria monocytogenes
GCF_051796035.1	ASM5179603v1	2025-08-05	Listeria monocytogenes		BL87/038					GCF_051796035.1-RS_2025_08_05	Complete Genome	2025-08-06		2	Listeria monocytogenes
GCF_051799045.1	ASM5179904v1	2025-08-05	Listeria monocytogenes		07/036					GCF_051799045.1-RS_2025_08_05	Complete Genome	2025-08-06		1	Listeria monocytogenes
GCF_051792995.1	ASM5179299v1	2025-08-05	Listeria monocytogenes		BL88/071					GCF_051792995.1-RS_2025_08_05	Complete Genome	2025-08-06		1	Listeria monocytogenes
GCF_051792625.1	ASM5179262v1	2025-08-05	Listeria monocytogenes		BL88/081					GCF_051792625.1-RS_2025_08_05	Complete Genome	2025-08-06		1	Listeria monocytogenes
GCF_051792675.1	ASM5179267v1	2025-08-05	Listeria monocytogenes		BL88/072					GCF_051792675.1-RS_2025_08_05	Complete Genome	2025-08-06		1	Listeria monocytogenes
GCF_051795535.1	ASM5179553v1	2025-08-05	Listeria monocytogenes		BL87/056					GCF_051795535.1-RS_2025_08_05	Complete Genome	2025-08-06		1	Listeria monocytogenes
GCF_051797655.1	ASM5179765v1	2025-08-05	Listeria monocytogenes		BL86/012					GCF_051797655.1-RS_2025_08_05	Complete Genome	2025-08-06		1	Listeria monocytogenes
GCF_051790825.1	ASM5179082v1	2025-08-05	Listeria monocytogenes		BL91/018					GCF_051790825.1-RS_2025_08_05	Complete Genome	2025-08-06		1	Listeria monocytogenes
GCF_051792165.1	ASM5179216v1	2025-08-05	Listeria monocytogenes		BL89/006					GCF_051792165.1-RS_2025_08_05	Complete Genome	2025-08-06		1	Listeria monocytogenes
GCF_051789525.1	ASM5178952v1	2025-08-05	Listeria monocytogenes		BL94/005					GCF_051789525.1-RS_2025_08_05	Complete Genome	2025-08-06		1	Listeria monocytogenes
GCF_051795985.1	ASM5179598v1	2025-08-05	Listeria monocytogenes		BL87/039					GCF_051795985.1-RS_2025_08_05	Complete Genome	2025-08-06		1	Listeria monocytogenes
GCF_051796455.1	ASM5179645v1	2025-08-05	Listeria monocytogenes		BL87/035					GCF_051796455.1-RS_2025_08_05	Complete Genome	2025-08-06		1	Listeria monocytogenes
GCF_051790015.1	ASM5179001v1	2025-08-05	Listeria monocytogenes		BL91/024					GCF_051790015.1-RS_2025_08_05	Complete Genome	2025-08-06		2	Listeria monocytogenes
GCF_051798535.1	ASM5179853v1	2025-08-05	Listeria monocytogenes		07/039					GCF_051798535.1-RS_2025_08_05	Complete Genome	2025-08-06		2	Listeria monocytogenes
GCF_051799055.1	ASM5179905v1	2025-08-05	Listeria monocytogenes		07/029					GCF_051799055.1-RS_2025_08_05	Complete Genome	2025-08-06		1	Listeria monocytogenes
GCF_051796445.1	ASM5179644v1	2025-08-05	Listeria monocytogenes		BL87/036					GCF_051796445.1-RS_2025_08_05	Complete Genome	2025-08-06		2	Listeria monocytogenes
GCF_051791395.1	ASM5179139v1	2025-08-05	Listeria monocytogenes		BL89/013					GCF_051791395.1-RS_2025_08_05	Complete Genome	2025-08-06		2	Listeria monocytogenes
GCF_051799475.1	ASM5179947v1	2025-08-05	Listeria monocytogenes		BL87/028-B					GCF_051799475.1-RS_2025_08_05	Complete Genome	2025-08-06		2	Listeria monocytogenes
GCF_051798085.1	ASM5179808v1	2025-08-05	Listeria monocytogenes		BL86/010					GCF_051798085.1-RS_2025_08_05	Complete Genome	2025-08-06		1	Listeria monocytogenes
GCF_051791765.1	ASM5179176v1	2025-08-05	Listeria monocytogenes		BL89/012B					GCF_051791765.1-RS_2025_08_05	Complete Genome	2025-08-06		1	Listeria monocytogenes
GCF_051793885.1	ASM5179388v1	2025-08-05	Listeria monocytogenes		BL88/023-B					GCF_051793885.1-RS_2025_08_05	Complete Genome	2025-08-06		2	Listeria monocytogenes
GCF_051793475.1	ASM5179347v1	2025-08-05	Listeria monocytogenes		BL88/029					GCF_051793475.1-RS_2025_08_05	Complete Genome	2025-08-06		2	Listeria monocytogenes
GCF_051794725.1	ASM5179472v1	2025-08-05	Listeria monocytogenes		BL88/015					GCF_051794725.1-RS_2025_08_05	Complete Genome	2025-08-06		1	Listeria monocytogenes
GCF_051794735.1	ASM5179473v1	2025-08-05	Listeria monocytogenes		BL88/014					GCF_051794735.1-RS_2025_08_05	Complete Genome	2025-08-06		1	Listeria monocytogenes
GCF_019272915.1	ASM1927291v1	2025-08-19	Mammaliicoccus sciuri		WHA07					GCF_019272915.1-RS_2025_08_19	Complete Genome	2021-07-19		3	Mammaliicoccus sciuri
GCF_040409935.1	ASM4040993v1	2025-06-28	Mammaliicoccus sciuri		7061					GCF_040409935.1-RS_2025_06_28	Complete Genome	2024-06-29		1	Mammaliicoccus sciuri
GCF_039790465.1	ASM3979046v1	2025-05-25	Mammaliicoccus sciuri		PC04					GCF_039790465.1-RS_2025_05_25	Complete Genome	2024-05-25		1	Mammaliicoccus sciuri
GCF_023205995.1	ASM2320599v1	2025-05-14	Mammaliicoccus sciuri		82104					GCF_023205995.1-RS_2025_05_14	Complete Genome	2022-05-02		2	Mammaliicoccus sciuri
GCF_049943035.1	ASM4994303v1	2025-04-28	Mammaliicoccus sciuri		PT2983					GCF_049943035.1-RS_2025_04_28	Complete Genome	2025-05-13		1	Mammaliicoccus sciuri
GCF_049943015.1	ASM4994301v1	2025-04-28	Mammaliicoccus sciuri		WT2482					GCF_049943015.1-RS_2025_04_28	Complete Genome	2025-05-13		1	Mammaliicoccus sciuri
GCF_049943025.1	ASM4994302v1	2025-04-28	Mammaliicoccus sciuri		WT1781					GCF_049943025.1-RS_2025_04_28	Complete Genome	2025-05-13		2	Mammaliicoccus sciuri
GCF_049943005.1	ASM4994300v1	2025-04-28	Mammaliicoccus sciuri		PT0981					GCF_049943005.1-RS_2025_04_28	Complete Genome	2025-05-13		1	Mammaliicoccus sciuri
GCF_037849205.1	ASM3784920v1	2025-04-21	Mammaliicoccus sciuri		9VPs_Sm2					GCF_037849205.1-RS_2025_04_21	Complete Genome	2024-04-05		2	Mammaliicoccus sciuri
GCF_017277335.1	ASM1727733v1	2025-04-12	Mammaliicoccus sciuri		SSC-7107					GCF_017277335.1-RS_2025_04_12	Complete Genome	2021-03-07		1	Mammaliicoccus sciuri
GCF_016887545.1	ASM1688754v1	2025-04-12	Mammaliicoccus sciuri		GDQ20D70P					GCF_016887545.1-RS_2025_04_12	Complete Genome	2021-02-14		2	Mammaliicoccus sciuri
GCF_002209165.2	ASM220916v2	2025-04-01	Mammaliicoccus sciuri		FDAARGOS_285					GCF_002209165.2-RS_2025_04_01	Complete Genome	2018-03-02		2	Mammaliicoccus sciuri
GCF_016128315.1	ASM1612831v1	2025-02-17	Mammaliicoccus sciuri		GDK8D55P					GCF_016128315.1-RS_2025_02_17	Complete Genome	2020-12-20		4	Mammaliicoccus sciuri
GCF_016067395.1	ASM1606739v1	2025-02-15	Mammaliicoccus sciuri		GDH8C110P					GCF_016067395.1-RS_2025_02_15	Complete Genome	2020-12-15		2	Mammaliicoccus sciuri
GCF_016067215.1	ASM1606721v1	2025-02-15	Mammaliicoccus sciuri		GDK8D6P					GCF_016067215.1-RS_2025_02_15	Complete Genome	2020-12-15		3	Mammaliicoccus sciuri
GCF_016653675.1	ASM1665367v1	2025-01-29	Mammaliicoccus sciuri		TET2					GCF_016653675.1-RS_2025_01_29	Complete Genome	2021-01-17		1	Mammaliicoccus sciuri
GCF_021460115.1	ASM2146011v1	2025-01-19	Mammaliicoccus sciuri		MIN-176					GCF_021460115.1-RS_2025_01_19	Complete Genome	2022-01-13		1	Mammaliicoccus sciuri
GCF_021460095.1	ASM2146009v1	2025-01-19	Mammaliicoccus sciuri		MIN-177					GCF_021460095.1-RS_2025_01_19	Complete Genome	2022-01-13		1	Mammaliicoccus sciuri
GCF_034042635.1	ASM3404263v1	2025-01-05	Mammaliicoccus sciuri		Dog036					GCF_034042635.1-RS_2025_01_05	Complete Genome	2023-12-01		1	Mammaliicoccus sciuri
GCF_034043355.1	ASM3404335v1	2025-01-05	Mammaliicoccus sciuri		Dog127_S					GCF_034043355.1-RS_2025_01_05	Complete Genome	2023-12-01		2	Mammaliicoccus sciuri
GCF_034026575.1	ASM3402657v1	2025-01-05	Mammaliicoccus sciuri		Dog116					GCF_034026575.1-RS_2025_01_05	Complete Genome	2023-12-01		2	Mammaliicoccus sciuri
GCF_034042715.1	ASM3404271v1	2025-01-05	Mammaliicoccus sciuri		Dog031					GCF_034042715.1-RS_2025_01_05	Complete Genome	2023-12-01		1	Mammaliicoccus sciuri
GCF_034016775.1	ASM3401677v1	2025-01-05	Mammaliicoccus sciuri		Dog013					GCF_034016775.1-RS_2025_01_05	Complete Genome	2023-12-01		4	Mammaliicoccus sciuri
GCF_034043155.1	ASM3404315v1	2025-01-05	Mammaliicoccus sciuri		Dog142					GCF_034043155.1-RS_2025_01_05	Complete Genome	2023-12-01		2	Mammaliicoccus sciuri
GCF_034042735.1	ASM3404273v1	2025-01-05	Mammaliicoccus sciuri		Dog030					GCF_034042735.1-RS_2025_01_05	Complete Genome	2023-12-01		1	Mammaliicoccus sciuri
GCF_034031255.1	ASM3403125v1	2025-01-05	Mammaliicoccus sciuri		Dog108					GCF_034031255.1-RS_2025_01_05	Complete Genome	2023-12-01		1	Mammaliicoccus sciuri
GCF_034017105.1	ASM3401710v1	2025-01-05	Mammaliicoccus sciuri		Dog009_1					GCF_034017105.1-RS_2025_01_05	Complete Genome	2023-12-01		1	Mammaliicoccus sciuri
GCF_034042655.1	ASM3404265v1	2025-01-05	Mammaliicoccus sciuri		Dog035_2					GCF_034042655.1-RS_2025_01_05	Complete Genome	2023-12-01		1	Mammaliicoccus sciuri
GCF_034016455.1	ASM3401645v1	2025-01-05	Mammaliicoccus sciuri		Dog016					GCF_034016455.1-RS_2025_01_05	Complete Genome	2023-12-01		1	Mammaliicoccus sciuri
GCF_034013475.1	ASM3401347v1	2025-01-05	Mammaliicoccus sciuri		Dog024_1					GCF_034013475.1-RS_2025_01_05	Complete Genome	2023-12-01		1	Mammaliicoccus sciuri
GCF_034037795.1	ASM3403779v1	2025-01-05	Mammaliicoccus sciuri		Dog048					GCF_034037795.1-RS_2025_01_05	Complete Genome	2023-12-01		1	Mammaliicoccus sciuri
GCF_034016815.1	ASM3401681v1	2025-01-05	Mammaliicoccus sciuri		Dog011					GCF_034016815.1-RS_2025_01_05	Complete Genome	2023-12-01		1	Mammaliicoccus sciuri
GCF_034016575.1	ASM3401657v1	2025-01-05	Mammaliicoccus sciuri		Dog015					GCF_034016575.1-RS_2025_01_05	Complete Genome	2023-12-01		1	Mammaliicoccus sciuri
GCF_034042755.1	ASM3404275v1	2025-01-05	Mammaliicoccus sciuri		Dog029_2					GCF_034042755.1-RS_2025_01_05	Complete Genome	2023-12-01		2	Mammaliicoccus sciuri
GCF_900474615.1	40295_D02	2024-12-11	Mammaliicoccus sciuri		NCTC12103					GCF_900474615.1-RS_2024_12_11	Complete Genome	2018-06-18		1	Mammaliicoccus sciuri
GCF_044987095.1	ASM4498709v1	2024-11-17	Mammaliicoccus sciuri		MSS74					GCF_044987095.1-RS_2024_11_17	Complete Genome	2024-11-20		1	Mammaliicoccus sciuri
GCF_044790795.1	ASM4479079v1	2024-11-13	Mammaliicoccus sciuri		ABH-485					GCF_044790795.1-RS_2024_11_13	Complete Genome	2024-11-20		1	Mammaliicoccus sciuri
GCF_044794315.1	ASM4479431v1	2024-11-13	Mammaliicoccus sciuri		SLM-188					GCF_044794315.1-RS_2024_11_13	Complete Genome	2024-11-20		1	Mammaliicoccus sciuri
GCF_044795985.1	ASM4479598v1	2024-11-13	Mammaliicoccus sciuri		SLM-171					GCF_044795985.1-RS_2024_11_13	Complete Genome	2024-11-20		1	Mammaliicoccus sciuri
GCF_025561425.1	ASM2556142v1	2024-10-26	Mammaliicoccus sciuri		IVB6216					GCF_025561425.1-RS_2024_10_26	Complete Genome	2022-10-04		1	Mammaliicoccus sciuri
GCF_025561205.1	ASM2556120v1	2024-10-26	Mammaliicoccus sciuri		IVB6225					GCF_025561205.1-RS_2024_10_26	Complete Genome	2022-10-04		1	Mammaliicoccus sciuri
GCF_025561305.1	ASM2556130v1	2024-10-26	Mammaliicoccus sciuri		IVB6223					GCF_025561305.1-RS_2024_10_26	Complete Genome	2022-10-04		1	Mammaliicoccus sciuri
GCF_025561145.1	ASM2556114v1	2024-10-26	Mammaliicoccus sciuri		IVB6229					GCF_025561145.1-RS_2024_10_26	Complete Genome	2022-10-04		1	Mammaliicoccus sciuri
GCF_025561165.1	ASM2556116v1	2024-10-26	Mammaliicoccus sciuri		IVB6228					GCF_025561165.1-RS_2024_10_26	Complete Genome	2022-10-04		1	Mammaliicoccus sciuri
GCF_025561265.1	ASM2556126v1	2024-10-26	Mammaliicoccus sciuri		IVB6224					GCF_025561265.1-RS_2024_10_26	Complete Genome	2022-10-04		1	Mammaliicoccus sciuri
GCF_025561025.1	ASM2556102v1	2024-10-25	Mammaliicoccus sciuri		IVB6255					GCF_025561025.1-RS_2024_10_25	Complete Genome	2022-10-04		1	Mammaliicoccus sciuri
GCF_025561085.1	ASM2556108v1	2024-10-25	Mammaliicoccus sciuri		IVB6230					GCF_025561085.1-RS_2024_10_25	Complete Genome	2022-10-04		1	Mammaliicoccus sciuri
GCF_025561365.1	ASM2556136v1	2024-10-25	Mammaliicoccus sciuri		IVB6217					GCF_025561365.1-RS_2024_10_25	Complete Genome	2022-10-04		1	Mammaliicoccus sciuri
GCF_025561045.1	ASM2556104v1	2024-10-25	Mammaliicoccus sciuri		IVB6231					GCF_025561045.1-RS_2024_10_25	Complete Genome	2022-10-04		1	Mammaliicoccus sciuri
GCF_014217745.1	ASM1421774v1	2024-09-27	Mammaliicoccus sciuri		NWAF26					GCF_014217745.1-RS_2024_09_27	Complete Genome	2020-08-17		4	Mammaliicoccus sciuri
GCF_007974085.1	ASM797408v1	2025-08-25	Mannheimia haemolytica		38599					GCF_007974085.1-RS_2025_08_25	Complete Genome	2019-08-12		1	Mannheimia haemolytica
GCF_030370155.1	ASM3037015v1	2025-06-28	Mannheimia haemolytica		192036					GCF_030370155.1-RS_2025_06_28	Complete Genome	2023-06-28		1	Mannheimia haemolytica
GCF_030370175.1	ASM3037017v1	2025-06-28	Mannheimia haemolytica		191452					GCF_030370175.1-RS_2025_06_28	Complete Genome	2023-06-28		2	Mannheimia haemolytica
GCF_030370115.1	ASM3037011v1	2025-06-28	Mannheimia haemolytica		192916					GCF_030370115.1-RS_2025_06_28	Complete Genome	2023-06-28		2	Mannheimia haemolytica
GCF_030370275.1	ASM3037027v1	2025-06-28	Mannheimia haemolytica		171117					GCF_030370275.1-RS_2025_06_28	Complete Genome	2023-06-28		1	Mannheimia haemolytica
GCF_030370135.1	ASM3037013v1	2025-06-28	Mannheimia haemolytica		192037					GCF_030370135.1-RS_2025_06_28	Complete Genome	2023-06-28		1	Mannheimia haemolytica
GCF_030370255.1	ASM3037025v1	2025-06-28	Mannheimia haemolytica		171555					GCF_030370255.1-RS_2025_06_28	Complete Genome	2023-06-28		1	Mannheimia haemolytica
GCF_030370335.1	ASM3037033v1	2025-06-28	Mannheimia haemolytica		132077					GCF_030370335.1-RS_2025_06_28	Complete Genome	2023-06-28		1	Mannheimia haemolytica
GCF_030370095.1	ASM3037009v1	2025-06-28	Mannheimia haemolytica		192964					GCF_030370095.1-RS_2025_06_28	Complete Genome	2023-06-28		1	Mannheimia haemolytica
GCF_030370315.1	ASM3037031v1	2025-06-28	Mannheimia haemolytica		142101					GCF_030370315.1-RS_2025_06_28	Complete Genome	2023-06-28		1	Mannheimia haemolytica
GCF_030370055.1	ASM3037005v1	2025-06-28	Mannheimia haemolytica		202699					GCF_030370055.1-RS_2025_06_28	Complete Genome	2023-06-28		1	Mannheimia haemolytica
GCF_030370295.1	ASM3037029v1	2025-06-28	Mannheimia haemolytica		171096					GCF_030370295.1-RS_2025_06_28	Complete Genome	2023-06-28		1	Mannheimia haemolytica
GCF_030370355.1	ASM3037035v1	2025-06-28	Mannheimia haemolytica		131633					GCF_030370355.1-RS_2025_06_28	Complete Genome	2023-06-28		1	Mannheimia haemolytica
GCF_030370395.1	ASM3037039v1	2025-06-28	Mannheimia haemolytica		90826					GCF_030370395.1-RS_2025_06_28	Complete Genome	2023-06-28		1	Mannheimia haemolytica
GCF_030370375.1	ASM3037037v1	2025-06-28	Mannheimia haemolytica		120731					GCF_030370375.1-RS_2025_06_28	Complete Genome	2023-06-28		1	Mannheimia haemolytica
GCF_030370215.1	ASM3037021v1	2025-06-28	Mannheimia haemolytica		182812					GCF_030370215.1-RS_2025_06_28	Complete Genome	2023-06-28		1	Mannheimia haemolytica
GCF_030370235.1	ASM3037023v1	2025-06-28	Mannheimia haemolytica		181789					GCF_030370235.1-RS_2025_06_28	Complete Genome	2023-06-28		1	Mannheimia haemolytica
GCF_030370195.1	ASM3037019v1	2025-06-28	Mannheimia haemolytica		182963					GCF_030370195.1-RS_2025_06_28	Complete Genome	2023-06-28		1	Mannheimia haemolytica
GCF_023516275.1	ASM2351627v1	2025-05-26	Mannheimia haemolytica		183					GCF_023516275.1-RS_2025_05_26	Complete Genome	2022-05-22		1	Mannheimia haemolytica
GCF_023516355.1	ASM2351635v1	2025-05-26	Mannheimia haemolytica		P1148					GCF_023516355.1-RS_2025_05_26	Complete Genome	2022-05-22		1	Mannheimia haemolytica
GCF_023516395.1	ASM2351639v1	2025-05-26	Mannheimia haemolytica		B-31					GCF_023516395.1-RS_2025_05_26	Complete Genome	2022-05-22		1	Mannheimia haemolytica
GCF_023516315.1	ASM2351631v1	2025-05-26	Mannheimia haemolytica		NCTC 10636					GCF_023516315.1-RS_2025_05_26	Complete Genome	2022-05-22		1	Mannheimia haemolytica
GCF_023516335.1	ASM2351633v1	2025-05-26	Mannheimia haemolytica		NCTC 9712					GCF_023516335.1-RS_2025_05_26	Complete Genome	2022-05-22		1	Mannheimia haemolytica
GCF_023516375.1	ASM2351637v1	2025-05-26	Mannheimia haemolytica		H-5106					GCF_023516375.1-RS_2025_05_26	Complete Genome	2022-05-22		1	Mannheimia haemolytica
GCF_023516255.1	ASM2351625v1	2025-05-26	Mannheimia haemolytica		184					GCF_023516255.1-RS_2025_05_26	Complete Genome	2022-05-22		1	Mannheimia haemolytica
GCF_039679105.1	ASM3967910v1	2025-05-19	Mannheimia haemolytica		D95					GCF_039679105.1-RS_2025_05_19	Complete Genome	2024-05-20		1	Mannheimia haemolytica
GCF_029916885.1	ASM2991688v1	2025-05-01	Mannheimia haemolytica		190176					GCF_029916885.1-RS_2025_05_01	Complete Genome	2023-05-02		2	Mannheimia haemolytica
GCF_000439735.1	ASM43973v1	2025-04-26	Mannheimia haemolytica USMARC_2286		USMARC_2286					GCF_000439735.1-RS_2025_04_26	Complete Genome	2013-07-24		1	Mannheimia haemolytica
GCF_049819595.1	ASM4981959v1	2025-04-22	Mannheimia haemolytica		CCR3					GCF_049819595.1-RS_2025_04_22	Complete Genome	2025-05-13		1	Mannheimia haemolytica
GCF_049820125.1	ASM4982012v1	2025-04-22	Mannheimia haemolytica		CCR4					GCF_049820125.1-RS_2025_04_22	Complete Genome	2025-05-13		1	Mannheimia haemolytica
GCF_022404915.1	ASM2240491v1	2025-04-14	Mannheimia haemolytica		0746					GCF_022404915.1-RS_2025_04_14	Complete Genome	2022-02-28		1	Mannheimia haemolytica
GCF_022404995.1	ASM2240499v1	2025-04-14	Mannheimia haemolytica		0727					GCF_022404995.1-RS_2025_04_14	Complete Genome	2022-02-28		1	Mannheimia haemolytica
GCF_049544885.1	CCR2_MH6_Flye1	2025-04-14	Mannheimia haemolytica		CCR2					GCF_049544885.1-RS_2025_04_14	Complete Genome	2025-04-15		1	Mannheimia haemolytica
GCF_022405035.1	ASM2240503v1	2025-04-13	Mannheimia haemolytica		0597					GCF_022405035.1-RS_2025_04_13	Complete Genome	2022-02-28		1	Mannheimia haemolytica
GCF_022405015.1	ASM2240501v1	2025-04-13	Mannheimia haemolytica		0722					GCF_022405015.1-RS_2025_04_13	Complete Genome	2022-02-28		1	Mannheimia haemolytica
GCF_022404955.1	ASM2240495v1	2025-04-13	Mannheimia haemolytica		0729					GCF_022404955.1-RS_2025_04_13	Complete Genome	2022-02-28		1	Mannheimia haemolytica
GCF_022404975.1	ASM2240497v1	2025-04-13	Mannheimia haemolytica		0728					GCF_022404975.1-RS_2025_04_13	Complete Genome	2022-02-28		1	Mannheimia haemolytica
GCF_022404895.1	ASM2240489v1	2025-04-13	Mannheimia haemolytica		0760					GCF_022404895.1-RS_2025_04_13	Complete Genome	2022-02-28		1	Mannheimia haemolytica
GCF_022404875.1	ASM2240487v1	2025-04-13	Mannheimia haemolytica		0768					GCF_022404875.1-RS_2025_04_13	Complete Genome	2022-02-28		1	Mannheimia haemolytica
GCF_002285595.1	ASM228559v1	2025-04-09	Mannheimia haemolytica		USDA-ARS-USMARC-187					GCF_002285595.1-RS_2025_04_09	Complete Genome	2017-09-05		1	Mannheimia haemolytica
GCF_002285575.1	ASM228557v1	2025-04-02	Mannheimia haemolytica		USDA-ARS-USMARC-191					GCF_002285575.1-RS_2025_04_02	Complete Genome	2017-09-05		2	Mannheimia haemolytica
GCF_002285615.1	ASM228561v1	2025-04-02	Mannheimia haemolytica		USDA-ARS-USMARC-186					GCF_002285615.1-RS_2025_04_02	Complete Genome	2017-09-05		1	Mannheimia haemolytica
GCF_002285815.1	ASM228581v1	2025-04-02	Mannheimia haemolytica		USDA-ARS-USMARC-193					GCF_002285815.1-RS_2025_04_02	Complete Genome	2017-09-05		1	Mannheimia haemolytica
GCF_000963675.1	ASM96367v1	2025-03-31	Mannheimia haemolytica		89010807N			laboratory, frozen stock		GCF_000963675.1-RS_2025_03_31	Complete Genome	2015-03-26		1	Mannheimia haemolytica
GCF_000349765.2	ASM34976v2	2025-03-14	Mannheimia haemolytica USDA-ARS-USMARC-183		USDA-ARS-USMARC-183					GCF_000349765.2-RS_2025_03_14	Complete Genome	2017-08-30		1	Mannheimia haemolytica
GCF_000349785.2	ASM34978v2	2025-03-14	Mannheimia haemolytica USDA-ARS-USMARC-185		USDA-ARS-USMARC-185					GCF_000349785.2-RS_2025_03_14	Complete Genome	2017-08-30		1	Mannheimia haemolytica
GCF_007981025.1	ASM798102v1	2025-03-07	Mannheimia haemolytica		1471					GCF_007981025.1-RS_2025_03_07	Complete Genome	2019-08-12		1	Mannheimia haemolytica
GCF_007980905.1	ASM798090v1	2025-03-07	Mannheimia haemolytica		1503					GCF_007980905.1-RS_2025_03_07	Complete Genome	2019-08-12		1	Mannheimia haemolytica
GCF_007965355.1	ASM796535v1	2025-03-07	Mannheimia haemolytica		1319					GCF_007965355.1-RS_2025_03_07	Complete Genome	2019-08-12		1	Mannheimia haemolytica
GCF_007964685.1	ASM796468v1	2025-03-07	Mannheimia haemolytica		1373					GCF_007964685.1-RS_2025_03_07	Complete Genome	2019-08-12		1	Mannheimia haemolytica
GCF_051626425.1	ASM5162642v1	2025-07-31	Mediterraneibacter gnavus		M8243_3A11_TMS_2014					GCF_051626425.1-RS_2025_07_31	Complete Genome	2025-08-01		1	Mediterraneibacter gnavus
GCF_026278305.1	ASM2627830v1	2025-02-28	Mediterraneibacter gnavus		JCM6515					GCF_026278305.1-RS_2025_02_28	Complete Genome	2022-11-22		1	Mediterraneibacter gnavus
GCF_026278325.1	ASM2627832v1	2025-02-28	Mediterraneibacter gnavus		JCM6515					GCF_026278325.1-RS_2025_02_28	Complete Genome	2022-11-22		1	Mediterraneibacter gnavus
GCF_025152275.1	ASM2515227v1	2025-02-28	Mediterraneibacter gnavus ATCC 29149		ATCC 29149					GCF_025152275.1-RS_2025_02_28	Complete Genome	2022-09-12		1	Mediterraneibacter gnavus
GCF_020181455.1	ASM2018145v1	2025-02-28	Mediterraneibacter gnavus		NBRC 114413					GCF_020181455.1-RS_2025_02_28	Complete Genome	2021-09-30		2	Mediterraneibacter gnavus
GCF_016904015.1	ASM1690401v1	2025-02-28	Mediterraneibacter gnavus		FDAARGOS_1342					GCF_016904015.1-RS_2025_02_28	Complete Genome	2021-02-17		1	Mediterraneibacter gnavus
GCF_030167985.1	ASM3016798v1	2025-02-28	Mediterraneibacter gnavus		CC55_001C					GCF_030167985.1-RS_2025_02_28	Complete Genome	2023-06-05		1	Mediterraneibacter gnavus
GCF_008121495.1	ASM812149v1	2025-02-27	Mediterraneibacter gnavus ATCC 29149		JCM6515					GCF_008121495.1-RS_2025_02_27	Complete Genome	2019-08-28		1	Mediterraneibacter gnavus
GCF_046603815.1	ASM4660381v1	2025-01-13	Mediterraneibacter gnavus		SFAD61					GCF_046603815.1-RS_2025_01_13	Complete Genome	2025-01-13		1	Mediterraneibacter gnavus
GCF_009831375.1	ASM983137v1	2024-12-13	Mediterraneibacter gnavus ATCC 29149		ATCC 29149					GCF_009831375.1-RS_2024_12_13	Complete Genome	2020-01-06		1	Mediterraneibacter gnavus
GCF_042847305.1	ASM4284730v1	2024-10-11	Mediterraneibacter gnavus		k31-0107-B6					GCF_042847305.1-RS_2024_10_11	Complete Genome	2024-10-13		1	Mediterraneibacter gnavus
GCF_042850355.1	ASM4285035v1	2024-10-11	Mediterraneibacter gnavus		k30-0107-B2					GCF_042850355.1-RS_2024_10_11	Complete Genome	2024-10-13		1	Mediterraneibacter gnavus
GCF_964272205.1	LUMC_Rgna_QRD011	2024-10-04	Mediterraneibacter gnavus					LUMC_Rgna_QRD011		GCF_964272205.1-RS_2024_10_04	Complete Genome	2024-10-11		2	Mediterraneibacter gnavus
GCF_964272135.1	LUMC_Rgna_QRD027	2024-10-04	Mediterraneibacter gnavus					LUMC_Rgna_QRD027		GCF_964272135.1-RS_2024_10_04	Complete Genome	2024-10-11		1	Mediterraneibacter gnavus
GCF_964272285.1	LUMC_Rgna_QRD029	2024-10-04	Mediterraneibacter gnavus					LUMC_Rgna_QRD029		GCF_964272285.1-RS_2024_10_04	Complete Genome	2024-10-11		1	Mediterraneibacter gnavus
GCF_964272275.1	LUMC_Rgna_QRD031	2024-10-04	Mediterraneibacter gnavus					LUMC_Rgna_QRD031		GCF_964272275.1-RS_2024_10_04	Complete Genome	2024-10-11		1	Mediterraneibacter gnavus
GCF_964272215.1	LUMC_Rgna_QRD018	2024-10-04	Mediterraneibacter gnavus					LUMC_Rgna_QRD018		GCF_964272215.1-RS_2024_10_04	Complete Genome	2024-10-11		1	Mediterraneibacter gnavus
GCF_964272325.1	LUMC_Rgna_QRD017	2024-10-04	Mediterraneibacter gnavus					LUMC_Rgna_QRD017		GCF_964272325.1-RS_2024_10_04	Complete Genome	2024-10-11		1	Mediterraneibacter gnavus
GCF_964272005.1	LUMC_Rgna_QRD009	2024-10-04	Mediterraneibacter gnavus					LUMC_Rgna_QRD009		GCF_964272005.1-RS_2024_10_04	Complete Genome	2024-10-11		2	Mediterraneibacter gnavus
GCF_964271905.1	LUMC_Rgna_QRD036	2024-10-04	Mediterraneibacter gnavus					LUMC_Rgna_QRD036		GCF_964271905.1-RS_2024_10_04	Complete Genome	2024-10-11		1	Mediterraneibacter gnavus
GCF_964272225.1	LUMC_Rgna_QRD023	2024-10-04	Mediterraneibacter gnavus					LUMC_Rgna_QRD023		GCF_964272225.1-RS_2024_10_04	Complete Genome	2024-10-11		1	Mediterraneibacter gnavus
GCF_964272055.1	LUMC_Rgna_QRD003	2024-10-04	Mediterraneibacter gnavus					LUMC_Rgna_QRD003		GCF_964272055.1-RS_2024_10_04	Complete Genome	2024-10-11		1	Mediterraneibacter gnavus
GCF_964271945.1	LUMC_Rgna_QRD039	2024-10-04	Mediterraneibacter gnavus					LUMC_Rgna_QRD039		GCF_964271945.1-RS_2024_10_04	Complete Genome	2024-10-11		1	Mediterraneibacter gnavus
GCF_964272315.1	LUMC_Rgna_QRD004	2024-10-04	Mediterraneibacter gnavus					LUMC_Rgna_QRD004		GCF_964272315.1-RS_2024_10_04	Complete Genome	2024-10-11		1	Mediterraneibacter gnavus
GCF_964272015.1	LUMC_Rgna_QRD014	2024-10-04	Mediterraneibacter gnavus					LUMC_Rgna_QRD014		GCF_964272015.1-RS_2024_10_04	Complete Genome	2024-10-11		1	Mediterraneibacter gnavus
GCF_964271955.1	LUMC_Rgna_QRD007	2024-10-04	Mediterraneibacter gnavus					LUMC_Rgna_QRD007		GCF_964271955.1-RS_2024_10_04	Complete Genome	2024-10-11		1	Mediterraneibacter gnavus
GCF_964272085.1	LUMC_Rgna_QRD010	2024-10-04	Mediterraneibacter gnavus					LUMC_Rgna_QRD010		GCF_964272085.1-RS_2024_10_04	Complete Genome	2024-10-11		2	Mediterraneibacter gnavus
GCF_964272265.1	LUMC_Rgna_QRD006	2024-10-04	Mediterraneibacter gnavus					LUMC_Rgna_QRD006		GCF_964272265.1-RS_2024_10_04	Complete Genome	2024-10-11		2	Mediterraneibacter gnavus
GCF_964271995.1	LUMC_Rgna_QRD012	2024-10-04	Mediterraneibacter gnavus					LUMC_Rgna_QRD012		GCF_964271995.1-RS_2024_10_04	Complete Genome	2024-10-11		1	Mediterraneibacter gnavus
GCF_964272175.1	LUMC_Rgna_QRD002	2024-10-04	Mediterraneibacter gnavus					LUMC_Rgna_QRD002		GCF_964272175.1-RS_2024_10_04	Complete Genome	2024-10-11		1	Mediterraneibacter gnavus
GCF_964271965.1	LUMC_Rgna_QRD016	2024-10-04	Mediterraneibacter gnavus					LUMC_Rgna_QRD016		GCF_964271965.1-RS_2024_10_04	Complete Genome	2024-10-11		1	Mediterraneibacter gnavus
GCF_964271985.1	LUMC_Rgna_QRD020	2024-10-04	Mediterraneibacter gnavus					LUMC_Rgna_QRD020		GCF_964271985.1-RS_2024_10_04	Complete Genome	2024-10-11		1	Mediterraneibacter gnavus
GCF_964272115.1	LUMC_Rgna_QRD021	2024-10-04	Mediterraneibacter gnavus					LUMC_Rgna_QRD021		GCF_964272115.1-RS_2024_10_04	Complete Genome	2024-10-11		1	Mediterraneibacter gnavus
GCF_964272165.1	LUMC_Rgna_QRD030	2024-10-04	Mediterraneibacter gnavus					LUMC_Rgna_QRD030		GCF_964272165.1-RS_2024_10_04	Complete Genome	2024-10-11		1	Mediterraneibacter gnavus
GCF_964271935.1	LUMC_Rgna_QRD022	2024-10-04	Mediterraneibacter gnavus					LUMC_Rgna_QRD022		GCF_964271935.1-RS_2024_10_04	Complete Genome	2024-10-11		2	Mediterraneibacter gnavus
GCF_964271915.1	LUMC_Rgna_QRD028	2024-10-04	Mediterraneibacter gnavus					LUMC_Rgna_QRD028		GCF_964271915.1-RS_2024_10_04	Complete Genome	2024-10-11		1	Mediterraneibacter gnavus
GCF_964272025.1	LUMC_Rgna_QRD035	2024-10-04	Mediterraneibacter gnavus					LUMC_Rgna_QRD035		GCF_964272025.1-RS_2024_10_04	Complete Genome	2024-10-11		2	Mediterraneibacter gnavus
GCF_964271975.1	LUMC_Rgna_QRD015	2024-10-04	Mediterraneibacter gnavus					LUMC_Rgna_QRD015		GCF_964271975.1-RS_2024_10_04	Complete Genome	2024-10-11		1	Mediterraneibacter gnavus
GCF_964272105.1	LUMC_Rgna_QRD038	2024-10-04	Mediterraneibacter gnavus					LUMC_Rgna_QRD038		GCF_964272105.1-RS_2024_10_04	Complete Genome	2024-10-11		1	Mediterraneibacter gnavus
GCF_964272255.1	LUMC_Rgna_QRD019	2024-10-04	Mediterraneibacter gnavus					LUMC_Rgna_QRD019		GCF_964272255.1-RS_2024_10_04	Complete Genome	2024-10-11		1	Mediterraneibacter gnavus
GCF_964272145.1	LUMC_Rgna_QRD025	2024-10-04	Mediterraneibacter gnavus					LUMC_Rgna_QRD025		GCF_964272145.1-RS_2024_10_04	Complete Genome	2024-10-11		1	Mediterraneibacter gnavus
GCF_964271925.1	LUMC_Rgna_QRD034	2024-10-04	Mediterraneibacter gnavus					LUMC_Rgna_QRD034		GCF_964271925.1-RS_2024_10_04	Complete Genome	2024-10-11		1	Mediterraneibacter gnavus
GCF_964272305.1	LUMC_Rgna_QRD032	2024-10-04	Mediterraneibacter gnavus					LUMC_Rgna_QRD032		GCF_964272305.1-RS_2024_10_04	Complete Genome	2024-10-11		1	Mediterraneibacter gnavus
GCF_964272045.1	LUMC_Rgna_QRD045	2024-10-04	Mediterraneibacter gnavus					LUMC_Rgna_QRD045		GCF_964272045.1-RS_2024_10_04	Complete Genome	2024-10-11		1	Mediterraneibacter gnavus
GCF_964272245.1	LUMC_Rgna_QRD041	2024-10-04	Mediterraneibacter gnavus					LUMC_Rgna_QRD041		GCF_964272245.1-RS_2024_10_04	Complete Genome	2024-10-11		1	Mediterraneibacter gnavus
GCF_964272035.1	LUMC_Rgna_QRD037	2024-10-04	Mediterraneibacter gnavus					LUMC_Rgna_QRD037		GCF_964272035.1-RS_2024_10_04	Complete Genome	2024-10-11		2	Mediterraneibacter gnavus
GCF_964272075.1	LUMC_Rgna_QRD040	2024-10-04	Mediterraneibacter gnavus					LUMC_Rgna_QRD040		GCF_964272075.1-RS_2024_10_04	Complete Genome	2024-10-11		1	Mediterraneibacter gnavus
GCF_964272155.1	LUMC_Rgna_QRD044	2024-10-04	Mediterraneibacter gnavus					LUMC_Rgna_QRD044		GCF_964272155.1-RS_2024_10_04	Complete Genome	2024-10-11		1	Mediterraneibacter gnavus
GCF_964272295.1	LUMC_Rgna_QRD043	2024-10-04	Mediterraneibacter gnavus					LUMC_Rgna_QRD043		GCF_964272295.1-RS_2024_10_04	Complete Genome	2024-10-11		1	Mediterraneibacter gnavus
GCF_964271885.1	LUMC_Rgna_QRD001	2024-10-04	Mediterraneibacter gnavus					LUMC_Rgna_QRD001		GCF_964271885.1-RS_2024_10_04	Complete Genome	2024-10-11		1	Mediterraneibacter gnavus
GCF_038095785.1	ASM3809578v1	2025-04-30	Mesomycoplasma ovipneumoniae		OARF2_128					GCF_038095785.1-RS_2025_04_30	Complete Genome	2024-04-15		1	Mesomycoplasma ovipneumoniae
GCF_038095815.1	ASM3809581v1	2025-04-30	Mesomycoplasma ovipneumoniae		OARF3_010					GCF_038095815.1-RS_2025_04_30	Complete Genome	2024-04-15		1	Mesomycoplasma ovipneumoniae
GCF_038095995.1	ASM3809599v1	2025-04-30	Mesomycoplasma ovipneumoniae		OCALR_180784SP4					GCF_038095995.1-RS_2025_04_30	Complete Genome	2024-04-16		1	Mesomycoplasma ovipneumoniae
GCF_038095765.1	ASM3809576v1	2025-04-30	Mesomycoplasma ovipneumoniae		OARF2_117					GCF_038095765.1-RS_2025_04_30	Complete Genome	2024-04-15		1	Mesomycoplasma ovipneumoniae
GCF_038095865.1	ASM3809586v1	2025-04-30	Mesomycoplasma ovipneumoniae		OARF3_021					GCF_038095865.1-RS_2025_04_30	Complete Genome	2024-04-15		1	Mesomycoplasma ovipneumoniae
GCF_038095925.1	ASM3809592v1	2025-04-30	Mesomycoplasma ovipneumoniae		OARF4_W2044					GCF_038095925.1-RS_2025_04_30	Complete Genome	2024-04-15		1	Mesomycoplasma ovipneumoniae
GCF_038095935.1	ASM3809593v1	2025-04-30	Mesomycoplasma ovipneumoniae		OCAAI_16493					GCF_038095935.1-RS_2025_04_30	Complete Genome	2024-04-16		1	Mesomycoplasma ovipneumoniae
GCF_038095705.1	ASM3809570v1	2025-04-30	Mesomycoplasma ovipneumoniae		OARF1_095					GCF_038095705.1-RS_2025_04_30	Complete Genome	2024-04-15		1	Mesomycoplasma ovipneumoniae
GCF_038095755.1	ASM3809575v1	2025-04-30	Mesomycoplasma ovipneumoniae		OARF1_110					GCF_038095755.1-RS_2025_04_30	Complete Genome	2024-04-15		1	Mesomycoplasma ovipneumoniae
GCF_038095695.1	ASM3809569v1	2025-04-30	Mesomycoplasma ovipneumoniae		OARF1_094					GCF_038095695.1-RS_2025_04_30	Complete Genome	2024-04-15		1	Mesomycoplasma ovipneumoniae
GCF_038095835.1	ASM3809583v1	2025-04-30	Mesomycoplasma ovipneumoniae		OARF3_014					GCF_038095835.1-RS_2025_04_30	Complete Genome	2024-04-15		1	Mesomycoplasma ovipneumoniae
GCF_038095725.1	ASM3809572v1	2025-04-30	Mesomycoplasma ovipneumoniae		OARF1_102					GCF_038095725.1-RS_2025_04_30	Complete Genome	2024-04-15		1	Mesomycoplasma ovipneumoniae
GCF_038095745.1	ASM3809574v1	2025-04-30	Mesomycoplasma ovipneumoniae		OARF1_105					GCF_038095745.1-RS_2025_04_30	Complete Genome	2024-04-15		1	Mesomycoplasma ovipneumoniae
GCF_038095915.1	ASM3809591v1	2025-04-30	Mesomycoplasma ovipneumoniae		OARF3_065					GCF_038095915.1-RS_2025_04_30	Complete Genome	2024-04-15		1	Mesomycoplasma ovipneumoniae
GCF_038095975.1	ASM3809597v1	2025-04-30	Mesomycoplasma ovipneumoniae		OCALO_20LO68					GCF_038095975.1-RS_2025_04_30	Complete Genome	2024-04-16		1	Mesomycoplasma ovipneumoniae
GCF_038095885.1	ASM3809588v1	2025-04-30	Mesomycoplasma ovipneumoniae		OARF3_023					GCF_038095885.1-RS_2025_04_30	Complete Genome	2024-04-15		1	Mesomycoplasma ovipneumoniae
GCF_038095685.1	ASM3809568v1	2025-04-30	Mesomycoplasma ovipneumoniae		OARF1_091					GCF_038095685.1-RS_2025_04_30	Complete Genome	2024-04-15		1	Mesomycoplasma ovipneumoniae
GCF_038095675.1	ASM3809567v1	2025-04-30	Mesomycoplasma ovipneumoniae		OARF1_082					GCF_038095675.1-RS_2025_04_30	Complete Genome	2024-04-15		1	Mesomycoplasma ovipneumoniae
GCF_038095715.1	ASM3809571v1	2025-04-30	Mesomycoplasma ovipneumoniae		OARF1_101					GCF_038095715.1-RS_2025_04_30	Complete Genome	2024-04-15		1	Mesomycoplasma ovipneumoniae
GCF_038095635.1	ASM3809563v1	2025-04-30	Mesomycoplasma ovipneumoniae		CHIF6_MARM					GCF_038095635.1-RS_2025_04_30	Complete Genome	2024-04-15		1	Mesomycoplasma ovipneumoniae
GCF_038095955.1	ASM3809595v1	2025-04-30	Mesomycoplasma ovipneumoniae		OCAFR_370127					GCF_038095955.1-RS_2025_04_30	Complete Genome	2024-04-16		1	Mesomycoplasma ovipneumoniae
GCF_038095775.1	ASM3809577v1	2025-04-30	Mesomycoplasma ovipneumoniae		OARF2_122					GCF_038095775.1-RS_2025_04_30	Complete Genome	2024-04-15		1	Mesomycoplasma ovipneumoniae
GCF_038095615.1	ASM3809561v1	2025-04-30	Mesomycoplasma ovipneumoniae		CHIAS_Crony					GCF_038095615.1-RS_2025_04_30	Complete Genome	2024-04-15		1	Mesomycoplasma ovipneumoniae
GCF_038095625.1	ASM3809562v1	2025-04-30	Mesomycoplasma ovipneumoniae		CHIF5_ANC4221					GCF_038095625.1-RS_2025_04_30	Complete Genome	2024-04-15		1	Mesomycoplasma ovipneumoniae
GCF_038095845.1	ASM3809584v1	2025-04-30	Mesomycoplasma ovipneumoniae		OARF3_018					GCF_038095845.1-RS_2025_04_30	Complete Genome	2024-04-15		1	Mesomycoplasma ovipneumoniae
GCF_038095645.1	ASM3809564v1	2025-04-30	Mesomycoplasma ovipneumoniae		CHIF7_DAIS					GCF_038095645.1-RS_2025_04_30	Complete Genome	2024-04-15		1	Mesomycoplasma ovipneumoniae
GCF_038095825.1	ASM3809582v1	2025-04-30	Mesomycoplasma ovipneumoniae		OARF3_011					GCF_038095825.1-RS_2025_04_30	Complete Genome	2024-04-15		1	Mesomycoplasma ovipneumoniae
GCF_038095795.1	ASM3809579v1	2025-04-30	Mesomycoplasma ovipneumoniae		OARF3_004					GCF_038095795.1-RS_2025_04_30	Complete Genome	2024-04-15		1	Mesomycoplasma ovipneumoniae
GCF_038095855.1	ASM3809585v1	2025-04-30	Mesomycoplasma ovipneumoniae		OARF3_020					GCF_038095855.1-RS_2025_04_30	Complete Genome	2024-04-15		1	Mesomycoplasma ovipneumoniae
GCF_038096035.1	ASM3809603v1	2025-04-30	Mesomycoplasma ovipneumoniae		OCARG_41					GCF_038096035.1-RS_2025_04_30	Complete Genome	2024-04-16		1	Mesomycoplasma ovipneumoniae
GCF_038095805.1	ASM3809580v1	2025-04-30	Mesomycoplasma ovipneumoniae		OARF3_009					GCF_038095805.1-RS_2025_04_30	Complete Genome	2024-04-15		1	Mesomycoplasma ovipneumoniae
GCF_038096015.1	ASM3809601v1	2025-04-30	Mesomycoplasma ovipneumoniae		OCARG_27					GCF_038096015.1-RS_2025_04_30	Complete Genome	2024-04-16		1	Mesomycoplasma ovipneumoniae
GCF_038096025.1	ASM3809602v1	2025-04-30	Mesomycoplasma ovipneumoniae		OCARG_36					GCF_038096025.1-RS_2025_04_30	Complete Genome	2024-04-16		1	Mesomycoplasma ovipneumoniae
GCF_038095735.1	ASM3809573v1	2025-04-30	Mesomycoplasma ovipneumoniae		OARF1_104					GCF_038095735.1-RS_2025_04_30	Complete Genome	2024-04-15		1	Mesomycoplasma ovipneumoniae
GCF_038096005.1	ASM3809600v1	2025-04-30	Mesomycoplasma ovipneumoniae		OCARG_26					GCF_038096005.1-RS_2025_04_30	Complete Genome	2024-04-16		1	Mesomycoplasma ovipneumoniae
GCF_038095895.1	ASM3809589v1	2025-04-30	Mesomycoplasma ovipneumoniae		OARF3_026					GCF_038095895.1-RS_2025_04_30	Complete Genome	2024-04-15		1	Mesomycoplasma ovipneumoniae
GCF_038095875.1	ASM3809587v1	2025-04-30	Mesomycoplasma ovipneumoniae		OARF3_022					GCF_038095875.1-RS_2025_04_30	Complete Genome	2024-04-15		1	Mesomycoplasma ovipneumoniae
GCF_038096055.1	ASM3809605v1	2025-04-30	Mesomycoplasma ovipneumoniae		OCAWY_21255					GCF_038096055.1-RS_2025_04_30	Complete Genome	2024-04-16		1	Mesomycoplasma ovipneumoniae
GCF_038095905.1	ASM3809590v1	2025-04-30	Mesomycoplasma ovipneumoniae		OARF3_062					GCF_038095905.1-RS_2025_04_30	Complete Genome	2024-04-15		1	Mesomycoplasma ovipneumoniae
GCF_038095945.1	ASM3809594v1	2025-04-30	Mesomycoplasma ovipneumoniae		OCABB_370144					GCF_038095945.1-RS_2025_04_30	Complete Genome	2024-04-16		1	Mesomycoplasma ovipneumoniae
GCF_038095965.1	ASM3809596v1	2025-04-30	Mesomycoplasma ovipneumoniae		OCAHG_370153					GCF_038095965.1-RS_2025_04_30	Complete Genome	2024-04-16		1	Mesomycoplasma ovipneumoniae
GCF_038095665.1	ASM3809566v1	2025-04-30	Mesomycoplasma ovipneumoniae		OARF1_080					GCF_038095665.1-RS_2025_04_30	Complete Genome	2024-04-15		1	Mesomycoplasma ovipneumoniae
GCF_032088955.1	ASM3208895v1	2025-03-22	Mesomycoplasma ovipneumoniae		MoS3261N22A					GCF_032088955.1-RS_2025_03_22	Complete Genome	2023-09-27		1	Mesomycoplasma ovipneumoniae
GCF_024758585.1	ASM2475858v1	2025-03-22	Mesomycoplasma ovipneumoniae		150					GCF_024758585.1-RS_2025_03_22	Complete Genome	2022-08-29		1	Mesomycoplasma ovipneumoniae
GCF_032080685.1	ASM3208068v1	2025-03-22	Mesomycoplasma ovipneumoniae		MoG2059N20A					GCF_032080685.1-RS_2025_03_22	Complete Genome	2023-09-27		1	Mesomycoplasma ovipneumoniae
GCF_032084765.1	ASM3208476v1	2025-03-21	Mesomycoplasma ovipneumoniae		MoC2605L17A					GCF_032084765.1-RS_2025_03_21	Complete Genome	2023-09-27		1	Mesomycoplasma ovipneumoniae
GCF_032092195.1	ASM3209219v1	2025-03-21	Mesomycoplasma ovipneumoniae		MoS5669_1L18I					GCF_032092195.1-RS_2025_03_21	Complete Genome	2023-09-27		1	Mesomycoplasma ovipneumoniae
GCF_024758565.1	ASM2475856v1	2025-03-21	Mesomycoplasma ovipneumoniae		274					GCF_024758565.1-RS_2025_03_21	Complete Genome	2022-08-29		1	Mesomycoplasma ovipneumoniae
GCF_032082925.1	ASM3208292v1	2025-03-21	Mesomycoplasma ovipneumoniae		MoG225L22A					GCF_032082925.1-RS_2025_03_21	Complete Genome	2023-09-27		1	Mesomycoplasma ovipneumoniae
GCF_032086715.1	ASM3208671v1	2025-03-21	Mesomycoplasma ovipneumoniae		MoS932N22A					GCF_032086715.1-RS_2025_03_21	Complete Genome	2023-09-27		1	Mesomycoplasma ovipneumoniae
GCF_003034205.2	ASM303420v2	2025-08-16	Morganella morganii		FAM24091					GCF_003034205.2-RS_2025_08_16	Complete Genome	2021-07-16		2	Morganella morganii
GCF_023203295.1	ASM2320329v3	2025-08-16	Morganella morganii		2022CK-00284					GCF_023203295.1-RS_2025_08_16	Complete Genome	2023-08-16		2	Morganella morganii
GCF_030370735.1	ASM3037073v1	2025-06-30	Morganella morganii subsp. morganii		QLYYMMQL588					GCF_030370735.1-RS_2025_06_30	Complete Genome	2023-06-28		3	Morganella morganii
GCF_051046895.1	ASM5104689v1	2025-06-25	Morganella morganii		19MO05SA02					GCF_051046895.1-RS_2025_06_25	Complete Genome	2025-06-26		2	Morganella morganii
GCF_003071325.1	ASM307132v1	2025-06-12	Morganella morganii		AR_0133					GCF_003071325.1-RS_2025_06_12	Complete Genome	2018-04-25		3	Morganella morganii
GCF_949789215.1	HIS2824_genome	2025-06-12	Morganella morganii		HIS2824			HIS2824		GCF_949789215.1-RS_2025_06_12	Complete Genome	2023-04-16		2	Morganella morganii
GCF_050908095.1	ASM5090809v1	2025-06-12	Morganella morganii		HM01					GCF_050908095.1-RS_2025_06_12	Complete Genome	2025-06-13		1	Morganella morganii
GCF_019243335.1	ASM1924333v1	2025-06-06	Morganella morganii		FAM24672					GCF_019243335.1-RS_2025_06_06	Complete Genome	2021-07-15		1	Morganella morganii
GCF_019243695.1	ASM1924369v1	2025-06-06	Morganella morganii		FAM24681					GCF_019243695.1-RS_2025_06_06	Complete Genome	2021-07-15		1	Morganella morganii
GCF_019243485.1	ASM1924348v1	2025-06-06	Morganella morganii		FAM24670					GCF_019243485.1-RS_2025_06_06	Complete Genome	2021-07-15		2	Morganella morganii
GCF_019243435.1	ASM1924343v1	2025-06-06	Morganella morganii		FAM24671					GCF_019243435.1-RS_2025_06_06	Complete Genome	2021-07-15		2	Morganella morganii
GCF_019243235.1	ASM1924323v1	2025-06-06	Morganella morganii		FAM24675					GCF_019243235.1-RS_2025_06_06	Complete Genome	2021-07-15		4	Morganella morganii
GCF_019242835.1	ASM1924283v1	2025-06-06	Morganella morganii		FAM24685					GCF_019242835.1-RS_2025_06_06	Complete Genome	2021-07-15		1	Morganella morganii
GCF_019243055.1	ASM1924305v1	2025-06-06	Morganella morganii		FAM24678					GCF_019243055.1-RS_2025_06_06	Complete Genome	2021-07-15		2	Morganella morganii
GCF_020911745.1	ASM2091174v1	2025-06-06	Morganella morganii		CTX51T					GCF_020911745.1-RS_2025_06_06	Complete Genome	2021-11-22		2	Morganella morganii
GCF_019242955.1	ASM1924295v1	2025-06-06	Morganella morganii		FAM24679					GCF_019242955.1-RS_2025_06_06	Complete Genome	2021-07-15		1	Morganella morganii
GCF_019243165.1	ASM1924316v1	2025-06-06	Morganella morganii		FAM24676					GCF_019243165.1-RS_2025_06_06	Complete Genome	2021-07-15		1	Morganella morganii
GCF_030127185.1	ASM3012718v1	2025-05-28	Morganella morganii		Sample-M-2023					GCF_030127185.1-RS_2025_05_28	Complete Genome	2023-05-29		1	Morganella morganii
GCF_019243775.1	ASM1924377v1	2025-05-11	Morganella morganii		DSM 30164					GCF_019243775.1-RS_2025_05_11	Complete Genome	2021-07-15		1	Morganella morganii
GCF_002386305.1	ASM238630v1	2025-05-11	Morganella morganii		FDAARGOS_365					GCF_002386305.1-RS_2025_05_11	Complete Genome	2017-09-28		2	Morganella morganii
GCF_900478755.1	32473_C02	2025-05-11	Morganella morganii		NCTC12028					GCF_900478755.1-RS_2025_05_11	Complete Genome	2018-06-18		1	Morganella morganii
GCF_002891475.1	ASM289147v1	2025-05-11	Morganella morganii		KC-Tt-01					GCF_002891475.1-RS_2025_05_11	Complete Genome	2018-01-18		1	Morganella morganii
GCF_013378135.1	ASM1337813v1	2025-05-11	Morganella morganii		Jiangxi					GCF_013378135.1-RS_2025_05_11	Complete Genome	2020-07-01		1	Morganella morganii
GCF_050248785.1	ASM5024878v1	2025-05-08	Morganella morganii		A27745					GCF_050248785.1-RS_2025_05_08	Complete Genome	2025-05-14		2	Morganella morganii
GCF_050243975.1	ASM5024397v1	2025-05-08	Morganella morganii		A29005					GCF_050243975.1-RS_2025_05_08	Complete Genome	2025-05-14		1	Morganella morganii
GCF_050242415.1	ASM5024241v1	2025-05-08	Morganella morganii		A31143					GCF_050242415.1-RS_2025_05_08	Complete Genome	2025-05-14		1	Morganella morganii
GCF_016939635.1	ASM1693963v1	2025-04-29	Morganella morganii		MM50821					GCF_016939635.1-RS_2025_04_29	Complete Genome	2021-02-25		4	Morganella morganii
GCF_016939575.1	ASM1693957v1	2025-04-29	Morganella morganii		MM48659					GCF_016939575.1-RS_2025_04_29	Complete Genome	2021-02-25		3	Morganella morganii
GCF_016939515.1	ASM1693951v1	2025-04-29	Morganella morganii		MM46903					GCF_016939515.1-RS_2025_04_29	Complete Genome	2021-02-25		4	Morganella morganii
GCF_038406735.1	M. mor_23	2025-04-23	Morganella morganii		23					GCF_038406735.1-RS_2025_04_23	Complete Genome	2024-04-24		3	Morganella morganii
GCF_038024775.1	ASM3802477v1	2025-04-14	Morganella morganii		RB07					GCF_038024775.1-RS_2025_04_14	Complete Genome	2024-04-10		1	Morganella morganii
GCF_038024765.1	ASM3802476v1	2025-04-13	Morganella morganii		RB04					GCF_038024765.1-RS_2025_04_13	Complete Genome	2024-04-10		1	Morganella morganii
GCF_038024785.1	ASM3802478v1	2025-04-13	Morganella morganii		RB11					GCF_038024785.1-RS_2025_04_13	Complete Genome	2024-04-10		1	Morganella morganii
GCF_038024815.1	ASM3802481v1	2025-04-13	Morganella morganii		RB02					GCF_038024815.1-RS_2025_04_13	Complete Genome	2024-04-10		1	Morganella morganii
GCF_902387845.1	UHGG_MGYG-HGUT-02512	2025-04-12	Morganella morganii					MGYG-HGUT-02512		GCF_902387845.1-RS_2025_04_12	Complete Genome	2019-08-10		1	Morganella morganii
GCF_038024795.1	ASM3802479v1	2025-04-12	Morganella morganii		RB05					GCF_038024795.1-RS_2025_04_12	Complete Genome	2024-04-10		1	Morganella morganii
GCF_000286435.2	ASM28643v2	2025-04-12	Morganella morganii subsp. morganii KT					KT		GCF_000286435.2-RS_2025_04_12	Complete Genome	2013-02-28		1	Morganella morganii
GCF_037482145.1	ASM3748214v1	2025-04-11	Morganella morganii		DZ1					GCF_037482145.1-RS_2025_04_11	Complete Genome	2024-04-05		4	Morganella morganii
GCF_016618235.1	ASM1661823v1	2025-04-10	Morganella morganii		GDMM86					GCF_016618235.1-RS_2025_04_10	Complete Genome	2021-01-12		1	Morganella morganii
GCF_038024805.1	ASM3802480v1	2025-04-09	Morganella morganii		RB03					GCF_038024805.1-RS_2025_04_09	Complete Genome	2024-04-10		1	Morganella morganii
GCF_010748915.1	ASM1074891v1	2025-04-04	Morganella morganii		MP63					GCF_010748915.1-RS_2025_04_04	Complete Genome	2020-02-19		4	Morganella morganii
GCF_018141465.1	ASM1814146v1	2025-04-04	Morganella morganii		11759					GCF_018141465.1-RS_2025_04_04	Complete Genome	2021-04-27		1	Morganella morganii
GCF_024917155.1	ASM2491715v1	2025-04-03	Morganella morganii		K266					GCF_024917155.1-RS_2025_04_03	Complete Genome	2022-09-04		1	Morganella morganii
GCF_020790175.1	ASM2079017v1	2025-04-03	Morganella morganii		MMAS2018					GCF_020790175.1-RS_2025_04_03	Complete Genome	2021-11-08		1	Morganella morganii
GCF_022369415.1	ASM2236941v1	2025-04-03	Morganella morganii		S164-3					GCF_022369415.1-RS_2025_04_03	Complete Genome	2022-02-23		1	Morganella morganii
GCF_000783955.2	ASM78395v2	2025-04-03	Morganella morganii		FDAARGOS_63					GCF_000783955.2-RS_2025_04_03	Complete Genome	2018-01-29		1	Morganella morganii
GCF_016727445.1	ASM1672744v1	2025-04-03	Morganella morganii		FDAARGOS_1085					GCF_016727445.1-RS_2025_04_03	Complete Genome	2021-01-20		1	Morganella morganii
GCF_010365245.1	ASM1036524v1	2025-04-03	Morganella morganii		N18-00103					GCF_010365245.1-RS_2025_04_03	Complete Genome	2020-02-09		1	Morganella morganii
GCF_015698325.1	ASM1569832v1	2025-04-03	Morganella morganii		SMM01					GCF_015698325.1-RS_2025_04_03	Complete Genome	2020-11-30		1	Morganella morganii
GCF_003573445.1	ASM357344v1	2025-04-03	Morganella morganii		DG56-16					GCF_003573445.1-RS_2025_04_03	Complete Genome	2018-09-18		1	Morganella morganii
GCF_052055885.1	ASM5205588v1	2025-08-16	Mycobacterium avium subsp. paratuberculosis		M266/04					GCF_052055885.1-RS_2025_08_16	Complete Genome	2025-08-16		1	Mycobacterium avium
GCF_002716925.3	ASM271692v3	2025-08-11	Mycobacterium avium subsp. hominissuis		OCU901s_S2_2s					GCF_002716925.3-RS_2025_08_11	Complete Genome	2021-06-25		4	Mycobacterium avium
GCF_005518035.1	ASM551803v1	2025-07-24	Mycobacterium avium subsp. hominissuis		101034					GCF_005518035.1-RS_2025_07_24	Complete Genome	2019-05-20		3	Mycobacterium avium
GCF_005518055.1	ASM551805v1	2025-07-24	Mycobacterium avium subsp. hominissuis		101115					GCF_005518055.1-RS_2025_07_24	Complete Genome	2019-05-20		5	Mycobacterium avium
GCF_005518015.1	ASM551801v1	2025-07-24	Mycobacterium avium subsp. hominissuis		101174					GCF_005518015.1-RS_2025_07_24	Complete Genome	2019-05-20		3	Mycobacterium avium
GCF_002304065.2	ASM230406v2	2025-07-20	Mycobacterium avium subsp. hominissuis		CAM177					GCF_002304065.2-RS_2025_07_20	Complete Genome	2021-06-28		1	Mycobacterium avium
GCF_003957335.1	ASM395733v1	2025-07-19	Mycobacterium avium subsp. paratuberculosis		Telford					GCF_003957335.1-RS_2025_07_19	Complete Genome	2018-12-20		1	Mycobacterium avium
GCF_002208705.2	ASM220870v2	2025-07-16	Mycobacterium avium subsp. paratuberculosis		FDAARGOS_305					GCF_002208705.2-RS_2025_07_16	Complete Genome	2018-03-02		1	Mycobacterium avium
GCF_022175585.2	ASM2217558v2	2025-07-12	Mycobacterium avium subsp. hominissuis		OCU889s_P11_4s					GCF_022175585.2-RS_2025_07_12	Complete Genome	2024-05-08		1	Mycobacterium avium
GCF_051046815.1	ASM5104681v1	2025-06-25	Mycobacterium avium subsp. hominissuis		OCU916s_S8_3s					GCF_051046815.1-RS_2025_06_25	Complete Genome	2025-06-26		3	Mycobacterium avium
GCF_965280235.1	22MA0766	2025-06-02	Mycobacterium avium subsp. silvaticum					22MA0766		GCF_965280235.1-RS_2025_06_02	Complete Genome	2025-06-02		1	Mycobacterium avium
GCF_009741445.1	ASM974144v1	2025-05-17	Mycobacterium avium subsp. avium		DSM 44156					GCF_009741445.1-RS_2025_05_17	Complete Genome	2019-12-11		1	Mycobacterium avium
GCF_038446055.1	ASM3844605v1	2025-04-24	Mycobacterium avium subsp. hominissuis		OCU855s_P2_4s					GCF_038446055.1-RS_2025_04_24	Complete Genome	2024-04-25		3	Mycobacterium avium
GCF_049810335.1	ASM4981033v1	2025-04-21	Mycobacterium avium subsp. paratuberculosis		NMMAP-1					GCF_049810335.1-RS_2025_04_21	Complete Genome	2025-04-22		1	Mycobacterium avium
GCF_002304055.2	ASM230405v2	2025-04-11	Mycobacterium avium subsp. hominissuis		CAM78					GCF_002304055.2-RS_2025_04_11	Complete Genome	2025-04-15		2	Mycobacterium avium
GCF_013357385.1	ASM1335738v1	2025-04-09	Mycobacterium avium subsp. paratuberculosis		DSM 44135					GCF_013357385.1-RS_2025_04_09	Complete Genome	2020-06-17		1	Mycobacterium avium
GCF_003713025.1	ASM371302v1	2025-04-04	Mycobacterium avium subsp. paratuberculosis		MAPK_CN7/15					GCF_003713025.1-RS_2025_04_04	Complete Genome	2018-11-06		1	Mycobacterium avium
GCF_003815795.1	ASM381579v1	2025-04-04	Mycobacterium avium subsp. paratuberculosis		MAPK_CN4/13					GCF_003815795.1-RS_2025_04_04	Complete Genome	2018-11-25		1	Mycobacterium avium
GCF_000219085.2	ASM21908v3	2025-04-04	Mycobacterium avium subsp. paratuberculosis S397		S397					GCF_000219085.2-RS_2025_04_04	Complete Genome	2020-12-10		1	Mycobacterium avium
GCF_003815815.1	ASM381581v1	2025-04-03	Mycobacterium avium subsp. paratuberculosis		MAPK_JB16/15					GCF_003815815.1-RS_2025_04_03	Complete Genome	2018-11-25		1	Mycobacterium avium
GCF_003816035.1	ASM381603v1	2025-04-03	Mycobacterium avium subsp. paratuberculosis		MAPK_JJ1/13					GCF_003816035.1-RS_2025_04_03	Complete Genome	2018-11-25		1	Mycobacterium avium
GCF_003713045.1	ASM371304v1	2025-04-03	Mycobacterium avium subsp. paratuberculosis		MAPK_CN9/15					GCF_003713045.1-RS_2025_04_03	Complete Genome	2018-11-06		1	Mycobacterium avium
GCF_003640565.1	ASM364056v1	2025-04-03	Mycobacterium avium		HJW					GCF_003640565.1-RS_2025_04_03	Complete Genome	2018-10-12		1	Mycobacterium avium
GCF_000829075.1	ASM82907v1	2025-04-03	Mycobacterium avium subsp. hominissuis TH135		TH135					GCF_000829075.1-RS_2025_04_03	Complete Genome	2013-10-01		2	Mycobacterium avium
GCF_000007865.1	ASM786v1	2025-03-20	Mycobacterium avium subsp. paratuberculosis K-10		K-10					GCF_000007865.1-RS_2025_03_20	Complete Genome	2004-01-30		1	Mycobacterium avium
GCF_016749935.1	ASM1674993v1	2025-03-17	Mycobacterium avium subsp. paratuberculosis		42-13-1					GCF_016749935.1-RS_2025_03_17	Complete Genome	2021-01-25		1	Mycobacterium avium
GCF_001865635.4	ASM186563v4	2025-03-08	Mycobacterium avium subsp. hominissuis		OCU464					GCF_001865635.4-RS_2025_03_08	Complete Genome	2020-07-17		3	Mycobacterium avium
GCF_002716905.3	ASM271690v4	2025-03-08	Mycobacterium avium subsp. hominissuis		HP17					GCF_002716905.3-RS_2025_03_08	Complete Genome	2020-07-22		4	Mycobacterium avium
GCF_001653355.1	ASM165335v1	2025-03-05	Mycobacterium avium subsp. paratuberculosis		MAP/TANUVAS/TN/India/2008					GCF_001653355.1-RS_2025_03_05	Complete Genome	2016-05-27		1	Mycobacterium avium
GCF_001683455.1	ASM168345v1	2025-03-05	Mycobacterium avium		RCAD0278			SC150824		GCF_001683455.1-RS_2025_03_05	Complete Genome	2016-07-11		1	Mycobacterium avium
GCF_004345205.2	ASM434520v2	2025-02-19	Mycobacterium avium subsp. hominissuis		mc2 2500					GCF_004345205.2-RS_2025_02_19	Complete Genome	2020-11-13		3	Mycobacterium avium
GCF_021183805.1	ASM2118380v1	2025-02-19	Mycobacterium avium subsp. avium		FDAARGOS_1609					GCF_021183805.1-RS_2025_02_19	Complete Genome	2021-12-14		1	Mycobacterium avium
GCF_000014985.1	ASM1498v1	2025-02-14	Mycobacterium avium 104		104					GCF_000014985.1-RS_2025_02_14	Complete Genome	2006-11-20		1	Mycobacterium avium
GCF_009002535.1	ASM900253v1	2025-02-13	Mycobacterium avium subsp. hominissuis		JP-H-1					GCF_009002535.1-RS_2025_02_13	Complete Genome	2019-09-05		4	Mycobacterium avium
GCF_003408535.1	ASM340853v1	2025-02-05	Mycobacterium avium subsp. hominissuis		MAC109					GCF_003408535.1-RS_2025_02_05	Complete Genome	2018-08-20		3	Mycobacterium avium
GCF_000835265.1	ASM83526v1	2025-02-02	Mycobacterium avium subsp. paratuberculosis		E93					GCF_000835265.1-RS_2025_02_02	Complete Genome	2015-02-10		1	Mycobacterium avium
GCF_000390085.1	ASM39008v1	2025-01-23	Mycobacterium avium subsp. paratuberculosis MAP4		MAP4					GCF_000390085.1-RS_2025_01_23	Complete Genome	2013-05-09		1	Mycobacterium avium
GCF_026689315.1	ASM2668931v1	2025-01-19	Mycobacterium avium subsp. paratuberculosis		LN20					GCF_026689315.1-RS_2025_01_19	Complete Genome	2022-12-06		1	Mycobacterium avium
GCF_001936215.1	ASM193621v1	2025-01-15	Mycobacterium avium subsp. hominissuis		H87					GCF_001936215.1-RS_2025_01_15	Complete Genome	2017-01-05		1	Mycobacterium avium
GCF_020735405.1	ASM2073540v1	2024-12-20	Mycobacterium avium subsp. avium		FDAARGOS_1606					GCF_020735405.1-RS_2024_12_20	Complete Genome	2021-11-03		1	Mycobacterium avium
GCF_020735285.1	ASM2073528v1	2024-12-20	Mycobacterium avium subsp. avium		FDAARGOS_1607					GCF_020735285.1-RS_2024_12_20	Complete Genome	2021-11-03		1	Mycobacterium avium
GCF_034190785.1	ASM3419078v1	2024-12-10	Mycobacterium avium subsp. paratuberculosis		6756					GCF_034190785.1-RS_2024_12_10	Complete Genome	2023-12-07		1	Mycobacterium avium
GCF_045348825.1	ASM4534882v1	2024-11-27	Mycobacterium avium subsp. paratuberculosis		XJ121					GCF_045348825.1-RS_2024_11_27	Complete Genome	2024-11-27		1	Mycobacterium avium
GCF_025665475.1	ASM2566547v1	2024-11-06	Mycobacterium avium subsp. paratuberculosis K-10		K-10					GCF_025665475.1-RS_2024_11_06	Complete Genome	2022-10-12		1	Mycobacterium avium
GCF_044336305.1	ASM4433630v1	2024-11-05	Mycobacterium avium subsp. paratuberculosis		LN219					GCF_044336305.1-RS_2024_11_05	Complete Genome	2024-11-07		1	Mycobacterium avium
GCF_044336315.1	ASM4433631v1	2024-11-05	Mycobacterium avium subsp. paratuberculosis		HLJ160					GCF_044336315.1-RS_2024_11_05	Complete Genome	2024-11-07		1	Mycobacterium avium
GCF_044336345.1	ASM4433634v1	2024-11-05	Mycobacterium avium subsp. paratuberculosis		NM10					GCF_044336345.1-RS_2024_11_05	Complete Genome	2024-11-07		1	Mycobacterium avium
GCF_043590545.1	ASM4359054v1	2024-10-23	Mycobacterium avium subsp. paratuberculosis		HLJ37					GCF_043590545.1-RS_2024_10_23	Complete Genome	2024-10-24		1	Mycobacterium avium
GCF_043591295.1	ASM4359129v1	2024-10-23	Mycobacterium avium subsp. paratuberculosis		XJ41					GCF_043591295.1-RS_2024_10_23	Complete Genome	2024-10-24		1	Mycobacterium avium
GCF_002716965.3	ASM271696v4	2024-09-12	Mycobacterium avium subsp. hominissuis		OCU873s_P7_4s					GCF_002716965.3-RS_2024_09_12	Complete Genome	2021-06-25		3	Mycobacterium avium
GCF_030566675.1	ASM3056667v1	2025-08-18	Mycobacterium tuberculosis		MTb-Oman-3215873					GCF_030566675.1-RS_2025_08_18	Complete Genome	2023-08-01		1	Mycobacterium tuberculosis
GCF_030566105.1	ASM3056610v1	2025-08-18	Mycobacterium tuberculosis		MTb-Oman-3216462					GCF_030566105.1-RS_2025_08_18	Complete Genome	2023-08-01		1	Mycobacterium tuberculosis
GCF_017901075.1	ASM1790107v1	2025-08-18	Mycobacterium tuberculosis		CG21					GCF_017901075.1-RS_2025_08_18	Complete Genome	2021-04-12		1	Mycobacterium tuberculosis
GCF_030576595.1	ASM3057659v1	2025-08-18	Mycobacterium tuberculosis		MTb-Oman-321857					GCF_030576595.1-RS_2025_08_18	Complete Genome	2023-08-01		1	Mycobacterium tuberculosis
GCF_030568235.1	ASM3056823v1	2025-08-18	Mycobacterium tuberculosis		MTb-Oman-3214642					GCF_030568235.1-RS_2025_08_18	Complete Genome	2023-08-01		1	Mycobacterium tuberculosis
GCF_030574935.1	ASM3057493v1	2025-08-18	Mycobacterium tuberculosis		MTb-Oman-3212387					GCF_030574935.1-RS_2025_08_18	Complete Genome	2023-08-01		1	Mycobacterium tuberculosis
GCF_030571635.1	ASM3057163v1	2025-08-18	Mycobacterium tuberculosis		MTb-Oman-3213509					GCF_030571635.1-RS_2025_08_18	Complete Genome	2023-08-01		1	Mycobacterium tuberculosis
GCF_030567435.1	ASM3056743v1	2025-08-18	Mycobacterium tuberculosis		MTb-Oman-3214805					GCF_030567435.1-RS_2025_08_18	Complete Genome	2023-08-01		1	Mycobacterium tuberculosis
GCF_014899965.1	ASM1489996v1	2025-07-13	Mycobacterium tuberculosis		3-0124P6C4					GCF_014899965.1-RS_2025_07_13	Complete Genome	2020-10-20		1	Mycobacterium tuberculosis
GCF_014900295.1	ASM1490029v1	2025-07-13	Mycobacterium tuberculosis		2-0021P6C4					GCF_014900295.1-RS_2025_07_13	Complete Genome	2020-10-20		1	Mycobacterium tuberculosis
GCF_014900235.1	ASM1490023v1	2025-07-13	Mycobacterium tuberculosis		2-0028P6C4					GCF_014900235.1-RS_2025_07_13	Complete Genome	2020-10-20		1	Mycobacterium tuberculosis
GCF_014900135.1	ASM1490013v1	2025-07-13	Mycobacterium tuberculosis		2-0046P6C4					GCF_014900135.1-RS_2025_07_13	Complete Genome	2020-10-20		1	Mycobacterium tuberculosis
GCF_014899705.1	ASM1489970v1	2025-07-13	Mycobacterium tuberculosis		SEA07010354P6C4					GCF_014899705.1-RS_2025_07_13	Complete Genome	2020-10-20		1	Mycobacterium tuberculosis
GCF_014900755.1	ASM1490075v1	2025-07-13	Mycobacterium tuberculosis		1-0047P6C4					GCF_014900755.1-RS_2025_07_13	Complete Genome	2020-10-20		1	Mycobacterium tuberculosis
GCF_037942495.1	ASM3794249v1	2025-07-13	Mycobacterium tuberculosis		ITM-1999-01508					GCF_037942495.1-RS_2025_07_13	Complete Genome	2024-04-06		1	Mycobacterium tuberculosis
GCF_014900005.1	ASM1490000v1	2025-07-13	Mycobacterium tuberculosis		3-0090P6C4					GCF_014900005.1-RS_2025_07_13	Complete Genome	2020-10-20		1	Mycobacterium tuberculosis
GCF_014899465.1	ASM1489946v1	2025-07-13	Mycobacterium tuberculosis		SEA12202P6C4					GCF_014899465.1-RS_2025_07_13	Complete Genome	2020-10-20		1	Mycobacterium tuberculosis
GCF_014900895.1	ASM1490089v1	2025-07-13	Mycobacterium tuberculosis		1-0030P6C4					GCF_014900895.1-RS_2025_07_13	Complete Genome	2020-10-20		1	Mycobacterium tuberculosis
GCF_014901055.1	ASM1490105v1	2025-07-13	Mycobacterium tuberculosis		1-0021P6C4					GCF_014901055.1-RS_2025_07_13	Complete Genome	2020-10-20		1	Mycobacterium tuberculosis
GCF_014899805.1	ASM1489980v1	2025-07-13	Mycobacterium tuberculosis		4-0087P6C4					GCF_014899805.1-RS_2025_07_13	Complete Genome	2020-10-20		1	Mycobacterium tuberculosis
GCF_014899365.1	ASM1489936v1	2025-07-13	Mycobacterium tuberculosis		SEA14318P6C4					GCF_014899365.1-RS_2025_07_13	Complete Genome	2020-10-20		1	Mycobacterium tuberculosis
GCF_014900095.1	ASM1490009v1	2025-07-13	Mycobacterium tuberculosis		2-0059P6C4					GCF_014900095.1-RS_2025_07_13	Complete Genome	2020-10-20		1	Mycobacterium tuberculosis
GCF_014900855.1	ASM1490085v1	2025-07-13	Mycobacterium tuberculosis		1-0031P6C4					GCF_014900855.1-RS_2025_07_13	Complete Genome	2020-10-20		1	Mycobacterium tuberculosis
GCF_014900735.1	ASM1490073v1	2025-07-13	Mycobacterium tuberculosis		1-0054P6C4					GCF_014900735.1-RS_2025_07_13	Complete Genome	2020-10-20		1	Mycobacterium tuberculosis
GCF_014900435.1	ASM1490043v1	2025-07-13	Mycobacterium tuberculosis		1-0137P6C4					GCF_014900435.1-RS_2025_07_13	Complete Genome	2020-10-20		1	Mycobacterium tuberculosis
GCF_014901155.1	ASM1490115v1	2025-07-13	Mycobacterium tuberculosis		1-0006P6C4					GCF_014901155.1-RS_2025_07_13	Complete Genome	2020-10-20		1	Mycobacterium tuberculosis
GCF_014900395.1	ASM1490039v1	2025-07-13	Mycobacterium tuberculosis		1-0153P6C4					GCF_014900395.1-RS_2025_07_13	Complete Genome	2020-10-20		1	Mycobacterium tuberculosis
GCF_039555355.1	ASM3955535v1	2025-07-13	Mycobacterium tuberculosis		ITM-2005-02460					GCF_039555355.1-RS_2025_07_13	Complete Genome	2024-05-09		1	Mycobacterium tuberculosis
GCF_014900195.1	ASM1490019v1	2025-07-13	Mycobacterium tuberculosis		2-0031P6C4					GCF_014900195.1-RS_2025_07_13	Complete Genome	2020-10-20		1	Mycobacterium tuberculosis
GCF_014900075.1	ASM1490007v1	2025-07-13	Mycobacterium tuberculosis		2-0068P6C4					GCF_014900075.1-RS_2025_07_13	Complete Genome	2020-10-20		1	Mycobacterium tuberculosis
GCF_014899745.1	ASM1489974v1	2025-07-13	Mycobacterium tuberculosis		SEA02010036P6C4					GCF_014899745.1-RS_2025_07_13	Complete Genome	2020-10-20		1	Mycobacterium tuberculosis
GCF_014884665.1	ASM1488466v1	2025-07-13	Mycobacterium tuberculosis		1-0066P6C4					GCF_014884665.1-RS_2025_07_13	Complete Genome	2020-10-13		1	Mycobacterium tuberculosis
GCF_014899845.1	ASM1489984v1	2025-07-13	Mycobacterium tuberculosis		4-0073P6C4					GCF_014899845.1-RS_2025_07_13	Complete Genome	2020-10-20		1	Mycobacterium tuberculosis
GCF_014900695.1	ASM1490069v1	2025-07-13	Mycobacterium tuberculosis		1-0061P6C4					GCF_014900695.1-RS_2025_07_13	Complete Genome	2020-10-20		1	Mycobacterium tuberculosis
GCF_014899265.1	ASM1489926v1	2025-07-13	Mycobacterium tuberculosis		SEA15230P6C4					GCF_014899265.1-RS_2025_07_13	Complete Genome	2020-10-20		1	Mycobacterium tuberculosis
GCF_045348065.1	ASM4534806v1	2025-07-13	Mycobacterium tuberculosis		ITM-1992-08557					GCF_045348065.1-RS_2025_07_13	Complete Genome	2024-11-27		1	Mycobacterium tuberculosis
GCF_014899405.1	ASM1489940v1	2025-07-13	Mycobacterium tuberculosis		SEA13111P6C4					GCF_014899405.1-RS_2025_07_13	Complete Genome	2020-10-20		1	Mycobacterium tuberculosis
GCF_014900175.1	ASM1490017v1	2025-07-13	Mycobacterium tuberculosis		2-0034P6C4					GCF_014900175.1-RS_2025_07_13	Complete Genome	2020-10-20		1	Mycobacterium tuberculosis
GCF_014901095.1	ASM1490109v1	2025-07-13	Mycobacterium tuberculosis		1-0013P6C4					GCF_014901095.1-RS_2025_07_13	Complete Genome	2020-10-20		1	Mycobacterium tuberculosis
GCF_014899505.1	ASM1489950v1	2025-07-13	Mycobacterium tuberculosis		SEA11278P6C4					GCF_014899505.1-RS_2025_07_13	Complete Genome	2020-10-20		1	Mycobacterium tuberculosis
GCF_014899645.1	ASM1489964v1	2025-07-13	Mycobacterium tuberculosis		SEA08162P6C4					GCF_014899645.1-RS_2025_07_13	Complete Genome	2020-10-20		1	Mycobacterium tuberculosis
GCF_045348055.1	ASM4534805v1	2025-07-13	Mycobacterium tuberculosis		ITM-2004-01893					GCF_045348055.1-RS_2025_07_13	Complete Genome	2024-11-27		1	Mycobacterium tuberculosis
GCF_045348245.1	ASM4534824v1	2025-07-13	Mycobacterium tuberculosis		ITM-2002-00926					GCF_045348245.1-RS_2025_07_13	Complete Genome	2024-11-27		1	Mycobacterium tuberculosis
GCF_014899425.1	ASM1489942v1	2025-07-13	Mycobacterium tuberculosis		SEA13020298P6C4					GCF_014899425.1-RS_2025_07_13	Complete Genome	2020-10-20		1	Mycobacterium tuberculosis
GCF_014899525.1	ASM1489952v1	2025-07-13	Mycobacterium tuberculosis		SEA11020092P6C4					GCF_014899525.1-RS_2025_07_13	Complete Genome	2020-10-20		1	Mycobacterium tuberculosis
GCF_014900335.1	ASM1490033v1	2025-07-13	Mycobacterium tuberculosis		1-0168P6C4					GCF_014900335.1-RS_2025_07_13	Complete Genome	2020-10-20		1	Mycobacterium tuberculosis
GCF_014900835.1	ASM1490083v1	2025-07-13	Mycobacterium tuberculosis		1-0036P6C4					GCF_014900835.1-RS_2025_07_13	Complete Genome	2020-10-20		1	Mycobacterium tuberculosis
GCF_014884625.1	ASM1488462v1	2025-07-13	Mycobacterium tuberculosis		4-0041P6C4					GCF_014884625.1-RS_2025_07_13	Complete Genome	2020-10-13		1	Mycobacterium tuberculosis
GCF_014899905.1	ASM1489990v1	2025-07-13	Mycobacterium tuberculosis		4-0019P6C4					GCF_014899905.1-RS_2025_07_13	Complete Genome	2020-10-20		1	Mycobacterium tuberculosis
GCF_014899945.1	ASM1489994v1	2025-07-13	Mycobacterium tuberculosis		4-0010P6C4					GCF_014899945.1-RS_2025_07_13	Complete Genome	2020-10-20		1	Mycobacterium tuberculosis
GCF_052220965.1	ASM5222096v1	2025-08-25	Mycobacteroides abscessus		GD224					GCF_052220965.1-RS_2025_08_25	Complete Genome	2025-08-25	JBQPNW01	2	Mycobacteroides abscessus
GCF_052221005.1	ASM5222100v1	2025-08-25	Mycobacteroides abscessus		GD224_RMM1					GCF_052221005.1-RS_2025_08_25	Complete Genome	2025-08-25	JBQPNV01	2	Mycobacteroides abscessus
GCF_052221045.1	ASM5222104v1	2025-08-25	Mycobacteroides abscessus		GD224_RMME1					GCF_052221045.1-RS_2025_08_25	Complete Genome	2025-08-25	JBQPNT01	2	Mycobacteroides abscessus
GCF_052220945.1	ASM5222094v1	2025-08-25	Mycobacteroides abscessus		GD224_RMME3					GCF_052220945.1-RS_2025_08_25	Complete Genome	2025-08-25	JBQPNS01	2	Mycobacteroides abscessus
GCF_052221025.1	ASM5222102v1	2025-08-25	Mycobacteroides abscessus		GD224_RMM2					GCF_052221025.1-RS_2025_08_25	Complete Genome	2025-08-25	JBQPNU01	2	Mycobacteroides abscessus
GCF_051056535.1	ASM5105653v1	2025-06-26	Mycobacteroides abscessus		GD339_RMMN1					GCF_051056535.1-RS_2025_06_26	Complete Genome	2025-06-27		2	Mycobacteroides abscessus
GCF_051057315.1	ASM5105731v1	2025-06-26	Mycobacteroides abscessus		GD339_RMM1					GCF_051057315.1-RS_2025_06_26	Complete Genome	2025-06-27		2	Mycobacteroides abscessus
GCF_051057325.1	ASM5105732v1	2025-06-26	Mycobacteroides abscessus		GD339					GCF_051057325.1-RS_2025_06_26	Complete Genome	2025-06-27		2	Mycobacteroides abscessus
GCF_051056565.1	ASM5105656v1	2025-06-26	Mycobacteroides abscessus		GD339_RMM4-1					GCF_051056565.1-RS_2025_06_26	Complete Genome	2025-06-27		2	Mycobacteroides abscessus
GCF_051055845.1	ASM5105584v1	2025-06-26	Mycobacteroides abscessus		GD339_RMMN2					GCF_051055845.1-RS_2025_06_26	Complete Genome	2025-06-27		2	Mycobacteroides abscessus
GCF_001050395.1	ASM105039v1	2025-04-15	Mycobacteroides abscessus UC22		UC22					GCF_001050395.1-RS_2025_04_15	Complete Genome	2015-07-09		1	Mycobacteroides abscessus
GCF_020735425.1	ASM2073542v1	2025-03-23	Mycobacteroides abscessus subsp. abscessus		FDAARGOS_1604					GCF_020735425.1-RS_2025_03_23	Complete Genome	2021-11-03		2	Mycobacteroides abscessus
GCF_020735345.1	ASM2073534v1	2025-03-23	Mycobacteroides abscessus subsp. abscessus		FDAARGOS_1605					GCF_020735345.1-RS_2025_03_23	Complete Genome	2021-11-03		1	Mycobacteroides abscessus
GCF_021251405.1	ASM2125140v1	2025-03-23	Mycobacteroides abscessus subsp. abscessus		CF00207-00450					GCF_021251405.1-RS_2025_03_23	Complete Genome	2021-12-21		1	Mycobacteroides abscessus
GCF_020735485.1	ASM2073548v1	2025-03-23	Mycobacteroides abscessus subsp. abscessus		FDAARGOS_1603					GCF_020735485.1-RS_2025_03_23	Complete Genome	2021-11-03		1	Mycobacteroides abscessus
GCF_017183915.1	ASM1718391v1	2025-03-23	Mycobacteroides abscessus subsp. bolletii		GD91					GCF_017183915.1-RS_2025_03_23	Complete Genome	2021-03-05		1	Mycobacteroides abscessus
GCF_004027995.1	ASM402799v1	2025-03-20	Mycobacteroides abscessus		GZ0 1					GCF_004027995.1-RS_2025_03_20	Complete Genome	2019-01-16		1	Mycobacteroides abscessus
GCF_002140035.1	ASM214003v1	2025-03-19	Mycobacteroides abscessus subsp. massiliense		FLAC047					GCF_002140035.1-RS_2025_03_19	Complete Genome	2017-05-15		1	Mycobacteroides abscessus
GCF_017190535.1	ASM1719053v1	2025-03-13	Mycobacteroides abscessus subsp. massiliense		GD68A					GCF_017190535.1-RS_2025_03_13	Complete Genome	2021-03-05		1	Mycobacteroides abscessus
GCF_017183975.1	ASM1718397v1	2025-03-13	Mycobacteroides abscessus subsp. massiliense		GD68B					GCF_017183975.1-RS_2025_03_13	Complete Genome	2021-03-05		1	Mycobacteroides abscessus
GCF_017189435.1	ASM1718943v1	2025-03-13	Mycobacteroides abscessus subsp. abscessus		GD43A					GCF_017189435.1-RS_2025_03_13	Complete Genome	2021-03-05		1	Mycobacteroides abscessus
GCF_017190795.1	ASM1719079v1	2025-03-13	Mycobacteroides abscessus subsp. abscessus		GD05					GCF_017190795.1-RS_2025_03_13	Complete Genome	2021-03-05		1	Mycobacteroides abscessus
GCF_017189415.1	ASM1718941v1	2025-03-13	Mycobacteroides abscessus subsp. abscessus		GD43B					GCF_017189415.1-RS_2025_03_13	Complete Genome	2021-03-05		1	Mycobacteroides abscessus
GCF_017190875.1	ASM1719087v1	2025-03-13	Mycobacteroides abscessus subsp. abscessus		GD21					GCF_017190875.1-RS_2025_03_13	Complete Genome	2021-03-05		3	Mycobacteroides abscessus
GCF_017190595.1	ASM1719059v1	2025-03-13	Mycobacteroides abscessus subsp. abscessus		GD42					GCF_017190595.1-RS_2025_03_13	Complete Genome	2021-03-05		3	Mycobacteroides abscessus
GCF_017183555.1	ASM1718355v1	2025-03-13	Mycobacteroides abscessus subsp. abscessus		GD38					GCF_017183555.1-RS_2025_03_13	Complete Genome	2021-03-05		1	Mycobacteroides abscessus
GCF_017183935.1	ASM1718393v1	2025-03-13	Mycobacteroides abscessus subsp. abscessus		GD69B					GCF_017183935.1-RS_2025_03_13	Complete Genome	2021-03-05		3	Mycobacteroides abscessus
GCF_017183955.1	ASM1718395v1	2025-03-13	Mycobacteroides abscessus subsp. abscessus		GD69A					GCF_017183955.1-RS_2025_03_13	Complete Genome	2021-03-05		3	Mycobacteroides abscessus
GCF_017189395.1	ASM1718939v1	2025-03-13	Mycobacteroides abscessus subsp. abscessus		GD54					GCF_017189395.1-RS_2025_03_13	Complete Genome	2021-03-05		2	Mycobacteroides abscessus
GCF_017183875.1	ASM1718387v1	2025-03-13	Mycobacteroides abscessus subsp. abscessus		GD100B					GCF_017183875.1-RS_2025_03_13	Complete Genome	2021-03-05		2	Mycobacteroides abscessus
GCF_017183895.1	ASM1718389v1	2025-03-13	Mycobacteroides abscessus subsp. abscessus		GD100A					GCF_017183895.1-RS_2025_03_13	Complete Genome	2021-03-05		2	Mycobacteroides abscessus
GCF_017189375.1	ASM1718937v1	2025-03-13	Mycobacteroides abscessus subsp. abscessus		GD57					GCF_017189375.1-RS_2025_03_13	Complete Genome	2021-03-05		1	Mycobacteroides abscessus
GCF_017183655.1	ASM1718365v1	2025-03-13	Mycobacteroides abscessus subsp. abscessus		GD25					GCF_017183655.1-RS_2025_03_13	Complete Genome	2021-03-05		4	Mycobacteroides abscessus
GCF_017183835.1	ASM1718383v1	2025-03-13	Mycobacteroides abscessus subsp. abscessus		GD17					GCF_017183835.1-RS_2025_03_13	Complete Genome	2021-03-05		1	Mycobacteroides abscessus
GCF_017183735.1	ASM1718373v1	2025-03-13	Mycobacteroides abscessus subsp. abscessus		GD26					GCF_017183735.1-RS_2025_03_13	Complete Genome	2021-03-05		1	Mycobacteroides abscessus
GCF_017190695.1	ASM1719069v1	2025-03-13	Mycobacteroides abscessus subsp. abscessus		GD41					GCF_017190695.1-RS_2025_03_13	Complete Genome	2021-03-05		1	Mycobacteroides abscessus
GCF_017183775.1	ASM1718377v1	2025-03-13	Mycobacteroides abscessus subsp. abscessus		GD22					GCF_017183775.1-RS_2025_03_13	Complete Genome	2021-03-05		3	Mycobacteroides abscessus
GCF_017189355.1	ASM1718935v1	2025-03-13	Mycobacteroides abscessus subsp. abscessus		GD59					GCF_017189355.1-RS_2025_03_13	Complete Genome	2021-03-05		1	Mycobacteroides abscessus
GCF_017183795.1	ASM1718379v1	2025-03-13	Mycobacteroides abscessus subsp. abscessus		GD20					GCF_017183795.1-RS_2025_03_13	Complete Genome	2021-03-05		1	Mycobacteroides abscessus
GCF_017183815.1	ASM1718381v1	2025-03-13	Mycobacteroides abscessus subsp. abscessus		GD19					GCF_017183815.1-RS_2025_03_13	Complete Genome	2021-03-05		2	Mycobacteroides abscessus
GCF_004209815.1	ASM420981v1	2025-03-12	Mycobacteroides abscessus subsp. massiliense		GD01A					GCF_004209815.1-RS_2025_03_12	Complete Genome	2019-02-19		1	Mycobacteroides abscessus
GCF_004209835.1	ASM420983v1	2025-03-12	Mycobacteroides abscessus subsp. massiliense		GD01B					GCF_004209835.1-RS_2025_03_12	Complete Genome	2019-02-19		1	Mycobacteroides abscessus
GCF_000069185.1	ASM6918v1	2025-03-09	Mycobacteroides abscessus ATCC 19977		ATCC 19977					GCF_000069185.1-RS_2025_03_09	Complete Genome	2008-03-01		2	Mycobacteroides abscessus
GCF_000277775.2	ASM27777v2	2025-03-03	Mycobacteroides abscessus subsp. massiliense str. GO 06		GO 06					GCF_000277775.2-RS_2025_03_03	Complete Genome	2014-06-10		1	Mycobacteroides abscessus
GCF_003609715.1	ASM360971v1	2025-02-12	Mycobacteroides abscessus subsp. bolletii BD		BD					GCF_003609715.1-RS_2025_02_12	Complete Genome	2017-12-18		1	Mycobacteroides abscessus
GCF_020735505.1	ASM2073550v1	2025-01-30	Mycobacteroides abscessus		FDAARGOS_1602					GCF_020735505.1-RS_2025_01_30	Complete Genome	2021-11-03		1	Mycobacteroides abscessus
GCF_010731915.1	ASM1073191v1	2025-01-29	Mycobacteroides abscessus		JCM 30620					GCF_010731915.1-RS_2025_01_29	Complete Genome	2020-02-06		3	Mycobacteroides abscessus
GCF_014843215.1	ASM1484321v1	2025-01-29	Mycobacteroides abscessus		JHN_AB_0006_3					GCF_014843215.1-RS_2025_01_29	Complete Genome	2020-10-05		1	Mycobacteroides abscessus
GCF_014843155.1	ASM1484315v1	2025-01-29	Mycobacteroides abscessus		JHN_AB_0009_1					GCF_014843155.1-RS_2025_01_29	Complete Genome	2020-10-05		1	Mycobacteroides abscessus
GCF_001677215.1	ASM167721v1	2025-01-28	Mycobacteroides abscessus		FLAC055					GCF_001677215.1-RS_2025_01_28	Complete Genome	2016-06-28		1	Mycobacteroides abscessus
GCF_000023685.1	ASM2368v1	2025-08-05	Mycoplasma mycoides subsp. capri str. GM12		GM12					GCF_000023685.1-RS_2025_08_05	Complete Genome	2009-08-21		1	Mycoplasma mycoides
GCF_051054185.1	ASM5105418v1	2025-06-26	Mycoplasma mycoides subsp. mycoides		6364					GCF_051054185.1-RS_2025_06_26	Complete Genome	2025-06-27		1	Mycoplasma mycoides
GCF_051052435.1	ASM5105243v1	2025-06-26	Mycoplasma mycoides subsp. mycoides		Afade-1					GCF_051052435.1-RS_2025_06_26	Complete Genome	2025-06-27		1	Mycoplasma mycoides
GCF_051052395.1	ASM5105239v1	2025-06-26	Mycoplasma mycoides subsp. mycoides		Fatick					GCF_051052395.1-RS_2025_06_26	Complete Genome	2025-06-27		1	Mycoplasma mycoides
GCF_051052425.1	ASM5105242v1	2025-06-26	Mycoplasma mycoides subsp. mycoides		B773-125					GCF_051052425.1-RS_2025_06_26	Complete Genome	2025-06-27		1	Mycoplasma mycoides
GCF_051052265.1	ASM5105226v1	2025-06-26	Mycoplasma mycoides subsp. mycoides		PO-2					GCF_051052265.1-RS_2025_06_26	Complete Genome	2025-06-27		1	Mycoplasma mycoides
GCF_051054195.1	ASM5105419v1	2025-06-26	Mycoplasma mycoides subsp. mycoides		4378					GCF_051054195.1-RS_2025_06_26	Complete Genome	2025-06-27		1	Mycoplasma mycoides
GCF_051054175.1	ASM5105417v1	2025-06-26	Mycoplasma mycoides subsp. mycoides		91130					GCF_051054175.1-RS_2025_06_26	Complete Genome	2025-06-27		1	Mycoplasma mycoides
GCF_051054235.1	ASM5105423v1	2025-06-26	Mycoplasma mycoides subsp. mycoides		2059					GCF_051054235.1-RS_2025_06_26	Complete Genome	2025-06-27		1	Mycoplasma mycoides
GCF_018389545.1	ASM1838954v1	2025-04-02	Mycoplasma mycoides subsp. capri		Wi8079					GCF_018389545.1-RS_2025_04_02	Complete Genome	2021-05-17		1	Mycoplasma mycoides
GCF_001554115.1	ASM155411v1	2025-03-05	Mycoplasma mycoides subsp. mycoides		Ben326					GCF_001554115.1-RS_2025_03_05	Complete Genome	2016-02-09		1	Mycoplasma mycoides
GCF_000011445.1	ASM1144v1	2025-02-25	Mycoplasma mycoides subsp. mycoides SC str. PG1		PG1					GCF_000011445.1-RS_2025_02_25	Complete Genome	2007-03-09		1	Mycoplasma mycoides
GCF_013305285.1	ASM1330528v1	2025-02-25	Mycoplasma mycoides		T1/44 GP					GCF_013305285.1-RS_2025_02_25	Complete Genome	2020-06-09		1	Mycoplasma mycoides
GCF_018406545.1	ASM1840654v1	2025-02-25	Mycoplasma mycoides		Caprivi					GCF_018406545.1-RS_2025_02_25	Complete Genome	2021-04-28		1	Mycoplasma mycoides
GCF_000800785.1	ASM80078v1	2025-02-25	Mycoplasma mycoides subsp. mycoides		izsam_mm5713					GCF_000800785.1-RS_2025_02_25	Complete Genome	2014-12-11		1	Mycoplasma mycoides
GCF_001564435.1	ASM156443v1	2025-02-25	Mycoplasma mycoides subsp. mycoides		T1/44					GCF_001564435.1-RS_2025_02_25	Complete Genome	2016-02-22		1	Mycoplasma mycoides
GCF_001554075.1	ASM155407v1	2025-02-25	Mycoplasma mycoides subsp. mycoides		Ben50					GCF_001554075.1-RS_2025_02_25	Complete Genome	2016-02-09		1	Mycoplasma mycoides
GCF_001554055.1	ASM155405v1	2025-02-25	Mycoplasma mycoides subsp. mycoides		Ben1					GCF_001554055.1-RS_2025_02_25	Complete Genome	2016-02-09		1	Mycoplasma mycoides
GCF_001554155.1	ASM155415v1	2025-02-25	Mycoplasma mycoides subsp. mycoides		Ben468					GCF_001554155.1-RS_2025_02_25	Complete Genome	2016-02-09		1	Mycoplasma mycoides
GCF_016767155.1	ASM1676715v1	2025-02-25	Mycoplasma mycoides subsp. capri		Ker.TCR. LT					GCF_016767155.1-RS_2025_02_25	Complete Genome	2021-01-28		1	Mycoplasma mycoides
GCF_018389565.1	ASM1838956v1	2025-02-25	Mycoplasma mycoides subsp. capri		My-I					GCF_018389565.1-RS_2025_02_25	Complete Genome	2021-05-17		1	Mycoplasma mycoides
GCF_000023165.1	ASM2316v1	2025-02-25	Mycoplasma mycoides subsp. capri str. GM12		GM12					GCF_000023165.1-RS_2025_02_25	Complete Genome	2009-08-21		1	Mycoplasma mycoides
GCF_001267815.1	ASM126781v1	2025-02-25	Mycoplasma mycoides subsp. capri		GM12					GCF_001267815.1-RS_2025_02_25	Complete Genome	2015-08-17		1	Mycoplasma mycoides
GCF_900489825.1	WT-YCP-cl7-3-2-VL648	2025-02-25	Mycoplasma mycoides subsp. capri		GM12			synthetic		GCF_900489825.1-RS_2025_02_25	Complete Genome	2019-02-12		1	Mycoplasma mycoides
GCF_900489725.1	MMC-Mcap-MMC-u1-3-P2	2025-02-25	Mycoplasma mycoides subsp. capri		GM12			synthetic		GCF_900489725.1-RS_2025_02_25	Complete Genome	2019-02-12		1	Mycoplasma mycoides
GCF_900489785.1	MMC-Mcap-oric-u-6-1	2025-02-25	Mycoplasma mycoides subsp. capri		GM12			synthetic		GCF_900489785.1-RS_2025_02_25	Complete Genome	2019-02-12		1	Mycoplasma mycoides
GCF_900489795.1	MMC-TET	2025-02-25	Mycoplasma mycoides subsp. capri		GM12			synthetic		GCF_900489795.1-RS_2025_02_25	Complete Genome	2019-02-12		1	Mycoplasma mycoides
GCF_900489565.1	MMC-glpF	2025-02-25	Mycoplasma mycoides subsp. capri		GM12			synthetic		GCF_900489565.1-RS_2025_02_25	Complete Genome	2019-02-12		1	Mycoplasma mycoides
GCF_900489575.1	MMC-glpU	2025-02-25	Mycoplasma mycoides subsp. capri		GM12			synthetic		GCF_900489575.1-RS_2025_02_25	Complete Genome	2019-02-12		1	Mycoplasma mycoides
GCF_900489705.1	MMC-Mcap-Mmc-u1-4-P4	2025-02-25	Mycoplasma mycoides subsp. capri		GM12			synthetic		GCF_900489705.1-RS_2025_02_25	Complete Genome	2019-02-12		1	Mycoplasma mycoides
GCF_900489655.1	MMC-Mcap.dnaA	2025-02-25	Mycoplasma mycoides subsp. capri		GM12			synthetic		GCF_900489655.1-RS_2025_02_25	Complete Genome	2019-02-12		1	Mycoplasma mycoides
GCF_900489545.1	MMC-glpQ	2025-02-25	Mycoplasma mycoides subsp. capri		GM12			synthetic		GCF_900489545.1-RS_2025_02_25	Complete Genome	2019-02-12		1	Mycoplasma mycoides
GCF_900489525.1	MMC-glpK	2025-02-25	Mycoplasma mycoides subsp. capri		GM12			synthetic		GCF_900489525.1-RS_2025_02_25	Complete Genome	2019-02-12		1	Mycoplasma mycoides
GCF_900489515.1	MMC-glpFKO	2025-02-25	Mycoplasma mycoides subsp. capri		GM12			synthetic		GCF_900489515.1-RS_2025_02_25	Complete Genome	2019-02-12		1	Mycoplasma mycoides
GCF_900489675.1	MMC-GTS	2025-02-25	Mycoplasma mycoides subsp. capri		GM12			synthetic		GCF_900489675.1-RS_2025_02_25	Complete Genome	2019-02-12		1	Mycoplasma mycoides
GCF_900489765.1	MMC-GTS-glpU	2025-02-25	Mycoplasma mycoides subsp. capri		GM12			synthetic		GCF_900489765.1-RS_2025_02_25	Complete Genome	2019-02-12		1	Mycoplasma mycoides
GCF_900489715.1	MMC-GTS-gIpF-gIpU	2025-02-25	Mycoplasma mycoides subsp. capri		GM12			synthetic		GCF_900489715.1-RS_2025_02_25	Complete Genome	2019-02-12		1	Mycoplasma mycoides
GCF_900489665.1	MMC-GTS-glpFKO	2025-02-25	Mycoplasma mycoides subsp. capri		GM12			synthetic		GCF_900489665.1-RS_2025_02_25	Complete Genome	2019-02-12		1	Mycoplasma mycoides
GCF_900489805.1	WT-YCP-cl5-2-W303	2025-02-25	Mycoplasma mycoides subsp. capri		GM12			synthetic		GCF_900489805.1-RS_2025_02_25	Complete Genome	2019-02-12		1	Mycoplasma mycoides
GCF_900489595.1	MMC-glpF-glpU	2025-02-25	Mycoplasma mycoides subsp. capri		GM12			synthetic		GCF_900489595.1-RS_2025_02_25	Complete Genome	2019-02-12		1	Mycoplasma mycoides
GCF_900489685.1	MMC-GTS-glpF	2025-02-25	Mycoplasma mycoides subsp. capri		GM12			synthetic		GCF_900489685.1-RS_2025_02_25	Complete Genome	2019-02-12		1	Mycoplasma mycoides
GCF_900489625.1	MMC-glpO	2025-02-25	Mycoplasma mycoides subsp. capri		GM12			synthetic		GCF_900489625.1-RS_2025_02_25	Complete Genome	2019-02-12		1	Mycoplasma mycoides
GCF_018389825.1	ASM1838982v1	2025-02-25	Mycoplasma mycoides subsp. capri		152/93					GCF_018389825.1-RS_2025_02_25	Complete Genome	2021-05-17		2	Mycoplasma mycoides
GCF_900489555.1	MMC68	2025-02-25	Mycoplasma mycoides subsp. capri		GM12			synthetic		GCF_900489555.1-RS_2025_02_25	Complete Genome	2019-02-12		1	Mycoplasma mycoides
GCF_000143865.1	ASM14386v1	2025-02-25	Mycoplasma mycoides subsp. mycoides SC str. Gladysdale		Gladysdale					GCF_000143865.1-RS_2025_02_25	Complete Genome	2010-07-26		1	Mycoplasma mycoides
GCF_000253075.1	ASM25307v1	2025-02-25	Mycoplasma mycoides subsp. capri LC str. 95010		95010					GCF_000253075.1-RS_2025_02_25	Complete Genome	2011-04-12		2	Mycoplasma mycoides
GCF_026167645.1	ASM2616764v1	2024-12-21	Mycoplasma mycoides subsp. capri		HN-A					GCF_026167645.1-RS_2024_12_21	Complete Genome	2022-11-14		1	Mycoplasma mycoides
GCF_018389625.1	ASM1838962v1	2024-12-20	Mycoplasma mycoides subsp. capri		M-18					GCF_018389625.1-RS_2024_12_20	Complete Genome	2021-05-17		1	Mycoplasma mycoides
GCF_018389585.1	ASM1838958v1	2024-12-20	Mycoplasma mycoides subsp. capri		My-325					GCF_018389585.1-RS_2024_12_20	Complete Genome	2021-05-17		1	Mycoplasma mycoides
GCF_018389765.1	ASM1838976v1	2024-12-20	Mycoplasma mycoides subsp. capri		7730					GCF_018389765.1-RS_2024_12_20	Complete Genome	2021-05-17		1	Mycoplasma mycoides
GCF_040256845.1	ASM4025684v1	2025-06-20	Mycoplasmoides pneumoniae		M129					GCF_040256845.1-RS_2025_06_20	Complete Genome	2024-06-21		1	Mycoplasmoides pneumoniae
GCF_002128125.1	ASM212812v1	2025-04-07	Mycoplasmoides pneumoniae		CO3					GCF_002128125.1-RS_2025_04_07	Complete Genome	2017-05-11		1	Mycoplasmoides pneumoniae
GCF_002128265.1	ASM212826v1	2025-04-07	Mycoplasmoides pneumoniae		519					GCF_002128265.1-RS_2025_04_07	Complete Genome	2017-05-11		1	Mycoplasmoides pneumoniae
GCF_002128005.1	ASM212800v1	2025-04-07	Mycoplasmoides pneumoniae		E57					GCF_002128005.1-RS_2025_04_07	Complete Genome	2017-05-11		1	Mycoplasmoides pneumoniae
GCF_002128085.1	ASM212808v1	2025-04-07	Mycoplasmoides pneumoniae		RI3					GCF_002128085.1-RS_2025_04_07	Complete Genome	2017-05-11		1	Mycoplasmoides pneumoniae
GCF_002128285.1	ASM212828v1	2025-04-07	Mycoplasmoides pneumoniae		GA3					GCF_002128285.1-RS_2025_04_07	Complete Genome	2017-05-11		1	Mycoplasmoides pneumoniae
GCF_002128205.1	ASM212820v1	2025-04-07	Mycoplasmoides pneumoniae		1006					GCF_002128205.1-RS_2025_04_07	Complete Genome	2017-05-11		1	Mycoplasmoides pneumoniae
GCF_002128105.1	ASM212810v1	2025-04-07	Mycoplasmoides pneumoniae		1801					GCF_002128105.1-RS_2025_04_07	Complete Genome	2017-05-11		1	Mycoplasmoides pneumoniae
GCF_002128235.1	ASM212823v1	2025-04-07	Mycoplasmoides pneumoniae		1134					GCF_002128235.1-RS_2025_04_07	Complete Genome	2017-05-11		1	Mycoplasmoides pneumoniae
GCF_002128165.1	ASM212816v1	2025-04-07	Mycoplasmoides pneumoniae		CO103					GCF_002128165.1-RS_2025_04_07	Complete Genome	2017-05-11		1	Mycoplasmoides pneumoniae
GCF_002128185.1	ASM212818v1	2025-04-07	Mycoplasmoides pneumoniae		K27					GCF_002128185.1-RS_2025_04_07	Complete Genome	2017-05-11		1	Mycoplasmoides pneumoniae
GCF_002128145.1	ASM212814v1	2025-04-07	Mycoplasmoides pneumoniae		FL1					GCF_002128145.1-RS_2025_04_07	Complete Genome	2017-05-11		1	Mycoplasmoides pneumoniae
GCF_002147855.1	ASM214785v1	2025-04-07	Mycoplasmoides pneumoniae		M129 2002					GCF_002147855.1-RS_2025_04_07	Complete Genome	2017-05-17		1	Mycoplasmoides pneumoniae
GCF_002128025.1	ASM212802v1	2025-04-07	Mycoplasmoides pneumoniae		549					GCF_002128025.1-RS_2025_04_07	Complete Genome	2017-05-11		1	Mycoplasmoides pneumoniae
GCF_002128045.1	ASM212804v1	2025-04-07	Mycoplasmoides pneumoniae		FL8					GCF_002128045.1-RS_2025_04_07	Complete Genome	2017-05-11		1	Mycoplasmoides pneumoniae
GCF_002128065.1	ASM212806v1	2025-04-07	Mycoplasmoides pneumoniae		E16					GCF_002128065.1-RS_2025_04_07	Complete Genome	2017-05-11		1	Mycoplasmoides pneumoniae
GCF_002127985.1	ASM212798v1	2025-04-07	Mycoplasmoides pneumoniae		685					GCF_002127985.1-RS_2025_04_07	Complete Genome	2017-05-11		1	Mycoplasmoides pneumoniae
GCF_009942155.1	ASM994215v1	2025-02-28	Mycoplasmoides pneumoniae		14-637					GCF_009942155.1-RS_2025_02_28	Complete Genome	2020-01-29		1	Mycoplasmoides pneumoniae
GCF_009939745.1	ASM993974v1	2025-02-28	Mycoplasmoides pneumoniae		16-734					GCF_009939745.1-RS_2025_02_28	Complete Genome	2020-01-29		1	Mycoplasmoides pneumoniae
GCF_002355715.1	ASM235571v1	2025-02-28	Mycoplasmoides pneumoniae		KCH-405					GCF_002355715.1-RS_2025_02_28	Complete Genome	2016-07-04		1	Mycoplasmoides pneumoniae
GCF_009947575.1	ASM994757v1	2025-02-28	Mycoplasmoides pneumoniae		10-1059					GCF_009947575.1-RS_2025_02_28	Complete Genome	2020-01-29		1	Mycoplasmoides pneumoniae
GCF_009939845.1	ASM993984v1	2025-02-28	Mycoplasmoides pneumoniae		16-004					GCF_009939845.1-RS_2025_02_28	Complete Genome	2020-01-29		1	Mycoplasmoides pneumoniae
GCF_009947205.1	ASM994720v1	2025-02-28	Mycoplasmoides pneumoniae		10-1110					GCF_009947205.1-RS_2025_02_28	Complete Genome	2020-01-29		1	Mycoplasmoides pneumoniae
GCF_009942655.1	ASM994265v1	2025-02-28	Mycoplasmoides pneumoniae		12-060					GCF_009942655.1-RS_2025_02_28	Complete Genome	2020-01-29		1	Mycoplasmoides pneumoniae
GCF_009944335.1	ASM994433v1	2025-02-28	Mycoplasmoides pneumoniae		11-212					GCF_009944335.1-RS_2025_02_28	Complete Genome	2020-01-29		1	Mycoplasmoides pneumoniae
GCF_001558175.1	ASM155817v1	2025-02-28	Mycoplasmoides pneumoniae		C267					GCF_001558175.1-RS_2025_02_28	Complete Genome	2016-02-11		1	Mycoplasmoides pneumoniae
GCF_009939825.1	ASM993982v1	2025-02-28	Mycoplasmoides pneumoniae		16-032					GCF_009939825.1-RS_2025_02_28	Complete Genome	2020-01-29		1	Mycoplasmoides pneumoniae
GCF_009947985.1	ASM994798v1	2025-02-28	Mycoplasmoides pneumoniae		10-1048					GCF_009947985.1-RS_2025_02_28	Complete Genome	2020-01-29		1	Mycoplasmoides pneumoniae
GCF_002090215.1	ASM209021v1	2025-02-28	Mycoplasmoides pneumoniae		S63-tet-R					GCF_002090215.1-RS_2025_02_28	Complete Genome	2017-04-13		1	Mycoplasmoides pneumoniae
GCF_002095995.1	ASM209599v1	2025-02-28	Mycoplasmoides pneumoniae		S4-tet-R					GCF_002095995.1-RS_2025_02_28	Complete Genome	2017-04-18		1	Mycoplasmoides pneumoniae
GCF_002096015.1	ASM209601v1	2025-02-28	Mycoplasmoides pneumoniae		S34-tet-R					GCF_002096015.1-RS_2025_02_28	Complete Genome	2017-04-18		1	Mycoplasmoides pneumoniae
GCF_002096035.1	ASM209603v1	2025-02-28	Mycoplasmoides pneumoniae		S12-tet-R					GCF_002096035.1-RS_2025_02_28	Complete Genome	2017-04-18		1	Mycoplasmoides pneumoniae
GCF_002090315.1	ASM209031v1	2025-02-28	Mycoplasmoides pneumoniae		S91-tet-R					GCF_002090315.1-RS_2025_02_28	Complete Genome	2017-04-13		1	Mycoplasmoides pneumoniae
GCF_009948395.1	ASM994839v1	2025-02-28	Mycoplasmoides pneumoniae		10-980					GCF_009948395.1-RS_2025_02_28	Complete Genome	2020-01-29		1	Mycoplasmoides pneumoniae
GCF_002090275.1	ASM209027v1	2025-02-28	Mycoplasmoides pneumoniae		S68-tet-R					GCF_002090275.1-RS_2025_02_28	Complete Genome	2017-04-13		1	Mycoplasmoides pneumoniae
GCF_002090235.1	ASM209023v1	2025-02-28	Mycoplasmoides pneumoniae		FH-tet-R					GCF_002090235.1-RS_2025_02_28	Complete Genome	2017-04-13		1	Mycoplasmoides pneumoniae
GCF_009946285.1	ASM994628v1	2025-02-28	Mycoplasmoides pneumoniae		10-1257					GCF_009946285.1-RS_2025_02_28	Complete Genome	2020-01-29		1	Mycoplasmoides pneumoniae
GCF_009943205.1	ASM994320v1	2025-02-28	Mycoplasmoides pneumoniae		11-994					GCF_009943205.1-RS_2025_02_28	Complete Genome	2020-01-29		1	Mycoplasmoides pneumoniae
GCF_002090295.1	ASM209029v1	2025-02-28	Mycoplasmoides pneumoniae		S55-tet-R					GCF_002090295.1-RS_2025_02_28	Complete Genome	2017-04-13		1	Mycoplasmoides pneumoniae
GCF_910574535.1	mpn_CV2	2025-02-28	Mycoplasmoides pneumoniae M129					mpn_CV2_gDNA_passage0		GCF_910574535.1-RS_2025_02_28	Complete Genome	2021-07-06		1	Mycoplasmoides pneumoniae
GCF_000283755.1	ASM28375v1	2025-02-28	Mycoplasmoides pneumoniae 309		309					GCF_000283755.1-RS_2025_02_28	Complete Genome	2011-11-30		1	Mycoplasmoides pneumoniae
GCF_001272775.1	ASM127277v1	2025-02-28	Mycoplasmoides pneumoniae 54524		54524					GCF_001272775.1-RS_2025_02_28	Complete Genome	2015-08-21		1	Mycoplasmoides pneumoniae
GCF_001272755.1	ASM127275v1	2025-02-28	Mycoplasmoides pneumoniae 54089		54089					GCF_001272755.1-RS_2025_02_28	Complete Genome	2015-08-21		1	Mycoplasmoides pneumoniae
GCF_000319675.2	ASM31967v2	2025-02-28	Mycoplasmoides pneumoniae PI 1428		PI 1428					GCF_000319675.2-RS_2025_02_28	Complete Genome	2015-08-21		1	Mycoplasmoides pneumoniae
GCF_000331085.3	ASM33108v2	2025-02-28	Mycoplasmoides pneumoniae M129-B7		M129-B7					GCF_000331085.3-RS_2025_02_28	Complete Genome	2015-03-03		1	Mycoplasmoides pneumoniae
GCF_001272735.1	ASM127273v1	2025-02-28	Mycoplasmoides pneumoniae 51494		51494					GCF_001272735.1-RS_2025_02_28	Complete Genome	2015-08-21		1	Mycoplasmoides pneumoniae
GCF_001272835.1	ASM127283v1	2025-02-27	Mycoplasmoides pneumoniae FH		FH					GCF_001272835.1-RS_2025_02_27	Complete Genome	2015-08-21		1	Mycoplasmoides pneumoniae
GCF_001901705.1	ASM190170v1	2025-02-27	Mycoplasmoides pneumoniae		FH 2009					GCF_001901705.1-RS_2025_02_27	Complete Genome	2016-12-13		1	Mycoplasmoides pneumoniae
GCF_009943505.1	ASM994350v1	2025-02-27	Mycoplasmoides pneumoniae		11-949					GCF_009943505.1-RS_2025_02_27	Complete Genome	2020-01-29		1	Mycoplasmoides pneumoniae
GCF_009943805.1	ASM994380v1	2025-02-27	Mycoplasmoides pneumoniae		11-634					GCF_009943805.1-RS_2025_02_27	Complete Genome	2020-01-29		1	Mycoplasmoides pneumoniae
GCF_000183385.1	ASM18338v1	2025-08-31	Mycoplasmopsis bovis PG45		PG45					GCF_000183385.1-RS_2025_08_31	Complete Genome	2010-11-30		1	Mycoplasmopsis bovis
GCF_022810845.1	ASM2281084v1	2025-08-15	Mycoplasmopsis bovis		Purrawunda_QLD_AUS_2003					GCF_022810845.1-RS_2025_08_15	Complete Genome	2022-04-04		1	Mycoplasmopsis bovis
GCF_030060945.1	ASM3006094v1	2025-08-14	Mycoplasmopsis bovis		Millmerran_QLD_AUS_2009					GCF_030060945.1-RS_2025_08_14	Complete Genome	2023-05-22		1	Mycoplasmopsis bovis
GCF_020422965.1	ASM2042296v1	2025-06-20	Mycoplasmopsis bovis		J228			J228		GCF_020422965.1-RS_2025_06_20	Complete Genome	2021-10-12		1	Mycoplasmopsis bovis
GCF_003354385.1	ASM335438v1	2025-06-20	Mycoplasmopsis bovis		NADC68					GCF_003354385.1-RS_2025_06_20	Complete Genome	2018-08-03		1	Mycoplasmopsis bovis
GCF_029855705.1	ASM2985570v1	2025-06-20	Mycoplasmopsis bovis		15DD0234					GCF_029855705.1-RS_2025_06_20	Complete Genome	2023-04-24		1	Mycoplasmopsis bovis
GCF_003354525.1	ASM335452v1	2025-06-20	Mycoplasmopsis bovis		NADC70					GCF_003354525.1-RS_2025_06_20	Complete Genome	2018-08-03		1	Mycoplasmopsis bovis
GCF_029855525.1	ASM2985552v1	2025-06-20	Mycoplasmopsis bovis		15DD0160					GCF_029855525.1-RS_2025_06_20	Complete Genome	2023-04-24		1	Mycoplasmopsis bovis
GCF_003354345.1	ASM335434v1	2025-06-20	Mycoplasmopsis bovis		NADC58					GCF_003354345.1-RS_2025_06_20	Complete Genome	2018-08-03		1	Mycoplasmopsis bovis
GCF_029855725.1	ASM2985572v1	2025-06-20	Mycoplasmopsis bovis		15DD0238					GCF_029855725.1-RS_2025_06_20	Complete Genome	2023-04-24		1	Mycoplasmopsis bovis
GCF_029855545.1	ASM2985554v1	2025-06-20	Mycoplasmopsis bovis		15DD0161					GCF_029855545.1-RS_2025_06_20	Complete Genome	2023-04-24		1	Mycoplasmopsis bovis
GCF_020422985.1	ASM2042298v1	2025-06-20	Mycoplasmopsis bovis		J137			J137		GCF_020422985.1-RS_2025_06_20	Complete Genome	2021-10-12		1	Mycoplasmopsis bovis
GCF_003354485.1	ASM335448v1	2025-06-20	Mycoplasmopsis bovis		NADC56					GCF_003354485.1-RS_2025_06_20	Complete Genome	2018-08-03		1	Mycoplasmopsis bovis
GCF_029855825.1	ASM2985582v1	2025-06-20	Mycoplasmopsis bovis		15DL0124					GCF_029855825.1-RS_2025_06_20	Complete Genome	2023-04-24		1	Mycoplasmopsis bovis
GCF_029855465.1	ASM2985546v1	2025-06-20	Mycoplasmopsis bovis		14DD0475					GCF_029855465.1-RS_2025_06_20	Complete Genome	2023-04-24		1	Mycoplasmopsis bovis
GCF_021497125.1	ASM2149712v1	2025-06-20	Mycoplasmopsis bovis		NADC53					GCF_021497125.1-RS_2025_06_20	Complete Genome	2022-01-18		1	Mycoplasmopsis bovis
GCF_022221365.1	ASM2222136v1	2025-06-20	Mycoplasmopsis bovis		Mb191					GCF_022221365.1-RS_2025_06_20	Complete Genome	2022-02-14		1	Mycoplasmopsis bovis
GCF_021497185.1	ASM2149718v1	2025-06-20	Mycoplasmopsis bovis		NADC83					GCF_021497185.1-RS_2025_06_20	Complete Genome	2022-01-18		1	Mycoplasmopsis bovis
GCF_029855445.1	ASM2985544v1	2025-06-20	Mycoplasmopsis bovis		14DD0147					GCF_029855445.1-RS_2025_06_20	Complete Genome	2023-04-24		1	Mycoplasmopsis bovis
GCF_029855505.1	ASM2985550v1	2025-06-20	Mycoplasmopsis bovis		15DD0141					GCF_029855505.1-RS_2025_06_20	Complete Genome	2023-04-24		1	Mycoplasmopsis bovis
GCF_020423005.1	ASM2042300v1	2025-06-20	Mycoplasmopsis bovis		J81			J81		GCF_020423005.1-RS_2025_06_20	Complete Genome	2021-10-12		1	Mycoplasmopsis bovis
GCF_029855765.1	ASM2985576v1	2025-06-20	Mycoplasmopsis bovis		15DD0249					GCF_029855765.1-RS_2025_06_20	Complete Genome	2023-04-24		1	Mycoplasmopsis bovis
GCF_032463445.1	ASM3246344v1	2025-06-20	Mycoplasmopsis bovis		NX114					GCF_032463445.1-RS_2025_06_20	Complete Genome	2023-10-08		1	Mycoplasmopsis bovis
GCF_029201205.1	ASM2920120v1	2025-06-20	Mycoplasmopsis bovis		1E2007VBG					GCF_029201205.1-RS_2025_06_20	Complete Genome	2023-03-14		1	Mycoplasmopsis bovis
GCF_016452225.2	ASM1645222v2	2025-06-20	Mycoplasmopsis bovis		Mb239					GCF_016452225.2-RS_2025_06_20	Complete Genome	2023-09-12		1	Mycoplasmopsis bovis
GCF_029855605.1	ASM2985560v1	2025-06-20	Mycoplasmopsis bovis		15DD0207					GCF_029855605.1-RS_2025_06_20	Complete Genome	2023-04-24		1	Mycoplasmopsis bovis
GCF_003354285.1	ASM335428v1	2025-06-20	Mycoplasmopsis bovis		MJ4					GCF_003354285.1-RS_2025_06_20	Complete Genome	2018-08-03		1	Mycoplasmopsis bovis
GCF_016807725.1	ASM1680772v1	2025-06-20	Mycoplasmopsis bovis		Mb160					GCF_016807725.1-RS_2025_06_20	Complete Genome	2021-02-04		1	Mycoplasmopsis bovis
GCF_900088685.1	JF4278	2025-06-20	Mycoplasmopsis bovis					JF4278		GCF_900088685.1-RS_2025_06_20	Complete Genome	2017-12-20		1	Mycoplasmopsis bovis
GCF_020423025.1	ASM2042302v1	2025-06-20	Mycoplasmopsis bovis		J6			J6		GCF_020423025.1-RS_2025_06_20	Complete Genome	2021-10-12		1	Mycoplasmopsis bovis
GCF_002749575.1	ASM274957v1	2025-06-20	Mycoplasmopsis bovis		Ningxia-1					GCF_002749575.1-RS_2025_06_20	Complete Genome	2017-11-03		1	Mycoplasmopsis bovis
GCF_029855785.1	ASM2985578v1	2025-06-20	Mycoplasmopsis bovis		15DD0250					GCF_029855785.1-RS_2025_06_20	Complete Genome	2023-04-24		1	Mycoplasmopsis bovis
GCF_003354425.1	ASM335442v1	2025-06-20	Mycoplasmopsis bovis		MJ3					GCF_003354425.1-RS_2025_06_20	Complete Genome	2018-08-03		1	Mycoplasmopsis bovis
GCF_024396455.1	ASM2439645v1	2025-06-20	Mycoplasmopsis bovis		F9160					GCF_024396455.1-RS_2025_06_20	Complete Genome	2022-07-25		1	Mycoplasmopsis bovis
GCF_029855805.1	ASM2985580v1	2025-06-20	Mycoplasmopsis bovis		15DD0261					GCF_029855805.1-RS_2025_06_20	Complete Genome	2023-04-24		1	Mycoplasmopsis bovis
GCF_011996525.1	ASM1199652v1	2025-06-20	Mycoplasmopsis bovis		MJ1					GCF_011996525.1-RS_2025_06_20	Complete Genome	2020-04-03		1	Mycoplasmopsis bovis
GCF_021497165.1	ASM2149716v1	2025-06-20	Mycoplasmopsis bovis		NADC81					GCF_021497165.1-RS_2025_06_20	Complete Genome	2022-01-18		1	Mycoplasmopsis bovis
GCF_004792535.1	ASM479253v1	2025-06-20	Mycoplasmopsis bovis		16M					GCF_004792535.1-RS_2025_06_20	Complete Genome	2019-04-14		1	Mycoplasmopsis bovis
GCF_002009275.1	ASM200927v1	2025-06-20	Mycoplasmopsis bovis		08M					GCF_002009275.1-RS_2025_06_20	Complete Genome	2017-03-02		1	Mycoplasmopsis bovis
GCF_021497145.1	ASM2149714v1	2025-06-20	Mycoplasmopsis bovis		NADC72					GCF_021497145.1-RS_2025_06_20	Complete Genome	2022-01-18		1	Mycoplasmopsis bovis
GCF_029855845.1	ASM2985584v1	2025-06-20	Mycoplasmopsis bovis		16DD0001					GCF_029855845.1-RS_2025_06_20	Complete Genome	2023-04-24		1	Mycoplasmopsis bovis
GCF_029855485.1	ASM2985548v1	2025-06-20	Mycoplasmopsis bovis		15DD0123					GCF_029855485.1-RS_2025_06_20	Complete Genome	2023-04-24		1	Mycoplasmopsis bovis
GCF_029855585.1	ASM2985558v1	2025-06-20	Mycoplasmopsis bovis		15DD0165					GCF_029855585.1-RS_2025_06_20	Complete Genome	2023-04-24		1	Mycoplasmopsis bovis
GCF_024396435.1	ASM2439643v1	2025-06-20	Mycoplasmopsis bovis		L15762					GCF_024396435.1-RS_2025_06_20	Complete Genome	2022-07-25		1	Mycoplasmopsis bovis
GCF_029855685.1	ASM2985568v1	2025-06-20	Mycoplasmopsis bovis		15DD0233					GCF_029855685.1-RS_2025_06_20	Complete Genome	2023-04-24		1	Mycoplasmopsis bovis
GCF_029855885.1	ASM2985588v1	2025-06-20	Mycoplasmopsis bovis		16DD0100					GCF_029855885.1-RS_2025_06_20	Complete Genome	2023-04-24		1	Mycoplasmopsis bovis
GCF_021497085.1	ASM2149708v1	2025-06-20	Mycoplasmopsis bovis		KRB1					GCF_021497085.1-RS_2025_06_20	Complete Genome	2022-01-18		1	Mycoplasmopsis bovis
GCF_009156025.2	ASM915602v2	2025-06-20	Mycoplasmopsis bovis		RM16					GCF_009156025.2-RS_2025_06_20	Complete Genome	2021-10-18		1	Mycoplasmopsis bovis
GCF_001043135.1	ASM104313v1	2025-06-20	Mycoplasmopsis bovis		NM 2012			pathogen isolation, culture and biochemical identification method		GCF_001043135.1-RS_2025_06_20	Complete Genome	2015-06-30		1	Mycoplasmopsis bovis
GCF_021497105.1	ASM2149710v1	2025-06-20	Mycoplasmopsis bovis		NADC51					GCF_021497105.1-RS_2025_06_20	Complete Genome	2022-01-18		1	Mycoplasmopsis bovis
GCF_019380275.1	ASM1938027v1	2025-09-01	Neisseria gonorrhoeae		CT213					GCF_019380275.1-RS_2025_09_01	Complete Genome	2021-07-28		4	Neisseria gonorrhoeae
GCF_027920425.1	ASM2792042v1	2025-08-25	Neisseria gonorrhoeae		MS11 HL-1-22					GCF_027920425.1-RS_2025_08_25	Complete Genome	2023-01-19		2	Neisseria gonorrhoeae
GCF_004001105.1	ASM400110v1	2025-08-25	Neisseria gonorrhoeae		FC428					GCF_004001105.1-RS_2025_08_25	Complete Genome	2018-12-14		4	Neisseria gonorrhoeae
GCF_004001185.1	ASM400118v1	2025-08-25	Neisseria gonorrhoeae		FC498					GCF_004001185.1-RS_2025_08_25	Complete Genome	2018-12-14		3	Neisseria gonorrhoeae
GCF_004001165.1	ASM400116v1	2025-08-25	Neisseria gonorrhoeae		FC460					GCF_004001165.1-RS_2025_08_25	Complete Genome	2018-12-14		4	Neisseria gonorrhoeae
GCF_900637245.1	50305_B01	2025-08-25	Neisseria gonorrhoeae		NCTC13484					GCF_900637245.1-RS_2025_08_25	Complete Genome	2018-12-20		1	Neisseria gonorrhoeae
GCF_019212165.1	ASM1921216v1	2025-08-11	Neisseria gonorrhoeae		MS11					GCF_019212165.1-RS_2025_08_11	Complete Genome	2021-07-14		1	Neisseria gonorrhoeae
GCF_019211865.1	ASM1921186v1	2025-08-11	Neisseria gonorrhoeae		O1G1370					GCF_019211865.1-RS_2025_08_11	Complete Genome	2021-07-14		1	Neisseria gonorrhoeae
GCF_019211825.1	ASM1921182v1	2025-08-11	Neisseria gonorrhoeae		1291					GCF_019211825.1-RS_2025_08_11	Complete Genome	2021-07-14		1	Neisseria gonorrhoeae
GCF_019211885.1	ASM1921188v1	2025-08-11	Neisseria gonorrhoeae		88G285					GCF_019211885.1-RS_2025_08_11	Complete Genome	2021-07-14		1	Neisseria gonorrhoeae
GCF_019212025.1	ASM1921202v1	2025-08-11	Neisseria gonorrhoeae		SK92679					GCF_019212025.1-RS_2025_08_11	Complete Genome	2021-07-14		1	Neisseria gonorrhoeae
GCF_019211845.1	ASM1921184v1	2025-08-11	Neisseria gonorrhoeae		98D159					GCF_019211845.1-RS_2025_08_11	Complete Genome	2021-07-14		1	Neisseria gonorrhoeae
GCF_019211805.1	ASM1921180v1	2025-08-11	Neisseria gonorrhoeae		O2D156					GCF_019211805.1-RS_2025_08_11	Complete Genome	2021-07-14		1	Neisseria gonorrhoeae
GCF_030644925.1	ASM3064492v1	2025-08-10	Neisseria gonorrhoeae		NJ204705					GCF_030644925.1-RS_2025_08_10	Complete Genome	2023-08-05		1	Neisseria gonorrhoeae
GCF_030645025.1	ASM3064502v1	2025-08-09	Neisseria gonorrhoeae		NJ197542					GCF_030645025.1-RS_2025_08_09	Complete Genome	2023-08-05		1	Neisseria gonorrhoeae
GCF_030645045.1	ASM3064504v1	2025-08-09	Neisseria gonorrhoeae		NJ196610					GCF_030645045.1-RS_2025_08_09	Complete Genome	2023-08-05		1	Neisseria gonorrhoeae
GCF_030644965.1	ASM3064496v1	2025-08-09	Neisseria gonorrhoeae		NJ1914215					GCF_030644965.1-RS_2025_08_09	Complete Genome	2023-08-05		1	Neisseria gonorrhoeae
GCF_030644865.1	ASM3064486v1	2025-08-09	Neisseria gonorrhoeae		NJ209649					GCF_030644865.1-RS_2025_08_09	Complete Genome	2023-08-05		1	Neisseria gonorrhoeae
GCF_030645005.1	ASM3064500v1	2025-08-09	Neisseria gonorrhoeae		NJ1911400					GCF_030645005.1-RS_2025_08_09	Complete Genome	2023-08-05		1	Neisseria gonorrhoeae
GCF_030644945.1	ASM3064494v1	2025-08-09	Neisseria gonorrhoeae		NJ1914646					GCF_030644945.1-RS_2025_08_09	Complete Genome	2023-08-05		1	Neisseria gonorrhoeae
GCF_030645065.1	ASM3064506v1	2025-08-09	Neisseria gonorrhoeae		NJ195417					GCF_030645065.1-RS_2025_08_09	Complete Genome	2023-08-05		1	Neisseria gonorrhoeae
GCF_030644885.1	ASM3064488v1	2025-08-09	Neisseria gonorrhoeae		NJ208756					GCF_030644885.1-RS_2025_08_09	Complete Genome	2023-08-05		1	Neisseria gonorrhoeae
GCF_030644985.1	ASM3064498v1	2025-08-09	Neisseria gonorrhoeae		NJ1913940					GCF_030644985.1-RS_2025_08_09	Complete Genome	2023-08-05		1	Neisseria gonorrhoeae
GCF_030644905.1	ASM3064490v1	2025-08-09	Neisseria gonorrhoeae		NJ208430					GCF_030644905.1-RS_2025_08_09	Complete Genome	2023-08-05		1	Neisseria gonorrhoeae
GCF_051802265.1	ASM5180226v1	2025-08-05	Neisseria gonorrhoeae		SRRSH-762					GCF_051802265.1-RS_2025_08_05	Complete Genome	2025-08-06		2	Neisseria gonorrhoeae
GCF_051802275.1	ASM5180227v1	2025-08-05	Neisseria gonorrhoeae		SRRSH-772					GCF_051802275.1-RS_2025_08_05	Complete Genome	2025-08-06		2	Neisseria gonorrhoeae
GCF_051801835.1	ASM5180183v1	2025-08-05	Neisseria gonorrhoeae		SRRSH-634					GCF_051801835.1-RS_2025_08_05	Complete Genome	2025-08-06		2	Neisseria gonorrhoeae
GCF_051513975.1	ASM5151397v1	2025-07-24	Neisseria gonorrhoeae		JS-23-24					GCF_051513975.1-RS_2025_07_24	Complete Genome	2025-07-29		4	Neisseria gonorrhoeae
GCF_003571465.1	ASM357146v1	2025-07-19	Neisseria gonorrhoeae		RIVM0640					GCF_003571465.1-RS_2025_07_19	Complete Genome	2017-08-02		1	Neisseria gonorrhoeae
GCF_003571445.1	ASM357144v1	2025-07-19	Neisseria gonorrhoeae		RIVM0610					GCF_003571445.1-RS_2025_07_19	Complete Genome	2017-08-02		1	Neisseria gonorrhoeae
GCF_015509285.1	ASM1550928v1	2025-07-17	Neisseria gonorrhoeae		TUM 19855					GCF_015509285.1-RS_2025_07_17	Complete Genome	2020-11-11		2	Neisseria gonorrhoeae
GCF_013030095.1	ASM1303009v1	2025-07-16	Neisseria gonorrhoeae		TUM15748					GCF_013030095.1-RS_2025_07_16	Complete Genome	2020-05-01		2	Neisseria gonorrhoeae
GCF_013030055.1	ASM1303005v1	2025-07-16	Neisseria gonorrhoeae		TUM19853					GCF_013030055.1-RS_2025_07_16	Complete Genome	2020-05-01		2	Neisseria gonorrhoeae
GCF_013030115.1	ASM1303011v1	2025-07-16	Neisseria gonorrhoeae		TUM15753					GCF_013030115.1-RS_2025_07_16	Complete Genome	2020-05-01		2	Neisseria gonorrhoeae
GCF_013030135.1	ASM1303013v1	2025-07-16	Neisseria gonorrhoeae		TUM16691					GCF_013030135.1-RS_2025_07_16	Complete Genome	2020-05-01		2	Neisseria gonorrhoeae
GCF_018798905.1	ASM1879890v1	2025-06-26	Neisseria gonorrhoeae		NG250					GCF_018798905.1-RS_2025_06_26	Complete Genome	2021-06-09		4	Neisseria gonorrhoeae
GCF_023611785.1	ASM2361178v1	2025-06-04	Neisseria gonorrhoeae		CT530					GCF_023611785.1-RS_2025_06_04	Complete Genome	2022-05-31		4	Neisseria gonorrhoeae
GCF_023611765.1	ASM2361176v1	2025-06-04	Neisseria gonorrhoeae		CT532					GCF_023611765.1-RS_2025_06_04	Complete Genome	2022-05-31		4	Neisseria gonorrhoeae
GCF_023611705.1	ASM2361170v1	2025-06-04	Neisseria gonorrhoeae		CT602					GCF_023611705.1-RS_2025_06_04	Complete Genome	2022-05-31		4	Neisseria gonorrhoeae
GCF_023205595.1	ASM2320559v1	2025-05-14	Neisseria gonorrhoeae		NG211					GCF_023205595.1-RS_2025_05_14	Complete Genome	2022-05-02		4	Neisseria gonorrhoeae
GCF_013030075.1	ASM1303007v1	2025-04-27	Neisseria gonorrhoeae		TUM19854					GCF_013030075.1-RS_2025_04_27	Complete Genome	2020-05-01		2	Neisseria gonorrhoeae
GCF_038420435.1	ASM3842043v1	2025-04-23	Neisseria gonorrhoeae		2020C08-294					GCF_038420435.1-RS_2025_04_23	Complete Genome	2024-04-24		4	Neisseria gonorrhoeae
GCF_038422155.1	ASM3842215v1	2025-04-23	Neisseria gonorrhoeae		2018S05-288					GCF_038422155.1-RS_2025_04_23	Complete Genome	2024-04-24		4	Neisseria gonorrhoeae
GCF_016802335.1	ASM1680233v1	2025-04-18	Neisseria gonorrhoeae		SRRSH229					GCF_016802335.1-RS_2025_04_18	Complete Genome	2021-02-02		3	Neisseria gonorrhoeae
GCF_016802445.1	ASM1680244v1	2025-04-18	Neisseria gonorrhoeae		SRRSH203					GCF_016802445.1-RS_2025_04_18	Complete Genome	2021-02-02		3	Neisseria gonorrhoeae
GCF_016802405.1	ASM1680240v1	2025-04-18	Neisseria gonorrhoeae		SRRSH205					GCF_016802405.1-RS_2025_04_18	Complete Genome	2021-02-02		3	Neisseria gonorrhoeae
GCF_016802425.1	ASM1680242v1	2025-04-18	Neisseria gonorrhoeae		SRRSH204					GCF_016802425.1-RS_2025_04_18	Complete Genome	2021-02-02		3	Neisseria gonorrhoeae
GCF_016802355.1	ASM1680235v1	2025-04-18	Neisseria gonorrhoeae		SRRSH214					GCF_016802355.1-RS_2025_04_18	Complete Genome	2021-02-02		3	Neisseria gonorrhoeae
GCF_016802385.1	ASM1680238v1	2025-04-18	Neisseria gonorrhoeae		SRRSH207					GCF_016802385.1-RS_2025_04_18	Complete Genome	2021-02-02		3	Neisseria gonorrhoeae
GCF_016802315.1	ASM1680231v1	2025-04-18	Neisseria gonorrhoeae		SRRSH240					GCF_016802315.1-RS_2025_04_18	Complete Genome	2021-02-02		3	Neisseria gonorrhoeae
GCF_052161835.1	ASM5216183v1	2025-08-21	Neisseria meningitidis		QH10					GCF_052161835.1-RS_2025_08_21	Complete Genome	2025-08-22		1	Neisseria meningitidis
GCF_052162015.1	ASM5216201v1	2025-08-21	Neisseria meningitidis		QH11					GCF_052162015.1-RS_2025_08_21	Complete Genome	2025-08-22		1	Neisseria meningitidis
GCF_052161855.1	ASM5216185v1	2025-08-21	Neisseria meningitidis		QH12					GCF_052161855.1-RS_2025_08_21	Complete Genome	2025-08-22		1	Neisseria meningitidis
GCF_052161965.1	ASM5216196v1	2025-08-21	Neisseria meningitidis		QH13					GCF_052161965.1-RS_2025_08_21	Complete Genome	2025-08-22		1	Neisseria meningitidis
GCF_052161955.1	ASM5216195v1	2025-08-21	Neisseria meningitidis		QH05					GCF_052161955.1-RS_2025_08_21	Complete Genome	2025-08-22		1	Neisseria meningitidis
GCF_052162005.1	ASM5216200v1	2025-08-21	Neisseria meningitidis		QH09					GCF_052162005.1-RS_2025_08_21	Complete Genome	2025-08-22		1	Neisseria meningitidis
GCF_052161845.1	ASM5216184v1	2025-08-21	Neisseria meningitidis		QH06					GCF_052161845.1-RS_2025_08_21	Complete Genome	2025-08-22		1	Neisseria meningitidis
GCF_052162055.1	ASM5216205v1	2025-08-21	Neisseria meningitidis		QH07					GCF_052162055.1-RS_2025_08_21	Complete Genome	2025-08-22		1	Neisseria meningitidis
GCF_052161865.1	ASM5216186v1	2025-08-21	Neisseria meningitidis		QH04					GCF_052161865.1-RS_2025_08_21	Complete Genome	2025-08-22		1	Neisseria meningitidis
GCF_052161995.1	ASM5216199v1	2025-08-21	Neisseria meningitidis		QH08					GCF_052161995.1-RS_2025_08_21	Complete Genome	2025-08-22		1	Neisseria meningitidis
GCF_052161795.1	ASM5216179v1	2025-08-21	Neisseria meningitidis		QH03					GCF_052161795.1-RS_2025_08_21	Complete Genome	2025-08-22		1	Neisseria meningitidis
GCF_052162035.1	ASM5216203v1	2025-08-21	Neisseria meningitidis		QH01					GCF_052162035.1-RS_2025_08_21	Complete Genome	2025-08-22		1	Neisseria meningitidis
GCF_052162045.1	ASM5216204v1	2025-08-21	Neisseria meningitidis		QH02					GCF_052162045.1-RS_2025_08_21	Complete Genome	2025-08-22		1	Neisseria meningitidis
GCF_000191445.1	ASM19144v1	2025-08-18	Neisseria meningitidis H44/76		H44/76					GCF_000191445.1-RS_2025_08_18	Complete Genome	2011-03-04		1	Neisseria meningitidis
GCF_019048825.1	ASM1904882v1	2025-07-20	Neisseria meningitidis		S4					GCF_019048825.1-RS_2025_07_20	Complete Genome	2021-06-28		1	Neisseria meningitidis
GCF_050966025.1	ASM5096602v1	2025-06-18	Neisseria meningitidis		NX-21-82					GCF_050966025.1-RS_2025_06_18	Complete Genome	2025-06-19		1	Neisseria meningitidis
GCF_050965185.1	ASM5096518v1	2025-06-18	Neisseria meningitidis		NX-23-21					GCF_050965185.1-RS_2025_06_18	Complete Genome	2025-06-19		2	Neisseria meningitidis
GCF_050964255.1	ASM5096425v1	2025-06-18	Neisseria meningitidis		SL-21-03					GCF_050964255.1-RS_2025_06_18	Complete Genome	2025-06-19		2	Neisseria meningitidis
GCF_050965165.1	ASM5096516v1	2025-06-18	Neisseria meningitidis		SL-20-10					GCF_050965165.1-RS_2025_06_18	Complete Genome	2025-06-19		1	Neisseria meningitidis
GCF_050966035.1	ASM5096603v1	2025-06-18	Neisseria meningitidis		NX-21-17					GCF_050966035.1-RS_2025_06_18	Complete Genome	2025-06-19		1	Neisseria meningitidis
GCF_039555245.1	NMB	2025-05-08	Neisseria meningitidis NMB		NMB					GCF_039555245.1-RS_2025_05_08	Complete Genome	2024-05-09		1	Neisseria meningitidis
GCF_008330805.1	ASM833080v1	2025-04-27	Neisseria meningitidis		11-7					GCF_008330805.1-RS_2025_04_27	Complete Genome	2019-09-09		1	Neisseria meningitidis
GCF_022869645.1	ASM2286964v1	2025-04-26	Neisseria meningitidis		PartJ-Nmeningitidis-RM8376					GCF_022869645.1-RS_2025_04_26	Complete Genome	2022-04-11		1	Neisseria meningitidis
GCF_003355215.1	ASM335521v1	2025-04-21	Neisseria meningitidis		M22293					GCF_003355215.1-RS_2025_04_21	Complete Genome	2018-08-05		1	Neisseria meningitidis
GCF_003355315.1	ASM335531v1	2025-04-21	Neisseria meningitidis		M23347					GCF_003355315.1-RS_2025_04_21	Complete Genome	2018-08-05		1	Neisseria meningitidis
GCF_000009465.1	ASM946v1	2025-04-20	Neisseria meningitidis FAM18		FAM18					GCF_000009465.1-RS_2025_04_20	Complete Genome	2007-01-10		1	Neisseria meningitidis
GCF_000191485.1	ASM19148v1	2025-04-15	Neisseria meningitidis M01-240355		M01-240355					GCF_000191485.1-RS_2025_04_15	Complete Genome	2011-03-04		1	Neisseria meningitidis
GCF_000191505.1	ASM19150v1	2025-04-15	Neisseria meningitidis M04-240196		M04-240196					GCF_000191505.1-RS_2025_04_15	Complete Genome	2011-03-04		1	Neisseria meningitidis
GCF_000191525.1	ASM19152v1	2025-04-15	Neisseria meningitidis NZ-05/33		NZ-05/33					GCF_000191525.1-RS_2025_04_15	Complete Genome	2011-03-04		1	Neisseria meningitidis
GCF_000152165.1	ASM15216v1	2025-04-15	Neisseria meningitidis alpha710		alpha710					GCF_000152165.1-RS_2025_04_15	Complete Genome	2010-10-13		1	Neisseria meningitidis
GCF_017347365.1	ASM1734736v1	2025-04-08	Neisseria meningitidis		NIID777					GCF_017347365.1-RS_2025_04_08	Complete Genome	2021-02-26		1	Neisseria meningitidis
GCF_049200445.1	ASM4920044v1	2025-04-02	Neisseria meningitidis		X230103					GCF_049200445.1-RS_2025_04_02	Complete Genome	2025-04-04		1	Neisseria meningitidis
GCF_049190845.1	ASM4919084v1	2025-04-01	Neisseria meningitidis		C230102					GCF_049190845.1-RS_2025_04_01	Complete Genome	2025-04-03		1	Neisseria meningitidis
GCF_003355235.1	ASM335523v1	2025-03-30	Neisseria meningitidis		M25964					GCF_003355235.1-RS_2025_03_30	Complete Genome	2018-08-05		1	Neisseria meningitidis
GCF_003355255.1	ASM335525v1	2025-03-29	Neisseria meningitidis		M21717					GCF_003355255.1-RS_2025_03_29	Complete Genome	2018-08-05		1	Neisseria meningitidis
GCF_000191425.1	ASM19142v1	2025-03-27	Neisseria meningitidis G2136		G2136					GCF_000191425.1-RS_2025_03_27	Complete Genome	2011-03-04		1	Neisseria meningitidis
GCF_001029815.1	ASM102981v1	2025-03-21	Neisseria meningitidis		B6116/77					GCF_001029815.1-RS_2025_03_21	Complete Genome	2015-06-19		1	Neisseria meningitidis
GCF_001029835.1	ASM102983v1	2025-03-21	Neisseria meningitidis M0579		M0579					GCF_001029835.1-RS_2025_03_21	Complete Genome	2015-06-19		1	Neisseria meningitidis
GCF_000191465.1	ASM19146v1	2025-03-20	Neisseria meningitidis M01-240149		M01-240149					GCF_000191465.1-RS_2025_03_20	Complete Genome	2011-03-04		1	Neisseria meningitidis
GCF_002951575.1	ASM295157v1	2025-03-07	Neisseria meningitidis		M21273					GCF_002951575.1-RS_2025_03_07	Complete Genome	2018-02-01		1	Neisseria meningitidis
GCF_001698045.1	ASM169804v1	2025-03-07	Neisseria meningitidis		M07162					GCF_001698045.1-RS_2025_03_07	Complete Genome	2016-08-02		1	Neisseria meningitidis
GCF_001750825.1	ASM175082v1	2025-03-07	Neisseria meningitidis		331401					GCF_001750825.1-RS_2025_03_07	Complete Genome	2016-10-03		1	Neisseria meningitidis
GCF_001697985.1	ASM169798v1	2025-03-07	Neisseria meningitidis		M25419					GCF_001697985.1-RS_2025_03_07	Complete Genome	2016-08-02		1	Neisseria meningitidis
GCF_000787195.2	ASM78719v2	2025-03-07	Neisseria meningitidis		L91543					GCF_000787195.2-RS_2025_03_07	Complete Genome	2016-07-29		1	Neisseria meningitidis
GCF_001697505.1	ASM169750v1	2025-03-05	Neisseria meningitidis		M22811					GCF_001697505.1-RS_2025_03_05	Complete Genome	2016-08-02		1	Neisseria meningitidis
GCF_001697365.1	ASM169736v1	2025-03-05	Neisseria meningitidis		M22809					GCF_001697365.1-RS_2025_03_05	Complete Genome	2016-08-02		1	Neisseria meningitidis
GCF_001697845.1	ASM169784v1	2025-03-05	Neisseria meningitidis		M22783					GCF_001697845.1-RS_2025_03_05	Complete Genome	2016-08-02		1	Neisseria meningitidis
GCF_001697905.1	ASM169790v1	2025-03-05	Neisseria meningitidis		M22160					GCF_001697905.1-RS_2025_03_05	Complete Genome	2016-08-02		1	Neisseria meningitidis
GCF_001698085.1	ASM169808v1	2025-03-05	Neisseria meningitidis		M24705					GCF_001698085.1-RS_2025_03_05	Complete Genome	2016-08-02		1	Neisseria meningitidis
GCF_001697585.1	ASM169758v1	2025-03-05	Neisseria meningitidis		M24730					GCF_001697585.1-RS_2025_03_05	Complete Genome	2016-08-02		1	Neisseria meningitidis
GCF_006351865.1	ASM635186v1	2025-08-30	Pasteurella multocida		PM 8-6					GCF_006351865.1-RS_2025_08_30	Complete Genome	2019-06-17		1	Pasteurella multocida
GCF_026409285.1	ASM2640928v1	2025-08-25	Pasteurella multocida		PF19					GCF_026409285.1-RS_2025_08_25	Complete Genome	2022-11-26		1	Pasteurella multocida
GCF_041442165.1	ASM4144216v1	2025-08-24	Pasteurella multocida		190055					GCF_041442165.1-RS_2025_08_24	Complete Genome	2023-10-02		2	Pasteurella multocida
GCF_030846735.1	ASM3084673v1	2025-08-20	Pasteurella multocida		P1933					GCF_030846735.1-RS_2025_08_20	Complete Genome	2023-08-21		1	Pasteurella multocida
GCF_006232125.1	ASM623212v1	2025-07-31	Pasteurella multocida subsp. multocida		HN01					GCF_006232125.1-RS_2025_07_31	Complete Genome	2019-06-11		1	Pasteurella multocida
GCF_002948995.1	ASM294899v1	2025-07-18	Pasteurella multocida		161215033201-1					GCF_002948995.1-RS_2025_07_18	Complete Genome	2018-02-19		1	Pasteurella multocida
GCF_029762475.1	ASM2976247v1	2025-07-12	Pasteurella multocida		PM-3					GCF_029762475.1-RS_2025_07_12	Complete Genome	2023-04-16		2	Pasteurella multocida
GCF_037021625.1	ASM3702162v1	2025-06-29	Pasteurella multocida		PM1463					GCF_037021625.1-RS_2025_06_29	Complete Genome	2024-04-05		2	Pasteurella multocida
GCF_050994915.1	166CV	2025-06-20	Pasteurella multocida		166CV					GCF_050994915.1-RS_2025_06_20	Complete Genome	2025-06-20		1	Pasteurella multocida
GCF_050994895.1	735CV	2025-06-20	Pasteurella multocida		735CV					GCF_050994895.1-RS_2025_06_20	Complete Genome	2025-06-20		1	Pasteurella multocida
GCF_050994905.1	660CV	2025-06-20	Pasteurella multocida		660CV					GCF_050994905.1-RS_2025_06_20	Complete Genome	2025-06-20		1	Pasteurella multocida
GCF_050994885.1	815PV	2025-06-20	Pasteurella multocida		815PV					GCF_050994885.1-RS_2025_06_20	Complete Genome	2025-06-20		1	Pasteurella multocida
GCF_050994925.1	1094CM	2025-06-20	Pasteurella multocida		1094CM					GCF_050994925.1-RS_2025_06_20	Complete Genome	2025-06-20		1	Pasteurella multocida
GCF_023587705.1	ASM2358770v1	2025-06-03	Pasteurella multocida		29792					GCF_023587705.1-RS_2025_06_03	Complete Genome	2022-05-30		1	Pasteurella multocida
GCF_023587685.1	ASM2358768v1	2025-06-03	Pasteurella multocida		29135					GCF_023587685.1-RS_2025_06_03	Complete Genome	2022-05-30		1	Pasteurella multocida
GCF_023587605.1	ASM2358760v1	2025-06-03	Pasteurella multocida		21275					GCF_023587605.1-RS_2025_06_03	Complete Genome	2022-05-30		1	Pasteurella multocida
GCF_023587725.1	ASM2358772v1	2025-06-03	Pasteurella multocida		39639					GCF_023587725.1-RS_2025_06_03	Complete Genome	2022-05-30		1	Pasteurella multocida
GCF_023587625.1	ASM2358762v1	2025-06-03	Pasteurella multocida		28606					GCF_023587625.1-RS_2025_06_03	Complete Genome	2022-05-30		1	Pasteurella multocida
GCF_023587645.1	ASM2358764v1	2025-06-03	Pasteurella multocida		34030					GCF_023587645.1-RS_2025_06_03	Complete Genome	2022-05-30		1	Pasteurella multocida
GCF_023587585.1	ASM2358758v1	2025-06-03	Pasteurella multocida		36502					GCF_023587585.1-RS_2025_06_03	Complete Genome	2022-05-30		1	Pasteurella multocida
GCF_023587665.1	ASM2358766v1	2025-06-03	Pasteurella multocida		40540					GCF_023587665.1-RS_2025_06_03	Complete Genome	2022-05-30		1	Pasteurella multocida
GCF_023587305.1	ASM2358730v1	2025-06-03	Pasteurella multocida		31971					GCF_023587305.1-RS_2025_06_03	Complete Genome	2022-05-30		1	Pasteurella multocida
GCF_023587465.1	ASM2358746v1	2025-06-03	Pasteurella multocida		41060					GCF_023587465.1-RS_2025_06_03	Complete Genome	2022-05-30		1	Pasteurella multocida
GCF_023587085.1	ASM2358708v1	2025-06-03	Pasteurella multocida		21317					GCF_023587085.1-RS_2025_06_03	Complete Genome	2022-05-30		1	Pasteurella multocida
GCF_023587205.1	ASM2358720v1	2025-06-03	Pasteurella multocida		35564					GCF_023587205.1-RS_2025_06_03	Complete Genome	2022-05-30		1	Pasteurella multocida
GCF_023586965.1	ASM2358696v1	2025-06-03	Pasteurella multocida		38725					GCF_023586965.1-RS_2025_06_03	Complete Genome	2022-05-30		1	Pasteurella multocida
GCF_023573085.1	ASM2357308v1	2025-06-02	Pasteurella multocida		33011					GCF_023573085.1-RS_2025_06_02	Complete Genome	2022-05-29		2	Pasteurella multocida
GCF_023573025.1	ASM2357302v1	2025-06-02	Pasteurella multocida		32985					GCF_023573025.1-RS_2025_06_02	Complete Genome	2022-05-29		2	Pasteurella multocida
GCF_023572905.1	ASM2357290v1	2025-06-02	Pasteurella multocida		11205					GCF_023572905.1-RS_2025_06_02	Complete Genome	2022-05-29		1	Pasteurella multocida
GCF_023573065.1	ASM2357306v1	2025-06-02	Pasteurella multocida		P2095					GCF_023573065.1-RS_2025_06_02	Complete Genome	2022-05-29		2	Pasteurella multocida
GCF_023573005.1	ASM2357300v1	2025-06-02	Pasteurella multocida		P1702					GCF_023573005.1-RS_2025_06_02	Complete Genome	2022-05-29		2	Pasteurella multocida
GCF_023572925.1	ASM2357292v1	2025-06-02	Pasteurella multocida		10957					GCF_023572925.1-RS_2025_06_02	Complete Genome	2022-05-29		1	Pasteurella multocida
GCF_023572945.1	ASM2357294v1	2025-06-02	Pasteurella multocida		11020					GCF_023572945.1-RS_2025_06_02	Complete Genome	2022-05-29		1	Pasteurella multocida
GCF_023573125.1	ASM2357312v1	2025-06-02	Pasteurella multocida		P2723					GCF_023573125.1-RS_2025_06_02	Complete Genome	2022-05-29		2	Pasteurella multocida
GCF_023572985.1	ASM2357298v1	2025-06-02	Pasteurella multocida		11245					GCF_023572985.1-RS_2025_06_02	Complete Genome	2022-05-29		1	Pasteurella multocida
GCF_023572885.1	ASM2357288v1	2025-06-02	Pasteurella multocida		10185					GCF_023572885.1-RS_2025_06_02	Complete Genome	2022-05-29		1	Pasteurella multocida
GCF_023572865.1	ASM2357286v1	2025-06-02	Pasteurella multocida		10159					GCF_023572865.1-RS_2025_06_02	Complete Genome	2022-05-29		1	Pasteurella multocida
GCF_023573045.1	ASM2357304v1	2025-06-02	Pasteurella multocida		P2192					GCF_023573045.1-RS_2025_06_02	Complete Genome	2022-05-29		2	Pasteurella multocida
GCF_023573105.1	ASM2357310v1	2025-06-02	Pasteurella multocida		P1581					GCF_023573105.1-RS_2025_06_02	Complete Genome	2022-05-29		2	Pasteurella multocida
GCF_030122645.1	ASM3012264v1	2025-05-26	Pasteurella multocida		P030653/1					GCF_030122645.1-RS_2025_05_26	Complete Genome	2023-05-27		1	Pasteurella multocida
GCF_030059805.1	ASM3005980v1	2025-05-21	Pasteurella multocida		P030653/2					GCF_030059805.1-RS_2025_05_21	Complete Genome	2023-05-22		1	Pasteurella multocida
GCF_018139065.1	ASM1813906v1	2025-05-17	Pasteurella multocida		HuN001					GCF_018139065.1-RS_2025_05_17	Complete Genome	2021-04-25		1	Pasteurella multocida
GCF_039514605.1	ASM3951460v1	2025-05-08	Pasteurella multocida		Pm6					GCF_039514605.1-RS_2025_05_08	Complete Genome	2024-05-08		1	Pasteurella multocida
GCF_039519125.1	ASM3951912v1	2025-05-08	Pasteurella multocida		Pm3					GCF_039519125.1-RS_2025_05_08	Complete Genome	2024-05-08		1	Pasteurella multocida
GCF_050157095.1	ASM5015709v1	2025-05-06	Pasteurella multocida		CCR5					GCF_050157095.1-RS_2025_05_06	Complete Genome	2025-05-13		1	Pasteurella multocida
GCF_039134805.1	ASM3913480v1	2025-05-03	Pasteurella multocida		P154					GCF_039134805.1-RS_2025_05_03	Complete Genome	2024-05-03		3	Pasteurella multocida
GCF_021474145.1	ASM2147414v1	2025-04-30	Pasteurella multocida		SD11					GCF_021474145.1-RS_2025_04_30	Complete Genome	2022-01-15		1	Pasteurella multocida
GCF_017815735.1	ASM1781573v1	2025-04-29	Pasteurella multocida		Tibet-Pm1					GCF_017815735.1-RS_2025_04_29	Complete Genome	2021-04-07		1	Pasteurella multocida
GCF_029873295.1	ASM2987329v1	2025-04-27	Pasteurella multocida		19BRD-057					GCF_029873295.1-RS_2025_04_27	Complete Genome	2023-04-26		1	Pasteurella multocida
GCF_049852285.1	ASM4985228v1	2025-04-23	Pasteurella multocida		CCR7					GCF_049852285.1-RS_2025_04_23	Complete Genome	2025-05-13		1	Pasteurella multocida
GCF_000756435.2	ASM75643v3	2025-07-15	Piscirickettsia salmonis		PM15972A1					GCF_000756435.2-RS_2025_07_15	Complete Genome	2015-08-21		5	Piscirickettsia salmonis
GCF_009709535.1	ASM970953v1	2025-06-12	Piscirickettsia salmonis		MR5					GCF_009709535.1-RS_2025_06_12	Complete Genome	2019-11-26		7	Piscirickettsia salmonis
GCF_009724905.1	ASM972490v1	2025-06-12	Piscirickettsia salmonis		SR1					GCF_009724905.1-RS_2025_06_12	Complete Genome	2019-11-26		7	Piscirickettsia salmonis
GCF_009709515.1	ASM970951v1	2025-06-12	Piscirickettsia salmonis		BI1					GCF_009709515.1-RS_2025_06_12	Complete Genome	2019-11-26		6	Piscirickettsia salmonis
GCF_012272975.1	ASM1227297v1	2025-05-14	Piscirickettsia salmonis		Ps-2192A					GCF_012272975.1-RS_2025_05_14	Complete Genome	2020-04-12		10	Piscirickettsia salmonis
GCF_009708955.1	ASM970895v1	2025-05-13	Piscirickettsia salmonis		Psal-070					GCF_009708955.1-RS_2025_05_13	Complete Genome	2019-11-26		3	Piscirickettsia salmonis
GCF_009708435.1	ASM970843v1	2025-05-13	Piscirickettsia salmonis		Psal-009					GCF_009708435.1-RS_2025_05_13	Complete Genome	2019-11-26		5	Piscirickettsia salmonis
GCF_009709495.1	ASM970949v1	2025-05-13	Piscirickettsia salmonis		NVI 5692					GCF_009709495.1-RS_2025_05_13	Complete Genome	2019-11-26		8	Piscirickettsia salmonis
GCF_009708755.1	ASM970875v1	2025-05-13	Piscirickettsia salmonis		Psal-013					GCF_009708755.1-RS_2025_05_13	Complete Genome	2019-11-26		5	Piscirickettsia salmonis
GCF_009708575.1	ASM970857v1	2025-05-13	Piscirickettsia salmonis		Psal-008					GCF_009708575.1-RS_2025_05_13	Complete Genome	2019-11-26		4	Piscirickettsia salmonis
GCF_009708355.1	ASM970835v1	2025-05-13	Piscirickettsia salmonis		Psal-006b					GCF_009708355.1-RS_2025_05_13	Complete Genome	2019-11-26		6	Piscirickettsia salmonis
GCF_009709055.1	ASM970905v1	2025-05-13	Piscirickettsia salmonis		Psal-099					GCF_009709055.1-RS_2025_05_13	Complete Genome	2019-11-26		5	Piscirickettsia salmonis
GCF_009708715.1	ASM970871v1	2025-05-13	Piscirickettsia salmonis		Psal-010b					GCF_009708715.1-RS_2025_05_13	Complete Genome	2019-11-26		5	Piscirickettsia salmonis
GCF_009709035.1	ASM970903v1	2025-05-13	Piscirickettsia salmonis		Psal-098					GCF_009709035.1-RS_2025_05_13	Complete Genome	2019-11-26		5	Piscirickettsia salmonis
GCF_009709255.1	ASM970925v1	2025-05-13	Piscirickettsia salmonis		Psal-135					GCF_009709255.1-RS_2025_05_13	Complete Genome	2019-11-26		5	Piscirickettsia salmonis
GCF_009709155.1	ASM970915v1	2025-05-13	Piscirickettsia salmonis		Psal-111					GCF_009709155.1-RS_2025_05_13	Complete Genome	2019-11-26		5	Piscirickettsia salmonis
GCF_009709235.1	ASM970923v1	2025-05-13	Piscirickettsia salmonis		Psal-134					GCF_009709235.1-RS_2025_05_13	Complete Genome	2019-11-26		5	Piscirickettsia salmonis
GCF_009709195.1	ASM970919v1	2025-05-13	Piscirickettsia salmonis		Psal-117					GCF_009709195.1-RS_2025_05_13	Complete Genome	2019-11-26		5	Piscirickettsia salmonis
GCF_009709275.1	ASM970927v1	2025-05-13	Piscirickettsia salmonis		Psal-138					GCF_009709275.1-RS_2025_05_13	Complete Genome	2019-11-26		5	Piscirickettsia salmonis
GCF_009724885.1	ASM972488v1	2025-05-13	Piscirickettsia salmonis		Psal-113					GCF_009724885.1-RS_2025_05_13	Complete Genome	2019-11-26		5	Piscirickettsia salmonis
GCF_009709115.1	ASM970911v1	2025-05-13	Piscirickettsia salmonis		Psal-109					GCF_009709115.1-RS_2025_05_13	Complete Genome	2019-11-26		5	Piscirickettsia salmonis
GCF_009709295.1	ASM970929v1	2025-05-13	Piscirickettsia salmonis		Psal-139					GCF_009709295.1-RS_2025_05_13	Complete Genome	2019-11-26		5	Piscirickettsia salmonis
GCF_009709095.1	ASM970909v1	2025-05-13	Piscirickettsia salmonis		Psal-108					GCF_009709095.1-RS_2025_05_13	Complete Genome	2019-11-26		6	Piscirickettsia salmonis
GCF_009709175.1	ASM970917v1	2025-05-13	Piscirickettsia salmonis		Psal-114					GCF_009709175.1-RS_2025_05_13	Complete Genome	2019-11-26		5	Piscirickettsia salmonis
GCF_009709215.1	ASM970921v1	2025-05-13	Piscirickettsia salmonis		Psal-118					GCF_009709215.1-RS_2025_05_13	Complete Genome	2019-11-26		5	Piscirickettsia salmonis
GCF_023008185.1	ASM2300818v1	2025-05-13	Piscirickettsia salmonis		Psal-104b					GCF_023008185.1-RS_2025_05_13	Complete Genome	2022-04-15		5	Piscirickettsia salmonis
GCF_009709135.1	ASM970913v1	2025-05-13	Piscirickettsia salmonis		Psal-110					GCF_009709135.1-RS_2025_05_13	Complete Genome	2019-11-26		6	Piscirickettsia salmonis
GCF_009709015.1	ASM970901v1	2025-05-13	Piscirickettsia salmonis		Psal-073					GCF_009709015.1-RS_2025_05_13	Complete Genome	2019-11-26		4	Piscirickettsia salmonis
GCF_009709435.1	ASM970943v1	2025-05-13	Piscirickettsia salmonis		Psal-081					GCF_009709435.1-RS_2025_05_13	Complete Genome	2019-11-26		5	Piscirickettsia salmonis
GCF_009708295.1	ASM970829v1	2025-05-13	Piscirickettsia salmonis		Psal-005					GCF_009708295.1-RS_2025_05_13	Complete Genome	2019-11-26		2	Piscirickettsia salmonis
GCF_009709475.1	ASM970947v1	2025-05-13	Piscirickettsia salmonis		Psal-104a					GCF_009709475.1-RS_2025_05_13	Complete Genome	2019-11-26		5	Piscirickettsia salmonis
GCF_009708795.1	ASM970879v1	2025-05-13	Piscirickettsia salmonis		Psal-027					GCF_009708795.1-RS_2025_05_13	Complete Genome	2019-11-26		5	Piscirickettsia salmonis
GCF_009708835.1	ASM970883v1	2025-05-13	Piscirickettsia salmonis		Psal-040					GCF_009708835.1-RS_2025_05_13	Complete Genome	2019-11-26		5	Piscirickettsia salmonis
GCF_009708975.1	ASM970897v1	2025-05-13	Piscirickettsia salmonis		Psal-071					GCF_009708975.1-RS_2025_05_13	Complete Genome	2019-11-26		5	Piscirickettsia salmonis
GCF_009708735.1	ASM970873v1	2025-05-13	Piscirickettsia salmonis		Psal-011					GCF_009708735.1-RS_2025_05_13	Complete Genome	2019-11-26		4	Piscirickettsia salmonis
GCF_009708695.1	ASM970869v1	2025-05-13	Piscirickettsia salmonis		Psal-010a					GCF_009708695.1-RS_2025_05_13	Complete Genome	2019-11-26		5	Piscirickettsia salmonis
GCF_009708815.1	ASM970881v1	2025-05-13	Piscirickettsia salmonis		Psal-028					GCF_009708815.1-RS_2025_05_13	Complete Genome	2019-11-26		5	Piscirickettsia salmonis
GCF_009708335.1	ASM970833v1	2025-05-13	Piscirickettsia salmonis		Psal-006a					GCF_009708335.1-RS_2025_05_13	Complete Genome	2019-11-26		5	Piscirickettsia salmonis
GCF_009709455.1	ASM970945v1	2025-05-13	Piscirickettsia salmonis		Psal-103					GCF_009709455.1-RS_2025_05_13	Complete Genome	2019-11-26		5	Piscirickettsia salmonis
GCF_009708255.1	ASM970825v1	2025-05-13	Piscirickettsia salmonis		Psal-002					GCF_009708255.1-RS_2025_05_13	Complete Genome	2019-11-26		5	Piscirickettsia salmonis
GCF_009708875.1	ASM970887v1	2025-05-13	Piscirickettsia salmonis		Psal-051					GCF_009708875.1-RS_2025_05_13	Complete Genome	2019-11-26		5	Piscirickettsia salmonis
GCF_009708995.1	ASM970899v1	2025-05-13	Piscirickettsia salmonis		Psal-072					GCF_009708995.1-RS_2025_05_13	Complete Genome	2019-11-26		6	Piscirickettsia salmonis
GCF_009708935.1	ASM970893v1	2025-05-13	Piscirickettsia salmonis		Psal-069					GCF_009708935.1-RS_2025_05_13	Complete Genome	2019-11-26		3	Piscirickettsia salmonis
GCF_009708275.1	ASM970827v1	2025-05-13	Piscirickettsia salmonis		Psal-003					GCF_009708275.1-RS_2025_05_13	Complete Genome	2019-11-26		5	Piscirickettsia salmonis
GCF_009708315.1	ASM970831v1	2025-05-13	Piscirickettsia salmonis		Psal-004					GCF_009708315.1-RS_2025_05_13	Complete Genome	2019-11-26		5	Piscirickettsia salmonis
GCF_009709415.1	ASM970941v1	2025-05-13	Piscirickettsia salmonis		Psal-182					GCF_009709415.1-RS_2025_05_13	Complete Genome	2019-11-26		5	Piscirickettsia salmonis
GCF_009708895.1	ASM970889v1	2025-05-13	Piscirickettsia salmonis		Psal-068					GCF_009708895.1-RS_2025_05_13	Complete Genome	2019-11-26		5	Piscirickettsia salmonis
GCF_009709395.1	ASM970939v1	2025-05-13	Piscirickettsia salmonis		Psal-163					GCF_009709395.1-RS_2025_05_13	Complete Genome	2019-11-26		3	Piscirickettsia salmonis
GCF_009709355.1	ASM970935v1	2025-05-13	Piscirickettsia salmonis		Psal-160					GCF_009709355.1-RS_2025_05_13	Complete Genome	2019-11-26		5	Piscirickettsia salmonis
GCF_009709335.1	ASM970933v1	2025-05-13	Piscirickettsia salmonis		Psal-159					GCF_009709335.1-RS_2025_05_13	Complete Genome	2019-11-26		4	Piscirickettsia salmonis
GCF_052267105.1	ASM5226710v1	2025-08-28	Priestia megaterium		PMA2-2					GCF_052267105.1-RS_2025_08_28	Complete Genome	2025-08-27	JBQPFI01	8	Priestia megaterium
GCF_052120935.1	ASM5212093v1	2025-08-19	Priestia megaterium		25-F8					GCF_052120935.1-RS_2025_08_19	Complete Genome	2025-08-19	JBQJFJ01	6	Priestia megaterium
GCF_052120915.1	ASM5212091v1	2025-08-19	Priestia megaterium		25-H8					GCF_052120915.1-RS_2025_08_19	Complete Genome	2025-08-19	JBQJFK01	7	Priestia megaterium
GCF_052077955.1	ASM5207795v1	2025-08-19	Priestia megaterium		25-WTA					GCF_052077955.1-RS_2025_08_19	Complete Genome	2025-08-17	JBQJFL01	9	Priestia megaterium
GCF_052078255.1	ASM5207825v1	2025-08-19	Priestia megaterium		20-WTA					GCF_052078255.1-RS_2025_08_19	Complete Genome	2025-08-17	JBQJFH01	4	Priestia megaterium
GCF_052119905.1	ASM5211990v1	2025-08-19	Priestia megaterium		20-G9-A5					GCF_052119905.1-RS_2025_08_19	Complete Genome	2025-08-19	JBQJFF01	4	Priestia megaterium
GCF_052119925.1	ASM5211992v1	2025-08-19	Priestia megaterium		20-G9-BHI					GCF_052119925.1-RS_2025_08_19	Complete Genome	2025-08-19	JBQJFG01	4	Priestia megaterium
GCF_052077975.1	ASM5207797v1	2025-08-19	Priestia megaterium		20-WTB					GCF_052077975.1-RS_2025_08_19	Complete Genome	2025-08-17	JBQJFI01	6	Priestia megaterium
GCF_052119945.1	ASM5211994v1	2025-08-19	Priestia megaterium		20-G9					GCF_052119945.1-RS_2025_08_19	Complete Genome	2025-08-19	JBQJFE01	4	Priestia megaterium
GCF_052119965.1	ASM5211996v1	2025-08-19	Priestia megaterium		20-F9					GCF_052119965.1-RS_2025_08_19	Complete Genome	2025-08-19	JBQJFD01	4	Priestia megaterium
GCF_030520145.1	ASM3052014v1	2025-07-23	Priestia megaterium		S1					GCF_030520145.1-RS_2025_07_23	Complete Genome	2023-07-24		4	Priestia megaterium
GCF_013146705.1	ASM1314670v1	2025-07-17	Priestia megaterium		FDU301					GCF_013146705.1-RS_2025_07_17	Complete Genome	2020-05-22		10	Priestia megaterium
GCF_002009195.1	ASM200919v1	2025-07-16	Priestia megaterium		JX285					GCF_002009195.1-RS_2025_07_16	Complete Genome	2017-03-02		8	Priestia megaterium
GCF_029536995.2	ASM2953699v2	2025-06-27	Priestia megaterium		DSM 32					GCF_029536995.2-RS_2025_06_27	Complete Genome	2025-06-25		6	Priestia megaterium
GCF_029537015.2	ASM2953701v2	2025-06-27	Priestia megaterium DSM 319		DSM 319					GCF_029537015.2-RS_2025_06_27	Complete Genome	2025-06-25		1	Priestia megaterium
GCF_023824175.1	ASM2382417v1	2025-06-25	Priestia megaterium		F20					GCF_023824175.1-RS_2025_06_25	Complete Genome	2022-06-21		11	Priestia megaterium
GCF_023824195.1	ASM2382419v1	2025-06-25	Priestia megaterium		KF18					GCF_023824195.1-RS_2025_06_25	Complete Genome	2022-06-21		10	Priestia megaterium
GCF_023824135.1	ASM2382413v1	2025-06-25	Priestia megaterium		CK7					GCF_023824135.1-RS_2025_06_25	Complete Genome	2022-06-21		11	Priestia megaterium
GCF_023824155.1	ASM2382415v1	2025-06-25	Priestia megaterium		F16					GCF_023824155.1-RS_2025_06_25	Complete Genome	2022-06-21		5	Priestia megaterium
GCF_030291715.1	ASM3029171v1	2025-06-20	Priestia megaterium		ELP1.24a					GCF_030291715.1-RS_2025_06_20	Complete Genome	2023-06-20		7	Priestia megaterium
GCF_029537115.2	ASM2953711v2	2025-06-18	Priestia megaterium		DSM 1804					GCF_029537115.2-RS_2025_06_18	Complete Genome	2025-06-13		4	Priestia megaterium
GCF_040114905.1	CIAD_PMeg_1.0	2025-06-11	Priestia megaterium		FA-05					GCF_040114905.1-RS_2025_06_11	Complete Genome	2024-06-12		4	Priestia megaterium
GCF_006094495.1	ASM609449v1	2025-05-17	Priestia megaterium NBRC 15308 = ATCC 14581		ATCC 14581					GCF_006094495.1-RS_2025_05_17	Complete Genome	2019-06-06		7	Priestia megaterium
GCF_033450805.1	ASM3345080v1	2025-05-13	Priestia megaterium		Y18-01					GCF_033450805.1-RS_2025_05_13	Complete Genome	2023-11-09		8	Priestia megaterium
GCF_050209755.1	ASM5020975v1	2025-05-07	Priestia megaterium		LBUM349					GCF_050209755.1-RS_2025_05_07	Complete Genome	2025-05-14		9	Priestia megaterium
GCF_050208505.1	ASM5020850v1	2025-05-07	Priestia megaterium		LBUM632					GCF_050208505.1-RS_2025_05_07	Complete Genome	2025-05-14		11	Priestia megaterium
GCF_029857535.2	DSM1670	2025-04-30	Priestia megaterium		DSM 1670					GCF_029857535.2-RS_2025_04_30	Complete Genome	2025-05-13		4	Priestia megaterium
GCF_029857545.2	DSM17641	2025-04-30	Priestia megaterium		DSM 17641					GCF_029857545.2-RS_2025_04_30	Complete Genome	2025-05-13		9	Priestia megaterium
GCF_029857435.2	DSM3228	2025-04-30	Priestia megaterium		DSM 3228					GCF_029857435.2-RS_2025_04_30	Complete Genome	2025-05-13		10	Priestia megaterium
GCF_029857455.2	DSM2894	2025-04-30	Priestia megaterium		DSM 2894					GCF_029857455.2-RS_2025_04_30	Complete Genome	2025-05-13		16	Priestia megaterium
GCF_017798265.1	ASM1779826v1	2025-04-29	Priestia megaterium		HGS7					GCF_017798265.1-RS_2025_04_29	Complete Genome	2021-04-06		4	Priestia megaterium
GCF_029873355.1	ASM2987335v1	2025-04-27	Priestia megaterium		HyangYak-01					GCF_029873355.1-RS_2025_04_27	Complete Genome	2023-04-26		1	Priestia megaterium
GCF_022811865.1	ASM2281186v1	2025-04-17	Priestia megaterium		N447-3					GCF_022811865.1-RS_2025_04_17	Complete Genome	2022-04-04		5	Priestia megaterium
GCF_022811885.1	ASM2281188v1	2025-04-17	Priestia megaterium		B1					GCF_022811885.1-RS_2025_04_17	Complete Genome	2022-04-04		4	Priestia megaterium
GCF_015582655.1	ASM1558265v1	2025-04-14	Priestia megaterium		BHS1					GCF_015582655.1-RS_2025_04_14	Complete Genome	2020-11-18		1	Priestia megaterium
GCF_011058275.1	ASM1105827v1	2025-04-14	Priestia megaterium		S188					GCF_011058275.1-RS_2025_04_14	Complete Genome	2020-03-03		2	Priestia megaterium
GCF_022537925.1	ASM2253792v1	2025-04-14	Priestia megaterium		BP01R2					GCF_022537925.1-RS_2025_04_14	Complete Genome	2022-03-09		7	Priestia megaterium
GCF_017352315.1	ASM1735231v1	2025-04-14	Priestia megaterium		H2					GCF_017352315.1-RS_2025_04_14	Complete Genome	2021-03-14		19	Priestia megaterium
GCF_017086545.1	ASM1708654v1	2025-04-14	Priestia megaterium		CDC 2008724129					GCF_017086545.1-RS_2025_04_14	Complete Genome	2021-03-01		21	Priestia megaterium
GCF_049532695.1	ASM4953269v1	2025-04-13	Priestia megaterium		PMUG01					GCF_049532695.1-RS_2025_04_13	Complete Genome	2025-04-15		9	Priestia megaterium
GCF_049532685.1	ASM4953268v1	2025-04-13	Priestia megaterium		PMUG02					GCF_049532685.1-RS_2025_04_13	Complete Genome	2025-04-15		9	Priestia megaterium
GCF_017086565.1	ASM1708656v1	2025-04-12	Priestia megaterium		CDC 2008724142					GCF_017086565.1-RS_2025_04_12	Complete Genome	2021-03-01		14	Priestia megaterium
GCF_000832985.1	ASM83298v1	2025-04-07	Priestia megaterium NBRC 15308 = ATCC 14581		ATCC 14581					GCF_000832985.1-RS_2025_04_07	Complete Genome	2015-02-05		7	Priestia megaterium
GCF_013389435.1	ASM1338943v1	2025-04-06	Priestia megaterium		BIM B-1314D					GCF_013389435.1-RS_2025_04_06	Complete Genome	2020-07-05		10	Priestia megaterium
GCF_037039575.1	Priestia megaterium MLY91	2025-04-05	Priestia megaterium		MLY91					GCF_037039575.1-RS_2025_04_05	Complete Genome	2024-04-05		10	Priestia megaterium
GCF_000025825.1	ASM2582v1	2025-04-02	Priestia megaterium QM B1551		QM B1551					GCF_000025825.1-RS_2025_04_02	Complete Genome	2010-04-08		8	Priestia megaterium
GCF_017086525.1	ASM1708652v1	2025-04-01	Priestia megaterium		ATCC 14581					GCF_017086525.1-RS_2025_04_01	Complete Genome	2021-03-01		8	Priestia megaterium
GCF_028751625.1	ASM2875162v1	2025-03-27	Priestia megaterium		HT517					GCF_028751625.1-RS_2025_03_27	Complete Genome	2023-02-21		5	Priestia megaterium
GCF_047782835.1	ASM4778283v1	2025-02-17	Priestia megaterium		C/CMAD 2.2					GCF_047782835.1-RS_2025_02_17	Complete Genome	2025-02-17		5	Priestia megaterium
GCF_022023815.1	ASM2202381v1	2025-02-05	Priestia megaterium		2020WEIHUA_L					GCF_022023815.1-RS_2025_02_05	Complete Genome	2022-02-07		10	Priestia megaterium
GCF_900635965.1	36374_E01	2025-08-31	Proteus mirabilis		NCTC4199					GCF_900635965.1-RS_2025_08_31	Complete Genome	2018-12-20		1	Proteus mirabilis
GCF_013256075.1	ASM1325607v1	2025-08-24	Proteus mirabilis		YPM35					GCF_013256075.1-RS_2025_08_24	Complete Genome	2020-06-03		4	Proteus mirabilis
GCF_019192645.1	ASM1919264v1	2025-08-09	Proteus mirabilis		6Pmi283					GCF_019192645.1-RS_2025_08_09	Complete Genome	2021-07-11		3	Proteus mirabilis
GCF_051617075.1	ASM5161707v1	2025-07-31	Proteus mirabilis		CRPM3923					GCF_051617075.1-RS_2025_07_31	Complete Genome	2025-08-01		4	Proteus mirabilis
GCF_051557175.1	ASM5155717v1	2025-07-30	Proteus mirabilis		CRPM6848					GCF_051557175.1-RS_2025_07_30	Complete Genome	2025-07-31		6	Proteus mirabilis
GCF_013357585.1	ASM1335758v1	2025-07-25	Proteus mirabilis		MPE0346					GCF_013357585.1-RS_2025_07_25	Complete Genome	2020-06-17		1	Proteus mirabilis
GCF_013358795.1	ASM1335879v1	2025-07-25	Proteus mirabilis		HN2p					GCF_013358795.1-RS_2025_07_25	Complete Genome	2020-06-18		1	Proteus mirabilis
GCF_013357505.1	ASM1335750v1	2025-07-25	Proteus mirabilis		MPE0027					GCF_013357505.1-RS_2025_07_25	Complete Genome	2020-06-17		1	Proteus mirabilis
GCF_013357545.1	ASM1335754v1	2025-07-25	Proteus mirabilis		MPE5139					GCF_013357545.1-RS_2025_07_25	Complete Genome	2020-06-17		1	Proteus mirabilis
GCF_013357525.1	ASM1335752v1	2025-07-25	Proteus mirabilis		MPE4069					GCF_013357525.1-RS_2025_07_25	Complete Genome	2020-06-17		1	Proteus mirabilis
GCF_013357425.1	ASM1335742v1	2025-07-25	Proteus mirabilis		MPE0767					GCF_013357425.1-RS_2025_07_25	Complete Genome	2020-06-17		1	Proteus mirabilis
GCF_013357405.1	ASM1335740v1	2025-07-25	Proteus mirabilis		MPE0734					GCF_013357405.1-RS_2025_07_25	Complete Genome	2020-06-17		1	Proteus mirabilis
GCF_013357485.1	ASM1335748v1	2025-07-25	Proteus mirabilis		MPE0156					GCF_013357485.1-RS_2025_07_25	Complete Genome	2020-06-17		1	Proteus mirabilis
GCF_013357565.1	ASM1335756v1	2025-07-25	Proteus mirabilis		MPE5203					GCF_013357565.1-RS_2025_07_25	Complete Genome	2020-06-17		1	Proteus mirabilis
GCF_013343255.1	ASM1334325v1	2025-07-23	Proteus mirabilis		L90-1					GCF_013343255.1-RS_2025_07_23	Complete Genome	2020-06-15		3	Proteus mirabilis
GCF_011149675.1	ASM1114967v1	2025-07-23	Proteus mirabilis		PmBR607					GCF_011149675.1-RS_2025_07_23	Complete Genome	2020-03-11		3	Proteus mirabilis
GCF_013255765.1	ASM1325576v1	2025-07-20	Proteus mirabilis		JPM24					GCF_013255765.1-RS_2025_07_20	Complete Genome	2020-06-03		2	Proteus mirabilis
GCF_015694005.1	ASM1569400v1	2025-07-17	Proteus mirabilis		PmBJ023-2					GCF_015694005.1-RS_2025_07_17	Complete Genome	2020-11-29		1	Proteus mirabilis
GCF_015693865.1	ASM1569386v1	2025-07-17	Proteus mirabilis		PmBJ015-2					GCF_015693865.1-RS_2025_07_17	Complete Genome	2020-11-29		1	Proteus mirabilis
GCF_015693965.1	ASM1569396v1	2025-07-17	Proteus mirabilis		PmBJ012-2					GCF_015693965.1-RS_2025_07_17	Complete Genome	2020-11-29		1	Proteus mirabilis
GCF_015693985.1	ASM1569398v1	2025-07-17	Proteus mirabilis		PmBJ024-1					GCF_015693985.1-RS_2025_07_17	Complete Genome	2020-11-29		1	Proteus mirabilis
GCF_015694025.1	ASM1569402v1	2025-07-17	Proteus mirabilis		PmBJ020-1					GCF_015694025.1-RS_2025_07_17	Complete Genome	2020-11-29		1	Proteus mirabilis
GCF_000069965.1	ASM6996v1	2025-07-15	Proteus mirabilis HI4320		HI4320					GCF_000069965.1-RS_2025_07_15	Complete Genome	2008-04-03		2	Proteus mirabilis
GCF_024138795.1	ASM2413879v1	2025-07-14	Proteus mirabilis		swupm1					GCF_024138795.1-RS_2025_07_14	Complete Genome	2022-07-05		4	Proteus mirabilis
GCF_024138835.1	ASM2413883v1	2025-07-14	Proteus mirabilis		swupm3					GCF_024138835.1-RS_2025_07_14	Complete Genome	2022-07-05		4	Proteus mirabilis
GCF_024138815.1	ASM2413881v1	2025-07-14	Proteus mirabilis		swupm2					GCF_024138815.1-RS_2025_07_14	Complete Genome	2022-07-05		3	Proteus mirabilis
GCF_030323005.1	ASM3032300v1	2025-06-22	Proteus mirabilis		51661					GCF_030323005.1-RS_2025_06_22	Complete Genome	2023-06-22		1	Proteus mirabilis
GCF_023702575.1	ASM2370257v1	2025-06-14	Proteus mirabilis		FZP2936					GCF_023702575.1-RS_2025_06_14	Complete Genome	2022-06-12		3	Proteus mirabilis
GCF_023702595.1	ASM2370259v1	2025-06-14	Proteus mirabilis		FZP3115					GCF_023702595.1-RS_2025_06_14	Complete Genome	2022-06-12		3	Proteus mirabilis
GCF_023702555.1	ASM2370255v1	2025-06-14	Proteus mirabilis		FZP2826					GCF_023702555.1-RS_2025_06_14	Complete Genome	2022-06-12		1	Proteus mirabilis
GCF_030166375.1	ASM3016637v1	2025-06-05	Proteus mirabilis		W2					GCF_030166375.1-RS_2025_06_05	Complete Genome	2023-06-05		1	Proteus mirabilis
GCF_050613255.1	ASM5061325v1	2025-05-30	Proteus mirabilis		PM8086					GCF_050613255.1-RS_2025_05_30	Complete Genome	2025-05-30		2	Proteus mirabilis
GCF_050613245.1	ASM5061324v1	2025-05-30	Proteus mirabilis		PM1700					GCF_050613245.1-RS_2025_05_30	Complete Genome	2025-05-30		2	Proteus mirabilis
GCF_038796785.1	ASM3879678v1	2025-05-26	Proteus mirabilis		PM190					GCF_038796785.1-RS_2025_05_26	Complete Genome	2024-05-01		1	Proteus mirabilis
GCF_050516335.1	ASM5051633v1	2025-05-23	Proteus mirabilis		PM7752					GCF_050516335.1-RS_2025_05_23	Complete Genome	2025-05-23		2	Proteus mirabilis
GCF_030062035.1	ASM3006203v1	2025-05-22	Proteus mirabilis		MN029					GCF_030062035.1-RS_2025_05_22	Complete Genome	2023-05-22		1	Proteus mirabilis
GCF_039728795.1	Pm5	2025-05-22	Proteus mirabilis		Pm5					GCF_039728795.1-RS_2025_05_22	Complete Genome	2024-05-24		1	Proteus mirabilis
GCF_023242175.1	ASM2324217v1	2025-05-18	Proteus mirabilis		HURS-181823					GCF_023242175.1-RS_2025_05_18	Complete Genome	2022-05-05		1	Proteus mirabilis
GCF_023242195.1	ASM2324219v1	2025-05-18	Proteus mirabilis		HURS-186083					GCF_023242195.1-RS_2025_05_18	Complete Genome	2022-05-05		1	Proteus mirabilis
GCF_018139105.1	ASM1813910v1	2025-05-17	Proteus mirabilis		S74-3-2					GCF_018139105.1-RS_2025_05_17	Complete Genome	2021-04-25		1	Proteus mirabilis
GCF_018139005.1	ASM1813900v1	2025-05-17	Proteus mirabilis		S62-3-2-2					GCF_018139005.1-RS_2025_05_17	Complete Genome	2021-04-25		1	Proteus mirabilis
GCF_018138945.1	ASM1813894v1	2025-05-17	Proteus mirabilis		N292					GCF_018138945.1-RS_2025_05_17	Complete Genome	2021-04-25		1	Proteus mirabilis
GCF_018138985.1	ASM1813898v1	2025-05-17	Proteus mirabilis		N639-2X					GCF_018138985.1-RS_2025_05_17	Complete Genome	2021-04-25		1	Proteus mirabilis
GCF_017901195.1	ASM1790119v1	2025-05-14	Proteus mirabilis		1035					GCF_017901195.1-RS_2025_05_14	Complete Genome	2021-04-12		2	Proteus mirabilis
GCF_013357445.1	ASM1335744v1	2025-05-14	Proteus mirabilis		S74-1(++)-2					GCF_013357445.1-RS_2025_05_14	Complete Genome	2020-06-17		1	Proteus mirabilis
GCF_013357465.1	ASM1335746v1	2025-05-14	Proteus mirabilis		M3-1-17					GCF_013357465.1-RS_2025_05_14	Complete Genome	2020-06-17		1	Proteus mirabilis
GCF_029962305.1	ASM2996230v1	2025-05-13	Proteus mirabilis		WSY-114					GCF_029962305.1-RS_2025_05_13	Complete Genome	2023-05-10		1	Proteus mirabilis
GCF_012516515.1	ASM1251651v1	2025-05-11	Proteus mirabilis		STP3					GCF_012516515.1-RS_2025_05_11	Complete Genome	2020-04-19		1	Proteus mirabilis
GCF_023093855.1	ASM2309385v1	2025-05-11	Proteus mirabilis		T1010					GCF_023093855.1-RS_2025_05_11	Complete Genome	2022-04-24		1	Proteus mirabilis
GCF_039566985.1	ASM3956698v1	2025-05-09	Proteus mirabilis		PM-OXA-06					GCF_039566985.1-RS_2025_05_09	Complete Genome	2024-05-10		1	Proteus mirabilis
GCF_024507955.1	ASM2450795v1	2025-08-27	Pseudomonas aeruginosa		ATCC 27853					GCF_024507955.1-RS_2025_08_27	Complete Genome	2022-08-03		1	Pseudomonas aeruginosa
GCF_022570415.1	ASM2257041v1	2025-08-25	Pseudomonas aeruginosa		H05					GCF_022570415.1-RS_2025_08_25	Complete Genome	2022-03-15		2	Pseudomonas aeruginosa
GCF_001632245.1	ASM163224v1	2025-08-25	Pseudomonas aeruginosa		BAMCPA07-48					GCF_001632245.1-RS_2025_08_25	Complete Genome	2016-04-26		1	Pseudomonas aeruginosa
GCF_022570435.1	ASM2257043v1	2025-08-25	Pseudomonas aeruginosa		H04					GCF_022570435.1-RS_2025_08_25	Complete Genome	2022-03-15		1	Pseudomonas aeruginosa
GCF_022570455.1	ASM2257045v1	2025-08-25	Pseudomonas aeruginosa		H03					GCF_022570455.1-RS_2025_08_25	Complete Genome	2022-03-15		1	Pseudomonas aeruginosa
GCF_022570115.1	ASM2257011v1	2025-08-25	Pseudomonas aeruginosa		H08					GCF_022570115.1-RS_2025_08_25	Complete Genome	2022-03-15		1	Pseudomonas aeruginosa
GCF_022570235.1	ASM2257023v1	2025-08-25	Pseudomonas aeruginosa		H07					GCF_022570235.1-RS_2025_08_25	Complete Genome	2022-03-15		1	Pseudomonas aeruginosa
GCF_001516105.1	ASM151610v1	2025-08-25	Pseudomonas aeruginosa		T63266					GCF_001516105.1-RS_2025_08_25	Complete Genome	2016-01-15		1	Pseudomonas aeruginosa
GCF_001606045.1	ASM160604v1	2025-08-25	Pseudomonas aeruginosa		N17-1					GCF_001606045.1-RS_2025_08_25	Complete Genome	2016-04-04		1	Pseudomonas aeruginosa
GCF_000026645.1	ASM2664v1	2025-08-25	Pseudomonas aeruginosa LESB58		LESB58					GCF_000026645.1-RS_2025_08_25	Complete Genome	2008-12-24		1	Pseudomonas aeruginosa
GCF_000496455.2	ASM49645v2	2025-08-25	Pseudomonas aeruginosa DHS01		DH01					GCF_000496455.2-RS_2025_08_25	Complete Genome	2016-01-25		1	Pseudomonas aeruginosa
GCF_052171915.1	ASM5217191v1	2025-08-21	Pseudomonas aeruginosa		CRPA-9					GCF_052171915.1-RS_2025_08_21	Complete Genome	2025-08-21	JBQJKB01	2	Pseudomonas aeruginosa
GCF_013376775.1	ASM1337677v1	2025-08-21	Pseudomonas aeruginosa		CDN129					GCF_013376775.1-RS_2025_08_21	Complete Genome	2020-06-30		1	Pseudomonas aeruginosa
GCF_028366415.1	ASM2836641v3	2025-08-19	Pseudomonas aeruginosa		2023CK-00048					GCF_028366415.1-RS_2025_08_19	Complete Genome	2023-08-06		1	Pseudomonas aeruginosa
GCF_022569975.1	ASM2256997v1	2025-08-19	Pseudomonas aeruginosa		H10					GCF_022569975.1-RS_2025_08_19	Complete Genome	2022-03-15		1	Pseudomonas aeruginosa
GCF_022569995.1	ASM2256999v1	2025-08-19	Pseudomonas aeruginosa		H09					GCF_022569995.1-RS_2025_08_19	Complete Genome	2022-03-15		1	Pseudomonas aeruginosa
GCF_022533445.1	ASM2253344v1	2025-08-18	Pseudomonas aeruginosa		ISS SRV-K					GCF_022533445.1-RS_2025_08_18	Complete Genome	2022-03-09		2	Pseudomonas aeruginosa
GCF_030563585.1	ASM3056358v1	2025-08-18	Pseudomonas aeruginosa		AU10241			AU10241_L13_Resistant		GCF_030563585.1-RS_2025_08_18	Complete Genome	2023-08-01		1	Pseudomonas aeruginosa
GCF_030564045.1	ASM3056404v1	2025-08-18	Pseudomonas aeruginosa		AU10241					GCF_030564045.1-RS_2025_08_18	Complete Genome	2023-08-01		1	Pseudomonas aeruginosa
GCF_030563765.1	ASM3056376v1	2025-08-18	Pseudomonas aeruginosa		AU10241			AU10241_L13_Control		GCF_030563765.1-RS_2025_08_18	Complete Genome	2023-08-01		1	Pseudomonas aeruginosa
GCF_052072165.1	ASM5207216v1	2025-08-17	Pseudomonas aeruginosa		PAMS					GCF_052072165.1-RS_2025_08_17	Complete Genome	2025-08-17	JBQGPN01	2	Pseudomonas aeruginosa
GCF_051989275.1	ASM5198927v1	2025-08-14	Pseudomonas aeruginosa		HNIBRBA1976					GCF_051989275.1-RS_2025_08_14	Complete Genome	2025-08-15		1	Pseudomonas aeruginosa
GCF_051988505.1	ASM5198850v1	2025-08-14	Pseudomonas aeruginosa		HNIBRBA3474					GCF_051988505.1-RS_2025_08_14	Complete Genome	2025-08-15		1	Pseudomonas aeruginosa
GCF_051905005.1	ASM5190500v1	2025-08-11	Pseudomonas aeruginosa		71					GCF_051905005.1-RS_2025_08_11	Complete Genome	2025-08-11		1	Pseudomonas aeruginosa
GCF_013343415.1	ASM1334341v1	2025-08-11	Pseudomonas aeruginosa		DVT421					GCF_013343415.1-RS_2025_08_11	Complete Genome	2020-06-15		1	Pseudomonas aeruginosa
GCF_024089395.1	ASM2408939v1	2025-08-11	Pseudomonas aeruginosa		PAO1_Mat-X-1					GCF_024089395.1-RS_2025_08_11	Complete Genome	2022-06-30		1	Pseudomonas aeruginosa
GCF_022569855.1	ASM2256985v1	2025-08-08	Pseudomonas aeruginosa		H20					GCF_022569855.1-RS_2025_08_08	Complete Genome	2022-03-15		1	Pseudomonas aeruginosa
GCF_022569915.1	ASM2256991v1	2025-08-07	Pseudomonas aeruginosa		H16					GCF_022569915.1-RS_2025_08_07	Complete Genome	2022-03-15		1	Pseudomonas aeruginosa
GCF_051853055.1	ASM5185305v1	2025-08-07	Pseudomonas aeruginosa		AUS531					GCF_051853055.1-RS_2025_08_07	Complete Genome	2025-08-08		1	Pseudomonas aeruginosa
GCF_013343515.1	ASM1334351v1	2025-08-06	Pseudomonas aeruginosa		DVT413					GCF_013343515.1-RS_2025_08_06	Complete Genome	2020-06-15		1	Pseudomonas aeruginosa
GCF_024300845.1	ASM2430084v1	2025-08-06	Pseudomonas aeruginosa		R20-14					GCF_024300845.1-RS_2025_08_06	Complete Genome	2022-07-18		2	Pseudomonas aeruginosa
GCF_022569895.1	ASM2256989v1	2025-08-06	Pseudomonas aeruginosa		H17					GCF_022569895.1-RS_2025_08_06	Complete Genome	2022-03-15		1	Pseudomonas aeruginosa
GCF_002411865.3	ASM241186v3	2025-08-05	Pseudomonas aeruginosa		97					GCF_002411865.3-RS_2025_08_05	Complete Genome	2019-02-06		1	Pseudomonas aeruginosa
GCF_013347245.1	ASM1334724v1	2025-08-05	Pseudomonas aeruginosa		CDN118					GCF_013347245.1-RS_2025_08_05	Complete Genome	2020-06-16		1	Pseudomonas aeruginosa
GCF_005305005.1	ASM530500v1	2025-08-05	Pseudomonas aeruginosa		PA298					GCF_005305005.1-RS_2025_08_05	Complete Genome	2019-05-14		2	Pseudomonas aeruginosa
GCF_013343375.1	ASM1334337v1	2025-08-05	Pseudomonas aeruginosa		DVT425					GCF_013343375.1-RS_2025_08_05	Complete Genome	2020-06-15		1	Pseudomonas aeruginosa
GCF_013343475.1	ASM1334347v1	2025-08-05	Pseudomonas aeruginosa		DVT779					GCF_013343475.1-RS_2025_08_05	Complete Genome	2020-06-15		1	Pseudomonas aeruginosa
GCF_028994395.2	ASM2899439v2	2025-08-03	Pseudomonas aeruginosa		PE21					GCF_028994395.2-RS_2025_08_03	Complete Genome	2025-07-22	JARDUV02	2	Pseudomonas aeruginosa
GCF_003433235.1	ASM343323v1	2025-08-03	Pseudomonas aeruginosa		24Pae112					GCF_003433235.1-RS_2025_08_03	Complete Genome	2018-08-30		1	Pseudomonas aeruginosa
GCF_024266935.1	ASM2426693v1	2025-08-03	Pseudomonas aeruginosa		PA-2					GCF_024266935.1-RS_2025_08_03	Complete Genome	2022-07-14		2	Pseudomonas aeruginosa
GCF_024266915.1	ASM2426691v1	2025-08-03	Pseudomonas aeruginosa		PA-1					GCF_024266915.1-RS_2025_08_03	Complete Genome	2022-07-14		2	Pseudomonas aeruginosa
GCF_013255565.1	ASM1325556v1	2025-08-03	Pseudomonas aeruginosa		PSE6684					GCF_013255565.1-RS_2025_08_03	Complete Genome	2020-06-03		1	Pseudomonas aeruginosa
GCF_013343335.1	ASM1334333v1	2025-08-03	Pseudomonas aeruginosa		DVT429					GCF_013343335.1-RS_2025_08_03	Complete Genome	2020-06-15		1	Pseudomonas aeruginosa
GCF_013343395.1	ASM1334339v1	2025-08-03	Pseudomonas aeruginosa		DVT423					GCF_013343395.1-RS_2025_08_03	Complete Genome	2020-06-15		1	Pseudomonas aeruginosa
GCF_013343575.1	ASM1334357v1	2025-08-03	Pseudomonas aeruginosa		DVT401					GCF_013343575.1-RS_2025_08_03	Complete Genome	2020-06-15		1	Pseudomonas aeruginosa
GCF_013343315.1	ASM1334331v1	2025-08-03	Pseudomonas aeruginosa		DVT729					GCF_013343315.1-RS_2025_08_03	Complete Genome	2020-06-15		1	Pseudomonas aeruginosa
GCF_013343495.1	ASM1334349v1	2025-08-03	Pseudomonas aeruginosa		DVT414					GCF_013343495.1-RS_2025_08_03	Complete Genome	2020-06-15		1	Pseudomonas aeruginosa
GCF_013260445.1	ASM1326044v1	2025-08-03	Pseudomonas aeruginosa		YD001					GCF_013260445.1-RS_2025_08_03	Complete Genome	2020-06-03		1	Pseudomonas aeruginosa
GCF_024266805.1	ASM2426680v1	2025-08-03	Pseudomonas aeruginosa		F13					GCF_024266805.1-RS_2025_08_03	Complete Genome	2022-07-14		1	Pseudomonas aeruginosa
GCF_013343355.1	ASM1334335v1	2025-08-03	Pseudomonas aeruginosa		DVT427					GCF_013343355.1-RS_2025_08_03	Complete Genome	2020-06-15		1	Pseudomonas aeruginosa
GCF_030717425.1	ASM3071742v1	2025-08-23	Pseudomonas putida		MRSN365855					GCF_030717425.1-RS_2025_08_23	Complete Genome	2023-08-12		3	Pseudomonas putida
GCF_052075905.1	ASM5207590v1	2025-08-18	Pseudomonas putida		S2/27					GCF_052075905.1-RS_2025_08_18	Complete Genome	2025-08-18		1	Pseudomonas putida
GCF_024508115.1	ASM2450811v1	2025-08-16	Pseudomonas putida		ATCC 12633					GCF_024508115.1-RS_2025_08_16	Complete Genome	2022-08-03		1	Pseudomonas putida
GCF_051934435.1	ASM5193443v1	2025-08-13	Pseudomonas putida		rG-M					GCF_051934435.1-RS_2025_08_13	Complete Genome	2025-08-13		1	Pseudomonas putida
GCF_051934905.1	ASM5193490v1	2025-08-13	Pseudomonas putida		rG2-E					GCF_051934905.1-RS_2025_08_13	Complete Genome	2025-08-13		1	Pseudomonas putida
GCF_051941265.1	ASM5194126v1	2025-08-13	Pseudomonas putida		CD					GCF_051941265.1-RS_2025_08_13	Complete Genome	2025-08-13		1	Pseudomonas putida
GCF_024266625.1	ASM2426662v1	2025-08-03	Pseudomonas putida		HSM-C2					GCF_024266625.1-RS_2025_08_03	Complete Genome	2022-07-14		1	Pseudomonas putida
GCF_002741075.1	IEC330191.0	2025-07-24	Pseudomonas putida		IEC33019					GCF_002741075.1-RS_2025_07_24	Complete Genome	2016-08-05		2	Pseudomonas putida
GCF_013305625.2	ASM1330562v2	2025-07-23	Pseudomonas putida		NY5709					GCF_013305625.2-RS_2025_07_23	Complete Genome	2020-06-09		2	Pseudomonas putida
GCF_030440385.1	ASM3044038v1	2025-07-22	Pseudomonas putida		KT2440			PCA		GCF_030440385.1-RS_2025_07_22	Complete Genome	2023-07-12		1	Pseudomonas putida
GCF_024125675.1	ASM2412567v1	2025-07-21	Pseudomonas putida		PCL1760					GCF_024125675.1-RS_2025_07_21	Complete Genome	2022-07-03		1	Pseudomonas putida
GCF_051246325.1	ASM5124632v1	2025-07-09	Pseudomonas putida		PSBB026					GCF_051246325.1-RS_2025_07_09	Complete Genome	2025-07-10		1	Pseudomonas putida
GCF_040250365.1	CIAD_PPut_1.0	2025-06-28	Pseudomonas putida		CRA-04					GCF_040250365.1-RS_2025_06_28	Complete Genome	2024-06-22		1	Pseudomonas putida
GCF_050989985.1	ASM5098998v1	2025-06-18	Pseudomonas putida		PSE9					GCF_050989985.1-RS_2025_06_18	Complete Genome	2025-06-19		1	Pseudomonas putida
GCF_050990305.1	ASM5099030v1	2025-06-18	Pseudomonas putida		PSE7					GCF_050990305.1-RS_2025_06_18	Complete Genome	2025-06-19		1	Pseudomonas putida
GCF_018141045.1	ASM1814104v1	2025-06-14	Pseudomonas putida		YC-AE1					GCF_018141045.1-RS_2025_06_14	Complete Genome	2021-04-27		4	Pseudomonas putida
GCF_000281215.1	ASM28121v1	2025-06-10	Pseudomonas putida DOT-T1E		DOT-T1E					GCF_000281215.1-RS_2025_06_10	Complete Genome	2012-07-24		1	Pseudomonas putida
GCF_029590515.1	ASM2959051v1	2025-06-03	Pseudomonas putida		AHSWHJXPP1					GCF_029590515.1-RS_2025_06_03	Complete Genome	2023-04-05		1	Pseudomonas putida
GCF_024662335.1	ASM2466233v1	2025-05-29	Pseudomonas putida		KT2440			pMBEC6		GCF_024662335.1-RS_2025_05_29	Complete Genome	2022-08-15		1	Pseudomonas putida
GCF_024662315.1	ASM2466231v1	2025-05-29	Pseudomonas putida		KT2440			pnCas9-BEC6-C		GCF_024662315.1-RS_2025_05_29	Complete Genome	2022-08-15		1	Pseudomonas putida
GCF_024662355.1	ASM2466235v1	2025-05-29	Pseudomonas putida		KT2440			pSEVA631		GCF_024662355.1-RS_2025_05_29	Complete Genome	2022-08-15		1	Pseudomonas putida
GCF_003671955.1	ASM367195v1	2025-05-29	Pseudomonas putida		B4					GCF_003671955.1-RS_2025_05_29	Complete Genome	2018-10-22		1	Pseudomonas putida
GCF_009883635.2	ASM988363v2	2025-05-27	Pseudomonas putida		W5					GCF_009883635.2-RS_2025_05_27	Complete Genome	2020-02-07		1	Pseudomonas putida
GCF_039634515.1	ASM3963451v1	2025-05-26	Pseudomonas putida		NY11286					GCF_039634515.1-RS_2025_05_26	Complete Genome	2024-05-15		2	Pseudomonas putida
GCF_022354785.1	ASM2235478v1	2025-05-24	Pseudomonas putida		LWPZF					GCF_022354785.1-RS_2025_05_24	Complete Genome	2022-02-22		2	Pseudomonas putida
GCF_003228315.1	ASM322831v1	2025-05-23	Pseudomonas putida		JBC17					GCF_003228315.1-RS_2025_05_23	Complete Genome	2018-06-15		1	Pseudomonas putida
GCF_000325725.1	ASM32572v1	2025-05-22	Pseudomonas putida HB3267		PC9					GCF_000325725.1-RS_2025_05_22	Complete Genome	2012-12-19		2	Pseudomonas putida
GCF_003290365.1	ASM329036v1	2025-05-21	Pseudomonas putida		NX-1					GCF_003290365.1-RS_2025_05_21	Complete Genome	2018-07-08		1	Pseudomonas putida
GCF_038095575.1	Engineered_P.putida_DSM6125	2025-04-30	Pseudomonas putida					UW0SKVC2		GCF_038095575.1-RS_2025_04_30	Complete Genome	2024-04-15		1	Pseudomonas putida
GCF_037756035.1	ASM3775603v1	2025-04-28	Pseudomonas putida					FELIX_MS547		GCF_037756035.1-RS_2025_04_28	Complete Genome	2024-04-05		1	Pseudomonas putida
GCF_037758665.1	ASM3775866v1	2025-04-28	Pseudomonas putida					FELIX_MS641		GCF_037758665.1-RS_2025_04_28	Complete Genome	2024-04-05		1	Pseudomonas putida
GCF_000264665.3	ASM26466v2	2025-04-26	Pseudomonas putida ND6		ND6					GCF_000264665.3-RS_2025_04_26	Complete Genome	2012-05-29		3	Pseudomonas putida
GCF_000183645.1	ASM18364v1	2025-04-26	Pseudomonas putida BIRD-1		BIRD-1					GCF_000183645.1-RS_2025_04_26	Complete Genome	2010-12-03		1	Pseudomonas putida
GCF_000219705.1	ASM21970v1	2025-04-26	Pseudomonas putida S16		S16					GCF_000219705.1-RS_2025_04_26	Complete Genome	2011-06-30		1	Pseudomonas putida
GCF_049486675.1	ASM4948667v1	2025-04-12	Pseudomonas putida		SEM11					GCF_049486675.1-RS_2025_04_12	Complete Genome	2025-04-15		1	Pseudomonas putida
GCF_037100255.1	ASM3710025v1	2025-04-05	Pseudomonas putida		WBB028					GCF_037100255.1-RS_2025_04_05	Complete Genome	2024-04-05		1	Pseudomonas putida
GCF_001630725.2	ASM163072v2	2025-04-02	Pseudomonas putida		JQ581					GCF_001630725.2-RS_2025_04_02	Complete Genome	2020-05-05		1	Pseudomonas putida
GCF_001886975.1	ASM188697v1	2025-03-23	Pseudomonas putida		PP112420					GCF_001886975.1-RS_2025_03_23	Complete Genome	2016-11-28		1	Pseudomonas putida
GCF_000271965.2	ASM27196v2	2025-03-23	Pseudomonas putida SJTE-1		SJTE-1					GCF_000271965.2-RS_2025_03_23	Complete Genome	2016-06-02		1	Pseudomonas putida
GCF_001767335.1	ASM176733v1	2025-03-23	Pseudomonas putida JB		JB					GCF_001767335.1-RS_2025_03_23	Complete Genome	2016-10-18		1	Pseudomonas putida
GCF_027886665.1	ASM2788666v1	2025-03-20	Pseudomonas putida		PD584					GCF_027886665.1-RS_2025_03_20	Complete Genome	2023-01-17		2	Pseudomonas putida
GCF_027886645.1	ASM2788664v1	2025-03-20	Pseudomonas putida		PD584_L3					GCF_027886645.1-RS_2025_03_20	Complete Genome	2023-01-17		2	Pseudomonas putida
GCF_027886605.1	ASM2788660v1	2025-03-20	Pseudomonas putida		PD689_delTT1					GCF_027886605.1-RS_2025_03_20	Complete Genome	2023-01-17		2	Pseudomonas putida
GCF_027595085.1	ASM2759508v1	2025-03-19	Pseudomonas putida		NY4811					GCF_027595085.1-RS_2025_03_19	Complete Genome	2023-01-09		1	Pseudomonas putida
GCF_014076515.1	ASM1407651v1	2025-03-19	Pseudomonas putida		T25-27					GCF_014076515.1-RS_2025_03_19	Complete Genome	2020-08-05		2	Pseudomonas putida
GCF_016406145.1	ASM1640614v1	2025-03-19	Pseudomonas putida		BR-PH17					GCF_016406145.1-RS_2025_03_19	Complete Genome	2020-12-27		2	Pseudomonas putida
GCF_900636645.1	43295_H02	2025-03-17	Pseudomonas putida		NCTC13186					GCF_900636645.1-RS_2025_03_17	Complete Genome	2018-12-20		1	Pseudomonas putida
GCF_009938035.1	ASM993803v1	2025-03-17	Pseudomonas putida		TS312					GCF_009938035.1-RS_2025_03_17	Complete Genome	2020-01-15		1	Pseudomonas putida
GCF_014162535.1	ASM1416253v1	2025-03-17	Pseudomonas putida		WP8-W18-CRE-01					GCF_014162535.1-RS_2025_03_17	Complete Genome	2020-07-21		1	Pseudomonas putida
GCF_014169055.1	ASM1416905v1	2025-03-17	Pseudomonas putida		WP4-W18-CRE-03					GCF_014169055.1-RS_2025_03_17	Complete Genome	2020-07-21		2	Pseudomonas putida
GCF_000452445.2	ASM45244v3	2025-08-17	Pseudomonas syringae pv. pisi str. PP1		PP1					GCF_000452445.2-RS_2025_08_17	Complete Genome	2018-12-02		4	Pseudomonas syringae
GCF_052041385.1	ASM5204138v1	2025-08-15	Pseudomonas syringae		USA0087					GCF_052041385.1-RS_2025_08_15	Complete Genome	2025-08-16		1	Pseudomonas syringae
GCF_052042155.1	ASM5204215v1	2025-08-15	Pseudomonas syringae		P3.01.09C09					GCF_052042155.1-RS_2025_08_15	Complete Genome	2025-08-16		1	Pseudomonas syringae
GCF_052042645.1	ASM5204264v1	2025-08-15	Pseudomonas syringae		P4.01.01.C03					GCF_052042645.1-RS_2025_08_15	Complete Genome	2025-08-16		2	Pseudomonas syringae
GCF_052043265.1	ASM5204326v1	2025-08-15	Pseudomonas syringae		SZ0049					GCF_052043265.1-RS_2025_08_15	Complete Genome	2025-08-16		1	Pseudomonas syringae
GCF_052042875.1	ASM5204287v1	2025-08-15	Pseudomonas syringae		USA0088					GCF_052042875.1-RS_2025_08_15	Complete Genome	2025-08-16		1	Pseudomonas syringae
GCF_052041185.1	ASM5204118v1	2025-08-15	Pseudomonas syringae		SZB0008					GCF_052041185.1-RS_2025_08_15	Complete Genome	2025-08-16		1	Pseudomonas syringae
GCF_052041915.1	ASM5204191v1	2025-08-15	Pseudomonas syringae		SZ0119					GCF_052041915.1-RS_2025_08_15	Complete Genome	2025-08-16		1	Pseudomonas syringae
GCF_051943005.1	ASM5194300v1	2025-08-13	Pseudomonas syringae		CC1429					GCF_051943005.1-RS_2025_08_13	Complete Genome	2025-08-13		2	Pseudomonas syringae
GCF_051943055.1	ASM5194305v1	2025-08-13	Pseudomonas syringae		DG1A_7					GCF_051943055.1-RS_2025_08_13	Complete Genome	2025-08-13		2	Pseudomonas syringae
GCF_051941335.1	ASM5194133v1	2025-08-13	Pseudomonas syringae		41D					GCF_051941335.1-RS_2025_08_13	Complete Genome	2025-08-13		2	Pseudomonas syringae
GCF_051942485.1	ASM5194248v1	2025-08-13	Pseudomonas syringae		DG1A_21					GCF_051942485.1-RS_2025_08_13	Complete Genome	2025-08-13		1	Pseudomonas syringae
GCF_051943525.1	ASM5194352v1	2025-08-13	Pseudomonas syringae		DGA5F1-1					GCF_051943525.1-RS_2025_08_13	Complete Genome	2025-08-13		2	Pseudomonas syringae
GCF_051944155.1	ASM5194415v1	2025-08-13	Pseudomonas syringae		DGA11F1-17					GCF_051944155.1-RS_2025_08_13	Complete Genome	2025-08-13		1	Pseudomonas syringae
GCF_051904935.1	ASM5190493v1	2025-08-11	Pseudomonas syringae		CEB0023					GCF_051904935.1-RS_2025_08_11	Complete Genome	2025-08-11		1	Pseudomonas syringae
GCF_051904825.1	ASM5190482v1	2025-08-11	Pseudomonas syringae		3A					GCF_051904825.1-RS_2025_08_11	Complete Genome	2025-08-11		1	Pseudomonas syringae
GCF_051904875.1	ASM5190487v1	2025-08-11	Pseudomonas syringae		11C					GCF_051904875.1-RS_2025_08_11	Complete Genome	2025-08-11		1	Pseudomonas syringae
GCF_051904975.1	ASM5190497v1	2025-08-11	Pseudomonas syringae		GAB0016					GCF_051904975.1-RS_2025_08_11	Complete Genome	2025-08-11		1	Pseudomonas syringae
GCF_051904915.1	ASM5190491v1	2025-08-11	Pseudomonas syringae		CCE0067					GCF_051904915.1-RS_2025_08_11	Complete Genome	2025-08-11		1	Pseudomonas syringae
GCF_051904955.1	ASM5190495v1	2025-08-11	Pseudomonas syringae		CC1434					GCF_051904955.1-RS_2025_08_11	Complete Genome	2025-08-11		1	Pseudomonas syringae
GCF_051904885.1	ASM5190488v1	2025-08-11	Pseudomonas syringae		19B					GCF_051904885.1-RS_2025_08_11	Complete Genome	2025-08-11		1	Pseudomonas syringae
GCF_051904965.1	ASM5190496v1	2025-08-11	Pseudomonas syringae		CEB0083					GCF_051904965.1-RS_2025_08_11	Complete Genome	2025-08-11		1	Pseudomonas syringae
GCF_051904905.1	ASM5190490v1	2025-08-11	Pseudomonas syringae		DGA9CS5-15					GCF_051904905.1-RS_2025_08_11	Complete Genome	2025-08-11		1	Pseudomonas syringae
GCF_051904985.1	ASM5190498v1	2025-08-11	Pseudomonas syringae		DGA9CS5-8					GCF_051904985.1-RS_2025_08_11	Complete Genome	2025-08-11		1	Pseudomonas syringae
GCF_051904895.1	ASM5190489v1	2025-08-11	Pseudomonas syringae		CSZ0293					GCF_051904895.1-RS_2025_08_11	Complete Genome	2025-08-11		1	Pseudomonas syringae
GCF_000452705.1	ASM45270v3	2025-08-03	Pseudomonas syringae CC1557		CC1557					GCF_000452705.1-RS_2025_08_03	Complete Genome	2014-01-16		2	Pseudomonas syringae
GCF_000988485.1	ASM98848v1	2025-07-24	Pseudomonas syringae pv. syringae B301D		B301D					GCF_000988485.1-RS_2025_07_24	Complete Genome	2015-05-06		1	Pseudomonas syringae
GCF_003047185.1	ASM304718v1	2025-07-18	Pseudomonas syringae pv. atrofaciens		LMG5095			Triticum aestivum (Aestivum Group)		GCF_003047185.1-RS_2025_07_18	Complete Genome	2018-04-10		1	Pseudomonas syringae
GCF_000988395.1	ASM98839v1	2025-07-17	Pseudomonas syringae pv. syringae HS191		HS191					GCF_000988395.1-RS_2025_07_17	Complete Genome	2015-05-06		2	Pseudomonas syringae
GCF_000452585.2	ASM45258v3	2025-07-16	Pseudomonas syringae CC457		CC457					GCF_000452585.2-RS_2025_07_16	Complete Genome	2023-07-13		1	Pseudomonas syringae
GCF_051131235.1	ASM5113123v1	2025-06-28	Pseudomonas syringae pv. actinidiae		FX219					GCF_051131235.1-RS_2025_06_28	Complete Genome	2025-06-29		1	Pseudomonas syringae
GCF_949769235.1	DAPP-PG 215 v1	2025-06-27	Pseudomonas syringae pv. tomato		DAPP-PG 215			IPVPG 215		GCF_949769235.1-RS_2025_06_27	Complete Genome	2023-06-27		3	Pseudomonas syringae
GCF_023278085.1	ASM2327808v1	2025-06-15	Pseudomonas syringae		PA-2-9E					GCF_023278085.1-RS_2025_06_15	Complete Genome	2022-05-09		2	Pseudomonas syringae
GCF_023277945.1	ASM2327794v1	2025-06-15	Pseudomonas syringae pv. syringae		Pss9644					GCF_023277945.1-RS_2025_06_15	Complete Genome	2022-05-09		2	Pseudomonas syringae
GCF_030035225.1	ASM3003522v1	2025-06-15	Pseudomonas syringae pv. syringae		B48					GCF_030035225.1-RS_2025_06_15	Complete Genome	2023-05-18		1	Pseudomonas syringae
GCF_050916335.1	ASM5091633v1	2025-06-13	Pseudomonas syringae		LS1					GCF_050916335.1-RS_2025_06_13	Complete Genome	2025-06-14		1	Pseudomonas syringae
GCF_030252405.1	ASM3025240v1	2025-06-11	Pseudomonas syringae pv. antirrhini str. 126		126					GCF_030252405.1-RS_2025_06_11	Complete Genome	2023-06-11		2	Pseudomonas syringae
GCF_018394375.1	ASM1839437v1	2025-05-25	Pseudomonas syringae		Susan2139					GCF_018394375.1-RS_2025_05_25	Complete Genome	2021-05-18		2	Pseudomonas syringae
GCF_018388525.1	ASM1838852v1	2025-05-25	Pseudomonas syringae		U643					GCF_018388525.1-RS_2025_05_25	Complete Genome	2021-05-17		1	Pseudomonas syringae
GCF_018388485.1	ASM1838848v1	2025-05-25	Pseudomonas syringae		KF529					GCF_018388485.1-RS_2025_05_25	Complete Genome	2021-05-17		1	Pseudomonas syringae
GCF_018388505.1	ASM1838850v1	2025-05-25	Pseudomonas syringae		Susan762					GCF_018388505.1-RS_2025_05_25	Complete Genome	2021-05-17		1	Pseudomonas syringae
GCF_001281365.1	ASM128136v1	2025-05-23	Pseudomonas syringae UMAF0158		UMAF0158					GCF_001281365.1-RS_2025_05_23	Complete Genome	2015-09-14		2	Pseudomonas syringae
GCF_000145845.2	ASM14584v2	2025-05-21	Pseudomonas syringae pv. maculicola str. ES4326		ES4326					GCF_000145845.2-RS_2025_05_21	Complete Genome	2020-01-13		5	Pseudomonas syringae
GCF_000145825.2	ASM14582v2	2025-05-17	Pseudomonas syringae Cit 7		Cit 7					GCF_000145825.2-RS_2025_05_17	Complete Genome	2021-05-03		1	Pseudomonas syringae
GCF_023167685.1	ASM2316768v1	2025-05-14	Pseudomonas syringae pv. actinidiae		MAFF613020					GCF_023167685.1-RS_2025_05_14	Complete Genome	2022-04-02		3	Pseudomonas syringae
GCF_016694755.2	ASM1669475v2	2025-04-27	Pseudomonas syringae		BIM B-268					GCF_016694755.2-RS_2025_04_27	Complete Genome	2021-04-19		1	Pseudomonas syringae
GCF_031582985.1	ASM3158298v1	2025-04-21	Pseudomonas syringae pv. actinidiae		QSY6					GCF_031582985.1-RS_2025_04_21	Complete Genome	2023-09-17		2	Pseudomonas syringae
GCF_032812665.1	ASM3281266v1	2025-04-21	Pseudomonas syringae pv. actinidiae		YXH1					GCF_032812665.1-RS_2025_04_21	Complete Genome	2023-10-18		2	Pseudomonas syringae
GCF_032810905.1	ASM3281090v1	2025-04-21	Pseudomonas syringae pv. actinidiae		JZY2					GCF_032810905.1-RS_2025_04_21	Complete Genome	2023-10-18		2	Pseudomonas syringae
GCF_000452605.2	ASM45260v3	2025-04-17	Pseudomonas syringae CC440		CC440					GCF_000452605.2-RS_2025_04_17	Complete Genome	2022-04-04		1	Pseudomonas syringae
GCF_051933855.1	ASM5193385v1	2025-08-13	Ralstonia pseudosolanacearum		XZqk					GCF_051933855.1-RS_2025_08_13	Complete Genome	2025-08-13		2	Ralstonia pseudosolanacearum
GCF_051933255.1	ASM5193325v1	2025-08-13	Ralstonia pseudosolanacearum		YLqk					GCF_051933255.1-RS_2025_08_13	Complete Genome	2025-08-13		3	Ralstonia pseudosolanacearum
GCF_051217005.1	ASM5121700v1	2025-07-07	Ralstonia pseudosolanacearum		MLY158					GCF_051217005.1-RS_2025_07_07	Complete Genome	2025-07-08		2	Ralstonia pseudosolanacearum
GCF_050516445.1	ASM5051644v1	2025-05-23	Ralstonia pseudosolanacearum		UW602_UCD737					GCF_050516445.1-RS_2025_05_23	Complete Genome	2025-05-23		2	Ralstonia pseudosolanacearum
GCF_050516435.1	ASM5051643v1	2025-05-23	Ralstonia pseudosolanacearum		UW605_UCD733					GCF_050516435.1-RS_2025_05_23	Complete Genome	2025-05-23		2	Ralstonia pseudosolanacearum
GCF_050516455.1	ASM5051645v1	2025-05-23	Ralstonia pseudosolanacearum		UW559_UCD729					GCF_050516455.1-RS_2025_05_23	Complete Genome	2025-05-23		3	Ralstonia pseudosolanacearum
GCF_050516425.1	ASM5051642v1	2025-05-23	Ralstonia pseudosolanacearum		UW606_UCD721					GCF_050516425.1-RS_2025_05_23	Complete Genome	2025-05-23		2	Ralstonia pseudosolanacearum
GCF_050516405.1	ASM5051640v1	2025-05-23	Ralstonia pseudosolanacearum		UW608_UCD723					GCF_050516405.1-RS_2025_05_23	Complete Genome	2025-05-23		2	Ralstonia pseudosolanacearum
GCF_050516395.1	ASM5051639v1	2025-05-23	Ralstonia pseudosolanacearum		UW609_UCD734					GCF_050516395.1-RS_2025_05_23	Complete Genome	2025-05-23		2	Ralstonia pseudosolanacearum
GCF_050516415.1	ASM5051641v1	2025-05-23	Ralstonia pseudosolanacearum		UW607_UCD722					GCF_050516415.1-RS_2025_05_23	Complete Genome	2025-05-23		2	Ralstonia pseudosolanacearum
GCF_039623345.1	ASM3962334v1	2025-05-18	Ralstonia pseudosolanacearum		RS26					GCF_039623345.1-RS_2025_05_18	Complete Genome	2024-05-18		2	Ralstonia pseudosolanacearum
GCF_049860725.1	ASM4986072v1	2025-04-24	Ralstonia pseudosolanacearum		Gazipur 5					GCF_049860725.1-RS_2025_04_24	Complete Genome	2025-05-13		2	Ralstonia pseudosolanacearum
GCF_049860735.1	ASM4986073v1	2025-04-24	Ralstonia pseudosolanacearum		Gazipur 4					GCF_049860735.1-RS_2025_04_24	Complete Genome	2025-05-13		3	Ralstonia pseudosolanacearum
GCF_049485675.1	ASM4948567v1	2025-04-12	Ralstonia pseudosolanacearum		RS848					GCF_049485675.1-RS_2025_04_12	Complete Genome	2025-04-15		2	Ralstonia pseudosolanacearum
GCF_037101335.1	ASM3710133v1	2025-04-05	Ralstonia pseudosolanacearum		MAFF 211521					GCF_037101335.1-RS_2025_04_05	Complete Genome	2024-04-05		2	Ralstonia pseudosolanacearum
GCF_037101325.1	ASM3710132v1	2025-04-05	Ralstonia pseudosolanacearum		MAFF 211520					GCF_037101325.1-RS_2025_04_05	Complete Genome	2024-04-05		2	Ralstonia pseudosolanacearum
GCF_037101345.1	ASM3710134v1	2025-04-05	Ralstonia pseudosolanacearum		MAFF 301524					GCF_037101345.1-RS_2025_04_05	Complete Genome	2024-04-05		2	Ralstonia pseudosolanacearum
GCF_037101315.1	ASM3710131v1	2025-04-05	Ralstonia pseudosolanacearum		MAFF 211519					GCF_037101315.1-RS_2025_04_05	Complete Genome	2024-04-05		2	Ralstonia pseudosolanacearum
GCF_037101355.1	ASM3710135v1	2025-04-05	Ralstonia pseudosolanacearum		MAFF 301069					GCF_037101355.1-RS_2025_04_05	Complete Genome	2024-04-05		2	Ralstonia pseudosolanacearum
GCF_048285495.1	ASM4828549v1	2025-03-03	Ralstonia pseudosolanacearum		PD 7123					GCF_048285495.1-RS_2025_03_03	Complete Genome	2025-03-02	JBLWDC01	2	Ralstonia pseudosolanacearum
GCF_048164835.1	NIB_Z_3685	2025-02-28	Ralstonia pseudosolanacearum		NIB_Z_3685					GCF_048164835.1-RS_2025_02_28	Complete Genome	2025-03-01		2	Ralstonia pseudosolanacearum
GCF_047509085.1	UMN24-1	2025-02-08	Ralstonia pseudosolanacearum		UMN24-1					GCF_047509085.1-RS_2025_02_08	Complete Genome	2025-02-08		2	Ralstonia pseudosolanacearum
GCF_001891105.1	ASM189110v1	2025-01-27	Ralstonia pseudosolanacearum		EP1					GCF_001891105.1-RS_2025_01_27	Complete Genome	2016-12-08		2	Ralstonia pseudosolanacearum
GCF_025859615.1	ASM2585961v1	2025-01-27	Ralstonia pseudosolanacearum		Gj707					GCF_025859615.1-RS_2025_01_27	Complete Genome	2022-10-26		2	Ralstonia pseudosolanacearum
GCF_014884705.1	ASM1488470v1	2025-01-27	Ralstonia pseudosolanacearum		RUN2279					GCF_014884705.1-RS_2025_01_27	Complete Genome	2020-10-13		2	Ralstonia pseudosolanacearum
GCF_002220465.1	ASM222046v1	2025-01-27	Ralstonia pseudosolanacearum		CQPS-1					GCF_002220465.1-RS_2025_01_27	Complete Genome	2017-07-18		2	Ralstonia pseudosolanacearum
GCF_029220065.1	ASM2922006v1	2025-01-27	Ralstonia pseudosolanacearum		PSS4					GCF_029220065.1-RS_2025_01_27	Complete Genome	2023-03-15		2	Ralstonia pseudosolanacearum
GCF_023518395.1	ASM2351839v1	2025-01-27	Ralstonia pseudosolanacearum		PeaFJ1					GCF_023518395.1-RS_2025_01_27	Complete Genome	2022-05-23		2	Ralstonia pseudosolanacearum
GCF_029220045.1	ASM2922004v1	2025-01-27	Ralstonia pseudosolanacearum		RUN2340					GCF_029220045.1-RS_2025_01_27	Complete Genome	2023-03-15		2	Ralstonia pseudosolanacearum
GCF_014884725.1	ASM1488472v1	2025-01-27	Ralstonia pseudosolanacearum		UW763					GCF_014884725.1-RS_2025_01_27	Complete Genome	2020-10-13		2	Ralstonia pseudosolanacearum
GCF_022625045.1	ASM2262504v1	2025-01-27	Ralstonia pseudosolanacearum		SL1931					GCF_022625045.1-RS_2025_01_27	Complete Genome	2022-03-18		4	Ralstonia pseudosolanacearum
GCF_003595305.1	ASM359530v1	2025-01-27	Ralstonia pseudosolanacearum		RS 476					GCF_003595305.1-RS_2025_01_27	Complete Genome	2017-08-11		2	Ralstonia pseudosolanacearum
GCF_014884685.1	ASM1488468v1	2025-01-27	Ralstonia pseudosolanacearum		RUN2474					GCF_014884685.1-RS_2025_01_27	Complete Genome	2020-10-13		2	Ralstonia pseudosolanacearum
GCF_006088755.1	ASM608875v1	2025-01-27	Ralstonia pseudosolanacearum		UW386					GCF_006088755.1-RS_2025_01_27	Complete Genome	2019-06-06		2	Ralstonia pseudosolanacearum
GCF_025859635.1	ASM2585963v1	2025-01-27	Ralstonia pseudosolanacearum		Sw698					GCF_025859635.1-RS_2025_01_27	Complete Genome	2022-10-26		2	Ralstonia pseudosolanacearum
GCF_025859515.1	ASM2585951v1	2025-01-27	Ralstonia pseudosolanacearum		Cw717					GCF_025859515.1-RS_2025_01_27	Complete Genome	2022-10-26		2	Ralstonia pseudosolanacearum
GCF_047120255.1	ASM4712025v1	2025-01-25	Ralstonia pseudosolanacearum		DG-3					GCF_047120255.1-RS_2025_01_25	Complete Genome	2025-01-25		2	Ralstonia pseudosolanacearum
GCF_024925465.1	ASM2492546v1	2024-12-11	Ralstonia pseudosolanacearum		LMG 9673					GCF_024925465.1-RS_2024_12_11	Complete Genome	2022-09-05		2	Ralstonia pseudosolanacearum
GCF_045038055.1	ASM4503805v1	2024-11-20	Ralstonia pseudosolanacearum		RUN6534					GCF_045038055.1-RS_2024_11_20	Complete Genome	2024-11-25		2	Ralstonia pseudosolanacearum
GCF_045038065.1	ASM4503806v1	2024-11-20	Ralstonia pseudosolanacearum		RUN6499					GCF_045038065.1-RS_2024_11_20	Complete Genome	2024-11-25		2	Ralstonia pseudosolanacearum
GCF_045038075.1	ASM4503807v1	2024-11-20	Ralstonia pseudosolanacearum		RUN6340					GCF_045038075.1-RS_2024_11_20	Complete Genome	2024-11-25		2	Ralstonia pseudosolanacearum
GCF_045038085.1	ASM4503808v1	2024-11-20	Ralstonia pseudosolanacearum		RUN6285					GCF_045038085.1-RS_2024_11_20	Complete Genome	2024-11-25		2	Ralstonia pseudosolanacearum
GCF_045038135.1	ASM4503813v1	2024-11-20	Ralstonia pseudosolanacearum		RUN3223					GCF_045038135.1-RS_2024_11_20	Complete Genome	2024-11-25		2	Ralstonia pseudosolanacearum
GCF_045038125.1	ASM4503812v1	2024-11-20	Ralstonia pseudosolanacearum		RUN3149					GCF_045038125.1-RS_2024_11_20	Complete Genome	2024-11-25		2	Ralstonia pseudosolanacearum
GCF_045038115.1	ASM4503811v1	2024-11-20	Ralstonia pseudosolanacearum		RUN5935					GCF_045038115.1-RS_2024_11_20	Complete Genome	2024-11-25		2	Ralstonia pseudosolanacearum
GCF_045038165.1	ASM4503816v1	2024-11-20	Ralstonia pseudosolanacearum		RUN0320					GCF_045038165.1-RS_2024_11_20	Complete Genome	2024-11-25		2	Ralstonia pseudosolanacearum
GCF_026016645.1	ASM2601664v1	2024-10-01	Ralstonia pseudosolanacearum		RS639					GCF_026016645.1-RS_2024_10_01	Complete Genome	2022-11-07		2	Ralstonia pseudosolanacearum
GCF_026016625.1	ASM2601662v1	2024-10-01	Ralstonia pseudosolanacearum		RS638					GCF_026016625.1-RS_2024_10_01	Complete Genome	2022-11-07		2	Ralstonia pseudosolanacearum
GCF_026016745.1	ASM2601674v1	2024-09-29	Ralstonia pseudosolanacearum		RS647					GCF_026016745.1-RS_2024_09_29	Complete Genome	2022-11-07		2	Ralstonia pseudosolanacearum
GCF_026016705.1	ASM2601670v1	2024-09-29	Ralstonia pseudosolanacearum		RS642					GCF_026016705.1-RS_2024_09_29	Complete Genome	2022-11-07		2	Ralstonia pseudosolanacearum
GCF_030717685.1	ASM3071768v1	2025-08-14	Raoultella ornithinolytica		B1645-1B					GCF_030717685.1-RS_2025_08_14	Complete Genome	2023-08-13		1	Raoultella ornithinolytica
GCF_051549795.1	ASM5154979v1	2025-07-30	Raoultella ornithinolytica		D9					GCF_051549795.1-RS_2025_07_30	Complete Genome	2025-07-31		2	Raoultella ornithinolytica
GCF_051306995.1	ASM5130699v1	2025-07-14	Raoultella ornithinolytica		RO18432_P6					GCF_051306995.1-RS_2025_07_14	Complete Genome	2025-07-15		13	Raoultella ornithinolytica
GCF_051124655.1	ASM5112465v1	2025-06-28	Raoultella ornithinolytica		HYF28					GCF_051124655.1-RS_2025_06_28	Complete Genome	2025-06-29		12	Raoultella ornithinolytica
GCF_051124745.1	ASM5112474v1	2025-06-28	Raoultella ornithinolytica		HYF7					GCF_051124745.1-RS_2025_06_28	Complete Genome	2025-06-29		11	Raoultella ornithinolytica
GCF_051048145.1	ASM5104814v1	2025-06-26	Raoultella ornithinolytica		GY22PK020					GCF_051048145.1-RS_2025_06_26	Complete Genome	2025-06-27		4	Raoultella ornithinolytica
GCF_051048125.1	ASM5104812v1	2025-06-26	Raoultella ornithinolytica		GY22PK011					GCF_051048125.1-RS_2025_06_26	Complete Genome	2025-06-27		2	Raoultella ornithinolytica
GCF_030505655.1	ASM3050565v1	2025-06-23	Raoultella ornithinolytica		RoM27LC23					GCF_030505655.1-RS_2025_06_23	Complete Genome	2023-07-19		3	Raoultella ornithinolytica
GCF_049947905.1	ASM4994790v2	2025-06-22	Raoultella ornithinolytica					2025CK-00455		GCF_049947905.1-RS_2025_06_22	Complete Genome	2025-06-12		5	Raoultella ornithinolytica
GCF_050987115.1	ASM5098711v1	2025-06-18	Raoultella ornithinolytica		RAO1					GCF_050987115.1-RS_2025_06_18	Complete Genome	2025-06-19		1	Raoultella ornithinolytica
GCF_050956275.1	ASM5095627v1	2025-06-18	Raoultella ornithinolytica		SD8-1					GCF_050956275.1-RS_2025_06_18	Complete Genome	2025-06-19		6	Raoultella ornithinolytica
GCF_050847305.1	ASM5084730v1	2025-06-09	Raoultella ornithinolytica		FAHZZU6693					GCF_050847305.1-RS_2025_06_09	Complete Genome	2025-06-09		6	Raoultella ornithinolytica
GCF_030062535.1	ASM3006253v1	2025-05-22	Raoultella ornithinolytica		2015ndm					GCF_030062535.1-RS_2025_05_22	Complete Genome	2023-05-22		3	Raoultella ornithinolytica
GCF_027945845.1	ASM2794584v1	2025-05-11	Raoultella ornithinolytica		GSH0205-8M-1					GCF_027945845.1-RS_2025_05_11	Complete Genome	2022-12-21		6	Raoultella ornithinolytica
GCF_023615425.1	ASM2361542v4	2025-04-27	Raoultella ornithinolytica		2022CK-00305					GCF_023615425.1-RS_2025_04_27	Complete Genome	2025-04-20		3	Raoultella ornithinolytica
GCF_038380145.1	ASM3838014v1	2025-04-18	Raoultella ornithinolytica		he2023					GCF_038380145.1-RS_2025_04_18	Complete Genome	2024-04-20		3	Raoultella ornithinolytica
GCF_037081915.1	ASM3708191v1	2025-04-12	Raoultella ornithinolytica		B3.H1.26					GCF_037081915.1-RS_2025_04_12	Complete Genome	2024-04-05		5	Raoultella ornithinolytica
GCF_036786065.1	ASM3678606v1	2025-04-05	Raoultella ornithinolytica		CAVp363					GCF_036786065.1-RS_2025_04_05	Complete Genome	2024-04-05		7	Raoultella ornithinolytica
GCF_036789295.1	ASM3678929v1	2025-04-05	Raoultella ornithinolytica		CAV1817					GCF_036789295.1-RS_2025_04_05	Complete Genome	2024-04-05		8	Raoultella ornithinolytica
GCF_036786095.1	ASM3678609v1	2025-04-05	Raoultella ornithinolytica		CAV1921					GCF_036786095.1-RS_2025_04_05	Complete Genome	2024-04-05		8	Raoultella ornithinolytica
GCF_036791365.1	ASM3679136v1	2025-04-05	Raoultella ornithinolytica		CAV1958					GCF_036791365.1-RS_2025_04_05	Complete Genome	2024-04-05		8	Raoultella ornithinolytica
GCF_022354265.1	ASM2235426v1	2025-03-30	Raoultella ornithinolytica		STEFF_15					GCF_022354265.1-RS_2025_03_30	Complete Genome	2022-02-22		3	Raoultella ornithinolytica
GCF_001866535.2	ASM186653v2	2025-03-07	Raoultella ornithinolytica		MG			MG01		GCF_001866535.2-RS_2025_03_07	Complete Genome	2018-11-27		1	Raoultella ornithinolytica
GCF_048320165.1	ASM4832016v1	2025-03-05	Raoultella ornithinolytica		FAHZZU6284					GCF_048320165.1-RS_2025_03_05	Complete Genome	2025-03-07		6	Raoultella ornithinolytica
GCF_001700855.1	ASM170085v1	2025-03-05	Raoultella ornithinolytica		A14					GCF_001700855.1-RS_2025_03_05	Complete Genome	2016-08-09		1	Raoultella ornithinolytica
GCF_001455225.1	ASM145522v1	2025-03-03	Raoultella ornithinolytica		Yangling I2					GCF_001455225.1-RS_2025_03_03	Complete Genome	2015-12-02		3	Raoultella ornithinolytica
GCF_041002895.1	CXW222	2025-02-23	Raoultella ornithinolytica		CXW222					GCF_041002895.1-RS_2025_02_23	Complete Genome	2025-02-22		7	Raoultella ornithinolytica
GCF_000829965.1	ASM82996v1	2025-02-21	Raoultella ornithinolytica		S12					GCF_000829965.1-RS_2025_02_21	Complete Genome	2015-01-29		1	Raoultella ornithinolytica
GCF_047782805.1	Raoultella ornithinolytica SAAS08	2025-02-17	Raoultella ornithinolytica		SAAS08					GCF_047782805.1-RS_2025_02_17	Complete Genome	2025-02-17		3	Raoultella ornithinolytica
GCF_010365445.1	ASM1036544v1	2025-01-23	Raoultella ornithinolytica		23					GCF_010365445.1-RS_2025_01_23	Complete Genome	2020-02-09		10	Raoultella ornithinolytica
GCF_905219255.2	AI2711v1_cp	2025-01-23	Raoultella ornithinolytica					0		GCF_905219255.2-RS_2025_01_23	Complete Genome	2022-05-22		4	Raoultella ornithinolytica
GCF_046578775.1	ASM4657877v1	2025-01-11	Raoultella ornithinolytica		BBC1					GCF_046578775.1-RS_2025_01_11	Complete Genome	2025-01-11		6	Raoultella ornithinolytica
GCF_019973635.1	ASM1997363v1	2025-01-09	Raoultella ornithinolytica		NUITM-VR1					GCF_019973635.1-RS_2025_01_09	Complete Genome	2021-08-14		5	Raoultella ornithinolytica
GCF_019334445.1	ASM1933444v1	2025-01-09	Raoultella ornithinolytica		NY1					GCF_019334445.1-RS_2025_01_09	Complete Genome	2021-07-25		2	Raoultella ornithinolytica
GCF_018966505.1	ASM1896650v1	2025-01-09	Raoultella ornithinolytica		XF201					GCF_018966505.1-RS_2025_01_09	Complete Genome	2021-06-19		2	Raoultella ornithinolytica
GCF_013457615.1	ASM1345761v1	2025-01-08	Raoultella ornithinolytica		193104922					GCF_013457615.1-RS_2025_01_08	Complete Genome	2020-07-22		1	Raoultella ornithinolytica
GCF_013457875.1	ASM1345787v1	2025-01-08	Raoultella ornithinolytica		172117885					GCF_013457875.1-RS_2025_01_08	Complete Genome	2020-07-22		1	Raoultella ornithinolytica
GCF_013425975.1	ASM1342597v1	2025-01-08	Raoultella ornithinolytica		DSM 16926					GCF_013425975.1-RS_2025_01_08	Complete Genome	2020-07-20		1	Raoultella ornithinolytica
GCF_005165545.1	ASM516554v1	2025-01-07	Raoultella ornithinolytica		WLK218					GCF_005165545.1-RS_2025_01_07	Complete Genome	2019-05-06		7	Raoultella ornithinolytica
GCF_014170855.1	ASM1417085v1	2025-01-02	Raoultella ornithinolytica		WP3-W18-ESBL-06					GCF_014170855.1-RS_2025_01_02	Complete Genome	2020-07-21		15	Raoultella ornithinolytica
GCF_014171135.1	ASM1417113v1	2025-01-02	Raoultella ornithinolytica		WP8-W19-CRE-01					GCF_014171135.1-RS_2025_01_02	Complete Genome	2020-07-21		6	Raoultella ornithinolytica
GCF_046115475.1	ASM4611547v1	2024-12-17	Raoultella ornithinolytica		MF1					GCF_046115475.1-RS_2024_12_17	Complete Genome	2024-12-18		2	Raoultella ornithinolytica
GCF_021496525.1	ASM2149652v1	2024-12-10	Raoultella ornithinolytica		OHMEATKPC2_NDM5					GCF_021496525.1-RS_2024_12_10	Complete Genome	2022-01-18		7	Raoultella ornithinolytica
GCF_045675685.1	ASM4567568v1	2024-12-05	Raoultella ornithinolytica		GY22PK022					GCF_045675685.1-RS_2024_12_05	Complete Genome	2024-12-06		4	Raoultella ornithinolytica
GCF_045674925.1	ASM4567492v1	2024-12-05	Raoultella ornithinolytica		GY22PK019					GCF_045674925.1-RS_2024_12_05	Complete Genome	2024-12-06		4	Raoultella ornithinolytica
GCF_045675695.1	ASM4567569v1	2024-12-05	Raoultella ornithinolytica		GY22PK023					GCF_045675695.1-RS_2024_12_05	Complete Genome	2024-12-06		4	Raoultella ornithinolytica
GCF_045674935.1	ASM4567493v1	2024-12-05	Raoultella ornithinolytica		GY22PK021					GCF_045674935.1-RS_2024_12_05	Complete Genome	2024-12-06		4	Raoultella ornithinolytica
GCF_045690405.1	ASM4569040v1	2024-12-05	Raoultella ornithinolytica		WSC3					GCF_045690405.1-RS_2024_12_05	Complete Genome	2024-12-06		2	Raoultella ornithinolytica
GCF_034043555.1	ASM3404355v1	2024-12-02	Raoultella ornithinolytica		24150					GCF_034043555.1-RS_2024_12_02	Complete Genome	2023-12-02		1	Raoultella ornithinolytica
GCF_016653655.1	ASM1665365v1	2024-12-02	Raoultella ornithinolytica		TET32					GCF_016653655.1-RS_2024_12_02	Complete Genome	2021-01-17		3	Raoultella ornithinolytica
GCF_052049705.1	ASM5204970v1	2025-08-15	Riemerella anatipestifer		JN1					GCF_052049705.1-RS_2025_08_15	Complete Genome	2025-08-16		1	Riemerella anatipestifer
GCF_030544765.1	ASM3054476v1	2025-07-25	Riemerella anatipestifer		RCAD0509					GCF_030544765.1-RS_2025_07_25	Complete Genome	2023-07-26		1	Riemerella anatipestifer
GCF_030544785.1	ASM3054478v1	2025-07-25	Riemerella anatipestifer		RCAD0510					GCF_030544785.1-RS_2025_07_25	Complete Genome	2023-07-26		1	Riemerella anatipestifer
GCF_030544805.1	ASM3054480v1	2025-07-25	Riemerella anatipestifer		RCAD0511					GCF_030544805.1-RS_2025_07_25	Complete Genome	2023-07-26		1	Riemerella anatipestifer
GCF_030544825.1	ASM3054482v1	2025-07-25	Riemerella anatipestifer		RCAD0569					GCF_030544825.1-RS_2025_07_25	Complete Genome	2023-07-26		1	Riemerella anatipestifer
GCF_009670965.2	ASM967096v2	2025-07-14	Riemerella anatipestifer		RCAD0416					GCF_009670965.2-RS_2025_07_14	Complete Genome	2022-06-22		2	Riemerella anatipestifer
GCF_051132245.1	RCAD0997	2025-06-29	Riemerella anatipestifer		RCAD0997					GCF_051132245.1-RS_2025_06_29	Complete Genome	2025-06-29		1	Riemerella anatipestifer
GCF_009690655.2	ASM969065v2	2025-05-31	Riemerella anatipestifer		RCAD0421					GCF_009690655.2-RS_2025_05_31	Complete Genome	2023-06-01		1	Riemerella anatipestifer
GCF_001670625.2	ASM167062v2	2025-04-11	Riemerella anatipestifer		RCAD0125					GCF_001670625.2-RS_2025_04_11	Complete Genome	2023-04-12		1	Riemerella anatipestifer
GCF_035666175.1	ASM3566617v1	2025-03-09	Riemerella anatipestifer		59RAST107					GCF_035666175.1-RS_2025_03_09	Complete Genome	2024-01-16		2	Riemerella anatipestifer
GCF_000331695.1	ASM33169v1	2025-02-24	Riemerella anatipestifer RA-CH-2		RA-CH-2					GCF_000331695.1-RS_2025_02_24	Complete Genome	2013-01-14		1	Riemerella anatipestifer
GCF_036549155.1	ASM3654915v1	2025-02-11	Riemerella anatipestifer		RA-3M					GCF_036549155.1-RS_2025_02_11	Complete Genome	2024-02-12		1	Riemerella anatipestifer
GCF_046603645.1	ASM4660364v1	2025-01-13	Riemerella anatipestifer		JW1					GCF_046603645.1-RS_2025_01_13	Complete Genome	2025-01-13		1	Riemerella anatipestifer
GCF_021655845.1	ASM2165584v1	2025-01-09	Riemerella anatipestifer		20190507E1-1					GCF_021655845.1-RS_2025_01_09	Complete Genome	2021-08-30		4	Riemerella anatipestifer
GCF_026427735.1	ASM2642773v1	2025-01-07	Riemerella anatipestifer		S63					GCF_026427735.1-RS_2025_01_07	Complete Genome	2022-11-28		1	Riemerella anatipestifer
GCF_019802745.1	ASM1980274v1	2024-12-30	Riemerella anatipestifer		20190509E1-1					GCF_019802745.1-RS_2024_12_30	Complete Genome	2021-08-30		2	Riemerella anatipestifer
GCF_046116525.1	ASM4611652v1	2024-12-17	Riemerella anatipestifer		RAf490					GCF_046116525.1-RS_2024_12_17	Complete Genome	2024-12-18		1	Riemerella anatipestifer
GCF_046101805.1	ASM4610180v1	2024-12-17	Riemerella anatipestifer		RAf950					GCF_046101805.1-RS_2024_12_17	Complete Genome	2024-12-18		1	Riemerella anatipestifer
GCF_026016565.1	ASM2601656v1	2024-11-27	Riemerella anatipestifer		WH9					GCF_026016565.1-RS_2024_11_27	Complete Genome	2022-11-07		1	Riemerella anatipestifer
GCF_045348095.1	ASM4534809v1	2024-11-27	Riemerella anatipestifer		RA-NM					GCF_045348095.1-RS_2024_11_27	Complete Genome	2024-11-27		1	Riemerella anatipestifer
GCF_025159075.1	ASM2515907v1	2024-11-06	Riemerella anatipestifer		SCVM0004					GCF_025159075.1-RS_2024_11_06	Complete Genome	2022-09-13		1	Riemerella anatipestifer
GCF_019297815.1	ASM1929781v1	2024-11-06	Riemerella anatipestifer RA-YM		RA-YM					GCF_019297815.1-RS_2024_11_06	Complete Genome	2021-07-21		1	Riemerella anatipestifer
GCF_019552205.1	ASM1955220v1	2024-10-26	Riemerella anatipestifer		20190121E1-3					GCF_019552205.1-RS_2024_10_26	Complete Genome	2021-08-11		2	Riemerella anatipestifer
GCF_019552325.1	ASM1955232v1	2024-10-26	Riemerella anatipestifer		20190305E2-2					GCF_019552325.1-RS_2024_10_26	Complete Genome	2021-08-11		3	Riemerella anatipestifer
GCF_018972085.1	ASM1897208v1	2024-10-26	Riemerella anatipestifer		XG19					GCF_018972085.1-RS_2024_10_26	Complete Genome	2021-06-21		1	Riemerella anatipestifer
GCF_000734055.1	ASM73405v1	2024-10-26	Riemerella anatipestifer CH3		CH3					GCF_000734055.1-RS_2024_10_26	Complete Genome	2014-07-28		1	Riemerella anatipestifer
GCF_000191565.1	ASM19156v1	2024-10-26	Riemerella anatipestifer RA-GD		RA-GD					GCF_000191565.1-RS_2024_10_26	Complete Genome	2011-03-07		1	Riemerella anatipestifer
GCF_001589345.2	ASM158934v2	2024-10-25	Riemerella anatipestifer		RCAD0122					GCF_001589345.2-RS_2024_10_25	Complete Genome	2021-12-07		1	Riemerella anatipestifer
GCF_021655765.1	ASM2165576v1	2024-10-25	Riemerella anatipestifer		20200501E2-1					GCF_021655765.1-RS_2024_10_25	Complete Genome	2021-08-30		2	Riemerella anatipestifer
GCF_021655785.1	ASM2165578v1	2024-10-25	Riemerella anatipestifer		20190213Y1-1					GCF_021655785.1-RS_2024_10_25	Complete Genome	2021-08-30		2	Riemerella anatipestifer
GCF_021655715.1	ASM2165571v1	2024-10-25	Riemerella anatipestifer		20190609E1-1					GCF_021655715.1-RS_2024_10_25	Complete Genome	2021-08-30		2	Riemerella anatipestifer
GCF_900186945.1	48903_E01	2024-10-23	Riemerella anatipestifer		NCTC11014					GCF_900186945.1-RS_2024_10_23	Complete Genome	2017-08-15		1	Riemerella anatipestifer
GCF_000252855.1	ASM25285v1	2024-10-23	Riemerella anatipestifer ATCC 11845 = DSM 15868		ATCC 11845					GCF_000252855.1-RS_2024_10_23	Complete Genome	2012-03-15		1	Riemerella anatipestifer
GCF_015291805.1	ASM1529180v1	2024-10-23	Riemerella anatipestifer		RCAD0392					GCF_015291805.1-RS_2024_10_23	Complete Genome	2020-11-09		1	Riemerella anatipestifer
GCF_019552185.1	ASM1955218v1	2024-10-23	Riemerella anatipestifer		20190403E1-1					GCF_019552185.1-RS_2024_10_23	Complete Genome	2021-08-11		2	Riemerella anatipestifer
GCF_001077795.1	ASM107779v1	2024-10-23	Riemerella anatipestifer Yb2		Yb2					GCF_001077795.1-RS_2024_10_23	Complete Genome	2015-07-14		1	Riemerella anatipestifer
GCF_019802705.1	ASM1980270v1	2024-10-13	Riemerella anatipestifer		20160930RA1					GCF_019802705.1-RS_2024_10_13	Complete Genome	2021-08-30		1	Riemerella anatipestifer
GCF_019802765.1	ASM1980276v1	2024-10-12	Riemerella anatipestifer		20190510E1-1					GCF_019802765.1-RS_2024_10_12	Complete Genome	2021-08-30		1	Riemerella anatipestifer
GCF_019802725.1	ASM1980272v1	2024-10-12	Riemerella anatipestifer		20190212E1-4					GCF_019802725.1-RS_2024_10_12	Complete Genome	2021-08-30		1	Riemerella anatipestifer
GCF_019802785.1	ASM1980278v1	2024-10-12	Riemerella anatipestifer		20160930R-3					GCF_019802785.1-RS_2024_10_12	Complete Genome	2021-08-30		1	Riemerella anatipestifer
GCF_042467385.1	ASM4246738v1	2024-10-03	Riemerella anatipestifer		PAT3					GCF_042467385.1-RS_2024_10_03	Complete Genome	2024-10-10		1	Riemerella anatipestifer
GCF_001670765.2	ASM167076v2	2024-09-26	Riemerella anatipestifer		RCAD0133					GCF_001670765.2-RS_2024_09_26	Complete Genome	2019-01-11		1	Riemerella anatipestifer
GCF_006385095.1	ASM638509v1	2024-09-26	Riemerella anatipestifer		WJ4					GCF_006385095.1-RS_2024_09_26	Complete Genome	2019-06-22		1	Riemerella anatipestifer
GCF_009496935.1	ASM949693v1	2024-09-26	Riemerella anatipestifer		RA-LZ01					GCF_009496935.1-RS_2024_09_26	Complete Genome	2019-11-03		1	Riemerella anatipestifer
GCF_000183155.1	ASM18315v1	2024-09-25	Riemerella anatipestifer ATCC 11845 = DSM 15868		DSM 15868					GCF_000183155.1-RS_2024_09_25	Complete Genome	2010-11-23		1	Riemerella anatipestifer
GCF_002025185.1	ASM202518v1	2024-09-25	Riemerella anatipestifer		HXb2					GCF_002025185.1-RS_2024_09_25	Complete Genome	2017-03-13		1	Riemerella anatipestifer
GCF_000295655.1	ASM29565v1	2024-09-25	Riemerella anatipestifer RA-CH-1		RA-CH-1					GCF_000295655.1-RS_2024_09_25	Complete Genome	2012-09-07		1	Riemerella anatipestifer
GCF_031583085.1	ASM3158308v1	2024-09-19	Riemerella anatipestifer		SX-1					GCF_031583085.1-RS_2024_09_19	Complete Genome	2023-09-17		1	Riemerella anatipestifer
GCF_019552145.1	ASM1955214v1	2024-09-13	Riemerella anatipestifer		20190604J2-1					GCF_019552145.1-RS_2024_09_13	Complete Genome	2021-08-11		1	Riemerella anatipestifer
GCF_019552165.1	ASM1955216v1	2024-09-13	Riemerella anatipestifer		20190109E1-1					GCF_019552165.1-RS_2024_09_13	Complete Genome	2021-08-11		1	Riemerella anatipestifer
GCF_052229965.1	ASM5222996v1	2025-08-27	Salmonella enterica		P23040					GCF_052229965.1-RS_2025_08_27	Complete Genome	2025-08-29		3	Salmonella enterica
GCF_003325215.1	ASM332521v1	2025-08-25	Salmonella enterica		SA20021456					GCF_003325215.1-RS_2025_08_25	Complete Genome	2018-07-17		4	Salmonella enterica
GCF_000027025.1	ASM2702v1	2025-08-25	Salmonella enterica subsp. enterica serovar Typhimurium str. D23580		D23580					GCF_000027025.1-RS_2025_08_25	Complete Genome	2009-10-10		1	Salmonella enterica
GCF_001623845.1	ASM162384v1	2025-08-25	Salmonella enterica subsp. enterica serovar Typhimurium str. USDA-ARS-USMARC-1896		USDA-ARS-USMARC-1896			ST03-F34		GCF_001623845.1-RS_2025_08_25	Complete Genome	2016-04-19		2	Salmonella enterica
GCF_001620115.1	ASM162011v1	2025-08-25	Salmonella enterica subsp. enterica serovar Anatum str. USDA-ARS-USMARC-1736		USDA-ARS-USMARC-1736					GCF_001620115.1-RS_2025_08_25	Complete Genome	2016-04-15		2	Salmonella enterica
GCF_001975385.1	ASM197538v1	2025-08-25	Salmonella enterica subsp. enterica serovar Hillingdon str. N1529-D3		N1529-D3					GCF_001975385.1-RS_2025_08_25	Complete Genome	2017-01-30		1	Salmonella enterica
GCF_001975515.1	ASM197551v1	2025-08-25	Salmonella enterica subsp. enterica serovar Manchester str. ST278		ST278					GCF_001975515.1-RS_2025_08_25	Complete Genome	2017-01-30		1	Salmonella enterica
GCF_004923395.1	ASM492339v1	2025-08-24	Salmonella enterica subsp. enterica serovar Worthington		7101.67					GCF_004923395.1-RS_2025_08_24	Complete Genome	2019-04-30		6	Salmonella enterica
GCF_024494525.1	ASM2449452v1	2025-08-23	Salmonella enterica subsp. enterica serovar Mbandaka		SMEH					GCF_024494525.1-RS_2025_08_23	Complete Genome	2022-07-30		4	Salmonella enterica
GCF_013377335.1	ASM1337733v1	2025-08-22	Salmonella enterica subsp. enterica serovar Infantis		VNSEC002					GCF_013377335.1-RS_2025_08_22	Complete Genome	2020-06-30		2	Salmonella enterica
GCF_013377355.1	ASM1337735v1	2025-08-22	Salmonella enterica subsp. enterica serovar Infantis		VNSEC001					GCF_013377355.1-RS_2025_08_22	Complete Genome	2020-06-30		2	Salmonella enterica
GCF_013377315.1	ASM1337731v1	2025-08-21	Salmonella enterica subsp. enterica serovar Infantis		VNSEC003					GCF_013377315.1-RS_2025_08_21	Complete Genome	2020-06-30		2	Salmonella enterica
GCF_013376915.1	ASM1337691v1	2025-08-21	Salmonella enterica subsp. enterica serovar Newport		VNSEC031					GCF_013376915.1-RS_2025_08_21	Complete Genome	2020-06-30		1	Salmonella enterica
GCF_013376935.1	ASM1337693v1	2025-08-21	Salmonella enterica subsp. enterica serovar Newport		VNSEC023					GCF_013376935.1-RS_2025_08_21	Complete Genome	2020-06-30		2	Salmonella enterica
GCF_030644285.1	ASM3064428v1	2025-08-19	Salmonella enterica subsp. enterica serovar Typhimurium		HS_187Salm					GCF_030644285.1-RS_2025_08_19	Complete Genome	2023-08-04		3	Salmonella enterica
GCF_030644305.1	ASM3064430v1	2025-08-19	Salmonella enterica subsp. enterica serovar Typhimurium		HS_180Salm					GCF_030644305.1-RS_2025_08_19	Complete Genome	2023-08-04		3	Salmonella enterica
GCF_024442275.1	ASM2444227v1	2025-08-19	Salmonella enterica subsp. enterica serovar Kentucky		BCID6					GCF_024442275.1-RS_2025_08_19	Complete Genome	2022-07-26		1	Salmonella enterica
GCF_024442255.1	ASM2444225v1	2025-08-19	Salmonella enterica subsp. enterica serovar Kentucky		KCID6					GCF_024442255.1-RS_2025_08_19	Complete Genome	2022-07-26		1	Salmonella enterica
GCF_030506565.1	ASM3050656v1	2025-08-19	Salmonella enterica subsp. diarizonae		S499V					GCF_030506565.1-RS_2025_08_19	Complete Genome	2023-07-19		5	Salmonella enterica
GCF_024364905.1	ASM2436490v1	2025-08-18	Salmonella enterica		SC2016090					GCF_024364905.1-RS_2025_08_18	Complete Genome	2022-07-21		1	Salmonella enterica
GCF_024365005.1	ASM2436500v1	2025-08-18	Salmonella enterica		SC2017167					GCF_024365005.1-RS_2025_08_18	Complete Genome	2022-07-21		2	Salmonella enterica
GCF_024364945.1	ASM2436494v1	2025-08-18	Salmonella enterica		SC2016290					GCF_024364945.1-RS_2025_08_18	Complete Genome	2022-07-21		3	Salmonella enterica
GCF_024364925.1	ASM2436492v1	2025-08-18	Salmonella enterica		SC2016091					GCF_024364925.1-RS_2025_08_18	Complete Genome	2022-07-21		3	Salmonella enterica
GCF_024365025.1	ASM2436502v1	2025-08-18	Salmonella enterica		SC2017297					GCF_024365025.1-RS_2025_08_18	Complete Genome	2022-07-21		2	Salmonella enterica
GCF_024364985.1	ASM2436498v1	2025-08-18	Salmonella enterica		SC2017100					GCF_024364985.1-RS_2025_08_18	Complete Genome	2022-07-21		2	Salmonella enterica
GCF_024364885.1	ASM2436488v1	2025-08-18	Salmonella enterica		SC2016042					GCF_024364885.1-RS_2025_08_18	Complete Genome	2022-07-21		2	Salmonella enterica
GCF_024364825.1	ASM2436482v1	2025-08-18	Salmonella enterica		SC2014107					GCF_024364825.1-RS_2025_08_18	Complete Genome	2022-07-21		2	Salmonella enterica
GCF_001690095.1	ASM169009v1	2025-08-18	Salmonella enterica subsp. enterica serovar Heidelberg		SA01AB09084001					GCF_001690095.1-RS_2025_08_18	Complete Genome	2016-07-21		4	Salmonella enterica
GCF_006165105.1	ASM616510v1	2025-08-18	Salmonella enterica subsp. enterica serovar Agona		USDA-ARS-USMARC-76332					GCF_006165105.1-RS_2025_08_18	Complete Genome	2019-06-10		1	Salmonella enterica
GCF_006165145.1	ASM616514v1	2025-08-18	Salmonella enterica subsp. enterica serovar Agona		USDA-ARS-USMARC-76338					GCF_006165145.1-RS_2025_08_18	Complete Genome	2019-06-10		1	Salmonella enterica
GCF_024364965.1	ASM2436496v1	2025-08-17	Salmonella enterica		SC2017030					GCF_024364965.1-RS_2025_08_17	Complete Genome	2022-07-21		4	Salmonella enterica
GCF_001973785.2	ASM197378v2	2025-08-17	Salmonella enterica subsp. enterica serovar Enteritidis		CFSAN051827					GCF_001973785.2-RS_2025_08_17	Complete Genome	2021-06-07		3	Salmonella enterica
GCF_001972545.2	ASM197254v2	2025-08-17	Salmonella enterica subsp. enterica serovar Enteritidis		CFSAN051890					GCF_001972545.2-RS_2025_08_17	Complete Genome	2021-05-28		2	Salmonella enterica
GCF_001972625.2	ASM197262v2	2025-08-17	Salmonella enterica subsp. enterica serovar Enteritidis		CFSAN051882					GCF_001972625.2-RS_2025_08_17	Complete Genome	2021-06-07		2	Salmonella enterica
GCF_001931555.1	ASM193155v1	2025-08-17	Salmonella enterica subsp. enterica serovar Infantis		FSIS1502169					GCF_001931555.1-RS_2025_08_17	Complete Genome	2017-01-04		2	Salmonella enterica
GCF_001931615.1	ASM193161v1	2025-08-17	Salmonella enterica subsp. enterica serovar Infantis		CVM44454			2014am-3028		GCF_001931615.1-RS_2025_08_17	Complete Genome	2017-01-04		2	Salmonella enterica
GCF_006165265.1	ASM616526v1	2025-08-17	Salmonella enterica subsp. enterica serovar Agona		USDA-ARS-USMARC-76341					GCF_006165265.1-RS_2025_08_17	Complete Genome	2019-06-10		1	Salmonella enterica
GCF_006165185.1	ASM616518v1	2025-08-17	Salmonella enterica subsp. enterica serovar Agona		USDA-ARS-USMARC-76333					GCF_006165185.1-RS_2025_08_17	Complete Genome	2019-06-10		1	Salmonella enterica
GCF_006165165.1	ASM616516v1	2025-08-17	Salmonella enterica subsp. enterica serovar Agona		USDA-ARS-USMARC-76340					GCF_006165165.1-RS_2025_08_17	Complete Genome	2019-06-10		1	Salmonella enterica
GCF_006165245.1	ASM616524v1	2025-08-17	Salmonella enterica subsp. enterica serovar Agona		USDA-ARS-USMARC-76339					GCF_006165245.1-RS_2025_08_17	Complete Genome	2019-06-10		1	Salmonella enterica
GCF_006165225.1	ASM616522v1	2025-08-17	Salmonella enterica subsp. enterica serovar Agona		USDA-ARS-USMARC-76337					GCF_006165225.1-RS_2025_08_17	Complete Genome	2019-06-10		1	Salmonella enterica
GCF_006165205.1	ASM616520v1	2025-08-17	Salmonella enterica subsp. enterica serovar Agona		USDA-ARS-USMARC-76336					GCF_006165205.1-RS_2025_08_17	Complete Genome	2019-06-10		1	Salmonella enterica
GCF_006165285.1	ASM616528v1	2025-08-17	Salmonella enterica subsp. enterica serovar Agona		USDA-ARS-USMARC-76334					GCF_006165285.1-RS_2025_08_17	Complete Genome	2019-06-10		2	Salmonella enterica
GCF_006165125.1	ASM616512v1	2025-08-17	Salmonella enterica subsp. enterica serovar Agona		USDA-ARS-USMARC-76335					GCF_006165125.1-RS_2025_08_17	Complete Genome	2019-06-10		1	Salmonella enterica
GCF_051861865.1	ASM5186186v1	2025-08-17	Salmonella enterica subsp. enterica serovar 4,[5],12:i:-		GGN-BG-22					GCF_051861865.1-RS_2025_08_17	Complete Genome	2025-08-08		3	Salmonella enterica
GCF_030505815.1	ASM3050581v1	2025-08-17	Salmonella enterica subsp. enterica serovar Schwarzengrund		SEMDH-29					GCF_030505815.1-RS_2025_08_17	Complete Genome	2023-07-19		5	Salmonella enterica
GCF_030505895.1	ASM3050589v1	2025-08-17	Salmonella enterica subsp. enterica serovar Schwarzengrund		SECVM-14					GCF_030505895.1-RS_2025_08_17	Complete Genome	2023-07-19		3	Salmonella enterica
GCF_030505775.1	ASM3050577v1	2025-08-17	Salmonella enterica subsp. enterica serovar Schwarzengrund		SEWLSH-7					GCF_030505775.1-RS_2025_08_17	Complete Genome	2023-07-19		3	Salmonella enterica
GCF_030505875.1	ASM3050587v1	2025-08-17	Salmonella enterica subsp. enterica serovar Schwarzengrund		SECVM-15					GCF_030505875.1-RS_2025_08_17	Complete Genome	2023-07-19		3	Salmonella enterica
GCF_030505935.1	ASM3050593v1	2025-08-17	Salmonella enterica subsp. enterica serovar Schwarzengrund		SE CVM-11					GCF_030505935.1-RS_2025_08_17	Complete Genome	2023-07-19		3	Salmonella enterica
GCF_905232465.2	AI2617v1_cp	2025-09-01	Serratia marcescens					0		GCF_905232465.2-RS_2025_09_01	Complete Genome	2022-05-22		6	Serratia marcescens
GCF_946404965.1	SJC1062	2025-09-01	Serratia marcescens		SJC1062					GCF_946404965.1-RS_2025_09_01	Complete Genome	2022-08-27		7	Serratia marcescens
GCF_946411905.1	SJC1058	2025-09-01	Serratia marcescens		SJC1058					GCF_946411905.1-RS_2025_09_01	Complete Genome	2022-08-27		6	Serratia marcescens
GCF_946413195.1	SJC1051	2025-09-01	Serratia marcescens		SJC1051					GCF_946413195.1-RS_2025_09_01	Complete Genome	2022-08-27		4	Serratia marcescens
GCF_946406225.1	SJC1046	2025-09-01	Serratia marcescens		SJC1046					GCF_946406225.1-RS_2025_09_01	Complete Genome	2022-08-27		4	Serratia marcescens
GCF_030734145.1	ASM3073414v1	2025-09-01	Serratia marcescens		F61211109					GCF_030734145.1-RS_2025_09_01	Complete Genome	2023-08-15		2	Serratia marcescens
GCF_946411625.1	SJC1052	2025-09-01	Serratia marcescens		SJC1052					GCF_946411625.1-RS_2025_09_01	Complete Genome	2022-08-27		4	Serratia marcescens
GCF_946404695.1	SJC1045	2025-09-01	Serratia marcescens		SJC1045					GCF_946404695.1-RS_2025_09_01	Complete Genome	2022-08-27		4	Serratia marcescens
GCF_946406635.1	SJC1048	2025-09-01	Serratia marcescens		SJC1048					GCF_946406635.1-RS_2025_09_01	Complete Genome	2022-08-27		4	Serratia marcescens
GCF_946415285.1	SJC1050	2025-09-01	Serratia marcescens		SJC1050					GCF_946415285.1-RS_2025_09_01	Complete Genome	2022-08-27		4	Serratia marcescens
GCF_946414065.1	SJC1044	2025-09-01	Serratia marcescens		SJC1044					GCF_946414065.1-RS_2025_09_01	Complete Genome	2022-08-27		4	Serratia marcescens
GCF_946406125.1	SJC1054	2025-09-01	Serratia marcescens		SJC1054					GCF_946406125.1-RS_2025_09_01	Complete Genome	2022-08-27		4	Serratia marcescens
GCF_946406265.1	SJC1043	2025-09-01	Serratia marcescens		SJC1043					GCF_946406265.1-RS_2025_09_01	Complete Genome	2022-08-27		4	Serratia marcescens
GCF_905232415.2	AI2618v1_cp	2025-09-01	Serratia marcescens					0		GCF_905232415.2-RS_2025_09_01	Complete Genome	2022-05-22		7	Serratia marcescens
GCF_905330385.2	AI2872v1_cpp	2025-09-01	Serratia marcescens					0		GCF_905330385.2-RS_2025_09_01	Complete Genome	2022-05-24		2	Serratia marcescens
GCF_905330515.2	AI2884v1_cpp	2025-09-01	Serratia marcescens					0		GCF_905330515.2-RS_2025_09_01	Complete Genome	2022-05-24		2	Serratia marcescens
GCF_905232425.2	AI2616v1_cp	2025-09-01	Serratia marcescens					0		GCF_905232425.2-RS_2025_09_01	Complete Genome	2022-05-22		4	Serratia marcescens
GCF_905330555.1	AI2887v1_cpp	2025-09-01	Serratia marcescens					0		GCF_905330555.1-RS_2025_09_01	Complete Genome	2022-05-24		3	Serratia marcescens
GCF_905233025.2	AI2795v1_cp	2025-09-01	Serratia marcescens					0		GCF_905233025.2-RS_2025_09_01	Complete Genome	2022-05-22		3	Serratia marcescens
GCF_946409225.1	SJC1039	2025-09-01	Serratia marcescens		SJC1039					GCF_946409225.1-RS_2025_09_01	Complete Genome	2022-08-27		1	Serratia marcescens
GCF_905330265.2	AI2857v1_cpp	2025-09-01	Serratia marcescens					0		GCF_905330265.2-RS_2025_09_01	Complete Genome	2022-05-24		2	Serratia marcescens
GCF_019344315.1	ASM1934431v1	2025-08-31	Serratia marcescens		LVF3					GCF_019344315.1-RS_2025_08_31	Complete Genome	2021-07-26		2	Serratia marcescens
GCF_006711405.1	ASM671140v1	2025-08-18	Serratia marcescens		WVU-007					GCF_006711405.1-RS_2025_08_18	Complete Genome	2019-07-08		1	Serratia marcescens
GCF_052045055.1	ASM5204505v1	2025-08-16	Serratia marcescens		Hei101					GCF_052045055.1-RS_2025_08_16	Complete Genome	2025-08-16		2	Serratia marcescens
GCF_030758555.1	ASM3075855v1	2025-08-16	Serratia marcescens		KZ11					GCF_030758555.1-RS_2025_08_16	Complete Genome	2023-08-16		1	Serratia marcescens
GCF_013256815.1	ASM1325681v1	2025-08-08	Serratia marcescens		LY1					GCF_013256815.1-RS_2025_08_08	Complete Genome	2020-06-03		2	Serratia marcescens
GCF_013367735.1	ASM1336773v1	2025-07-30	Serratia marcescens		JW-CZ2					GCF_013367735.1-RS_2025_07_30	Complete Genome	2020-06-23		1	Serratia marcescens
GCF_008364265.2	ASM836426v2	2025-07-24	Serratia marcescens		S7.1					GCF_008364265.2-RS_2025_07_24	Complete Genome	2020-06-17		1	Serratia marcescens
GCF_002810285.1	ASM281028v1	2025-07-18	Serratia marcescens		12TM					GCF_002810285.1-RS_2025_07_18	Complete Genome	2017-12-21	PEHA01	3	Serratia marcescens
GCF_051397815.1	ASM5139781v1	2025-07-17	Serratia marcescens		CVB					GCF_051397815.1-RS_2025_07_17	Complete Genome	2025-07-18		1	Serratia marcescens
GCF_013112395.1	ASM1311239v1	2025-07-16	Serratia marcescens		FZSF02					GCF_013112395.1-RS_2025_07_16	Complete Genome	2020-05-17		1	Serratia marcescens
GCF_013122155.1	ASM1312215v1	2025-07-16	Serratia marcescens		FY					GCF_013122155.1-RS_2025_07_16	Complete Genome	2020-05-19		3	Serratia marcescens
GCF_030323325.3	ASM3032332v3	2025-07-12	Serratia marcescens		AD-W2					GCF_030323325.3-RS_2025_07_12	Complete Genome	2024-07-01		1	Serratia marcescens
GCF_015074945.1	ASM1507494v1	2025-06-29	Serratia marcescens		SCH909					GCF_015074945.1-RS_2025_06_29	Complete Genome	2020-10-29		2	Serratia marcescens
GCF_030291735.1	ASM3029173v1	2025-06-20	Serratia marcescens		ELP1.10					GCF_030291735.1-RS_2025_06_20	Complete Genome	2023-06-20		2	Serratia marcescens
GCF_040212265.1	ASM4021226v1	2025-06-19	Serratia marcescens		KS10					GCF_040212265.1-RS_2025_06_19	Complete Genome	2024-06-20		1	Serratia marcescens
GCF_904866365.1	MSB1_9C	2025-06-17	Serratia marcescens		MSB1_9C			MSB1_9C		GCF_904866365.1-RS_2025_06_17	Complete Genome	2020-11-01		4	Serratia marcescens
GCF_000828775.1	ASM82877v1	2025-06-16	Serratia marcescens SM39		SM39					GCF_000828775.1-RS_2025_06_16	Complete Genome	2014-01-09		3	Serratia marcescens
GCF_050908205.1	ASM5090820v1	2025-06-12	Serratia marcescens		SM01					GCF_050908205.1-RS_2025_06_12	Complete Genome	2025-06-13		1	Serratia marcescens
GCF_050908185.1	ASM5090818v1	2025-06-12	Serratia marcescens		SM03					GCF_050908185.1-RS_2025_06_12	Complete Genome	2025-06-13		1	Serratia marcescens
GCF_050613095.2	ASM5061309v1	2025-06-11	Serratia marcescens		SM02					GCF_050613095.2-RS_2025_06_11	Complete Genome	2025-06-11		1	Serratia marcescens
GCF_050859385.1	ASM5085938v1	2025-06-10	Serratia marcescens		L17					GCF_050859385.1-RS_2025_06_10	Complete Genome	2025-06-10		1	Serratia marcescens
GCF_050859425.1	ASM5085942v1	2025-06-10	Serratia marcescens		L18					GCF_050859425.1-RS_2025_06_10	Complete Genome	2025-06-10		1	Serratia marcescens
GCF_050859395.1	ASM5085939v1	2025-06-10	Serratia marcescens		L20					GCF_050859395.1-RS_2025_06_10	Complete Genome	2025-06-10		1	Serratia marcescens
GCF_050750665.1	Serratia_CH31	2025-06-05	Serratia marcescens		CH31					GCF_050750665.1-RS_2025_06_05	Complete Genome	2025-06-06		2	Serratia marcescens
GCF_025913715.1	ASM2591371v1	2025-05-14	Serratia marcescens		SMBC50					GCF_025913715.1-RS_2025_05_14	Complete Genome	2022-10-31		2	Serratia marcescens
GCF_025913695.1	ASM2591369v1	2025-05-08	Serratia marcescens		SMBC31					GCF_025913695.1-RS_2025_05_08	Complete Genome	2022-10-31		5	Serratia marcescens
GCF_050239245.1	ASM5023924v1	2025-05-08	Serratia marcescens		A26716					GCF_050239245.1-RS_2025_05_08	Complete Genome	2025-05-14		1	Serratia marcescens
GCF_029873375.1	ASM2987337v1	2025-04-27	Serratia marcescens		RMCH-M26-N					GCF_029873375.1-RS_2025_04_27	Complete Genome	2023-04-26		1	Serratia marcescens
GCF_029873435.1	ASM2987343v1	2025-04-27	Serratia marcescens		RMCH-M16-N					GCF_029873435.1-RS_2025_04_27	Complete Genome	2023-04-26		1	Serratia marcescens
GCF_030582455.1	ASM3058245v1	2025-08-18	Shigella flexneri		2aT32					GCF_030582455.1-RS_2025_08_18	Complete Genome	2023-08-02		5	Shigella flexneri
GCF_013364115.1	ASM1336411v1	2025-08-11	Shigella flexneri		FDAARGOS_691					GCF_013364115.1-RS_2025_08_11	Complete Genome	2020-06-22		3	Shigella flexneri
GCF_051903855.1	S700241	2025-08-08	Shigella flexneri		S700241					GCF_051903855.1-RS_2025_08_08	Complete Genome	2025-08-09		5	Shigella flexneri
GCF_009931475.1	ASM993147v1	2025-07-25	Shigella flexneri		5908.2					GCF_009931475.1-RS_2025_07_25	Complete Genome	2020-01-27		2	Shigella flexneri
GCF_016598675.1	ASM1659867v1	2025-07-25	Shigella flexneri 3a		888048					GCF_016598675.1-RS_2025_07_25	Complete Genome	2021-01-10		1	Shigella flexneri
GCF_030506075.1	ASM3050607v1	2025-07-25	Shigella flexneri 1b		A-10383					GCF_030506075.1-RS_2025_07_25	Complete Genome	2023-07-19		7	Shigella flexneri
GCF_030506055.1	ASM3050605v1	2025-07-25	Shigella flexneri 1b		A-6817					GCF_030506055.1-RS_2025_07_25	Complete Genome	2023-07-19		2	Shigella flexneri
GCF_007197595.1	ASM719759v1	2025-07-20	Shigella flexneri		C32					GCF_007197595.1-RS_2025_07_20	Complete Genome	2019-07-20		3	Shigella flexneri
GCF_000783735.2	ASM78373v2	2025-07-20	Shigella flexneri		FDAARGOS_74					GCF_000783735.2-RS_2025_07_20	Complete Genome	2018-01-30		2	Shigella flexneri
GCF_002946695.1	ASM294669v1	2025-07-20	Shigella flexneri		89-141					GCF_002946695.1-RS_2025_07_20	Complete Genome	2018-02-23		2	Shigella flexneri
GCF_001579965.1	ASM157996v1	2025-07-20	Shigella flexneri 4c		1205					GCF_001579965.1-RS_2025_07_20	Complete Genome	2016-03-03		4	Shigella flexneri
GCF_002950215.1	ASM295021v1	2025-07-19	Shigella flexneri 2a		ATCC 29903					GCF_002950215.1-RS_2025_07_19	Complete Genome	2018-02-26		3	Shigella flexneri
GCF_002950255.1	ASM295025v1	2025-07-19	Shigella flexneri		74-1170					GCF_002950255.1-RS_2025_07_19	Complete Genome	2018-02-23		2	Shigella flexneri
GCF_003719775.1	ASM371977v1	2025-07-19	Shigella flexneri		2016AM-0877					GCF_003719775.1-RS_2025_07_19	Complete Genome	2018-11-11		2	Shigella flexneri
GCF_002174695.2	ASM217469v2	2025-07-19	Shigella flexneri		FC906					GCF_002174695.2-RS_2025_07_19	Complete Genome	2019-03-26		1	Shigella flexneri
GCF_010231485.1	ASM1023148v1	2025-07-19	Shigella flexneri		2013C-3749					GCF_010231485.1-RS_2025_07_19	Complete Genome	2020-02-06		3	Shigella flexneri
GCF_008727275.1	ASM872727v1	2025-07-19	Shigella flexneri		AR-0423					GCF_008727275.1-RS_2025_07_19	Complete Genome	2019-09-29		3	Shigella flexneri
GCF_008727255.1	ASM872725v1	2025-07-19	Shigella flexneri		AR-0424					GCF_008727255.1-RS_2025_07_19	Complete Genome	2019-09-29		3	Shigella flexneri
GCF_003855135.1	ASM385513v1	2025-07-19	Shigella flexneri		FDAARGOS_535					GCF_003855135.1-RS_2025_07_19	Complete Genome	2018-12-02		7	Shigella flexneri
GCF_004171185.1	ASM417118v1	2025-07-19	Shigella flexneri		SFL1520					GCF_004171185.1-RS_2025_07_19	Complete Genome	2019-02-12		1	Shigella flexneri
GCF_008727235.1	ASM872723v1	2025-07-19	Shigella flexneri		AR-0425					GCF_008727235.1-RS_2025_07_19	Complete Genome	2019-09-29		3	Shigella flexneri
GCF_002949695.1	ASM294969v1	2025-07-19	Shigella flexneri		98-3193					GCF_002949695.1-RS_2025_07_19	Complete Genome	2018-02-23		1	Shigella flexneri
GCF_009664535.1	ASM966453v1	2025-07-19	Shigella flexneri 2a		AUSMDU00010535					GCF_009664535.1-RS_2025_07_19	Complete Genome	2019-11-17		4	Shigella flexneri
GCF_002240115.1	ASM224011v1	2025-07-19	Shigella flexneri 1a		0439					GCF_002240115.1-RS_2025_07_19	Complete Genome	2017-08-02		3	Shigella flexneri
GCF_002949575.1	ASM294957v1	2025-07-19	Shigella flexneri Y		93-3063					GCF_002949575.1-RS_2025_07_19	Complete Genome	2018-02-23		4	Shigella flexneri
GCF_002240135.1	ASM224013v1	2025-07-19	Shigella flexneri 1a		0670					GCF_002240135.1-RS_2025_07_19	Complete Genome	2017-08-02		3	Shigella flexneri
GCF_008370775.1	ASM837077v1	2025-07-19	Shigella flexneri Y		PE577					GCF_008370775.1-RS_2025_07_19	Complete Genome	2019-09-12		3	Shigella flexneri
GCF_002240075.1	ASM224007v1	2025-07-19	Shigella flexneri 4c		1602					GCF_002240075.1-RS_2025_07_19	Complete Genome	2017-08-02		3	Shigella flexneri
GCF_002240095.1	ASM224009v1	2025-07-19	Shigella flexneri 4c		0702					GCF_002240095.1-RS_2025_07_19	Complete Genome	2017-08-02		3	Shigella flexneri
GCF_000743995.1	ASM74399v1	2025-07-19	Shigella flexneri Shi06HN006		Shi06HN006			Human		GCF_000743995.1-RS_2025_07_19	Complete Genome	2014-08-27		1	Shigella flexneri
GCF_001021855.1	ASM102185v1	2025-07-19	Shigella flexneri G1663		G1663					GCF_001021855.1-RS_2025_07_19	Complete Genome	2015-06-08		2	Shigella flexneri
GCF_000743955.1	ASM74395v1	2025-07-18	Shigella flexneri 2003036		2003036			Human		GCF_000743955.1-RS_2025_07_18	Complete Genome	2014-08-27		1	Shigella flexneri
GCF_029625495.1	ASM2962549v1	2025-07-14	Shigella flexneri 2a		Sflex 21-42					GCF_029625495.1-RS_2025_07_14	Complete Genome	2023-04-09		6	Shigella flexneri
GCF_002949515.1	ASM294951v1	2025-07-02	Shigella flexneri		64-5500					GCF_002949515.1-RS_2025_07_02	Complete Genome	2018-02-23		2	Shigella flexneri
GCF_030169125.1	ASM3016912v1	2025-06-27	Shigella flexneri		MMGSG_23					GCF_030169125.1-RS_2025_06_27	Complete Genome	2023-06-05		1	Shigella flexneri
GCF_023204675.1	ASM2320467v1	2025-06-13	Shigella flexneri		P099					GCF_023204675.1-RS_2025_06_13	Complete Genome	2022-05-02		5	Shigella flexneri
GCF_040040785.1	SF018-069	2025-06-11	Shigella flexneri 1b		sflex069					GCF_040040785.1-RS_2025_06_11	Complete Genome	2024-06-06		8	Shigella flexneri
GCF_022869845.1	ASM2286984v1	2025-06-09	Shigella flexneri		3160_NCHU22					GCF_022869845.1-RS_2025_06_09	Complete Genome	2022-04-11		4	Shigella flexneri
GCF_022494275.1	ASM2249427v1	2025-05-29	Shigella flexneri		STLIN_11					GCF_022494275.1-RS_2025_05_29	Complete Genome	2022-03-07		5	Shigella flexneri
GCF_000007405.1	ASM740v1	2025-05-29	Shigella flexneri 2a str. 2457T		2457T					GCF_000007405.1-RS_2025_05_29	Complete Genome	2003-04-23		1	Shigella flexneri
GCF_024732285.1	ASM2473228v1	2025-05-27	Shigella flexneri		E					GCF_024732285.1-RS_2025_05_27	Complete Genome	2022-08-22		3	Shigella flexneri
GCF_024732305.1	ASM2473230v1	2025-05-27	Shigella flexneri		D					GCF_024732305.1-RS_2025_05_27	Complete Genome	2022-08-22		3	Shigella flexneri
GCF_024732365.1	ASM2473236v1	2025-05-27	Shigella flexneri		A					GCF_024732365.1-RS_2025_05_27	Complete Genome	2022-08-22		3	Shigella flexneri
GCF_002442995.2	ASM244299v2	2025-05-27	Shigella flexneri 1c		Y394					GCF_002442995.2-RS_2025_05_27	Complete Genome	2019-08-20		3	Shigella flexneri
GCF_024732345.1	ASM2473234v1	2025-05-26	Shigella flexneri		B					GCF_024732345.1-RS_2025_05_26	Complete Genome	2022-08-22		3	Shigella flexneri
GCF_024732325.1	ASM2473232v1	2025-05-26	Shigella flexneri		C					GCF_024732325.1-RS_2025_05_26	Complete Genome	2022-08-22		3	Shigella flexneri
GCF_004799585.1	ASM479958v1	2025-05-22	Shigella flexneri 5a str. M90T		M90T					GCF_004799585.1-RS_2025_05_22	Complete Genome	2019-04-18		2	Shigella flexneri
GCF_022353545.1	ASM2235354v1	2025-05-18	Shigella flexneri		STEFF_24					GCF_022353545.1-RS_2025_05_18	Complete Genome	2022-02-22		3	Shigella flexneri
GCF_022494435.1	ASM2249443v1	2025-05-18	Shigella flexneri		STLIN_6					GCF_022494435.1-RS_2025_05_18	Complete Genome	2022-03-07		6	Shigella flexneri
GCF_022353685.1	ASM2235368v1	2025-05-18	Shigella flexneri		STIN_92					GCF_022353685.1-RS_2025_05_18	Complete Genome	2022-02-22		7	Shigella flexneri
GCF_009931495.1	ASM993149v2	2025-07-23	Shigella sonnei		6904.27					GCF_009931495.1-RS_2025_07_23	Complete Genome	2020-06-03		2	Shigella sonnei
GCF_013147165.1	ASM1314716v1	2025-07-17	Shigella sonnei		7111.69					GCF_013147165.1-RS_2025_07_17	Complete Genome	2020-05-22		2	Shigella sonnei
GCF_013146845.1	ASM1314684v1	2025-07-17	Shigella sonnei		19.0821.3486					GCF_013146845.1-RS_2025_07_17	Complete Genome	2020-05-22		2	Shigella sonnei
GCF_013146745.1	ASM1314674v1	2025-07-17	Shigella sonnei		0401952027					GCF_013146745.1-RS_2025_07_17	Complete Genome	2020-05-22		2	Shigella sonnei
GCF_013147065.1	ASM1314706v1	2025-07-17	Shigella sonnei		19.0820.1561					GCF_013147065.1-RS_2025_07_17	Complete Genome	2020-05-22		2	Shigella sonnei
GCF_013146785.1	ASM1314678v1	2025-07-17	Shigella sonnei		19.1125.3493					GCF_013146785.1-RS_2025_07_17	Complete Genome	2020-05-22		2	Shigella sonnei
GCF_013146805.1	ASM1314680v1	2025-07-17	Shigella sonnei		0401930105					GCF_013146805.1-RS_2025_07_17	Complete Genome	2020-05-22		2	Shigella sonnei
GCF_008727215.1	ASM872721v1	2025-07-08	Shigella sonnei		AR-0426					GCF_008727215.1-RS_2025_07_08	Complete Genome	2019-09-29		1	Shigella sonnei
GCF_007106385.1	ASM710638v1	2025-07-08	Shigella sonnei		KCCM 41282					GCF_007106385.1-RS_2025_07_08	Complete Genome	2019-07-18		1	Shigella sonnei
GCF_009729995.1	ASM972999v1	2025-07-08	Shigella sonnei		FDAARGOS_715					GCF_009729995.1-RS_2025_07_08	Complete Genome	2019-12-05		6	Shigella sonnei
GCF_002142635.1	ASM214263v1	2025-07-07	Shigella sonnei		2015AM-1099					GCF_002142635.1-RS_2025_07_07	Complete Genome	2017-05-16		1	Shigella sonnei
GCF_002224625.1	ASM222462v1	2025-07-07	Shigella sonnei		2015C-3566					GCF_002224625.1-RS_2025_07_07	Complete Genome	2017-07-24		2	Shigella sonnei
GCF_002224605.1	ASM222460v1	2025-07-07	Shigella sonnei		2015C-3794					GCF_002224605.1-RS_2025_07_07	Complete Genome	2017-07-24		2	Shigella sonnei
GCF_051107065.1	201809330	2025-06-27	Shigella sonnei		201809330					GCF_051107065.1-RS_2025_06_27	Complete Genome	2025-06-27		7	Shigella sonnei
GCF_037042485.2	ASM3704248v1	2025-05-19	Shigella sonnei		R15.3427					GCF_037042485.2-RS_2025_05_19	Complete Genome	2024-05-19		6	Shigella sonnei
GCF_036080955.1	ASM3608095v2	2025-04-21	Shigella sonnei		2024CK-00068					GCF_036080955.1-RS_2025_04_21	Complete Genome	2024-04-06		3	Shigella sonnei
GCF_013146765.1	ASM1314676v1	2025-04-18	Shigella sonnei		09163633					GCF_013146765.1-RS_2025_04_18	Complete Genome	2020-05-22		2	Shigella sonnei
GCF_003606425.1	ASM360642v1	2025-04-17	Shigella sonnei		AR_0030					GCF_003606425.1-RS_2025_04_17	Complete Genome	2018-10-02		3	Shigella sonnei
GCF_002150905.1	ASM215090v1	2025-04-17	Shigella sonnei		75/02					GCF_002150905.1-RS_2025_04_17	Complete Genome	2017-05-19		8	Shigella sonnei
GCF_038367175.1	ASM3836717v1	2025-04-17	Shigella sonnei		R16.1553					GCF_038367175.1-RS_2025_04_17	Complete Genome	2024-04-18		7	Shigella sonnei
GCF_038363105.1	ASM3836310v1	2025-04-17	Shigella sonnei		R22.1286					GCF_038363105.1-RS_2025_04_17	Complete Genome	2024-04-18		11	Shigella sonnei
GCF_038364745.1	ASM3836474v1	2025-04-17	Shigella sonnei		R21.0552					GCF_038364745.1-RS_2025_04_17	Complete Genome	2024-04-18		11	Shigella sonnei
GCF_038367755.1	ASM3836775v1	2025-04-17	Shigella sonnei		R15.0423					GCF_038367755.1-RS_2025_04_17	Complete Genome	2024-04-18		12	Shigella sonnei
GCF_038367155.1	ASM3836715v1	2025-04-17	Shigella sonnei		R17.0261					GCF_038367155.1-RS_2025_04_17	Complete Genome	2024-04-18		8	Shigella sonnei
GCF_038367355.1	ASM3836735v1	2025-04-17	Shigella sonnei		R15.1832					GCF_038367355.1-RS_2025_04_17	Complete Genome	2024-04-18		12	Shigella sonnei
GCF_038367145.1	ASM3836714v1	2025-04-17	Shigella sonnei		R19.2680					GCF_038367145.1-RS_2025_04_17	Complete Genome	2024-04-18		10	Shigella sonnei
GCF_038298665.1	ASM3829866v1	2025-04-17	Shigella sonnei		CS14					GCF_038298665.1-RS_2025_04_17	Complete Genome	2024-04-17		6	Shigella sonnei
GCF_009664515.1	ASM966451v1	2025-04-17	Shigella sonnei		AUSMDU00010534					GCF_009664515.1-RS_2025_04_17	Complete Genome	2019-11-17		9	Shigella sonnei
GCF_038368245.1	ASM3836824v1	2025-04-17	Shigella sonnei		R15.0763					GCF_038368245.1-RS_2025_04_17	Complete Genome	2024-04-18		7	Shigella sonnei
GCF_013201485.1	ASM1320148v1	2025-04-17	Shigella sonnei		506					GCF_013201485.1-RS_2025_04_17	Complete Genome	2020-06-01		13	Shigella sonnei
GCF_038367185.1	ASM3836718v1	2025-04-17	Shigella sonnei		R16.0937					GCF_038367185.1-RS_2025_04_17	Complete Genome	2024-04-18		8	Shigella sonnei
GCF_002442535.1	ASM244253v1	2025-04-17	Shigella sonnei		CFSAN030807					GCF_002442535.1-RS_2025_04_17	Complete Genome	2017-10-04		9	Shigella sonnei
GCF_000283715.1	ASM28371v1	2025-04-17	Shigella sonnei 53G		53G					GCF_000283715.1-RS_2025_04_17	Complete Genome	2012-01-31		5	Shigella sonnei
GCF_000092525.1	ASM9252v1	2025-04-17	Shigella sonnei Ss046		Ss046					GCF_000092525.1-RS_2025_04_17	Complete Genome	2007-04-05		5	Shigella sonnei
GCF_002950395.1	ASM295039v1	2025-04-16	Shigella sonnei		ATCC 29930					GCF_002950395.1-RS_2025_04_16	Complete Genome	2018-02-23		2	Shigella sonnei
GCF_014217935.1	ASM1421793v1	2025-04-16	Shigella sonnei		UKMCC_1015					GCF_014217935.1-RS_2025_04_16	Complete Genome	2020-08-17		3	Shigella sonnei
GCF_022870065.1	ASM2287006v1	2025-04-16	Shigella sonnei		PartP-Ssonnei-RM8376					GCF_022870065.1-RS_2025_04_16	Complete Genome	2022-04-11		1	Shigella sonnei
GCF_014725795.1	ASM1472579v1	2025-04-16	Shigella sonnei		6207					GCF_014725795.1-RS_2025_04_16	Complete Genome	2020-09-24		5	Shigella sonnei
GCF_013147205.1	ASM1314720v1	2025-04-16	Shigella sonnei		L4094					GCF_013147205.1-RS_2025_04_16	Complete Genome	2020-05-22		2	Shigella sonnei
GCF_013147185.1	ASM1314718v1	2025-04-16	Shigella sonnei		1205.3131					GCF_013147185.1-RS_2025_04_16	Complete Genome	2020-05-22		2	Shigella sonnei
GCF_009931515.1	ASM993151v2	2025-04-16	Shigella sonnei		6607.69					GCF_009931515.1-RS_2025_04_16	Complete Genome	2020-06-03		2	Shigella sonnei
GCF_003265245.1	ASM326524v1	2025-04-16	Shigella sonnei		866					GCF_003265245.1-RS_2025_04_16	Complete Genome	2018-06-26		2	Shigella sonnei
GCF_003855115.1	ASM385511v1	2025-04-16	Shigella sonnei		FDAARGOS_524					GCF_003855115.1-RS_2025_04_16	Complete Genome	2018-12-02		5	Shigella sonnei
GCF_025908455.1	ASM2590845v1	2025-04-16	Shigella sonnei		CIP_106347					GCF_025908455.1-RS_2025_04_16	Complete Genome	2022-10-30		6	Shigella sonnei
GCF_013374815.1	ASM1337481v1	2025-04-16	Shigella sonnei		SE6-1					GCF_013374815.1-RS_2025_04_16	Complete Genome	2020-06-27		1	Shigella sonnei
GCF_001558295.2	ASM155829v2	2025-03-07	Shigella sonnei		FDAARGOS_90					GCF_001558295.2-RS_2025_03_07	Complete Genome	2018-02-23		6	Shigella sonnei
GCF_001518855.1	ASM151885v1	2025-03-03	Shigella sonnei		FORC_011					GCF_001518855.1-RS_2025_03_03	Complete Genome	2016-01-20		4	Shigella sonnei
GCF_034554795.1	ASM3455479v1	2025-01-05	Shigella sonnei		ST152					GCF_034554795.1-RS_2025_01_05	Complete Genome	2023-12-23		16	Shigella sonnei
GCF_046271975.1	ASM4627197v1	2024-12-26	Shigella sonnei		GTVSS-016					GCF_046271975.1-RS_2024_12_26	Complete Genome	2024-12-26		6	Shigella sonnei
GCF_037043765.3	ASM3704376v1	2024-09-10	Shigella sonnei		R16.0823					GCF_037043765.3-RS_2024_09_10	Complete Genome	2024-05-11		8	Shigella sonnei
GCF_051041495.1	sm199_1.0	2025-06-25	Sinorhizobium meliloti		MAG199					GCF_051041495.1-RS_2025_06_25	Complete Genome	2025-06-26		3	Sinorhizobium meliloti
GCF_051040825.1	sm724B_1.0	2025-06-25	Sinorhizobium meliloti		MAG724B					GCF_051040825.1-RS_2025_06_25	Complete Genome	2025-06-26		3	Sinorhizobium meliloti
GCF_051040845.1	sm121_1.0	2025-06-25	Sinorhizobium meliloti		MAG121					GCF_051040845.1-RS_2025_06_25	Complete Genome	2025-06-26		3	Sinorhizobium meliloti
GCF_051041315.1	sm182_1.0	2025-06-25	Sinorhizobium meliloti		MAG182					GCF_051041315.1-RS_2025_06_25	Complete Genome	2025-06-26		3	Sinorhizobium meliloti
GCF_051040685.1	sm748B_1.0	2025-06-25	Sinorhizobium meliloti		MAG748B					GCF_051040685.1-RS_2025_06_25	Complete Genome	2025-06-26		3	Sinorhizobium meliloti
GCF_051040985.1	sm89_1.0	2025-06-25	Sinorhizobium meliloti		MAG89					GCF_051040985.1-RS_2025_06_25	Complete Genome	2025-06-26		3	Sinorhizobium meliloti
GCF_051040835.1	sm335_1.0	2025-06-25	Sinorhizobium meliloti		MAG335					GCF_051040835.1-RS_2025_06_25	Complete Genome	2025-06-26		3	Sinorhizobium meliloti
GCF_051042445.1	sm206_1.0	2025-06-25	Sinorhizobium meliloti		MAG206					GCF_051042445.1-RS_2025_06_25	Complete Genome	2025-06-26		4	Sinorhizobium meliloti
GCF_051043275.1	sm204_1.0	2025-06-25	Sinorhizobium meliloti		MAG204					GCF_051043275.1-RS_2025_06_25	Complete Genome	2025-06-26		4	Sinorhizobium meliloti
GCF_051041505.1	sm141_1.0	2025-06-25	Sinorhizobium meliloti		MAG141					GCF_051041505.1-RS_2025_06_25	Complete Genome	2025-06-26		3	Sinorhizobium meliloti
GCF_051041335.1	sm144B_1.0	2025-06-25	Sinorhizobium meliloti		MAG144B					GCF_051041335.1-RS_2025_06_25	Complete Genome	2025-06-26		4	Sinorhizobium meliloti
GCF_051041325.1	sm176A_1.0	2025-06-25	Sinorhizobium meliloti		MAG176A					GCF_051041325.1-RS_2025_06_25	Complete Genome	2025-06-26		3	Sinorhizobium meliloti
GCF_051041345.1	sm216_1.0	2025-06-25	Sinorhizobium meliloti		MAG216					GCF_051041345.1-RS_2025_06_25	Complete Genome	2025-06-26		4	Sinorhizobium meliloti
GCF_051040815.1	sm25B_1.0	2025-06-25	Sinorhizobium meliloti		MAG25B					GCF_051040815.1-RS_2025_06_25	Complete Genome	2025-06-26		4	Sinorhizobium meliloti
GCF_051042435.1	sm278_1.0	2025-06-25	Sinorhizobium meliloti		MAG278					GCF_051042435.1-RS_2025_06_25	Complete Genome	2025-06-26		4	Sinorhizobium meliloti
GCF_051040675.1	sm31_1.0	2025-06-25	Sinorhizobium meliloti		MAG31					GCF_051040675.1-RS_2025_06_25	Complete Genome	2025-06-26		3	Sinorhizobium meliloti
GCF_051040665.1	sm746B_1.0	2025-06-25	Sinorhizobium meliloti		MAG746B					GCF_051040665.1-RS_2025_06_25	Complete Genome	2025-06-26		4	Sinorhizobium meliloti
GCF_051040975.1	sm230_1.0	2025-06-25	Sinorhizobium meliloti		MAG230					GCF_051040975.1-RS_2025_06_25	Complete Genome	2025-06-26		4	Sinorhizobium meliloti
GCF_001050915.2	ASM105091v2	2025-04-30	Sinorhizobium meliloti RU11/001		RU11/001					GCF_001050915.2-RS_2025_04_30	Complete Genome	2017-06-16		7	Sinorhizobium meliloti
GCF_000320385.2	ASM32038v2	2025-04-30	Sinorhizobium meliloti GR4		GR4					GCF_000320385.2-RS_2025_04_30	Complete Genome	2015-07-08		5	Sinorhizobium meliloti
GCF_000304415.1	RM41	2025-04-23	Sinorhizobium meliloti Rm41		Rm41					GCF_000304415.1-RS_2025_04_23	Complete Genome	2012-09-28		4	Sinorhizobium meliloti
GCF_029854455.1	ASM2985445v1	2025-04-22	Sinorhizobium meliloti		BIM B-442D					GCF_029854455.1-RS_2025_04_22	Complete Genome	2023-04-23		4	Sinorhizobium meliloti
GCF_037482275.1	ASM3748227v1	2025-04-11	Sinorhizobium meliloti		1132					GCF_037482275.1-RS_2025_04_11	Complete Genome	2024-04-05		5	Sinorhizobium meliloti
GCF_000747295.1	ASM74729v1	2025-04-07	Sinorhizobium meliloti		RMO17					GCF_000747295.1-RS_2025_04_07	Complete Genome	2014-09-03		3	Sinorhizobium meliloti
GCF_037023865.1	ASM3702386v1	2025-04-05	Sinorhizobium meliloti		MABNR56					GCF_037023865.1-RS_2025_04_05	Complete Genome	2024-04-05		3	Sinorhizobium meliloti
GCF_000346065.1	ASM34606v1	2025-04-02	Sinorhizobium meliloti 2011		2011					GCF_000346065.1-RS_2025_04_02	Complete Genome	2013-03-08		3	Sinorhizobium meliloti
GCF_000218265.1	ASM21826v1	2025-04-02	Sinorhizobium meliloti SM11		SM11					GCF_000218265.1-RS_2025_04_02	Complete Genome	2011-06-14		3	Sinorhizobium meliloti
GCF_000006965.1	ASM696v1	2025-03-27	Sinorhizobium meliloti 1021		1021					GCF_000006965.1-RS_2025_03_27	Complete Genome	2001-10-05		3	Sinorhizobium meliloti
GCF_015689095.1	ASM1568909v1	2025-03-23	Sinorhizobium meliloti		S35m					GCF_015689095.1-RS_2025_03_23	Complete Genome	2020-11-25		3	Sinorhizobium meliloti
GCF_016406285.1	ASM1640628v1	2025-03-23	Sinorhizobium meliloti		AK76					GCF_016406285.1-RS_2025_03_23	Complete Genome	2020-12-27		4	Sinorhizobium meliloti
GCF_009664245.1	ASM966424v1	2025-03-22	Sinorhizobium meliloti		AK21					GCF_009664245.1-RS_2025_03_22	Complete Genome	2019-11-15		5	Sinorhizobium meliloti
GCF_002197125.1	ASM219712v1	2025-03-19	Sinorhizobium meliloti		M162					GCF_002197125.1-RS_2025_03_19	Complete Genome	2017-06-16		4	Sinorhizobium meliloti
GCF_002197145.1	ASM219714v1	2025-03-19	Sinorhizobium meliloti		T073					GCF_002197145.1-RS_2025_03_19	Complete Genome	2017-06-16		4	Sinorhizobium meliloti
GCF_002197025.1	ASM219702v1	2025-03-19	Sinorhizobium meliloti		USDA1157					GCF_002197025.1-RS_2025_03_19	Complete Genome	2017-06-16		4	Sinorhizobium meliloti
GCF_002302375.1	ASM230237v1	2025-03-19	Sinorhizobium meliloti		B399					GCF_002302375.1-RS_2025_03_19	Complete Genome	2017-09-14		3	Sinorhizobium meliloti
GCF_002197465.1	ASM219746v1	2025-03-19	Sinorhizobium meliloti		KH46					GCF_002197465.1-RS_2025_03_19	Complete Genome	2017-06-16		3	Sinorhizobium meliloti
GCF_002197045.1	ASM219704v1	2025-03-19	Sinorhizobium meliloti		Rm41					GCF_002197045.1-RS_2025_03_19	Complete Genome	2017-06-16		4	Sinorhizobium meliloti
GCF_002197065.1	ASM219706v1	2025-03-19	Sinorhizobium meliloti		USDA1106					GCF_002197065.1-RS_2025_03_19	Complete Genome	2017-06-16		3	Sinorhizobium meliloti
GCF_002197105.1	ASM219710v1	2025-03-19	Sinorhizobium meliloti		KH35c					GCF_002197105.1-RS_2025_03_19	Complete Genome	2017-06-16		4	Sinorhizobium meliloti
GCF_002197165.1	ASM219716v1	2025-03-19	Sinorhizobium meliloti		HM006					GCF_002197165.1-RS_2025_03_19	Complete Genome	2017-06-16		4	Sinorhizobium meliloti
GCF_002302355.1	ASM230235v1	2025-03-19	Sinorhizobium meliloti		B401					GCF_002302355.1-RS_2025_03_19	Complete Genome	2017-09-14		3	Sinorhizobium meliloti
GCF_002197445.1	ASM219744v1	2025-03-19	Sinorhizobium meliloti		USDA1021					GCF_002197445.1-RS_2025_03_19	Complete Genome	2017-06-16		4	Sinorhizobium meliloti
GCF_000147795.2	ASM14779v3	2025-03-15	Sinorhizobium meliloti AK83		AK83					GCF_000147795.2-RS_2025_03_15	Complete Genome	2011-05-26		5	Sinorhizobium meliloti
GCF_000147775.2	ASM14777v3	2025-03-15	Sinorhizobium meliloti BL225C		BL225C					GCF_000147775.2-RS_2025_03_15	Complete Genome	2011-05-24		3	Sinorhizobium meliloti
GCF_002215195.1	ASM221519v1	2025-03-05	Sinorhizobium meliloti		CCMM B554 (FSM-MA)					GCF_002215195.1-RS_2025_03_05	Complete Genome	2017-07-06		3	Sinorhizobium meliloti
GCF_035610345.1	ASM3561034v1	2025-02-26	Sinorhizobium meliloti		LMB1					GCF_035610345.1-RS_2025_02_26	Complete Genome	2024-01-12		4	Sinorhizobium meliloti
GCF_021052665.1	ASM2105266v1	2025-01-30	Sinorhizobium meliloti		RRI128					GCF_021052665.1-RS_2025_01_30	Complete Genome	2021-12-06		6	Sinorhizobium meliloti
GCF_020684825.1	ASM2068482v1	2025-01-30	Sinorhizobium meliloti		L6-AK89					GCF_020684825.1-RS_2025_01_30	Complete Genome	2021-10-31		4	Sinorhizobium meliloti
GCF_042980585.1	Final	2024-10-12	Sinorhizobium meliloti		LPU88					GCF_042980585.1-RS_2024_10_12	Complete Genome	2024-10-15		5	Sinorhizobium meliloti
GCF_041345025.1	sm282_1.0	2024-08-20	Sinorhizobium meliloti		MAG282					GCF_041345025.1-RS_2024_08_20	Complete Genome	2024-08-21		3	Sinorhizobium meliloti
GCF_018831625.1	ASM1883162v1	2025-08-13	Spiroplasma endosymbiont of 'Nebria riversi'					Nriv7		GCF_018831625.1-RS_2025_08_13	Complete Genome	2021-06-10		2	Spiroplasma endosymbiont
GCF_964020965.1	iyAmmPube2.Spiroplasma_sp_1.1	2025-06-05	Spiroplasma endosymbiont of Ammophila pubescens					44ac9d07-3631-46cf-88bf-43fa15184a3b		GCF_964020965.1-RS_2025_06_05	Complete Genome	2024-06-05		1	Spiroplasma endosymbiont
GCF_964031175.1	idMelOmis1.Spiroplasma_sp_1.1	2025-05-01	Spiroplasma endosymbiont of Melieria omissa					7b93cfef-5182-4d29-b531-169777273f43		GCF_964031175.1-RS_2025_05_01	Complete Genome	2025-05-01		1	Spiroplasma endosymbiont
GCF_964031205.1	ihSteCalc1.Spiroplasma_sp_1.1	2025-05-01	Spiroplasma endosymbiont of Stenodema calcarata					154982ed-34c9-4c3a-adf6-10ffd53ac8ae		GCF_964031205.1-RS_2025_05_01	Complete Genome	2025-05-01		1	Spiroplasma endosymbiont
GCF_964030825.1	icPolPter2.Spiroplasma_sp_1.1	2025-05-01	Spiroplasma endosymbiont of Polydrusus pterygomalis					f60024fe-efdc-4729-9a9f-f0b2b2b8ca61		GCF_964030825.1-RS_2025_05_01	Complete Genome	2025-05-01		1	Spiroplasma endosymbiont
GCF_964031135.1	iyAleAlte1.Spiroplasma_sp_1.1	2025-05-01	Spiroplasma endosymbiont of Aleiodes alternator					afa3a905-95f8-4136-b115-ae4b326c4656		GCF_964031135.1-RS_2025_05_01	Complete Genome	2025-05-01		1	Spiroplasma endosymbiont
GCF_964030635.1	icPolPter2.Spiroplasma_sp_2.1	2025-05-01	Spiroplasma endosymbiont of Polydrusus pterygomalis					3de30a2b-c507-4d1c-999b-652e75e456be		GCF_964030635.1-RS_2025_05_01	Complete Genome	2025-05-01		1	Spiroplasma endosymbiont
GCF_049949145.1	sGff-IAEA-Fly_v1	2025-04-29	Spiroplasma endosymbiont of Glossina fuscipes fuscipes		Gff_IAEA_fly					GCF_049949145.1-RS_2025_04_29	Complete Genome	2025-05-13		5	Spiroplasma endosymbiont
GCF_049949155.1	sGff-UG-Tol_v1	2025-04-29	Spiroplasma endosymbiont of Glossina fuscipes fuscipes		Gff_UG_Tol					GCF_049949155.1-RS_2025_04_29	Complete Genome	2025-05-13		4	Spiroplasma endosymbiont
GCF_964030805.1	ilZeiIser1.Spiroplasma_sp_1.1	2025-04-24	Spiroplasma endosymbiont of Zeiraphera isertana					54782		GCF_964030805.1-RS_2025_04_24	Complete Genome	2024-04-25		1	Spiroplasma endosymbiont
GCF_964030965.1	icAmpSols1.Spiroplasma_sp_1.1	2025-04-24	Spiroplasma endosymbiont of Amphimallon solstitiale					54757		GCF_964030965.1-RS_2025_04_24	Complete Genome	2024-04-25		1	Spiroplasma endosymbiont
GCF_964031115.1	icCliFoss2.Spiroplasma_sp_1.1	2025-04-24	Spiroplasma endosymbiont of Clivina fossor					54752		GCF_964031115.1-RS_2025_04_24	Complete Genome	2024-04-25		1	Spiroplasma endosymbiont
GCF_964030925.1	idVilMode1.Spiroplasma_sp_1.1	2025-04-24	Spiroplasma endosymbiont of Villa modesta					54763		GCF_964030925.1-RS_2025_04_24	Complete Genome	2024-04-25		1	Spiroplasma endosymbiont
GCF_964030795.1	iyNomRufi2.Spiroplasma_sp_1.1	2025-04-24	Spiroplasma endosymbiont of Nomada ruficornis					54794		GCF_964030795.1-RS_2025_04_24	Complete Genome	2024-04-25		1	Spiroplasma endosymbiont
GCF_964030895.1	icNebBrev1.Spiroplasma_sp_1.1	2025-04-24	Spiroplasma endosymbiont of Nebria brevicollis					54754		GCF_964030895.1-RS_2025_04_24	Complete Genome	2024-04-25		1	Spiroplasma endosymbiont
GCF_964031275.1	ilAcaVire1.Spiroplasma_sp_1.1	2025-04-24	Spiroplasma endosymbiont of Acasis viretata					54777		GCF_964031275.1-RS_2025_04_24	Complete Genome	2024-04-25		1	Spiroplasma endosymbiont
GCF_964030655.1	idPoeNobi2.Spiroplasma_sp_1.1	2025-04-24	Spiroplasma endosymbiont of Poecilobothrus nobilitatus					54766		GCF_964030655.1-RS_2025_04_24	Complete Genome	2024-04-25		1	Spiroplasma endosymbiont
GCF_964030985.1	icNotBigu1.Spiroplasma_sp_1.1	2025-04-24	Spiroplasma endosymbiont of Notiophilus biguttatus					54805		GCF_964030985.1-RS_2025_04_24	Complete Genome	2024-04-25		1	Spiroplasma endosymbiont
GCF_964031155.1	icDroQuad1.Spiroplasma_sp_1.1	2025-04-24	Spiroplasma endosymbiont of Dromius quadrimaculatus					54753		GCF_964031155.1-RS_2025_04_24	Complete Genome	2024-04-25		1	Spiroplasma endosymbiont
GCF_964031085.1	icAsaCurt1.Spiroplasma_sp_1.1	2025-04-24	Spiroplasma endosymbiont of Asaphidion curtum					54750		GCF_964031085.1-RS_2025_04_24	Complete Genome	2024-04-25		1	Spiroplasma endosymbiont
GCF_964030865.1	idDioLine1.Spiroplasma_sp_1.1	2025-04-24	Spiroplasma endosymbiont of Dioctria linearis					54760		GCF_964030865.1-RS_2025_04_24	Complete Genome	2024-04-25		1	Spiroplasma endosymbiont
GCF_964031045.1	icAspAene1.Spiroplasma_sp_1.1	2025-04-24	Spiroplasma endosymbiont of Aspidapion aeneum					54746		GCF_964031045.1-RS_2025_04_24	Complete Genome	2024-04-25		1	Spiroplasma endosymbiont
GCF_964030835.1	idNepFlae1.Spiroplasma_sp_1.1	2025-04-24	Spiroplasma endosymbiont of Nephrotoma flavescens					54773		GCF_964030835.1-RS_2025_04_24	Complete Genome	2024-04-25		1	Spiroplasma endosymbiont
GCF_964030685.1	idDilFebr1.Spiroplasma_sp_1.1	2025-04-24	Spiroplasma endosymbiont of Dilophus febrilis					54762		GCF_964030685.1-RS_2025_04_24	Complete Genome	2024-04-25		1	Spiroplasma endosymbiont
GCF_049669535.1	sGff_cult_auto_v1	2025-04-17	Spiroplasma endosymbiont of Glossina fuscipes fuscipes		sGff					GCF_049669535.1-RS_2025_04_17	Complete Genome	2025-04-20		5	Spiroplasma endosymbiont
GCF_964020095.1	ilColCroc2.Spiroplasma_sp_1.1	2025-04-05	Spiroplasma endosymbiont of Colias croceus					54816		GCF_964020095.1-RS_2025_04_05	Complete Genome	2024-04-05		1	Spiroplasma endosymbiont
GCF_964020235.1	iySelTumu1.Spiroplasma_sp_1.1	2025-04-05	Spiroplasma endosymbiont of Seladonia tumulorum					54790		GCF_964020235.1-RS_2025_04_05	Complete Genome	2024-04-05		1	Spiroplasma endosymbiont
GCF_964020205.1	ilApeSyri1.Spiroplasma_sp_1.1	2025-04-05	Spiroplasma endosymbiont of Apeira syringaria					54778		GCF_964020205.1-RS_2025_04_05	Complete Genome	2024-04-05		1	Spiroplasma endosymbiont
GCF_964019595.1	idSarCarn1.Spiroplasma_sp_1.1	2025-04-05	Spiroplasma endosymbiont of Sarcophaga carnaria					54774		GCF_964019595.1-RS_2025_04_05	Complete Genome	2024-04-05		1	Spiroplasma endosymbiont
GCF_964019495.1	idDasAlbo1.Spiroplasma_sp_1.1	2025-04-05	Spiroplasma endosymbiont of Dasysyrphus albostriatus					54770		GCF_964019495.1-RS_2025_04_05	Complete Genome	2024-04-05		1	Spiroplasma endosymbiont
GCF_964020225.1	iyTipFemo1.Spiroplasma_sp_1.1	2025-04-05	Spiroplasma endosymbiont of Tiphia femorata					54795		GCF_964020225.1-RS_2025_04_05	Complete Genome	2024-04-05		1	Spiroplasma endosymbiont
GCF_964019575.1	iyAndTrim1.Spiroplasma_sp_1.1	2025-04-05	Spiroplasma endosymbiont of Andrena trimmerana					54785		GCF_964019575.1-RS_2025_04_05	Complete Genome	2024-04-05		1	Spiroplasma endosymbiont
GCF_964019735.1	idTheAtra2.Spiroplasma_sp_1.1	2025-04-05	Spiroplasma endosymbiont of Thecophora atra					54806		GCF_964019735.1-RS_2025_04_05	Complete Genome	2024-04-05		1	Spiroplasma endosymbiont
GCF_964020195.1	iyLasVill1.Spiroplasma_sp_1.1	2025-04-05	Spiroplasma endosymbiont of Lasioglossum villosulum					54789		GCF_964020195.1-RS_2025_04_05	Complete Genome	2024-04-05		1	Spiroplasma endosymbiont
GCF_964019535.1	idTriPrae1.Spiroplasma_sp_1.1	2025-04-05	Spiroplasma endosymbiont of Tricholauxania praeusta					54767		GCF_964019535.1-RS_2025_04_05	Complete Genome	2024-04-05		1	Spiroplasma endosymbiont
GCF_964019975.1	ilMonLaev2.Spiroplasma_sp_1.1	2025-04-05	Spiroplasma endosymbiont of Monopis laevigella					54807		GCF_964019975.1-RS_2025_04_05	Complete Genome	2024-04-05		1	Spiroplasma endosymbiont
GCF_964019705.1	idPanRudi1.Spiroplasma_sp_1.1	2025-04-05	Spiroplasma endosymbiont of Panzeria rudis					54772		GCF_964019705.1-RS_2025_04_05	Complete Genome	2024-04-05		1	Spiroplasma endosymbiont
GCF_964019715.1	idLonLute3.Spiroplasma_sp_1.1	2025-04-05	Spiroplasma endosymbiont of Lonchoptera lutea					54768		GCF_964019715.1-RS_2025_04_05	Complete Genome	2024-04-05		1	Spiroplasma endosymbiont
GCF_964020065.1	iyLasMala1.Spiroplasma_sp_1.1	2025-04-05	Spiroplasma endosymbiont of Lasioglossum malachurum					54788		GCF_964020065.1-RS_2025_04_05	Complete Genome	2024-04-05		1	Spiroplasma endosymbiont
GCF_964019485.1	icAgrLine1.Spiroplasma_sp_1.1	2025-04-05	Spiroplasma endosymbiont of Agriotes lineatus					c80ccc06-2dea-4acd-bd14-5b1b8c50ad68		GCF_964019485.1-RS_2025_04_05	Complete Genome	2024-04-05		1	Spiroplasma endosymbiont
GCF_964019665.1	icCanRufa1.Spiroplasma_sp_1.1	2025-04-05	Spiroplasma endosymbiont of Cantharis rufa					54748		GCF_964019665.1-RS_2025_04_05	Complete Genome	2024-04-05		1	Spiroplasma endosymbiont
GCF_964019925.1	icCanNigr2.Spiroplasma_sp_1.1	2025-04-05	Spiroplasma endosymbiont of Cantharis nigra					54809		GCF_964019925.1-RS_2025_04_05	Complete Genome	2024-04-05		1	Spiroplasma endosymbiont
GCF_964019755.1	icPolCerv1.Spiroplasma_sp_1.1	2025-04-05	Spiroplasma endosymbiont of Polydrusus cervinus					54744		GCF_964019755.1-RS_2025_04_05	Complete Genome	2024-04-05		1	Spiroplasma endosymbiont
GCF_964019525.1	idEupLuni2.Spiroplasma_sp_1.1	2025-04-05	Spiroplasma endosymbiont of Eupeodes luniger					54771		GCF_964019525.1-RS_2025_04_05	Complete Genome	2024-04-05		1	Spiroplasma endosymbiont
GCF_964020005.1	idAthIbis2.Spiroplasma_sp_1.1	2025-04-05	Spiroplasma endosymbiont of Atherix ibis					54761		GCF_964020005.1-RS_2025_04_05	Complete Genome	2024-04-05		1	Spiroplasma endosymbiont
GCF_964019765.1	ijPanGerm4.Spiroplasma_sp_1.1	2025-04-05	Spiroplasma endosymbiont of Panorpa germanica					54783		GCF_964019765.1-RS_2025_04_05	Complete Genome	2024-04-05		1	Spiroplasma endosymbiont
GCF_964019845.1	igLabMino1.Spiroplasma_sp_1.1	2025-04-05	Spiroplasma endosymbiont of Labia minor					54776		GCF_964019845.1-RS_2025_04_05	Complete Genome	2024-04-05		1	Spiroplasma endosymbiont
GCF_964019625.1	iyDipLaet1.Spiroplasma_sp_1.1	2025-04-05	Spiroplasma endosymbiont of Diplazon laetatorius					54808		GCF_964019625.1-RS_2025_04_05	Complete Genome	2024-04-05		1	Spiroplasma endosymbiont
GCF_964019505.1	icOthPunc1.Spiroplasma_sp_1.1	2025-04-05	Spiroplasma endosymbiont of Othius punctulatus					54758		GCF_964019505.1-RS_2025_04_05	Complete Genome	2024-04-05		1	Spiroplasma endosymbiont
GCF_964020035.1	icCriAspa1.Spiroplasma_sp_1.1	2025-04-05	Spiroplasma endosymbiont of Crioceris asparagi					54756		GCF_964020035.1-RS_2025_04_05	Complete Genome	2024-04-05		1	Spiroplasma endosymbiont
GCF_052363745.1	ASM5236374v1	2025-09-01	Staphylococcus aureus		0617SA27					GCF_052363745.1-RS_2025_09_01	Complete Genome	2025-09-01		1	Staphylococcus aureus
GCF_030717645.1	ASM3071764v1	2025-08-27	Staphylococcus aureus		1.6					GCF_030717645.1-RS_2025_08_27	Complete Genome	2023-08-13		3	Staphylococcus aureus
GCF_030717565.1	ASM3071756v1	2025-08-27	Staphylococcus aureus		2.4b					GCF_030717565.1-RS_2025_08_27	Complete Genome	2023-08-13		2	Staphylococcus aureus
GCF_030717625.1	ASM3071762v1	2025-08-27	Staphylococcus aureus		1.9b					GCF_030717625.1-RS_2025_08_27	Complete Genome	2023-08-13		2	Staphylococcus aureus
GCF_030717585.1	ASM3071758v1	2025-08-27	Staphylococcus aureus		2.3a					GCF_030717585.1-RS_2025_08_27	Complete Genome	2023-08-13		2	Staphylococcus aureus
GCF_030717545.1	ASM3071754v1	2025-08-27	Staphylococcus aureus		2.4a					GCF_030717545.1-RS_2025_08_27	Complete Genome	2023-08-13		2	Staphylococcus aureus
GCF_030717605.1	ASM3071760v1	2025-08-27	Staphylococcus aureus		2.1					GCF_030717605.1-RS_2025_08_27	Complete Genome	2023-08-13		3	Staphylococcus aureus
GCF_030252695.1	ASM3025269v1	2025-08-25	Staphylococcus aureus		CC239-MRSA-III(var.)			Trinidad&Tobago_2020-048_8421A		GCF_030252695.1-RS_2025_08_25	Complete Genome	2023-06-12		1	Staphylococcus aureus
GCF_001656045.1	ASM165604v1	2025-08-25	Staphylococcus aureus		08-02119					GCF_001656045.1-RS_2025_08_25	Complete Genome	2016-06-03		1	Staphylococcus aureus
GCF_015732455.1	ASM1573245v1	2025-08-25	Staphylococcus aureus		MSSA01					GCF_015732455.1-RS_2025_08_25	Complete Genome	2020-12-03		1	Staphylococcus aureus
GCF_002089055.1	ASM208905v1	2025-08-25	Staphylococcus aureus		GD5					GCF_002089055.1-RS_2025_08_25	Complete Genome	2017-04-13		1	Staphylococcus aureus
GCF_030252775.1	ASM3025277v1	2025-08-25	Staphylococcus aureus		CC8-MSSA (PVL+)			Trinidad&Tobago_2020-042_7641M		GCF_030252775.1-RS_2025_08_25	Complete Genome	2023-06-12		2	Staphylococcus aureus
GCF_002202075.1	ASM220207v1	2025-08-25	Staphylococcus aureus		Seattle 1945			G477		GCF_002202075.1-RS_2025_08_25	Complete Genome	2017-06-20		2	Staphylococcus aureus
GCF_001656075.1	ASM165607v1	2025-08-25	Staphylococcus aureus		08-02300					GCF_001656075.1-RS_2025_08_25	Complete Genome	2016-06-03		1	Staphylococcus aureus
GCF_000284535.1	ASM28453v1	2025-08-25	Staphylococcus aureus subsp. aureus HO 5096 0412		HO 5096 0412					GCF_000284535.1-RS_2025_08_25	Complete Genome	2012-04-23		1	Staphylococcus aureus
GCF_000253135.1	ASM25313v1	2025-08-25	Staphylococcus aureus subsp. aureus ECT-R 2					ECT-R 2		GCF_000253135.1-RS_2025_08_25	Complete Genome	2010-11-24		3	Staphylococcus aureus
GCF_024399355.1	ASM2439935v1	2025-08-19	Staphylococcus aureus		Sta2021010					GCF_024399355.1-RS_2025_08_19	Complete Genome	2022-07-25		1	Staphylococcus aureus
GCF_030644005.1	ASM3064400v1	2025-08-19	Staphylococcus aureus		1.10					GCF_030644005.1-RS_2025_08_19	Complete Genome	2023-08-04		1	Staphylococcus aureus
GCF_030644065.1	ASM3064406v1	2025-08-19	Staphylococcus aureus		1.7					GCF_030644065.1-RS_2025_08_19	Complete Genome	2023-08-04		1	Staphylococcus aureus
GCF_030643945.1	ASM3064394v1	2025-08-19	Staphylococcus aureus		2.5					GCF_030643945.1-RS_2025_08_19	Complete Genome	2023-08-04		1	Staphylococcus aureus
GCF_030644145.1	ASM3064414v1	2025-08-19	Staphylococcus aureus		1.2					GCF_030644145.1-RS_2025_08_19	Complete Genome	2023-08-04		1	Staphylococcus aureus
GCF_001611365.1	ASM161136v1	2025-08-19	Staphylococcus aureus		ST20130942					GCF_001611365.1-RS_2025_08_19	Complete Genome	2016-04-05		2	Staphylococcus aureus
GCF_024399375.1	ASM2439937v1	2025-08-19	Staphylococcus aureus		Sta2021027					GCF_024399375.1-RS_2025_08_19	Complete Genome	2022-07-25		1	Staphylococcus aureus
GCF_030533935.1	ASM3053393v1	2025-08-18	Staphylococcus aureus		SA17-SX					GCF_030533935.1-RS_2025_08_18	Complete Genome	2023-07-25		2	Staphylococcus aureus
GCF_030644125.1	ASM3064412v1	2025-08-18	Staphylococcus aureus		1.3					GCF_030644125.1-RS_2025_08_18	Complete Genome	2023-08-04		1	Staphylococcus aureus
GCF_030644165.1	ASM3064416v1	2025-08-18	Staphylococcus aureus		1.1					GCF_030644165.1-RS_2025_08_18	Complete Genome	2023-08-04		1	Staphylococcus aureus
GCF_030644025.1	ASM3064402v1	2025-08-18	Staphylococcus aureus		1.9a					GCF_030644025.1-RS_2025_08_18	Complete Genome	2023-08-04		1	Staphylococcus aureus
GCF_030643965.1	ASM3064396v1	2025-08-18	Staphylococcus aureus		2.3b					GCF_030643965.1-RS_2025_08_18	Complete Genome	2023-08-04		1	Staphylococcus aureus
GCF_030643985.1	ASM3064398v1	2025-08-18	Staphylococcus aureus		2.2					GCF_030643985.1-RS_2025_08_18	Complete Genome	2023-08-04		1	Staphylococcus aureus
GCF_030643925.1	ASM3064392v1	2025-08-18	Staphylococcus aureus		2.6					GCF_030643925.1-RS_2025_08_18	Complete Genome	2023-08-04		1	Staphylococcus aureus
GCF_030644105.1	ASM3064410v1	2025-08-18	Staphylococcus aureus		1.4					GCF_030644105.1-RS_2025_08_18	Complete Genome	2023-08-04		1	Staphylococcus aureus
GCF_030644085.1	ASM3064408v1	2025-08-18	Staphylococcus aureus		1.5					GCF_030644085.1-RS_2025_08_18	Complete Genome	2023-08-04		1	Staphylococcus aureus
GCF_030644045.1	ASM3064404v1	2025-08-18	Staphylococcus aureus		1.8					GCF_030644045.1-RS_2025_08_18	Complete Genome	2023-08-04		1	Staphylococcus aureus
GCF_020702545.2	ASM2070254v2	2025-08-17	Staphylococcus aureus		0610-H-2A					GCF_020702545.2-RS_2025_08_17	Complete Genome	2022-06-27		3	Staphylococcus aureus
GCF_019134635.1	ASM1913463v1	2025-08-16	Staphylococcus aureus		WHC07					GCF_019134635.1-RS_2025_08_16	Complete Genome	2021-07-06		1	Staphylococcus aureus
GCF_052049695.1	ASM5204969v1	2025-08-15	Staphylococcus aureus		NM2025-6					GCF_052049695.1-RS_2025_08_15	Complete Genome	2025-08-16		1	Staphylococcus aureus
GCF_019134615.1	ASM1913461v1	2025-08-15	Staphylococcus aureus		WHC09					GCF_019134615.1-RS_2025_08_15	Complete Genome	2021-07-06		2	Staphylococcus aureus
GCF_022163365.2	ASM2216336v2	2025-08-10	Staphylococcus aureus		MN8					GCF_022163365.2-RS_2025_08_10	Complete Genome	2024-05-02		1	Staphylococcus aureus
GCF_022163485.2	ASM2216348v2	2025-08-10	Staphylococcus aureus		FRI-1169					GCF_022163485.2-RS_2025_08_10	Complete Genome	2024-05-02		2	Staphylococcus aureus
GCF_030534215.1	ASM3053421v1	2025-08-07	Staphylococcus aureus		SA03-SX					GCF_030534215.1-RS_2025_08_07	Complete Genome	2023-07-25		1	Staphylococcus aureus
GCF_024296845.1	ASM2429684v1	2025-08-07	Staphylococcus aureus		MN8					GCF_024296845.1-RS_2025_08_07	Complete Genome	2022-07-17		1	Staphylococcus aureus
GCF_030534135.1	ASM3053413v1	2025-08-07	Staphylococcus aureus		SA07-SX					GCF_030534135.1-RS_2025_08_07	Complete Genome	2023-07-25		1	Staphylococcus aureus
GCF_030534195.1	ASM3053419v1	2025-08-07	Staphylococcus aureus		SA04-SX					GCF_030534195.1-RS_2025_08_07	Complete Genome	2023-07-25		2	Staphylococcus aureus
GCF_030534255.1	ASM3053425v1	2025-08-07	Staphylococcus aureus		SA01-SX					GCF_030534255.1-RS_2025_08_07	Complete Genome	2023-07-25		1	Staphylococcus aureus
GCF_030534235.1	ASM3053423v1	2025-08-07	Staphylococcus aureus		SA02-SX					GCF_030534235.1-RS_2025_08_07	Complete Genome	2023-07-25		1	Staphylococcus aureus
GCF_030534055.1	ASM3053405v1	2025-08-06	Staphylococcus aureus		SA11-SX					GCF_030534055.1-RS_2025_08_06	Complete Genome	2023-07-25		2	Staphylococcus aureus
GCF_030534095.1	ASM3053409v1	2025-08-06	Staphylococcus aureus		SA09-SX					GCF_030534095.1-RS_2025_08_06	Complete Genome	2023-07-25		1	Staphylococcus aureus
GCF_030533465.1	ASM3053346v1	2025-08-06	Staphylococcus aureus		SA38-SX					GCF_030533465.1-RS_2025_08_06	Complete Genome	2023-07-25		1	Staphylococcus aureus
GCF_030533495.1	ASM3053349v1	2025-08-06	Staphylococcus aureus		SA37-SX					GCF_030533495.1-RS_2025_08_06	Complete Genome	2023-07-25		1	Staphylococcus aureus
GCF_030533665.1	ASM3053366v1	2025-08-06	Staphylococcus aureus		SA29-SX					GCF_030533665.1-RS_2025_08_06	Complete Genome	2023-07-25		2	Staphylococcus aureus
GCF_052063215.1	ASM5206321v1	2025-08-17	Staphylococcus epidermidis		HDRNA_17_K01					GCF_052063215.1-RS_2025_08_17	Complete Genome	2025-08-17		3	Staphylococcus epidermidis
GCF_052063205.1	ASM5206320v1	2025-08-16	Staphylococcus epidermidis		HDRNA_16					GCF_052063205.1-RS_2025_08_16	Complete Genome	2025-08-17		5	Staphylococcus epidermidis
GCF_052063155.1	ASM5206315v1	2025-08-16	Staphylococcus epidermidis		HDRNA_03_K01					GCF_052063155.1-RS_2025_08_16	Complete Genome	2025-08-17		1	Staphylococcus epidermidis
GCF_052063175.1	ASM5206317v1	2025-08-16	Staphylococcus epidermidis		HDRNA_07_K01					GCF_052063175.1-RS_2025_08_16	Complete Genome	2025-08-17		2	Staphylococcus epidermidis
GCF_052063145.1	ASM5206314v1	2025-08-16	Staphylococcus epidermidis		HDRNA_01_K01					GCF_052063145.1-RS_2025_08_16	Complete Genome	2025-08-17		1	Staphylococcus epidermidis
GCF_052063235.1	ASM5206323v1	2025-08-16	Staphylococcus epidermidis		HDRNA_20_K01					GCF_052063235.1-RS_2025_08_16	Complete Genome	2025-08-17		2	Staphylococcus epidermidis
GCF_052063195.1	ASM5206319v1	2025-08-16	Staphylococcus epidermidis		HDRNA_12_K01					GCF_052063195.1-RS_2025_08_16	Complete Genome	2025-08-17		4	Staphylococcus epidermidis
GCF_052063165.1	ASM5206316v1	2025-08-16	Staphylococcus epidermidis		HDRNA_06_K01					GCF_052063165.1-RS_2025_08_16	Complete Genome	2025-08-17		2	Staphylococcus epidermidis
GCF_052063185.1	ASM5206318v1	2025-08-16	Staphylococcus epidermidis		HDRNA_08_K01					GCF_052063185.1-RS_2025_08_16	Complete Genome	2025-08-17		2	Staphylococcus epidermidis
GCF_052063225.1	ASM5206322v1	2025-08-16	Staphylococcus epidermidis		HDRNA_19_K01					GCF_052063225.1-RS_2025_08_16	Complete Genome	2025-08-17		4	Staphylococcus epidermidis
GCF_051930415.1	ASM5193041v1	2025-08-13	Staphylococcus epidermidis		6593473					GCF_051930415.1-RS_2025_08_13	Complete Genome	2025-08-13		3	Staphylococcus epidermidis
GCF_013317125.1	ASM1331712v1	2025-07-23	Staphylococcus epidermidis		O47					GCF_013317125.1-RS_2025_07_23	Complete Genome	2020-06-10		1	Staphylococcus epidermidis
GCF_024266825.1	ASM2426682v1	2025-07-23	Staphylococcus epidermidis		HAF242					GCF_024266825.1-RS_2025_07_23	Complete Genome	2022-07-14		4	Staphylococcus epidermidis
GCF_024204785.1	ASM2420478v1	2025-07-19	Staphylococcus epidermidis		TMDU-265					GCF_024204785.1-RS_2025_07_19	Complete Genome	2022-07-11		4	Staphylococcus epidermidis
GCF_024204765.1	ASM2420476v1	2025-07-19	Staphylococcus epidermidis		TMDU-190					GCF_024204765.1-RS_2025_07_19	Complete Genome	2022-07-11		2	Staphylococcus epidermidis
GCF_024204985.1	ASM2420498v1	2025-07-19	Staphylococcus epidermidis		TSM-51					GCF_024204985.1-RS_2025_07_19	Complete Genome	2022-07-11		3	Staphylococcus epidermidis
GCF_024204865.1	ASM2420486v1	2025-07-19	Staphylococcus epidermidis		TMDU-2014-62					GCF_024204865.1-RS_2025_07_19	Complete Genome	2022-07-11		2	Staphylococcus epidermidis
GCF_024204905.1	ASM2420490v1	2025-07-19	Staphylococcus epidermidis		TSM-18					GCF_024204905.1-RS_2025_07_19	Complete Genome	2022-07-11		4	Staphylococcus epidermidis
GCF_024204925.1	ASM2420492v1	2025-07-19	Staphylococcus epidermidis		TSM-36					GCF_024204925.1-RS_2025_07_19	Complete Genome	2022-07-11		3	Staphylococcus epidermidis
GCF_024204725.1	ASM2420472v1	2025-07-19	Staphylococcus epidermidis		TMDU-128					GCF_024204725.1-RS_2025_07_19	Complete Genome	2022-07-11		3	Staphylococcus epidermidis
GCF_024204825.1	ASM2420482v1	2025-07-19	Staphylococcus epidermidis		TMDU-302					GCF_024204825.1-RS_2025_07_19	Complete Genome	2022-07-11		5	Staphylococcus epidermidis
GCF_024204965.1	ASM2420496v1	2025-07-19	Staphylococcus epidermidis		TSM-50					GCF_024204965.1-RS_2025_07_19	Complete Genome	2022-07-11		2	Staphylococcus epidermidis
GCF_024204745.1	ASM2420474v1	2025-07-19	Staphylococcus epidermidis		TMDU-137					GCF_024204745.1-RS_2025_07_19	Complete Genome	2022-07-11		6	Staphylococcus epidermidis
GCF_024204945.1	ASM2420494v1	2025-07-19	Staphylococcus epidermidis		TSM-47					GCF_024204945.1-RS_2025_07_19	Complete Genome	2022-07-11		2	Staphylococcus epidermidis
GCF_024204885.1	ASM2420488v1	2025-07-19	Staphylococcus epidermidis		TSM-31					GCF_024204885.1-RS_2025_07_19	Complete Genome	2022-07-11		3	Staphylococcus epidermidis
GCF_024204805.1	ASM2420480v1	2025-07-19	Staphylococcus epidermidis		TMDU-300					GCF_024204805.1-RS_2025_07_19	Complete Genome	2022-07-11		3	Staphylococcus epidermidis
GCF_024204845.1	ASM2420484v1	2025-07-19	Staphylococcus epidermidis		TMDU-323					GCF_024204845.1-RS_2025_07_19	Complete Genome	2022-07-11		3	Staphylococcus epidermidis
GCF_024204705.1	ASM2420470v1	2025-07-19	Staphylococcus epidermidis		TMDU-41					GCF_024204705.1-RS_2025_07_19	Complete Genome	2022-07-11		5	Staphylococcus epidermidis
GCF_003812425.1	ASM381242v1	2025-07-16	Staphylococcus epidermidis		FDAARGOS_529					GCF_003812425.1-RS_2025_07_16	Complete Genome	2018-11-21		3	Staphylococcus epidermidis
GCF_030435975.1	ASM3043597v1	2025-07-13	Staphylococcus epidermidis		CCSH-141					GCF_030435975.1-RS_2025_07_13	Complete Genome	2023-07-12		2	Staphylococcus epidermidis
GCF_030435955.1	ASM3043595v1	2025-07-13	Staphylococcus epidermidis		CSMH-411EB					GCF_030435955.1-RS_2025_07_13	Complete Genome	2023-07-12		5	Staphylococcus epidermidis
GCF_030435915.1	ASM3043591v1	2025-07-13	Staphylococcus epidermidis		CKFA-393					GCF_030435915.1-RS_2025_07_13	Complete Genome	2023-07-12		4	Staphylococcus epidermidis
GCF_040370005.1	ASM4037000v1	2025-06-28	Staphylococcus epidermidis		KSE124-2					GCF_040370005.1-RS_2025_06_28	Complete Genome	2024-06-28		7	Staphylococcus epidermidis
GCF_051020505.1	ASM5102050v1	2025-06-24	Staphylococcus epidermidis		1457LA_ermC					GCF_051020505.1-RS_2025_06_24	Complete Genome	2025-06-24		1	Staphylococcus epidermidis
GCF_030291655.1	ASM3029165v1	2025-06-20	Staphylococcus epidermidis		NG02					GCF_030291655.1-RS_2025_06_20	Complete Genome	2023-06-20		2	Staphylococcus epidermidis
GCF_023547085.1	ASM2354708v1	2025-05-29	Staphylococcus epidermidis		C019					GCF_023547085.1-RS_2025_05_29	Complete Genome	2022-05-25		2	Staphylococcus epidermidis
GCF_023547105.1	ASM2354710v1	2025-05-29	Staphylococcus epidermidis		C034					GCF_023547105.1-RS_2025_05_29	Complete Genome	2022-05-25		5	Staphylococcus epidermidis
GCF_023547125.1	ASM2354712v1	2025-05-29	Staphylococcus epidermidis		C066					GCF_023547125.1-RS_2025_05_29	Complete Genome	2022-05-25		5	Staphylococcus epidermidis
GCF_030014005.1	ASM3001400v1	2025-05-16	Staphylococcus epidermidis		7057					GCF_030014005.1-RS_2025_05_16	Complete Genome	2023-05-15		5	Staphylococcus epidermidis
GCF_030012845.1	ASM3001284v1	2025-05-16	Staphylococcus epidermidis		7049					GCF_030012845.1-RS_2025_05_16	Complete Genome	2023-05-15		6	Staphylococcus epidermidis
GCF_030013985.1	ASM3001398v1	2025-05-16	Staphylococcus epidermidis		7060					GCF_030013985.1-RS_2025_05_16	Complete Genome	2023-05-15		2	Staphylococcus epidermidis
GCF_022919195.1	ASM2291919v1	2025-04-26	Staphylococcus epidermidis		SKN25lux					GCF_022919195.1-RS_2025_04_26	Complete Genome	2022-04-12		1	Staphylococcus epidermidis
GCF_022869565.1	ASM2286956v1	2025-04-26	Staphylococcus epidermidis		PartG-Sepidermidis-RM8376					GCF_022869565.1-RS_2025_04_26	Complete Genome	2022-04-11		4	Staphylococcus epidermidis
GCF_006094375.1	ASM609437v1	2025-04-23	Staphylococcus epidermidis		ATCC 14990					GCF_006094375.1-RS_2025_04_23	Complete Genome	2019-06-06		3	Staphylococcus epidermidis
GCF_022832895.1	ASM2283289v1	2025-04-19	Staphylococcus epidermidis		C99					GCF_022832895.1-RS_2025_04_19	Complete Genome	2022-04-07		6	Staphylococcus epidermidis
GCF_022832935.1	ASM2283293v1	2025-04-19	Staphylococcus epidermidis		C101					GCF_022832935.1-RS_2025_04_19	Complete Genome	2022-04-07		7	Staphylococcus epidermidis
GCF_022832915.1	ASM2283291v1	2025-04-19	Staphylococcus epidermidis		C100					GCF_022832915.1-RS_2025_04_19	Complete Genome	2022-04-07		7	Staphylococcus epidermidis
GCF_019329745.1	ASM1932974v1	2025-04-18	Staphylococcus epidermidis		B1276912					GCF_019329745.1-RS_2025_04_18	Complete Genome	2021-07-23		3	Staphylococcus epidermidis
GCF_019329665.1	ASM1932966v1	2025-04-18	Staphylococcus epidermidis		B1272014					GCF_019329665.1-RS_2025_04_18	Complete Genome	2021-07-23		2	Staphylococcus epidermidis
GCF_019329425.1	ASM1932942v1	2025-04-18	Staphylococcus epidermidis		B1230143					GCF_019329425.1-RS_2025_04_18	Complete Genome	2021-07-23		3	Staphylococcus epidermidis
GCF_007833535.1	ASM783353v1	2025-08-18	Staphylococcus pseudintermedius		VB88					GCF_007833535.1-RS_2025_08_18	Complete Genome	2019-08-05		1	Staphylococcus pseudintermedius
GCF_051903225.1	ASM5190322v1	2025-08-08	Staphylococcus pseudintermedius		V104					GCF_051903225.1-RS_2025_08_08	Complete Genome	2025-08-09		2	Staphylococcus pseudintermedius
GCF_051903235.1	ASM5190323v1	2025-08-08	Staphylococcus pseudintermedius		V64					GCF_051903235.1-RS_2025_08_08	Complete Genome	2025-08-09		1	Staphylococcus pseudintermedius
GCF_051903245.1	ASM5190324v1	2025-08-08	Staphylococcus pseudintermedius		V16					GCF_051903245.1-RS_2025_08_08	Complete Genome	2025-08-09		1	Staphylococcus pseudintermedius
GCF_051903115.1	ASM5190311v1	2025-08-08	Staphylococcus pseudintermedius		V144					GCF_051903115.1-RS_2025_08_08	Complete Genome	2025-08-09		2	Staphylococcus pseudintermedius
GCF_051903205.1	ASM5190320v1	2025-08-08	Staphylococcus pseudintermedius		V141					GCF_051903205.1-RS_2025_08_08	Complete Genome	2025-08-09		2	Staphylococcus pseudintermedius
GCF_051903215.1	ASM5190321v1	2025-08-08	Staphylococcus pseudintermedius		V127					GCF_051903215.1-RS_2025_08_08	Complete Genome	2025-08-09		1	Staphylococcus pseudintermedius
GCF_051903085.1	ASM5190308v1	2025-08-08	Staphylococcus pseudintermedius		V218					GCF_051903085.1-RS_2025_08_08	Complete Genome	2025-08-09		2	Staphylococcus pseudintermedius
GCF_051903095.1	ASM5190309v1	2025-08-08	Staphylococcus pseudintermedius		V212					GCF_051903095.1-RS_2025_08_08	Complete Genome	2025-08-09		2	Staphylococcus pseudintermedius
GCF_051903105.1	ASM5190310v1	2025-08-08	Staphylococcus pseudintermedius		V179					GCF_051903105.1-RS_2025_08_08	Complete Genome	2025-08-09		1	Staphylococcus pseudintermedius
GCF_030444445.1	ASM3044444v1	2025-07-16	Staphylococcus pseudintermedius		N9-1					GCF_030444445.1-RS_2025_07_16	Complete Genome	2023-07-13		1	Staphylococcus pseudintermedius
GCF_030444425.1	ASM3044442v1	2025-07-16	Staphylococcus pseudintermedius		N13-1					GCF_030444425.1-RS_2025_07_16	Complete Genome	2023-07-13		1	Staphylococcus pseudintermedius
GCF_030444385.1	ASM3044438v1	2025-07-16	Staphylococcus pseudintermedius		R41-1					GCF_030444385.1-RS_2025_07_16	Complete Genome	2023-07-13		1	Staphylococcus pseudintermedius
GCF_051012905.1	ASM5101290v1	2025-06-21	Staphylococcus pseudintermedius		CUVET20-1766					GCF_051012905.1-RS_2025_06_21	Complete Genome	2025-06-21		1	Staphylococcus pseudintermedius
GCF_030254625.1	ASM3025462v1	2025-06-12	Staphylococcus pseudintermedius		19KM0990					GCF_030254625.1-RS_2025_06_12	Complete Genome	2023-06-12		1	Staphylococcus pseudintermedius
GCF_030264035.1	ASM3026403v1	2025-06-12	Staphylococcus pseudintermedius		6127-64107					GCF_030264035.1-RS_2025_06_12	Complete Genome	2023-06-13		1	Staphylococcus pseudintermedius
GCF_030263975.1	ASM3026397v1	2025-06-12	Staphylococcus pseudintermedius		10916-77753					GCF_030263975.1-RS_2025_06_12	Complete Genome	2023-06-13		1	Staphylococcus pseudintermedius
GCF_050410785.1	ASM5041078v1	2025-05-19	Staphylococcus pseudintermedius		HGW2412					GCF_050410785.1-RS_2025_05_19	Complete Genome	2025-05-19		2	Staphylococcus pseudintermedius
GCF_017795485.1	ASM1779548v1	2025-04-29	Staphylococcus pseudintermedius		6109					GCF_017795485.1-RS_2025_04_29	Complete Genome	2021-04-06		2	Staphylococcus pseudintermedius
GCF_016455205.1	ASM1645520v1	2025-04-16	Staphylococcus pseudintermedius		DG064					GCF_016455205.1-RS_2025_04_16	Complete Genome	2021-01-01		1	Staphylococcus pseudintermedius
GCF_016127335.1	ASM1612733v1	2025-04-16	Staphylococcus pseudintermedius		FDAARGOS_1072					GCF_016127335.1-RS_2025_04_16	Complete Genome	2020-12-20		1	Staphylococcus pseudintermedius
GCF_016455165.1	ASM1645516v1	2025-04-16	Staphylococcus pseudintermedius		DG072					GCF_016455165.1-RS_2025_04_16	Complete Genome	2021-01-01		1	Staphylococcus pseudintermedius
GCF_016455225.1	ASM1645522v1	2025-04-16	Staphylococcus pseudintermedius		DSP021					GCF_016455225.1-RS_2025_04_16	Complete Genome	2021-01-01		1	Staphylococcus pseudintermedius
GCF_016455145.1	ASM1645514v1	2025-04-16	Staphylococcus pseudintermedius		DSP020					GCF_016455145.1-RS_2025_04_16	Complete Genome	2021-01-01		1	Staphylococcus pseudintermedius
GCF_016598895.1	ASM1659889v1	2025-04-16	Staphylococcus pseudintermedius		HSP079					GCF_016598895.1-RS_2025_04_16	Complete Genome	2021-01-10		1	Staphylococcus pseudintermedius
GCF_016598915.1	ASM1659891v1	2025-04-16	Staphylococcus pseudintermedius		HSP080					GCF_016598915.1-RS_2025_04_16	Complete Genome	2021-01-10		1	Staphylococcus pseudintermedius
GCF_016455085.1	ASM1645508v1	2025-04-16	Staphylococcus pseudintermedius		DSP026					GCF_016455085.1-RS_2025_04_16	Complete Genome	2021-01-01		1	Staphylococcus pseudintermedius
GCF_016454965.1	ASM1645496v1	2025-04-16	Staphylococcus pseudintermedius		HSP138					GCF_016454965.1-RS_2025_04_16	Complete Genome	2021-01-01		1	Staphylococcus pseudintermedius
GCF_016454985.1	ASM1645498v1	2025-04-16	Staphylococcus pseudintermedius		HSP137					GCF_016454985.1-RS_2025_04_16	Complete Genome	2021-01-01		1	Staphylococcus pseudintermedius
GCF_016455065.1	ASM1645506v1	2025-04-16	Staphylococcus pseudintermedius		HSP135					GCF_016455065.1-RS_2025_04_16	Complete Genome	2021-01-01		1	Staphylococcus pseudintermedius
GCF_001682435.2	ASM168243v2	2025-04-15	Staphylococcus pseudintermedius		081661			20081661		GCF_001682435.2-RS_2025_04_15	Complete Genome	2016-07-08		1	Staphylococcus pseudintermedius
GCF_900636355.2	40961_D01	2025-04-15	Staphylococcus pseudintermedius		NCTC5661					GCF_900636355.2-RS_2025_04_15	Complete Genome	2018-12-20		1	Staphylococcus pseudintermedius
GCF_000478385.1	MRSP_E140_v1.0	2025-04-15	Staphylococcus pseudintermedius E140		E140					GCF_000478385.1-RS_2025_04_15	Complete Genome	2013-01-09	ANOI01	1	Staphylococcus pseudintermedius
GCF_003627735.1	ASM362773v1	2025-04-11	Staphylococcus pseudintermedius		G3C4					GCF_003627735.1-RS_2025_04_11	Complete Genome	2018-10-09		1	Staphylococcus pseudintermedius
GCF_016126795.1	ASM1612679v1	2025-04-11	Staphylococcus pseudintermedius		SP_9261-1A					GCF_016126795.1-RS_2025_04_11	Complete Genome	2020-12-20		1	Staphylococcus pseudintermedius
GCF_014490535.1	ASM1449053v1	2025-04-11	Staphylococcus pseudintermedius		Z0118SP0108					GCF_014490535.1-RS_2025_04_11	Complete Genome	2020-09-08		1	Staphylococcus pseudintermedius
GCF_016455265.1	ASM1645526v1	2025-04-11	Staphylococcus pseudintermedius		DSP030					GCF_016455265.1-RS_2025_04_11	Complete Genome	2021-01-01		1	Staphylococcus pseudintermedius
GCF_009184785.1	ASM918478v1	2025-04-11	Staphylococcus pseudintermedius		KCTC 43134					GCF_009184785.1-RS_2025_04_11	Complete Genome	2019-10-20		1	Staphylococcus pseudintermedius
GCF_016126735.1	ASM1612673v1	2025-04-11	Staphylococcus pseudintermedius		SP_11304-2A					GCF_016126735.1-RS_2025_04_11	Complete Genome	2020-12-20		1	Staphylococcus pseudintermedius
GCF_016126775.1	ASM1612677v1	2025-04-11	Staphylococcus pseudintermedius		SP_11304-1A					GCF_016126775.1-RS_2025_04_11	Complete Genome	2020-12-20		1	Staphylococcus pseudintermedius
GCF_016455245.1	ASM1645524v1	2025-04-11	Staphylococcus pseudintermedius		HSP125					GCF_016455245.1-RS_2025_04_11	Complete Genome	2021-01-01		1	Staphylococcus pseudintermedius
GCF_016455025.1	ASM1645502v1	2025-04-11	Staphylococcus pseudintermedius		DSP034					GCF_016455025.1-RS_2025_04_11	Complete Genome	2021-01-01		1	Staphylococcus pseudintermedius
GCF_016126695.1	ASM1612669v1	2025-04-11	Staphylococcus pseudintermedius		SP_11306-4A					GCF_016126695.1-RS_2025_04_11	Complete Genome	2020-12-20		1	Staphylococcus pseudintermedius
GCF_016455005.1	ASM1645500v1	2025-04-11	Staphylococcus pseudintermedius		HSP118					GCF_016455005.1-RS_2025_04_11	Complete Genome	2021-01-01		1	Staphylococcus pseudintermedius
GCF_004001305.1	ASM400130v1	2025-04-11	Staphylococcus pseudintermedius		SP79					GCF_004001305.1-RS_2025_04_11	Complete Genome	2018-12-20		1	Staphylococcus pseudintermedius
GCF_016126715.1	ASM1612671v1	2025-04-10	Staphylococcus pseudintermedius		SP_11304-3A					GCF_016126715.1-RS_2025_04_10	Complete Genome	2020-12-20		3	Staphylococcus pseudintermedius
GCF_002950775.1	ASM295077v1	2025-04-10	Staphylococcus pseudintermedius		5912					GCF_002950775.1-RS_2025_04_10	Complete Genome	2017-08-02		2	Staphylococcus pseudintermedius
GCF_016026635.1	ASM1602663v1	2025-04-06	Staphylococcus pseudintermedius		FDAARGOS_930					GCF_016026635.1-RS_2025_04_06	Complete Genome	2020-12-14		1	Staphylococcus pseudintermedius
GCF_007833715.1	ASM783371v1	2025-04-01	Staphylococcus pseudintermedius		AI14					GCF_007833715.1-RS_2025_04_01	Complete Genome	2019-08-05		1	Staphylococcus pseudintermedius
GCF_000189495.1	ASM18949v1	2025-04-01	Staphylococcus pseudintermedius ED99		ED99					GCF_000189495.1-RS_2025_04_01	Complete Genome	2011-02-16		1	Staphylococcus pseudintermedius
GCF_052148605.1	ASM5214860v1	2025-08-20	Stenotrophomonas maltophilia		RY12679					GCF_052148605.1-RS_2025_08_20	Complete Genome	2025-08-21		1	Stenotrophomonas maltophilia
GCF_052149065.1	ASM5214906v1	2025-08-20	Stenotrophomonas maltophilia		RY12681					GCF_052149065.1-RS_2025_08_20	Complete Genome	2025-08-21		1	Stenotrophomonas maltophilia
GCF_051986355.1	ASM5198635v1	2025-08-14	Stenotrophomonas maltophilia		STK9_22					GCF_051986355.1-RS_2025_08_14	Complete Genome	2025-08-15		1	Stenotrophomonas maltophilia
GCF_051985665.1	ASM5198566v1	2025-08-14	Stenotrophomonas maltophilia		STK11_22					GCF_051985665.1-RS_2025_08_14	Complete Genome	2025-08-15		1	Stenotrophomonas maltophilia
GCF_051984495.1	ASM5198449v1	2025-08-14	Stenotrophomonas maltophilia		STK12_22					GCF_051984495.1-RS_2025_08_14	Complete Genome	2025-08-15		1	Stenotrophomonas maltophilia
GCF_051982775.1	ASM5198277v1	2025-08-14	Stenotrophomonas maltophilia		STK4_22					GCF_051982775.1-RS_2025_08_14	Complete Genome	2025-08-15		1	Stenotrophomonas maltophilia
GCF_051985055.1	ASM5198505v1	2025-08-14	Stenotrophomonas maltophilia		STK21_22					GCF_051985055.1-RS_2025_08_14	Complete Genome	2025-08-15		1	Stenotrophomonas maltophilia
GCF_050822895.1	ASM5082289v1	2025-06-07	Stenotrophomonas maltophilia		P28					GCF_050822895.1-RS_2025_06_07	Complete Genome	2025-06-07		1	Stenotrophomonas maltophilia
GCF_039694715.1	ASM3969471v1	2025-05-30	Stenotrophomonas maltophilia					S62		GCF_039694715.1-RS_2025_05_30	Complete Genome	2024-05-23		1	Stenotrophomonas maltophilia
GCF_021441865.1	ASM2144186v1	2025-05-24	Stenotrophomonas maltophilia		WGB211					GCF_021441865.1-RS_2025_05_24	Complete Genome	2022-01-12		1	Stenotrophomonas maltophilia
GCF_033095765.1	ASM3309576v1	2025-05-24	Stenotrophomonas maltophilia		STEN00241					GCF_033095765.1-RS_2025_05_24	Complete Genome	2023-10-27		1	Stenotrophomonas maltophilia
GCF_029457435.1	ASM2945743v1	2025-05-24	Stenotrophomonas maltophilia		LH-B2					GCF_029457435.1-RS_2025_05_24	Complete Genome	2023-03-29		1	Stenotrophomonas maltophilia
GCF_025642255.1	ASM2564225v1	2025-05-24	Stenotrophomonas maltophilia		SG.Y2					GCF_025642255.1-RS_2025_05_24	Complete Genome	2022-10-11		1	Stenotrophomonas maltophilia
GCF_039555535.1	ASM3955553v1	2025-05-23	Stenotrophomonas maltophilia		C52					GCF_039555535.1-RS_2025_05_23	Complete Genome	2024-05-09		1	Stenotrophomonas maltophilia
GCF_007833655.1	ASM783365v1	2025-05-20	Stenotrophomonas maltophilia		SM 866					GCF_007833655.1-RS_2025_05_20	Complete Genome	2019-08-05		1	Stenotrophomonas maltophilia
GCF_009676445.1	ASM967644v1	2025-05-20	Stenotrophomonas maltophilia		sm-RA9					GCF_009676445.1-RS_2025_05_20	Complete Genome	2019-11-20		1	Stenotrophomonas maltophilia
GCF_009676585.1	ASM967658v1	2025-05-20	Stenotrophomonas maltophilia		PEG-141					GCF_009676585.1-RS_2025_05_20	Complete Genome	2019-11-20		1	Stenotrophomonas maltophilia
GCF_003006435.1	ASM300643v1	2025-05-20	Stenotrophomonas maltophilia		SJTH1					GCF_003006435.1-RS_2025_05_20	Complete Genome	2018-03-17		1	Stenotrophomonas maltophilia
GCF_003205835.1	ASM320583v1	2025-05-20	Stenotrophomonas maltophilia		SJTL3					GCF_003205835.1-RS_2025_05_20	Complete Genome	2018-06-11		1	Stenotrophomonas maltophilia
GCF_023277525.1	ASM2327752v1	2025-05-20	Stenotrophomonas maltophilia		FZD2					GCF_023277525.1-RS_2025_05_20	Complete Genome	2022-05-09		1	Stenotrophomonas maltophilia
GCF_001274595.1	ASM127459v1	2025-05-20	Stenotrophomonas maltophilia		ISMMS3			Patient 2		GCF_001274595.1-RS_2025_05_20	Complete Genome	2015-08-26		1	Stenotrophomonas maltophilia
GCF_023518235.1	ASM2351823v1	2025-05-20	Stenotrophomonas maltophilia		GYH					GCF_023518235.1-RS_2025_05_20	Complete Genome	2022-05-23		5	Stenotrophomonas maltophilia
GCF_009676565.1	ASM967656v1	2025-05-20	Stenotrophomonas maltophilia		PEG-173					GCF_009676565.1-RS_2025_05_20	Complete Genome	2019-11-20		1	Stenotrophomonas maltophilia
GCF_002847385.1	ASM284738v1	2025-05-20	Stenotrophomonas maltophilia		CSM2					GCF_002847385.1-RS_2025_05_20	Complete Genome	2017-12-27		1	Stenotrophomonas maltophilia
GCF_016659185.1	ASM1665918v1	2025-05-20	Stenotrophomonas maltophilia		DHHJ					GCF_016659185.1-RS_2025_05_20	Complete Genome	2021-01-18		1	Stenotrophomonas maltophilia
GCF_009676465.1	ASM967646v1	2025-05-20	Stenotrophomonas maltophilia		SKK55					GCF_009676465.1-RS_2025_05_20	Complete Genome	2019-11-20		1	Stenotrophomonas maltophilia
GCF_002138415.1	ASM213841v1	2025-05-20	Stenotrophomonas maltophilia		OUC_Est10					GCF_002138415.1-RS_2025_05_20	Complete Genome	2017-05-15		1	Stenotrophomonas maltophilia
GCF_002025605.1	ASM202560v1	2025-05-20	Stenotrophomonas maltophilia		AA1					GCF_002025605.1-RS_2025_05_20	Complete Genome	2017-03-13		1	Stenotrophomonas maltophilia
GCF_009618035.1	ASM961803v1	2025-05-20	Stenotrophomonas maltophilia		KMM 349					GCF_009618035.1-RS_2025_05_20	Complete Genome	2019-10-18		1	Stenotrophomonas maltophilia
GCF_021117255.1	ASM2111725v1	2025-05-20	Stenotrophomonas maltophilia		2013-SM4					GCF_021117255.1-RS_2025_05_20	Complete Genome	2021-12-08		1	Stenotrophomonas maltophilia
GCF_006974125.1	ASM697412v1	2025-05-20	Stenotrophomonas maltophilia		X28					GCF_006974125.1-RS_2025_05_20	Complete Genome	2019-07-15		1	Stenotrophomonas maltophilia
GCF_020641085.2	ASM2064108v2	2025-05-20	Stenotrophomonas maltophilia		ACYCd.9D					GCF_020641085.2-RS_2025_05_20	Complete Genome	2022-09-19		1	Stenotrophomonas maltophilia
GCF_000020665.1	ASM2066v1	2025-05-20	Stenotrophomonas maltophilia R551-3		R551-3					GCF_000020665.1-RS_2025_05_20	Complete Genome	2008-07-21		1	Stenotrophomonas maltophilia
GCF_000223885.1	ASM22388v1	2025-05-20	Stenotrophomonas maltophilia JV3		JV3					GCF_000223885.1-RS_2025_05_20	Complete Genome	2011-08-17		1	Stenotrophomonas maltophilia
GCF_037213995.1	ASM3721399v1	2025-05-13	Stenotrophomonas maltophilia		CGMCC 1.1788					GCF_037213995.1-RS_2025_05_13	Complete Genome	2024-04-05		1	Stenotrophomonas maltophilia
GCF_025426215.1	ASM2542621v1	2025-05-13	Stenotrophomonas maltophilia		CW002SM					GCF_025426215.1-RS_2025_05_13	Complete Genome	2022-09-27		1	Stenotrophomonas maltophilia
GCF_021117175.1	ASM2111717v1	2025-05-13	Stenotrophomonas maltophilia		2013-SM24					GCF_021117175.1-RS_2025_05_13	Complete Genome	2021-12-08		1	Stenotrophomonas maltophilia
GCF_026428295.1	ASM2642829v1	2025-05-13	Stenotrophomonas maltophilia		CYZ					GCF_026428295.1-RS_2025_05_13	Complete Genome	2022-11-28		1	Stenotrophomonas maltophilia
GCF_030867045.1	ASM3086704v1	2025-05-13	Stenotrophomonas maltophilia		11066					GCF_030867045.1-RS_2025_05_13	Complete Genome	2023-08-24		1	Stenotrophomonas maltophilia
GCF_030315995.1	ASM3031599v1	2025-05-13	Stenotrophomonas maltophilia		a7					GCF_030315995.1-RS_2025_05_13	Complete Genome	2023-06-21		1	Stenotrophomonas maltophilia
GCF_024734725.1	ASM2473472v1	2025-05-12	Stenotrophomonas maltophilia		SCAID WND1-2022 (370)					GCF_024734725.1-RS_2025_05_12	Complete Genome	2022-08-24		2	Stenotrophomonas maltophilia
GCF_020641075.2	ASM2064107v2	2025-05-12	Stenotrophomonas maltophilia		ACYCa.1J					GCF_020641075.2-RS_2025_05_12	Complete Genome	2022-09-19		1	Stenotrophomonas maltophilia
GCF_027594805.1	ASM2759480v1	2025-05-12	Stenotrophomonas maltophilia		454					GCF_027594805.1-RS_2025_05_12	Complete Genome	2023-01-09		1	Stenotrophomonas maltophilia
GCF_022014735.1	ASM2201473v1	2025-05-12	Stenotrophomonas maltophilia		PSKL2					GCF_022014735.1-RS_2025_05_12	Complete Genome	2022-02-06		1	Stenotrophomonas maltophilia
GCF_020641395.2	ASM2064139v2	2025-05-12	Stenotrophomonas maltophilia		ACYCa.6E					GCF_020641395.2-RS_2025_05_12	Complete Genome	2022-09-22		2	Stenotrophomonas maltophilia
GCF_028891445.1	ASM2889144v1	2025-05-08	Stenotrophomonas maltophilia		HT2					GCF_028891445.1-RS_2025_05_08	Complete Genome	2023-03-01		1	Stenotrophomonas maltophilia
GCF_900475405.1	44087_C01	2025-05-08	Stenotrophomonas maltophilia		NCTC10258					GCF_900475405.1-RS_2025_05_08	Complete Genome	2018-06-17		1	Stenotrophomonas maltophilia
GCF_900186865.1	49243_F02	2025-05-06	Stenotrophomonas maltophilia		NCTC10257					GCF_900186865.1-RS_2025_05_06	Complete Genome	2017-08-15		1	Stenotrophomonas maltophilia
GCF_016126935.1	ASM1612693v1	2025-05-06	Stenotrophomonas maltophilia		FDAARGOS_1044					GCF_016126935.1-RS_2025_05_06	Complete Genome	2020-12-20		1	Stenotrophomonas maltophilia
GCF_034424605.1	ASM3442460v1	2025-05-06	Stenotrophomonas maltophilia		HAMBI_2659					GCF_034424605.1-RS_2025_05_06	Complete Genome	2023-12-17		1	Stenotrophomonas maltophilia
GCF_052343385.1	ASM5234338v1	2025-08-30	Streptococcus agalactiae		Sag58					GCF_052343385.1-RS_2025_08_30	Complete Genome	2025-08-31		1	Streptococcus agalactiae
GCF_052343525.1	ASM5234352v1	2025-08-30	Streptococcus agalactiae		Sag-G044					GCF_052343525.1-RS_2025_08_30	Complete Genome	2025-08-31		1	Streptococcus agalactiae
GCF_052343195.1	ASM5234319v1	2025-08-30	Streptococcus agalactiae		Sag28					GCF_052343195.1-RS_2025_08_30	Complete Genome	2025-08-31		1	Streptococcus agalactiae
GCF_052343785.1	ASM5234378v1	2025-08-30	Streptococcus agalactiae		Sag-ZDN16					GCF_052343785.1-RS_2025_08_30	Complete Genome	2025-08-31		1	Streptococcus agalactiae
GCF_052344085.1	ASM5234408v1	2025-08-30	Streptococcus agalactiae		Sag-ZDN19					GCF_052344085.1-RS_2025_08_30	Complete Genome	2025-08-31		1	Streptococcus agalactiae
GCF_052343185.1	ASM5234318v1	2025-08-30	Streptococcus agalactiae		Sag149					GCF_052343185.1-RS_2025_08_30	Complete Genome	2025-08-31		1	Streptococcus agalactiae
GCF_052343795.1	ASM5234379v1	2025-08-30	Streptococcus agalactiae		Sag-HS21-263					GCF_052343795.1-RS_2025_08_30	Complete Genome	2025-08-31		1	Streptococcus agalactiae
GCF_052343535.1	ASM5234353v1	2025-08-30	Streptococcus agalactiae		Sag-G052					GCF_052343535.1-RS_2025_08_30	Complete Genome	2025-08-31		1	Streptococcus agalactiae
GCF_052343055.1	ASM5234305v1	2025-08-30	Streptococcus agalactiae		Sag105					GCF_052343055.1-RS_2025_08_30	Complete Genome	2025-08-31		1	Streptococcus agalactiae
GCF_052343395.1	ASM5234339v1	2025-08-30	Streptococcus agalactiae		Sag56					GCF_052343395.1-RS_2025_08_30	Complete Genome	2025-08-31		1	Streptococcus agalactiae
GCF_013414325.1	ASM1341432v1	2025-08-23	Streptococcus agalactiae		S9968					GCF_013414325.1-RS_2025_08_23	Complete Genome	2020-07-14		1	Streptococcus agalactiae
GCF_031202875.1	ASM3120287v1	2025-08-18	Streptococcus agalactiae		BCJB4361					GCF_031202875.1-RS_2025_08_18	Complete Genome	2023-09-06		1	Streptococcus agalactiae
GCF_051546165.1	ASM5154616v1	2025-07-28	Streptococcus agalactiae		RAOG665					GCF_051546165.1-RS_2025_07_28	Complete Genome	2025-07-29		1	Streptococcus agalactiae
GCF_051546175.1	ASM5154617v1	2025-07-28	Streptococcus agalactiae		RAOG664					GCF_051546175.1-RS_2025_07_28	Complete Genome	2025-07-29		1	Streptococcus agalactiae
GCF_051546185.1	ASM5154618v1	2025-07-28	Streptococcus agalactiae		RAOG663					GCF_051546185.1-RS_2025_07_28	Complete Genome	2025-07-29		1	Streptococcus agalactiae
GCF_051546195.1	ASM5154619v1	2025-07-28	Streptococcus agalactiae		RAOG662					GCF_051546195.1-RS_2025_07_28	Complete Genome	2025-07-29		1	Streptococcus agalactiae
GCF_051546205.1	ASM5154620v1	2025-07-28	Streptococcus agalactiae		RAOG640					GCF_051546205.1-RS_2025_07_28	Complete Genome	2025-07-29		1	Streptococcus agalactiae
GCF_001729925.2	ASM172992v2	2025-07-24	Streptococcus agalactiae		WC1535					GCF_001729925.2-RS_2025_07_24	Complete Genome	2019-02-01		1	Streptococcus agalactiae
GCF_009930895.1	ASM993089v1	2025-07-23	Streptococcus agalactiae		YZ1605					GCF_009930895.1-RS_2025_07_23	Complete Genome	2020-01-27		2	Streptococcus agalactiae
GCF_013000945.1	ASM1300094v1	2025-07-23	Streptococcus agalactiae		01173					GCF_013000945.1-RS_2025_07_23	Complete Genome	2020-05-09		1	Streptococcus agalactiae
GCF_030489725.1	ASM3048972v1	2025-07-16	Streptococcus agalactiae		NEM316					GCF_030489725.1-RS_2025_07_16	Complete Genome	2023-07-17		1	Streptococcus agalactiae
GCF_002289205.1	ASM228920v1	2025-07-16	Streptococcus agalactiae		874391					GCF_002289205.1-RS_2025_07_16	Complete Genome	2017-09-11		1	Streptococcus agalactiae
GCF_002214425.1	ASM221442v1	2025-07-16	Streptococcus agalactiae		C001					GCF_002214425.1-RS_2025_07_16	Complete Genome	2017-07-05		1	Streptococcus agalactiae
GCF_030489705.1	ASM3048970v1	2025-07-16	Streptococcus agalactiae COH1		COH1					GCF_030489705.1-RS_2025_07_16	Complete Genome	2023-07-17		1	Streptococcus agalactiae
GCF_003812805.1	ASM381280v1	2025-07-13	Streptococcus agalactiae		FDAARGOS_512					GCF_003812805.1-RS_2025_07_13	Complete Genome	2018-11-21		1	Streptococcus agalactiae
GCF_949787645.1	23220_1_50_h_nanopore	2025-06-27	Streptococcus agalactiae					MRI Z2-329		GCF_949787645.1-RS_2025_06_27	Complete Genome	2023-06-27		1	Streptococcus agalactiae
GCF_051044185.1	ASM5104418v1	2025-06-25	Streptococcus agalactiae		MA12					GCF_051044185.1-RS_2025_06_25	Complete Genome	2025-06-26		1	Streptococcus agalactiae
GCF_051045085.1	ASM5104508v1	2025-06-25	Streptococcus agalactiae		986					GCF_051045085.1-RS_2025_06_25	Complete Genome	2025-06-26		1	Streptococcus agalactiae
GCF_051045055.1	ASM5104505v1	2025-06-25	Streptococcus agalactiae		782					GCF_051045055.1-RS_2025_06_25	Complete Genome	2025-06-26		1	Streptococcus agalactiae
GCF_051044175.1	ASM5104417v1	2025-06-25	Streptococcus agalactiae		765					GCF_051044175.1-RS_2025_06_25	Complete Genome	2025-06-26		1	Streptococcus agalactiae
GCF_029625275.1	ASM2962527v1	2025-06-24	Streptococcus agalactiae		S1					GCF_029625275.1-RS_2025_06_24	Complete Genome	2023-04-09		1	Streptococcus agalactiae
GCF_029625255.1	ASM2962525v1	2025-06-24	Streptococcus agalactiae		S5					GCF_029625255.1-RS_2025_06_24	Complete Genome	2023-04-09		1	Streptococcus agalactiae
GCF_030323365.1	ASM3032336v1	2025-06-22	Streptococcus agalactiae		GBSIR0001					GCF_030323365.1-RS_2025_06_22	Complete Genome	2023-06-22		1	Streptococcus agalactiae
GCF_000831145.1	ASM83114v1	2025-06-10	Streptococcus agalactiae		GBS1-NY					GCF_000831145.1-RS_2025_06_10	Complete Genome	2014-08-21		1	Streptococcus agalactiae
GCF_000831105.1	ASM83110v1	2025-06-10	Streptococcus agalactiae		GBS6					GCF_000831105.1-RS_2025_06_10	Complete Genome	2014-08-21		1	Streptococcus agalactiae
GCF_000831125.1	ASM83112v1	2025-06-10	Streptococcus agalactiae		GBS2-NM					GCF_000831125.1-RS_2025_06_10	Complete Genome	2014-08-21		1	Streptococcus agalactiae
GCF_002197265.1	ASM219726v1	2025-05-26	Streptococcus agalactiae		SG-M158					GCF_002197265.1-RS_2025_05_26	Complete Genome	2017-06-16		1	Streptococcus agalactiae
GCF_002197385.1	ASM219738v1	2025-05-26	Streptococcus agalactiae		SG-M4					GCF_002197385.1-RS_2025_05_26	Complete Genome	2017-06-16		1	Streptococcus agalactiae
GCF_030078395.1	ASM3007839v1	2025-05-25	Streptococcus agalactiae		A909 Cas9 AEKOrevertant					GCF_030078395.1-RS_2025_05_25	Complete Genome	2023-05-25		1	Streptococcus agalactiae
GCF_030078275.1	ASM3007827v1	2025-05-25	Streptococcus agalactiae		A909 sCas9revertant					GCF_030078275.1-RS_2025_05_25	Complete Genome	2023-05-25		1	Streptococcus agalactiae
GCF_030078255.1	ASM3007825v1	2025-05-25	Streptococcus agalactiae		A909 sCas9					GCF_030078255.1-RS_2025_05_25	Complete Genome	2023-05-25		1	Streptococcus agalactiae
GCF_030078415.1	ASM3007841v1	2025-05-25	Streptococcus agalactiae		A909 Cas9 AEKO					GCF_030078415.1-RS_2025_05_25	Complete Genome	2023-05-25		1	Streptococcus agalactiae
GCF_030078335.1	ASM3007833v1	2025-05-25	Streptococcus agalactiae		A909 dCas9					GCF_030078335.1-RS_2025_05_25	Complete Genome	2023-05-25		1	Streptococcus agalactiae
GCF_030078315.1	ASM3007831v1	2025-05-25	Streptococcus agalactiae		CNCTC 10/84 sCas9revertant					GCF_030078315.1-RS_2025_05_25	Complete Genome	2023-05-25		1	Streptococcus agalactiae
GCF_030078295.1	ASM3007829v1	2025-05-25	Streptococcus agalactiae		CNCTC 10/84 sCas9					GCF_030078295.1-RS_2025_05_25	Complete Genome	2023-05-25		1	Streptococcus agalactiae
GCF_030078355.1	ASM3007835v1	2025-05-25	Streptococcus agalactiae		CNCTC 10/84 Cas9 AEKOrevertant					GCF_030078355.1-RS_2025_05_25	Complete Genome	2023-05-25		1	Streptococcus agalactiae
GCF_030078235.1	ASM3007823v1	2025-05-25	Streptococcus agalactiae		CNCTC 10/84 dCas9					GCF_030078235.1-RS_2025_05_25	Complete Genome	2023-05-25		1	Streptococcus agalactiae
GCF_030078375.1	ASM3007837v1	2025-05-25	Streptococcus agalactiae		CNCTC 10/84 Cas9 AEKO					GCF_030078375.1-RS_2025_05_25	Complete Genome	2023-05-25		1	Streptococcus agalactiae
GCF_951392265.1	23495_7_339_h_nanopore	2025-05-24	Streptococcus agalactiae					MRI Z2-270		GCF_951392265.1-RS_2025_05_24	Complete Genome	2023-05-12		1	Streptococcus agalactiae
GCF_949789875.1	23495_7_287_h_nanopore	2025-05-23	Streptococcus agalactiae					MRI Z2-299		GCF_949789875.1-RS_2025_05_23	Complete Genome	2023-04-08		3	Streptococcus agalactiae
GCF_051398925.1	ASM5139892v1	2025-07-19	Streptococcus dysgalactiae		S16-372					GCF_051398925.1-RS_2025_07_19	Complete Genome	2025-07-19		3	Streptococcus dysgalactiae
GCF_051398895.1	ASM5139889v1	2025-07-19	Streptococcus dysgalactiae subsp. dysgalactiae		A23-00193					GCF_051398895.1-RS_2025_07_19	Complete Genome	2025-07-19		2	Streptococcus dysgalactiae
GCF_051398905.1	ASM5139890v1	2025-07-19	Streptococcus dysgalactiae subsp. dysgalactiae		S23-370k					GCF_051398905.1-RS_2025_07_19	Complete Genome	2025-07-19		2	Streptococcus dysgalactiae
GCF_051398915.1	ASM5139891v1	2025-07-19	Streptococcus dysgalactiae subsp. dysgalactiae		S23-370B					GCF_051398915.1-RS_2025_07_19	Complete Genome	2025-07-19		1	Streptococcus dysgalactiae
GCF_051132655.1	RMH054	2025-06-29	Streptococcus dysgalactiae subsp. equisimilis		DMG2211978					GCF_051132655.1-RS_2025_06_29	Complete Genome	2025-06-30		2	Streptococcus dysgalactiae
GCF_051132705.1	MMC394	2025-06-29	Streptococcus dysgalactiae subsp. equisimilis		DMG2303475					GCF_051132705.1-RS_2025_06_29	Complete Genome	2025-06-30		1	Streptococcus dysgalactiae
GCF_051132695.1	MMC404	2025-06-29	Streptococcus dysgalactiae subsp. equisimilis		DMG2303485					GCF_051132695.1-RS_2025_06_29	Complete Genome	2025-06-30		1	Streptococcus dysgalactiae
GCF_051132665.1	RMH067	2025-06-29	Streptococcus dysgalactiae subsp. equisimilis		DMG2211991					GCF_051132665.1-RS_2025_06_29	Complete Genome	2025-06-30		1	Streptococcus dysgalactiae
GCF_051132735.1	MMC234	2025-06-29	Streptococcus dysgalactiae subsp. equisimilis		DMG2201020					GCF_051132735.1-RS_2025_06_29	Complete Genome	2025-06-30		1	Streptococcus dysgalactiae
GCF_051132745.1	MMC210	2025-06-29	Streptococcus dysgalactiae subsp. equisimilis		DMG2200996					GCF_051132745.1-RS_2025_06_29	Complete Genome	2025-06-30		1	Streptococcus dysgalactiae
GCF_051132725.1	MMC252	2025-06-29	Streptococcus dysgalactiae subsp. equisimilis		DMG2201038					GCF_051132725.1-RS_2025_06_29	Complete Genome	2025-06-30		1	Streptococcus dysgalactiae
GCF_051132675.1	RM045	2025-06-29	Streptococcus dysgalactiae subsp. equisimilis		DMG2211945					GCF_051132675.1-RS_2025_06_29	Complete Genome	2025-06-30		1	Streptococcus dysgalactiae
GCF_051132715.1	MMC295	2025-06-29	Streptococcus dysgalactiae subsp. equisimilis		DMG2201149					GCF_051132715.1-RS_2025_06_29	Complete Genome	2025-06-30		1	Streptococcus dysgalactiae
GCF_051132685.1	RDH522	2025-06-29	Streptococcus dysgalactiae subsp. equisimilis		DMG2302369					GCF_051132685.1-RS_2025_06_29	Complete Genome	2025-06-30		1	Streptococcus dysgalactiae
GCF_030291215.1	ASM3029121v1	2025-06-19	Streptococcus dysgalactiae subsp. equisimilis		TPCH-F37					GCF_030291215.1-RS_2025_06_19	Complete Genome	2023-06-19		1	Streptococcus dysgalactiae
GCF_000010705.1	ASM1070v1	2025-06-16	Streptococcus dysgalactiae subsp. equisimilis GGS_124		GGS_124					GCF_000010705.1-RS_2025_06_16	Complete Genome	2009-07-07		1	Streptococcus dysgalactiae
GCF_000307185.1	ASM30718v1	2025-06-16	Streptococcus dysgalactiae subsp. equisimilis RE378		RE378					GCF_000307185.1-RS_2025_06_16	Complete Genome	2012-10-03		1	Streptococcus dysgalactiae
GCF_030034695.1	ASM3003469v1	2025-06-15	Streptococcus dysgalactiae subsp. equisimilis		UT_120444					GCF_030034695.1-RS_2025_06_15	Complete Genome	2023-05-18		1	Streptococcus dysgalactiae
GCF_030034715.1	ASM3003471v1	2025-05-18	Streptococcus dysgalactiae subsp. equisimilis		UT_10236					GCF_030034715.1-RS_2025_05_18	Complete Genome	2023-05-18		1	Streptococcus dysgalactiae
GCF_026692645.1	ASM2669264v1	2025-05-07	Streptococcus dysgalactiae		WJ001					GCF_026692645.1-RS_2025_05_07	Complete Genome	2022-12-06		2	Streptococcus dysgalactiae
GCF_016128135.1	ASM1612813v1	2025-05-07	Streptococcus dysgalactiae		FDAARGOS_1016					GCF_016128135.1-RS_2025_05_07	Complete Genome	2020-12-20		1	Streptococcus dysgalactiae
GCF_003967135.1	ASM396713v1	2025-05-07	Streptococcus dysgalactiae		Kdys0611					GCF_003967135.1-RS_2025_05_07	Complete Genome	2018-07-08		6	Streptococcus dysgalactiae
GCF_900636815.1	44503_D02	2025-05-07	Streptococcus dysgalactiae subsp. equisimilis		NCTC6181					GCF_900636815.1-RS_2025_05_07	Complete Genome	2018-12-20		1	Streptococcus dysgalactiae
GCF_016128095.1	ASM1612809v1	2025-05-06	Streptococcus dysgalactiae		FDAARGOS_1017					GCF_016128095.1-RS_2025_05_06	Complete Genome	2020-12-20		2	Streptococcus dysgalactiae
GCF_019856435.1	ASM1985643v1	2025-05-06	Streptococcus dysgalactiae		DY107					GCF_019856435.1-RS_2025_05_06	Complete Genome	2021-09-02		1	Streptococcus dysgalactiae
GCF_008693725.1	ASM869372v1	2025-05-06	Streptococcus dysgalactiae		FDAARGOS_654					GCF_008693725.1-RS_2025_05_06	Complete Genome	2019-09-25		3	Streptococcus dysgalactiae
GCF_900475185.1	42197_A02	2025-05-06	Streptococcus dysgalactiae subsp. equisimilis		NCTC6179					GCF_900475185.1-RS_2025_05_06	Complete Genome	2018-06-17		1	Streptococcus dysgalactiae
GCF_900475725.1	46166_D01	2025-05-06	Streptococcus dysgalactiae subsp. equisimilis		NCTC7136					GCF_900475725.1-RS_2025_05_06	Complete Genome	2018-06-17		1	Streptococcus dysgalactiae
GCF_901542365.1	41825_F01	2025-05-06	Streptococcus dysgalactiae subsp. equisimilis		NCTC8546					GCF_901542365.1-RS_2025_05_06	Complete Genome	2019-05-17		1	Streptococcus dysgalactiae
GCF_900475255.1	42545_F02	2025-05-06	Streptococcus dysgalactiae subsp. equisimilis		NCTC9414					GCF_900475255.1-RS_2025_05_06	Complete Genome	2018-06-17		1	Streptococcus dysgalactiae
GCF_014192695.1	ASM1419269v1	2025-05-06	Streptococcus dysgalactiae subsp. equisimilis		89					GCF_014192695.1-RS_2025_05_06	Complete Genome	2020-08-08		1	Streptococcus dysgalactiae
GCF_014192895.1	ASM1419289v1	2025-05-06	Streptococcus dysgalactiae subsp. equisimilis		159					GCF_014192895.1-RS_2025_05_06	Complete Genome	2020-08-08		2	Streptococcus dysgalactiae
GCF_900475145.1	42727_G01	2025-05-06	Streptococcus dysgalactiae subsp. equisimilis		NCTC5371					GCF_900475145.1-RS_2025_05_06	Complete Genome	2018-06-17		1	Streptococcus dysgalactiae
GCF_900474785.1	41767_C01	2025-05-06	Streptococcus dysgalactiae subsp. equisimilis		NCTC5370					GCF_900474785.1-RS_2025_05_06	Complete Genome	2018-06-18		1	Streptococcus dysgalactiae
GCF_000317855.1	ASM31785v1	2025-05-06	Streptococcus dysgalactiae subsp. equisimilis AC-2713		AC-2713					GCF_000317855.1-RS_2025_05_06	Complete Genome	2012-10-31		1	Streptococcus dysgalactiae
GCF_022532125.1	ASM2253212v1	2025-04-28	Streptococcus dysgalactiae subsp. equisimilis		Karl					GCF_022532125.1-RS_2025_04_28	Complete Genome	2022-03-09		1	Streptococcus dysgalactiae
GCF_036815195.1	ASM3681519v1	2025-04-21	Streptococcus dysgalactiae subsp. equisimilis		NS3396					GCF_036815195.1-RS_2025_04_21	Complete Genome	2024-04-05		1	Streptococcus dysgalactiae
GCF_016724885.1	ASM1672488v1	2025-04-09	Streptococcus dysgalactiae		FDAARGOS_1157					GCF_016724885.1-RS_2025_04_09	Complete Genome	2021-01-20		3	Streptococcus dysgalactiae
GCF_029234175.1	ASM2923417v1	2025-04-08	Streptococcus dysgalactiae subsp. equisimilis		MGCS35922					GCF_029234175.1-RS_2025_04_08	Complete Genome	2023-03-17		2	Streptococcus dysgalactiae
GCF_029234135.1	ASM2923413v1	2025-04-03	Streptococcus dysgalactiae subsp. equisimilis		MGCS35957					GCF_029234135.1-RS_2025_04_03	Complete Genome	2023-03-17		1	Streptococcus dysgalactiae
GCF_029234065.1	ASM2923406v1	2025-04-02	Streptococcus dysgalactiae subsp. equisimilis		MGCS36083					GCF_029234065.1-RS_2025_04_02	Complete Genome	2023-03-17		1	Streptococcus dysgalactiae
GCF_029234095.1	ASM2923409v1	2025-04-02	Streptococcus dysgalactiae subsp. equisimilis		MGGS36055					GCF_029234095.1-RS_2025_04_02	Complete Genome	2023-03-17		1	Streptococcus dysgalactiae
GCF_029234155.1	ASM2923415v1	2025-04-02	Streptococcus dysgalactiae subsp. equisimilis		MGCS35823					GCF_029234155.1-RS_2025_04_02	Complete Genome	2023-03-17		1	Streptococcus dysgalactiae
GCF_029234115.1	ASM2923411v1	2025-04-02	Streptococcus dysgalactiae subsp. equisimilis		MGCS36044					GCF_029234115.1-RS_2025_04_02	Complete Genome	2023-03-17		1	Streptococcus dysgalactiae
GCF_029234045.1	ASM2923404v1	2025-04-02	Streptococcus dysgalactiae subsp. equisimilis		MGCS36089					GCF_029234045.1-RS_2025_04_02	Complete Genome	2023-03-17		1	Streptococcus dysgalactiae
GCF_900635345.1	41686_B01	2025-02-12	Streptococcus dysgalactiae subsp. dysgalactiae		NCTC4669					GCF_900635345.1-RS_2025_02_12	Complete Genome	2018-12-19		1	Streptococcus dysgalactiae
GCF_035666155.1	ASM3566615v1	2025-01-15	Streptococcus dysgalactiae		lu24					GCF_035666155.1-RS_2025_01_15	Complete Genome	2024-01-16		1	Streptococcus dysgalactiae
GCF_045345565.1	MMC234__202311	2024-11-27	Streptococcus dysgalactiae subsp. equisimilis		STG643					GCF_045345565.1-RS_2024_11_27	Complete Genome	2024-11-27		1	Streptococcus dysgalactiae
GCF_042198275.1	LADL_98-101	2024-09-25	Streptococcus dysgalactiae		LADL_98-101					GCF_042198275.1-RS_2024_09_25	Complete Genome	2024-09-25		1	Streptococcus dysgalactiae
GCF_042198005.1	LADL_00-351	2024-09-25	Streptococcus dysgalactiae		LADL_00-351					GCF_042198005.1-RS_2024_09_25	Complete Genome	2024-09-25		1	Streptococcus dysgalactiae
GCF_024703115.1	ASM2470311v1	2025-08-31	Streptococcus pneumoniae		D39Mega17545					GCF_024703115.1-RS_2025_08_31	Complete Genome	2022-08-16		1	Streptococcus pneumoniae
GCF_033096245.1	ASM3309624v1	2025-08-18	Streptococcus pneumoniae		PZ900700097					GCF_033096245.1-RS_2025_08_18	Complete Genome	2023-07-01		1	Streptococcus pneumoniae
GCF_033152795.1	ASM3315279v1	2025-08-18	Streptococcus pneumoniae		20614-6					GCF_033152795.1-RS_2025_08_18	Complete Genome	2023-10-31		1	Streptococcus pneumoniae
GCF_033100055.1	ASM3310005v1	2025-08-18	Streptococcus pneumoniae		ST62					GCF_033100055.1-RS_2025_08_18	Complete Genome	2023-10-29		1	Streptococcus pneumoniae
GCF_002947575.1	ASM294757v1	2025-07-23	Streptococcus pneumoniae		endophthalmitis			335		GCF_002947575.1-RS_2025_07_23	Complete Genome	2018-02-15		1	Streptococcus pneumoniae
GCF_011694695.1	ASM1169469v1	2025-07-23	Streptococcus pneumoniae		PZ900701590					GCF_011694695.1-RS_2025_07_23	Complete Genome	2020-03-24		2	Streptococcus pneumoniae
GCF_001095405.2	7553_6#2	2025-07-13	Streptococcus pneumoniae		PT8105			2RLC4		GCF_001095405.2-RS_2025_07_13	Complete Genome	2022-07-24		1	Streptococcus pneumoniae
GCF_051294885.1	ASM5129488v1	2025-07-10	Streptococcus pneumoniae		LV2022					GCF_051294885.1-RS_2025_07_10	Complete Genome	2025-07-11		2	Streptococcus pneumoniae
GCF_024089355.1	ASM2408935v1	2025-07-07	Streptococcus pneumoniae		SN75752					GCF_024089355.1-RS_2025_07_07	Complete Genome	2022-06-30		1	Streptococcus pneumoniae
GCF_024089335.1	ASM2408933v1	2025-07-07	Streptococcus pneumoniae TIGR4		TIGR4					GCF_024089335.1-RS_2025_07_07	Complete Genome	2022-06-30		1	Streptococcus pneumoniae
GCF_051132495.1	ASM5113249v1	2025-06-29	Streptococcus pneumoniae		K1544					GCF_051132495.1-RS_2025_06_29	Complete Genome	2025-06-30		1	Streptococcus pneumoniae
GCF_051132475.1	ASM5113247v1	2025-06-29	Streptococcus pneumoniae					K1544_delta_cps		GCF_051132475.1-RS_2025_06_29	Complete Genome	2025-06-30		1	Streptococcus pneumoniae
GCF_018336875.1	ASM1833687v1	2025-05-22	Streptococcus pneumoniae		D39_P0					GCF_018336875.1-RS_2025_05_22	Complete Genome	2021-05-11		1	Streptococcus pneumoniae
GCF_002813535.1	ASM281353v1	2025-05-17	Streptococcus pneumoniae		BHN97x					GCF_002813535.1-RS_2025_05_17	Complete Genome	2017-12-07		1	Streptococcus pneumoniae
GCF_030028375.1	ASM3002837v1	2025-05-17	Streptococcus pneumoniae		105_Kz					GCF_030028375.1-RS_2025_05_17	Complete Genome	2023-05-17		1	Streptococcus pneumoniae
GCF_027943805.1	ASM2794380v1	2025-05-11	Streptococcus pneumoniae		PZ900701057					GCF_027943805.1-RS_2025_05_11	Complete Genome	2023-01-12		1	Streptococcus pneumoniae
GCF_027943845.1	ASM2794384v1	2025-05-11	Streptococcus pneumoniae		PZ900700204					GCF_027943845.1-RS_2025_05_11	Complete Genome	2023-01-12		1	Streptococcus pneumoniae
GCF_027943785.1	ASM2794378v1	2025-05-11	Streptococcus pneumoniae		PZ900700792					GCF_027943785.1-RS_2025_05_11	Complete Genome	2023-01-12		1	Streptococcus pneumoniae
GCF_027943825.1	ASM2794382v1	2025-05-11	Streptococcus pneumoniae		Utah_35B-24					GCF_027943825.1-RS_2025_05_11	Complete Genome	2023-01-12		1	Streptococcus pneumoniae
GCF_027943765.1	ASM2794376v1	2025-05-11	Streptococcus pneumoniae		PZ900700617					GCF_027943765.1-RS_2025_05_11	Complete Genome	2023-01-12		1	Streptococcus pneumoniae
GCF_013047165.1	ASM1304716v1	2025-04-24	Streptococcus pneumoniae		6A-10					GCF_013047165.1-RS_2025_04_24	Complete Genome	2020-05-12		1	Streptococcus pneumoniae
GCF_022558605.1	ASM2255860v1	2025-04-24	Streptococcus pneumoniae		PZ900700608					GCF_022558605.1-RS_2025_04_24	Complete Genome	2022-03-14		1	Streptococcus pneumoniae
GCF_038431785.1	ASM3843178v1	2025-04-24	Streptococcus pneumoniae		2006C08-243					GCF_038431785.1-RS_2025_04_24	Complete Genome	2024-04-25		1	Streptococcus pneumoniae
GCF_000019265.1	ASM1926v1	2025-04-24	Streptococcus pneumoniae Hungary19A-6		Hungary19A-6					GCF_000019265.1-RS_2025_04_24	Complete Genome	2008-02-27		1	Streptococcus pneumoniae
GCF_000211015.1	ASM21101v1	2025-04-24	Streptococcus pneumoniae SPN034183		SNP034183					GCF_000211015.1-RS_2025_04_24	Complete Genome	2010-07-29		1	Streptococcus pneumoniae
GCF_038431755.1	ASM3843175v1	2025-04-23	Streptococcus pneumoniae		2008C09-280					GCF_038431755.1-RS_2025_04_23	Complete Genome	2024-04-24		1	Streptococcus pneumoniae
GCF_038431715.1	ASM3843171v1	2025-04-23	Streptococcus pneumoniae		2014S11-203					GCF_038431715.1-RS_2025_04_23	Complete Genome	2024-04-24		1	Streptococcus pneumoniae
GCF_038431325.1	ASM3843132v1	2025-04-23	Streptococcus pneumoniae		2018N21-288					GCF_038431325.1-RS_2025_04_23	Complete Genome	2024-04-24		1	Streptococcus pneumoniae
GCF_038431725.1	ASM3843172v1	2025-04-23	Streptococcus pneumoniae		2014C08-275					GCF_038431725.1-RS_2025_04_23	Complete Genome	2024-04-24		1	Streptococcus pneumoniae
GCF_000006885.1	ASM688v1	2025-04-23	Streptococcus pneumoniae TIGR4		TIGR4; ATCC BAA-334					GCF_000006885.1-RS_2025_04_23	Complete Genome	2008-07-11		1	Streptococcus pneumoniae
GCF_041937155.1	20234287	2025-04-20	Streptococcus pneumoniae		20234287					GCF_041937155.1-RS_2025_04_20	Complete Genome	2024-09-17		1	Streptococcus pneumoniae
GCF_041937145.1	20155336	2025-04-20	Streptococcus pneumoniae		20155336					GCF_041937145.1-RS_2025_04_20	Complete Genome	2024-09-17		1	Streptococcus pneumoniae
GCF_041937135.1	20234295	2025-04-20	Streptococcus pneumoniae		20234295					GCF_041937135.1-RS_2025_04_20	Complete Genome	2024-09-17		1	Streptococcus pneumoniae
GCF_036322955.1	ASM3632295v1	2025-04-17	Streptococcus pneumoniae		Pne2					GCF_036322955.1-RS_2025_04_17	Complete Genome	2023-08-15		1	Streptococcus pneumoniae
GCF_015839035.1	ASM1583903v1	2025-04-16	Streptococcus pneumoniae		475					GCF_015839035.1-RS_2025_04_16	Complete Genome	2020-12-08		1	Streptococcus pneumoniae
GCF_003351705.1	ASM335170v1	2025-04-16	Streptococcus pneumoniae		M26365					GCF_003351705.1-RS_2025_04_16	Complete Genome	2018-08-01		1	Streptococcus pneumoniae
GCF_002843545.1	ASM284354v1	2025-04-15	Streptococcus pneumoniae		Xen35					GCF_002843545.1-RS_2025_04_15	Complete Genome	2017-12-17		1	Streptococcus pneumoniae
GCF_036323055.1	ASM3632305v1	2025-04-10	Streptococcus pneumoniae		Sep3					GCF_036323055.1-RS_2025_04_10	Complete Genome	2023-08-15		1	Streptococcus pneumoniae
GCF_022318545.1	ASM2231854v1	2025-04-10	Streptococcus pneumoniae		CH2439					GCF_022318545.1-RS_2025_04_10	Complete Genome	2022-02-17		1	Streptococcus pneumoniae
GCF_022318385.1	ASM2231838v1	2025-04-10	Streptococcus pneumoniae		BR1268					GCF_022318385.1-RS_2025_04_10	Complete Genome	2022-02-17		1	Streptococcus pneumoniae
GCF_020177465.2	SP_HAC_39	2025-04-09	Streptococcus pneumoniae		HAC 39-1996					GCF_020177465.2-RS_2025_04_09	Complete Genome	2024-04-05		1	Streptococcus pneumoniae
GCF_003351525.1	ASM335152v1	2025-04-09	Streptococcus pneumoniae		M23734					GCF_003351525.1-RS_2025_04_09	Complete Genome	2018-08-01		1	Streptococcus pneumoniae
GCF_036323015.1	ASM3632301v1	2025-04-09	Streptococcus pneumoniae		Sep1					GCF_036323015.1-RS_2025_04_09	Complete Genome	2023-08-15		1	Streptococcus pneumoniae
GCF_000210995.1	ASM21099v1	2025-04-09	Streptococcus pneumoniae SPN034156		SNP034156					GCF_000210995.1-RS_2025_04_09	Complete Genome	2010-07-29		1	Streptococcus pneumoniae
GCF_036323375.1	ASM3632337v1	2025-04-08	Streptococcus pneumoniae		21P20					GCF_036323375.1-RS_2025_04_08	Complete Genome	2023-09-08		1	Streptococcus pneumoniae
GCF_022318485.1	ASM2231848v1	2025-04-08	Streptococcus pneumoniae		NP7513					GCF_022318485.1-RS_2025_04_08	Complete Genome	2022-02-17		1	Streptococcus pneumoniae
GCF_022318525.1	ASM2231852v1	2025-04-08	Streptococcus pneumoniae		PT8465					GCF_022318525.1-RS_2025_04_08	Complete Genome	2022-02-17		1	Streptococcus pneumoniae
GCF_036323035.1	ASM3632303v1	2025-04-07	Streptococcus pneumoniae		Sep2					GCF_036323035.1-RS_2025_04_07	Complete Genome	2023-08-15		1	Streptococcus pneumoniae
GCF_017569245.1	ASM1756924v1	2025-04-07	Streptococcus pneumoniae		BVJ1JL					GCF_017569245.1-RS_2025_04_07	Complete Genome	2021-03-23		1	Streptococcus pneumoniae
GCF_022318465.1	ASM2231846v1	2025-04-07	Streptococcus pneumoniae		ND6401					GCF_022318465.1-RS_2025_04_07	Complete Genome	2022-02-17		1	Streptococcus pneumoniae
GCF_019342925.1	ASM1934292v1	2025-08-31	Streptococcus pyogenes		ABC221					GCF_019342925.1-RS_2025_08_31	Complete Genome	2021-07-26		1	Streptococcus pyogenes
GCF_019343065.1	ASM1934306v1	2025-08-31	Streptococcus pyogenes		ABC25					GCF_019343065.1-RS_2025_08_31	Complete Genome	2021-07-26		1	Streptococcus pyogenes
GCF_019342985.1	ASM1934298v1	2025-08-31	Streptococcus pyogenes		ABC157					GCF_019342985.1-RS_2025_08_31	Complete Genome	2021-07-26		1	Streptococcus pyogenes
GCF_019343085.1	ASM1934308v1	2025-08-31	Streptococcus pyogenes		ABC3					GCF_019343085.1-RS_2025_08_31	Complete Genome	2021-07-26		1	Streptococcus pyogenes
GCF_019343005.1	ASM1934300v1	2025-08-31	Streptococcus pyogenes		ABC155					GCF_019343005.1-RS_2025_08_31	Complete Genome	2021-07-26		1	Streptococcus pyogenes
GCF_019343045.1	ASM1934304v1	2025-08-31	Streptococcus pyogenes		ABC76					GCF_019343045.1-RS_2025_08_31	Complete Genome	2021-07-26		1	Streptococcus pyogenes
GCF_019342865.1	ASM1934286v1	2025-08-31	Streptococcus pyogenes		TSPY637					GCF_019342865.1-RS_2025_08_31	Complete Genome	2021-07-26		1	Streptococcus pyogenes
GCF_019342905.1	ASM1934290v1	2025-08-30	Streptococcus pyogenes		ABC245					GCF_019342905.1-RS_2025_08_30	Complete Genome	2021-07-26		1	Streptococcus pyogenes
GCF_019342945.1	ASM1934294v1	2025-08-30	Streptococcus pyogenes		ABC208					GCF_019342945.1-RS_2025_08_30	Complete Genome	2021-07-26		1	Streptococcus pyogenes
GCF_019342885.1	ASM1934288v1	2025-08-30	Streptococcus pyogenes		TSPY515					GCF_019342885.1-RS_2025_08_30	Complete Genome	2021-07-26		1	Streptococcus pyogenes
GCF_019343025.1	ASM1934302v1	2025-08-30	Streptococcus pyogenes		ABC122					GCF_019343025.1-RS_2025_08_30	Complete Genome	2021-07-26		1	Streptococcus pyogenes
GCF_019342845.1	ASM1934284v1	2025-08-30	Streptococcus pyogenes		TSPY806					GCF_019342845.1-RS_2025_08_30	Complete Genome	2021-07-26		1	Streptococcus pyogenes
GCF_019342965.1	ASM1934296v1	2025-08-30	Streptococcus pyogenes		ABC199					GCF_019342965.1-RS_2025_08_30	Complete Genome	2021-07-26		1	Streptococcus pyogenes
GCF_000167435.2	ASM16743v2	2025-08-26	Streptococcus pyogenes		M49 591					GCF_000167435.2-RS_2025_08_26	Complete Genome	2021-07-23		1	Streptococcus pyogenes
GCF_014218015.1	ASM1421801v1	2025-08-18	Streptococcus pyogenes		37-97S					GCF_014218015.1-RS_2025_08_18	Complete Genome	2020-08-17		1	Streptococcus pyogenes
GCF_000230295.1	ASM23029v1	2025-08-18	Streptococcus pyogenes Alab49		Alab49					GCF_000230295.1-RS_2025_08_18	Complete Genome	2011-10-07		1	Streptococcus pyogenes
GCF_051628085.1	ASM5162808v1	2025-07-31	Streptococcus pyogenes		M5					GCF_051628085.1-RS_2025_07_31	Complete Genome	2025-08-01		1	Streptococcus pyogenes
GCF_051530335.1	ASM5153033v1	2025-07-25	Streptococcus pyogenes		MGAS37806					GCF_051530335.1-RS_2025_07_25	Complete Genome	2025-07-29		1	Streptococcus pyogenes
GCF_051530245.1	ASM5153024v1	2025-07-25	Streptococcus pyogenes		MGAS37816					GCF_051530245.1-RS_2025_07_25	Complete Genome	2025-07-29		1	Streptococcus pyogenes
GCF_051530365.1	ASM5153036v1	2025-07-25	Streptococcus pyogenes		MGAS37803					GCF_051530365.1-RS_2025_07_25	Complete Genome	2025-07-29		1	Streptococcus pyogenes
GCF_051530275.1	ASM5153027v1	2025-07-25	Streptococcus pyogenes		MGAS37813					GCF_051530275.1-RS_2025_07_25	Complete Genome	2025-07-29		1	Streptococcus pyogenes
GCF_051530295.1	ASM5153029v1	2025-07-25	Streptococcus pyogenes		MGAS37810					GCF_051530295.1-RS_2025_07_25	Complete Genome	2025-07-29		1	Streptococcus pyogenes
GCF_051530375.1	ASM5153037v1	2025-07-25	Streptococcus pyogenes		MGAS37802					GCF_051530375.1-RS_2025_07_25	Complete Genome	2025-07-29		1	Streptococcus pyogenes
GCF_051530315.1	ASM5153031v1	2025-07-25	Streptococcus pyogenes		MGAS37808					GCF_051530315.1-RS_2025_07_25	Complete Genome	2025-07-29		1	Streptococcus pyogenes
GCF_051530285.1	ASM5153028v1	2025-07-25	Streptococcus pyogenes		MGAS37812					GCF_051530285.1-RS_2025_07_25	Complete Genome	2025-07-29		1	Streptococcus pyogenes
GCF_051530305.1	ASM5153030v1	2025-07-25	Streptococcus pyogenes		MGAS37809					GCF_051530305.1-RS_2025_07_25	Complete Genome	2025-07-29		1	Streptococcus pyogenes
GCF_051530355.1	ASM5153035v1	2025-07-25	Streptococcus pyogenes		MGAS37804					GCF_051530355.1-RS_2025_07_25	Complete Genome	2025-07-29		1	Streptococcus pyogenes
GCF_051530345.1	ASM5153034v1	2025-07-25	Streptococcus pyogenes		MGAS37805					GCF_051530345.1-RS_2025_07_25	Complete Genome	2025-07-29		1	Streptococcus pyogenes
GCF_051530255.1	ASM5153025v1	2025-07-25	Streptococcus pyogenes		MGAS37815					GCF_051530255.1-RS_2025_07_25	Complete Genome	2025-07-29		1	Streptococcus pyogenes
GCF_051530325.1	ASM5153032v1	2025-07-25	Streptococcus pyogenes		MGAS37807					GCF_051530325.1-RS_2025_07_25	Complete Genome	2025-07-29		1	Streptococcus pyogenes
GCF_051530385.1	ASM5153038v1	2025-07-25	Streptococcus pyogenes		MGAS37800					GCF_051530385.1-RS_2025_07_25	Complete Genome	2025-07-29		1	Streptococcus pyogenes
GCF_051530265.1	ASM5153026v1	2025-07-25	Streptococcus pyogenes		MGAS37814					GCF_051530265.1-RS_2025_07_25	Complete Genome	2025-07-29		1	Streptococcus pyogenes
GCF_005161605.1	ASM516160v1	2025-07-24	Streptococcus pyogenes		emm22.8					GCF_005161605.1-RS_2025_07_24	Complete Genome	2019-05-06		1	Streptococcus pyogenes
GCF_005160925.1	ASM516092v1	2025-07-24	Streptococcus pyogenes		emm55					GCF_005160925.1-RS_2025_07_24	Complete Genome	2019-05-06		1	Streptococcus pyogenes
GCF_005161985.1	ASM516198v1	2025-07-24	Streptococcus pyogenes		emm58					GCF_005161985.1-RS_2025_07_24	Complete Genome	2019-05-06		1	Streptococcus pyogenes
GCF_005163865.1	ASM516386v1	2025-07-24	Streptococcus pyogenes		emm75.1					GCF_005163865.1-RS_2025_07_24	Complete Genome	2019-05-06		1	Streptococcus pyogenes
GCF_005164705.1	ASM516470v1	2025-07-24	Streptococcus pyogenes		emm25					GCF_005164705.1-RS_2025_07_24	Complete Genome	2019-05-06		1	Streptococcus pyogenes
GCF_005162245.1	ASM516224v1	2025-07-24	Streptococcus pyogenes		emm97.1					GCF_005162245.1-RS_2025_07_24	Complete Genome	2019-05-06		1	Streptococcus pyogenes
GCF_005163565.1	ASM516356v1	2025-07-24	Streptococcus pyogenes		emm11					GCF_005163565.1-RS_2025_07_24	Complete Genome	2019-05-06		1	Streptococcus pyogenes
GCF_005161465.1	ASM516146v1	2025-07-24	Streptococcus pyogenes		emm78.3					GCF_005161465.1-RS_2025_07_24	Complete Genome	2019-05-06		1	Streptococcus pyogenes
GCF_005164305.1	ASM516430v1	2025-07-24	Streptococcus pyogenes		emm77					GCF_005164305.1-RS_2025_07_24	Complete Genome	2019-05-06		1	Streptococcus pyogenes
GCF_005165385.1	ASM516538v1	2025-07-24	Streptococcus pyogenes		emm197					GCF_005165385.1-RS_2025_07_24	Complete Genome	2019-05-06		1	Streptococcus pyogenes
GCF_005163085.1	ASM516308v1	2025-07-24	Streptococcus pyogenes		emm123					GCF_005163085.1-RS_2025_07_24	Complete Genome	2019-05-06		1	Streptococcus pyogenes
GCF_005164885.1	ASM516488v1	2025-07-24	Streptococcus pyogenes		emm90.5					GCF_005164885.1-RS_2025_07_24	Complete Genome	2019-05-06		1	Streptococcus pyogenes
GCF_004028355.1	ASM402835v1	2025-07-23	Streptococcus pyogenes		CCUG 4207					GCF_004028355.1-RS_2025_07_23	Complete Genome	2019-01-17		1	Streptococcus pyogenes
GCF_013306985.1	ASM1330698v1	2025-07-23	Streptococcus pyogenes		4063-05					GCF_013306985.1-RS_2025_07_23	Complete Genome	2020-06-09		1	Streptococcus pyogenes
GCF_002557755.1	ASM255775v1	2025-07-16	Streptococcus pyogenes		HarveyGAS					GCF_002557755.1-RS_2025_07_16	Complete Genome	2017-10-16		1	Streptococcus pyogenes
GCF_003812645.1	ASM381264v1	2025-07-16	Streptococcus pyogenes		FDAARGOS_534					GCF_003812645.1-RS_2025_07_16	Complete Genome	2018-11-21		1	Streptococcus pyogenes
GCF_000993765.1	ASM99376v1	2025-07-15	Streptococcus pyogenes		AP1					GCF_000993765.1-RS_2025_07_15	Complete Genome	2015-05-07		1	Streptococcus pyogenes
GCF_001021955.1	ASM102195v1	2025-07-15	Streptococcus pyogenes		5448					GCF_001021955.1-RS_2025_07_15	Complete Genome	2015-06-08		1	Streptococcus pyogenes
GCF_019297755.1	ASM1929775v1	2025-08-26	Streptococcus suis		ID41570					GCF_019297755.1-RS_2025_08_26	Complete Genome	2021-07-21		1	Streptococcus suis
GCF_024583035.1	ASM2458303v1	2025-08-22	Streptococcus suis		DNR48					GCF_024583035.1-RS_2025_08_22	Complete Genome	2022-08-07		2	Streptococcus suis
GCF_024582935.1	ASM2458293v1	2025-08-22	Streptococcus suis		M106471_S40					GCF_024582935.1-RS_2025_08_22	Complete Genome	2022-08-07		1	Streptococcus suis
GCF_024583015.1	ASM2458301v1	2025-08-22	Streptococcus suis		DNR43					GCF_024583015.1-RS_2025_08_22	Complete Genome	2022-08-07		2	Streptococcus suis
GCF_024583075.1	ASM2458307v1	2025-08-22	Streptococcus suis		DNC15					GCF_024583075.1-RS_2025_08_22	Complete Genome	2022-08-07		1	Streptococcus suis
GCF_024583115.1	ASM2458311v1	2025-08-22	Streptococcus suis		DNS11					GCF_024583115.1-RS_2025_08_22	Complete Genome	2022-08-07		2	Streptococcus suis
GCF_024582915.1	ASM2458291v1	2025-08-22	Streptococcus suis		DNC49					GCF_024582915.1-RS_2025_08_22	Complete Genome	2022-08-07		1	Streptococcus suis
GCF_024582995.1	ASM2458299v1	2025-08-22	Streptococcus suis		M102942_S11					GCF_024582995.1-RS_2025_08_22	Complete Genome	2022-08-07		2	Streptococcus suis
GCF_024583135.1	ASM2458313v1	2025-08-22	Streptococcus suis		SS15055_N2_C15					GCF_024583135.1-RS_2025_08_22	Complete Genome	2022-08-07		1	Streptococcus suis
GCF_024582955.1	ASM2458295v1	2025-08-18	Streptococcus suis		M104300_S20					GCF_024582955.1-RS_2025_08_18	Complete Genome	2022-08-07		1	Streptococcus suis
GCF_024498155.1	ASM2449815v1	2025-08-14	Streptococcus suis		2018WUSS151					GCF_024498155.1-RS_2025_08_14	Complete Genome	2022-08-01		1	Streptococcus suis
GCF_024220075.1	ASM2422007v1	2025-07-21	Streptococcus suis		1521251					GCF_024220075.1-RS_2025_07_21	Complete Genome	2022-07-12		1	Streptococcus suis
GCF_051425555.1	ASM5142555v1	2025-07-21	Streptococcus suis		SC2022MYS167					GCF_051425555.1-RS_2025_07_21	Complete Genome	2025-07-22		1	Streptococcus suis
GCF_024220115.1	ASM2422011v1	2025-07-21	Streptococcus suis		LSS42					GCF_024220115.1-RS_2025_07_21	Complete Genome	2022-07-12		1	Streptococcus suis
GCF_024220135.1	ASM2422013v1	2025-07-21	Streptococcus suis T15		T15					GCF_024220135.1-RS_2025_07_21	Complete Genome	2022-07-12		3	Streptococcus suis
GCF_900143575.1	LS9N	2025-07-20	Streptococcus suis		LS9N					GCF_900143575.1-RS_2025_07_20	Complete Genome	2016-12-08		1	Streptococcus suis
GCF_024206655.1	ASM2420665v1	2025-07-20	Streptococcus suis		STC83					GCF_024206655.1-RS_2025_07_20	Complete Genome	2022-07-11		2	Streptococcus suis
GCF_024206755.1	ASM2420675v1	2025-07-20	Streptococcus suis		STC104					GCF_024206755.1-RS_2025_07_20	Complete Genome	2022-07-11		2	Streptococcus suis
GCF_024206595.1	ASM2420659v1	2025-07-20	Streptococcus suis		STC78					GCF_024206595.1-RS_2025_07_20	Complete Genome	2022-07-11		2	Streptococcus suis
GCF_024206615.1	ASM2420661v1	2025-07-20	Streptococcus suis		STC80					GCF_024206615.1-RS_2025_07_20	Complete Genome	2022-07-11		2	Streptococcus suis
GCF_024206635.1	ASM2420663v1	2025-07-20	Streptococcus suis		STC84					GCF_024206635.1-RS_2025_07_20	Complete Genome	2022-07-11		2	Streptococcus suis
GCF_024206675.1	ASM2420667v1	2025-07-20	Streptococcus suis		STC81					GCF_024206675.1-RS_2025_07_20	Complete Genome	2022-07-11		2	Streptococcus suis
GCF_024206735.1	ASM2420673v1	2025-07-20	Streptococcus suis		STC85					GCF_024206735.1-RS_2025_07_20	Complete Genome	2022-07-11		2	Streptococcus suis
GCF_024206715.1	ASM2420671v1	2025-07-20	Streptococcus suis		STC86					GCF_024206715.1-RS_2025_07_20	Complete Genome	2022-07-11		2	Streptococcus suis
GCF_002285535.2	ASM228553v2	2025-07-15	Streptococcus suis		SRD478					GCF_002285535.2-RS_2025_07_15	Complete Genome	2025-07-16		5	Streptococcus suis
GCF_018885285.1	ASM1888528v1	2025-07-13	Streptococcus suis		39565					GCF_018885285.1-RS_2025_07_13	Complete Genome	2021-06-15		1	Streptococcus suis
GCF_029203915.2	ASM2920391v2	2025-07-12	Streptococcus suis		3112					GCF_029203915.2-RS_2025_07_12	Complete Genome	2024-02-14		1	Streptococcus suis
GCF_017372155.1	ASM1737215v1	2025-06-05	Streptococcus suis		1112S					GCF_017372155.1-RS_2025_06_05	Complete Genome	2021-03-17		1	Streptococcus suis
GCF_029542385.1	ASM2954238v1	2025-06-02	Streptococcus suis		SS/UPM/MY/F001					GCF_029542385.1-RS_2025_06_02	Complete Genome	2023-04-03		1	Streptococcus suis
GCF_002803825.1	ASM280382v1	2025-06-01	Streptococcus suis		CZ130302					GCF_002803825.1-RS_2025_06_01	Complete Genome	2017-12-04		1	Streptococcus suis
GCF_947096915.1	861160_dxerD_HsdSA	2025-05-16	Streptococcus suis					861160_dxerD_hsdSA		GCF_947096915.1-RS_2025_05_16	Complete Genome	2023-03-30		1	Streptococcus suis
GCF_947097575.1	861160_dxerD_hsdSE	2025-05-16	Streptococcus suis					861160_dxerD_hsdSE		GCF_947097575.1-RS_2025_05_16	Complete Genome	2023-03-30		1	Streptococcus suis
GCF_947098855.1	861160_WT	2025-05-16	Streptococcus suis					861160_WT		GCF_947098855.1-RS_2025_05_16	Complete Genome	2023-03-30		1	Streptococcus suis
GCF_947098765.1	861160_LM_H	2025-05-16	Streptococcus suis					861160_LM_H		GCF_947098765.1-RS_2025_05_16	Complete Genome	2023-03-30		1	Streptococcus suis
GCF_947098835.1	861160_LM_A	2025-05-16	Streptococcus suis					861160_LM_A		GCF_947098835.1-RS_2025_05_16	Complete Genome	2023-03-30		1	Streptococcus suis
GCF_947099305.1	861160_dhsdS	2025-05-16	Streptococcus suis					861160_dhsdS		GCF_947099305.1-RS_2025_05_16	Complete Genome	2023-03-30		1	Streptococcus suis
GCF_004843685.1	ASM484368v1	2025-05-14	Streptococcus suis		WUSS351					GCF_004843685.1-RS_2025_05_14	Complete Genome	2019-04-24		1	Streptococcus suis
GCF_023023005.1	ASM2302300v1	2025-05-08	Streptococcus suis		TJS56					GCF_023023005.1-RS_2025_05_08	Complete Genome	2022-04-18		1	Streptococcus suis
GCF_038650695.1	ASM3865069v1	2025-04-30	Streptococcus suis		Ss2301					GCF_038650695.1-RS_2025_04_30	Complete Genome	2024-05-01		1	Streptococcus suis
GCF_022964955.1	ASM2296495v1	2025-04-28	Streptococcus suis		TJS75					GCF_022964955.1-RS_2025_04_28	Complete Genome	2022-04-13		1	Streptococcus suis
GCF_017309405.1	ASM1730940v1	2025-04-21	Streptococcus suis		SC183					GCF_017309405.1-RS_2025_04_21	Complete Genome	2021-03-09		1	Streptococcus suis
GCF_003352205.1	ASM335220v1	2025-04-21	Streptococcus suis		HA1003					GCF_003352205.1-RS_2025_04_21	Complete Genome	2018-08-01		1	Streptococcus suis
GCF_003285225.1	ASM328522v1	2025-04-21	Streptococcus suis		0061					GCF_003285225.1-RS_2025_04_21	Complete Genome	2018-07-02		1	Streptococcus suis
GCF_003285245.1	ASM328524v1	2025-04-20	Streptococcus suis		1081					GCF_003285245.1-RS_2025_04_20	Complete Genome	2018-07-02		1	Streptococcus suis
GCF_003352225.1	ASM335222v1	2025-04-20	Streptococcus suis		SH1510					GCF_003352225.1-RS_2025_04_20	Complete Genome	2018-08-01		1	Streptococcus suis
GCF_003144175.1	ASM314417v1	2025-04-20	Streptococcus suis		HN105					GCF_003144175.1-RS_2025_04_20	Complete Genome	2018-05-21		2	Streptococcus suis
GCF_000168355.3	ASM16835v3	2025-04-20	Streptococcus suis 05HAS68		05HAS68					GCF_000168355.3-RS_2025_04_20	Complete Genome	2015-05-14		1	Streptococcus suis
GCF_001572685.1	ASM157268v1	2025-04-18	Streptococcus suis		NSUI060					GCF_001572685.1-RS_2025_04_18	Complete Genome	2016-02-25		3	Streptococcus suis
GCF_901543625.1	42685_E01	2025-04-18	Streptococcus suis		NCTC10237					GCF_901543625.1-RS_2025_04_18	Complete Genome	2019-05-17		1	Streptococcus suis
GCF_000091905.1	ASM9190v1	2025-04-18	Streptococcus suis P1/7		P1/7					GCF_000091905.1-RS_2025_04_18	Complete Genome	2009-07-07		1	Streptococcus suis
GCF_024665315.1	ASM2466531v1	2025-08-31	Streptococcus thermophilus		TH-4					GCF_024665315.1-RS_2025_08_31	Complete Genome	2022-08-15		3	Streptococcus thermophilus
GCF_030846755.1	ASM3084675v1	2025-08-20	Streptococcus thermophilus		CICC 20372					GCF_030846755.1-RS_2025_08_20	Complete Genome	2023-08-21		1	Streptococcus thermophilus
GCF_015190465.1	ASM1519046v1	2025-08-18	Streptococcus thermophilus		TK-P3A					GCF_015190465.1-RS_2025_08_18	Complete Genome	2020-11-02		2	Streptococcus thermophilus
GCF_013307285.1	ASM1330728v1	2025-07-23	Streptococcus thermophilus		CS18					GCF_013307285.1-RS_2025_07_23	Complete Genome	2020-06-09		1	Streptococcus thermophilus
GCF_039784265.1	ST1A_assembly	2025-05-24	Streptococcus thermophilus		1A					GCF_039784265.1-RS_2025_05_24	Complete Genome	2024-05-25		2	Streptococcus thermophilus
GCF_039784895.1	ST55_assembly	2025-05-24	Streptococcus thermophilus		ST55					GCF_039784895.1-RS_2025_05_24	Complete Genome	2024-05-25		2	Streptococcus thermophilus
GCF_039784555.1	ST4021_Assembly	2025-05-24	Streptococcus thermophilus		4021					GCF_039784555.1-RS_2025_05_24	Complete Genome	2024-05-25		2	Streptococcus thermophilus
GCF_039784885.1	ST128_assembly	2025-05-24	Streptococcus thermophilus		ST128					GCF_039784885.1-RS_2025_05_24	Complete Genome	2024-05-25		2	Streptococcus thermophilus
GCF_039784985.1	ST4147_assembly	2025-05-24	Streptococcus thermophilus		4147					GCF_039784985.1-RS_2025_05_24	Complete Genome	2024-05-25		2	Streptococcus thermophilus
GCF_039784855.1	STCNRZ1202_assembly	2025-05-24	Streptococcus thermophilus		CNRZ1202					GCF_039784855.1-RS_2025_05_24	Complete Genome	2024-05-25		3	Streptococcus thermophilus
GCF_039784805.1	STAVA116_assembly	2025-05-24	Streptococcus thermophilus		AVA116					GCF_039784805.1-RS_2025_05_24	Complete Genome	2024-05-25		2	Streptococcus thermophilus
GCF_039783285.1	STMM20_assembly	2025-05-23	Streptococcus thermophilus		MM20					GCF_039783285.1-RS_2025_05_23	Complete Genome	2024-05-24		1	Streptococcus thermophilus
GCF_039783105.1	ST90729_Assembly	2025-05-23	Streptococcus thermophilus		90729					GCF_039783105.1-RS_2025_05_23	Complete Genome	2024-05-24		1	Streptococcus thermophilus
GCF_039782795.1	ST90728_Assembly	2025-05-23	Streptococcus thermophilus		90728					GCF_039782795.1-RS_2025_05_23	Complete Genome	2024-05-24		1	Streptococcus thermophilus
GCF_039783225.1	STCNRZ760_assembly	2025-05-23	Streptococcus thermophilus		CNRZ760					GCF_039783225.1-RS_2025_05_23	Complete Genome	2024-05-24		1	Streptococcus thermophilus
GCF_039783405.1	ST19_assembly	2025-05-23	Streptococcus thermophilus		ST19					GCF_039783405.1-RS_2025_05_23	Complete Genome	2024-05-24		1	Streptococcus thermophilus
GCF_039783625.1	STCNRZ302_Assembly	2025-05-23	Streptococcus thermophilus		CNRZ302					GCF_039783625.1-RS_2025_05_23	Complete Genome	2024-05-24		1	Streptococcus thermophilus
GCF_039783295.1	STR1_assembly	2025-05-23	Streptococcus thermophilus		R1					GCF_039783295.1-RS_2025_05_23	Complete Genome	2024-05-24		1	Streptococcus thermophilus
GCF_039783635.1	STCNRZ1575_assembly	2025-05-23	Streptococcus thermophilus		CNRZ1575					GCF_039783635.1-RS_2025_05_23	Complete Genome	2024-05-24		1	Streptococcus thermophilus
GCF_039783255.1	STMM1_assembly	2025-05-23	Streptococcus thermophilus		MM1					GCF_039783255.1-RS_2025_05_23	Complete Genome	2024-05-24		1	Streptococcus thermophilus
GCF_039783955.1	ST4145_Assembly	2025-05-23	Streptococcus thermophilus		4145					GCF_039783955.1-RS_2025_05_23	Complete Genome	2024-05-24		1	Streptococcus thermophilus
GCF_039783475.1	STAVA1121_assembly	2025-05-23	Streptococcus thermophilus		AVA1121					GCF_039783475.1-RS_2025_05_23	Complete Genome	2024-05-24		1	Streptococcus thermophilus
GCF_039783195.1	ST90730_Assembly	2025-05-23	Streptococcus thermophilus		90730					GCF_039783195.1-RS_2025_05_23	Complete Genome	2024-05-24		1	Streptococcus thermophilus
GCF_039781665.1	ST4052_Assembly	2025-05-23	Streptococcus thermophilus		4052					GCF_039781665.1-RS_2025_05_23	Complete Genome	2024-05-24		1	Streptococcus thermophilus
GCF_039783785.1	STCNRZ887_assembly	2025-05-23	Streptococcus thermophilus		CNRZ887					GCF_039783785.1-RS_2025_05_23	Complete Genome	2024-05-24		1	Streptococcus thermophilus
GCF_023207975.1	ASM2320797v1	2025-05-14	Streptococcus thermophilus		CS6					GCF_023207975.1-RS_2025_05_14	Complete Genome	2022-05-02		1	Streptococcus thermophilus
GCF_003443395.1	ASM344339v1	2025-04-28	Streptococcus thermophilus		ST106					GCF_003443395.1-RS_2025_04_28	Complete Genome	2018-09-03		1	Streptococcus thermophilus
GCF_017584245.1	ASM1758424v1	2025-04-19	Streptococcus thermophilus		MAG_rmk202_sterm					GCF_017584245.1-RS_2025_04_19	Complete Genome	2021-03-25		2	Streptococcus thermophilus
GCF_003402855.1	ASM340285v1	2025-04-14	Streptococcus thermophilus		ST109					GCF_003402855.1-RS_2025_04_14	Complete Genome	2018-08-18		1	Streptococcus thermophilus
GCF_010120595.1	ASM1012059v1	2025-04-13	Streptococcus thermophilus		ATCC 19258					GCF_010120595.1-RS_2025_04_13	Complete Genome	2020-01-29		1	Streptococcus thermophilus
GCF_017360005.1	ASM1736000v1	2025-04-13	Streptococcus thermophilus		24739					GCF_017360005.1-RS_2025_04_13	Complete Genome	2021-03-16		1	Streptococcus thermophilus
GCF_017360305.1	ASM1736030v1	2025-04-13	Streptococcus thermophilus		13496					GCF_017360305.1-RS_2025_04_13	Complete Genome	2021-03-16		1	Streptococcus thermophilus
GCF_017360085.1	ASM1736008v1	2025-04-12	Streptococcus thermophilus		24738					GCF_017360085.1-RS_2025_04_12	Complete Genome	2021-03-16		1	Streptococcus thermophilus
GCF_017360165.1	ASM1736016v1	2025-04-12	Streptococcus thermophilus		13499					GCF_017360165.1-RS_2025_04_12	Complete Genome	2021-03-16		1	Streptococcus thermophilus
GCF_017359885.1	ASM1735988v1	2025-04-12	Streptococcus thermophilus		24740					GCF_017359885.1-RS_2025_04_12	Complete Genome	2021-03-16		1	Streptococcus thermophilus
GCF_017360245.1	ASM1736024v1	2025-04-11	Streptococcus thermophilus		13498					GCF_017360245.1-RS_2025_04_11	Complete Genome	2021-03-16		1	Streptococcus thermophilus
GCF_017359825.1	ASM1735982v1	2025-04-11	Streptococcus thermophilus		24853					GCF_017359825.1-RS_2025_04_11	Complete Genome	2021-03-16		1	Streptococcus thermophilus
GCF_038049945.1	ASM3804994v1	2025-04-10	Streptococcus thermophilus		TCI125					GCF_038049945.1-RS_2025_04_10	Complete Genome	2024-04-11		1	Streptococcus thermophilus
GCF_013307185.1	ASM1330718v1	2025-04-08	Streptococcus thermophilus		CS5					GCF_013307185.1-RS_2025_04_08	Complete Genome	2020-06-09		1	Streptococcus thermophilus
GCF_000698885.1	ASM69888v1	2025-04-08	Streptococcus thermophilus ASCC 1275		ASCC 1275					GCF_000698885.1-RS_2025_04_08	Complete Genome	2014-06-06		1	Streptococcus thermophilus
GCF_013307265.1	ASM1330726v1	2025-04-07	Streptococcus thermophilus		CS9					GCF_013307265.1-RS_2025_04_07	Complete Genome	2020-06-09		1	Streptococcus thermophilus
GCF_002843115.1	ASM284311v1	2025-04-07	Streptococcus thermophilus		DGCC 7710					GCF_002843115.1-RS_2025_04_07	Complete Genome	2017-12-14		1	Streptococcus thermophilus
GCF_023278025.1	ASM2327802v1	2025-04-07	Streptococcus thermophilus		VHProbi R08					GCF_023278025.1-RS_2025_04_07	Complete Genome	2022-05-09		1	Streptococcus thermophilus
GCF_036923315.1	ASM3692331v1	2025-04-05	Streptococcus thermophilus		TCI633					GCF_036923315.1-RS_2025_04_05	Complete Genome	2024-04-05		1	Streptococcus thermophilus
GCF_018219175.1	ASM1821917v1	2025-04-04	Streptococcus thermophilus		DMST-H2					GCF_018219175.1-RS_2025_04_04	Complete Genome	2021-04-30		1	Streptococcus thermophilus
GCF_009856565.1	ASM985656v1	2025-04-03	Streptococcus thermophilus		EU01					GCF_009856565.1-RS_2025_04_03	Complete Genome	2020-01-11		1	Streptococcus thermophilus
GCF_024334065.1	ASM2433406v1	2025-04-01	Streptococcus thermophilus		CH8					GCF_024334065.1-RS_2025_04_01	Complete Genome	2022-07-20		1	Streptococcus thermophilus
GCF_020844005.1	ASM2084400v1	2025-03-30	Streptococcus thermophilus		4078					GCF_020844005.1-RS_2025_03_30	Complete Genome	2021-11-12		1	Streptococcus thermophilus
GCF_000182875.1	ASM18287v1	2025-03-30	Streptococcus thermophilus ND03		ND03					GCF_000182875.1-RS_2025_03_30	Complete Genome	2010-11-19		1	Streptococcus thermophilus
GCF_025739165.1	ASM2573916v1	2025-03-29	Streptococcus thermophilus		UCCSt95					GCF_025739165.1-RS_2025_03_29	Complete Genome	2022-10-18		1	Streptococcus thermophilus
GCF_039880305.1	ASM3988030v1	2025-05-29	Taylorella equigenitalis		CAPM 6629					GCF_039880305.1-RS_2025_05_29	Complete Genome	2024-05-30		1	Taylorella equigenitalis
GCF_029948185.1	ASM2994818v1	2025-05-03	Taylorella equigenitalis		BA-3917-2017					GCF_029948185.1-RS_2025_05_03	Complete Genome	2023-05-04		1	Taylorella equigenitalis
GCF_029909555.1	ASM2990955v1	2025-04-30	Taylorella equigenitalis		BA-4062-1-2022					GCF_029909555.1-RS_2025_04_30	Complete Genome	2023-05-01		1	Taylorella equigenitalis
GCF_029909535.1	ASM2990953v1	2025-04-30	Taylorella equigenitalis		PA-1519-2022					GCF_029909535.1-RS_2025_04_30	Complete Genome	2023-05-01		1	Taylorella equigenitalis
GCF_029909695.1	ASM2990969v1	2025-04-30	Taylorella equigenitalis		BA-1634-2018					GCF_029909695.1-RS_2025_04_30	Complete Genome	2023-05-01		1	Taylorella equigenitalis
GCF_029909635.1	ASM2990963v1	2025-04-30	Taylorella equigenitalis		BA-4210-1A-2017					GCF_029909635.1-RS_2025_04_30	Complete Genome	2023-05-01		1	Taylorella equigenitalis
GCF_029909615.1	ASM2990961v1	2025-04-30	Taylorella equigenitalis		BA-6230-2017					GCF_029909615.1-RS_2025_04_30	Complete Genome	2023-05-01		1	Taylorella equigenitalis
GCF_029909675.1	ASM2990967v1	2025-04-30	Taylorella equigenitalis		BA-3139-11A-2017					GCF_029909675.1-RS_2025_04_30	Complete Genome	2023-05-01		1	Taylorella equigenitalis
GCF_029909655.1	ASM2990965v1	2025-04-30	Taylorella equigenitalis		BA-6374-2019					GCF_029909655.1-RS_2025_04_30	Complete Genome	2023-05-01		1	Taylorella equigenitalis
GCF_029909595.1	ASM2990959v1	2025-04-30	Taylorella equigenitalis		BA-2585-3-2018					GCF_029909595.1-RS_2025_04_30	Complete Genome	2023-05-01		1	Taylorella equigenitalis
GCF_029909575.1	ASM2990957v1	2025-04-30	Taylorella equigenitalis		BA-4062-2-2022					GCF_029909575.1-RS_2025_04_30	Complete Genome	2023-05-01		1	Taylorella equigenitalis
GCF_028868745.1	ASM2886874v1	2025-04-03	Taylorella equigenitalis		KJTE					GCF_028868745.1-RS_2025_04_03	Complete Genome	2023-02-27		1	Taylorella equigenitalis
GCF_029580915.1	ASM2958091v1	2025-04-03	Taylorella equigenitalis		BA-1150-3A-2018					GCF_029580915.1-RS_2025_04_03	Complete Genome	2023-04-04		1	Taylorella equigenitalis
GCF_029580935.1	ASM2958093v1	2025-04-03	Taylorella equigenitalis		BA-1150-4A-2018					GCF_029580935.1-RS_2025_04_03	Complete Genome	2023-04-04		1	Taylorella equigenitalis
GCF_029580735.1	ASM2958073v1	2025-04-03	Taylorella equigenitalis		CAPM-6344					GCF_029580735.1-RS_2025_04_03	Complete Genome	2023-04-04		1	Taylorella equigenitalis
GCF_029580955.1	ASM2958095v1	2025-04-03	Taylorella equigenitalis		BA-219-8A-2018					GCF_029580955.1-RS_2025_04_03	Complete Genome	2023-04-04		1	Taylorella equigenitalis
GCF_029581015.1	ASM2958101v1	2025-04-03	Taylorella equigenitalis		BA-146-6-2018					GCF_029581015.1-RS_2025_04_03	Complete Genome	2023-04-04		1	Taylorella equigenitalis
GCF_029581035.1	ASM2958103v1	2025-04-03	Taylorella equigenitalis		BA-3123-2019					GCF_029581035.1-RS_2025_04_03	Complete Genome	2023-04-04		1	Taylorella equigenitalis
GCF_029580995.1	ASM2958099v1	2025-04-03	Taylorella equigenitalis		BA-4714-2019					GCF_029580995.1-RS_2025_04_03	Complete Genome	2023-04-04		1	Taylorella equigenitalis
GCF_029580755.1	ASM2958075v1	2025-04-03	Taylorella equigenitalis		CAPM-6345					GCF_029580755.1-RS_2025_04_03	Complete Genome	2023-04-04		1	Taylorella equigenitalis
GCF_029580715.1	ASM2958071v1	2025-04-03	Taylorella equigenitalis		BA-2524-2022					GCF_029580715.1-RS_2025_04_03	Complete Genome	2023-04-04		1	Taylorella equigenitalis
GCF_029581075.1	ASM2958107v1	2025-04-03	Taylorella equigenitalis		BA-2585-2-2018					GCF_029581075.1-RS_2025_04_03	Complete Genome	2023-04-04		1	Taylorella equigenitalis
GCF_029581055.1	ASM2958105v1	2025-04-03	Taylorella equigenitalis		BA-1688-2018					GCF_029581055.1-RS_2025_04_03	Complete Genome	2023-04-04		1	Taylorella equigenitalis
GCF_029580975.1	ASM2958097v1	2025-04-03	Taylorella equigenitalis		BA-2836-2-2019					GCF_029580975.1-RS_2025_04_03	Complete Genome	2023-04-04		1	Taylorella equigenitalis
GCF_002288025.1	ASM228802v1	2025-04-03	Taylorella equigenitalis		92-0972					GCF_002288025.1-RS_2025_04_03	Complete Genome	2017-09-08		1	Taylorella equigenitalis
GCF_028868155.1	ASM2886815v1	2025-04-03	Taylorella equigenitalis		81-1173B					GCF_028868155.1-RS_2025_04_03	Complete Genome	2023-02-27		1	Taylorella equigenitalis
GCF_002288205.1	ASM228820v1	2025-04-03	Taylorella equigenitalis		09-0932					GCF_002288205.1-RS_2025_04_03	Complete Genome	2017-09-08		1	Taylorella equigenitalis
GCF_029025605.1	ASM2902560v1	2025-04-02	Taylorella equigenitalis		BA-4210-1A-2017					GCF_029025605.1-RS_2025_04_02	Complete Genome	2023-03-08		1	Taylorella equigenitalis
GCF_028868465.1	ASM2886846v1	2025-04-01	Taylorella equigenitalis		10-281					GCF_028868465.1-RS_2025_04_01	Complete Genome	2023-02-27		1	Taylorella equigenitalis
GCF_002288245.1	ASM228824v1	2025-04-01	Taylorella equigenitalis		98-0554					GCF_002288245.1-RS_2025_04_01	Complete Genome	2017-09-08		1	Taylorella equigenitalis
GCF_029025425.1	ASM2902542v1	2025-04-01	Taylorella equigenitalis		BA-6153-5-2018					GCF_029025425.1-RS_2025_04_01	Complete Genome	2023-03-08		1	Taylorella equigenitalis
GCF_002288125.1	ASM228812v1	2025-04-01	Taylorella equigenitalis		89-0490					GCF_002288125.1-RS_2025_04_01	Complete Genome	2017-09-08		1	Taylorella equigenitalis
GCF_002288155.1	ASM228815v1	2025-03-31	Taylorella equigenitalis		79-1587					GCF_002288155.1-RS_2025_03_31	Complete Genome	2017-09-08		1	Taylorella equigenitalis
GCF_028868015.1	ASM2886801v1	2025-03-31	Taylorella equigenitalis		85-30279					GCF_028868015.1-RS_2025_03_31	Complete Genome	2023-02-27		1	Taylorella equigenitalis
GCF_028868595.1	ASM2886859v1	2025-03-31	Taylorella equigenitalis		07-224					GCF_028868595.1-RS_2025_03_31	Complete Genome	2023-02-27		1	Taylorella equigenitalis
GCF_028868275.1	ASM2886827v1	2025-03-30	Taylorella equigenitalis		14-137					GCF_028868275.1-RS_2025_03_30	Complete Genome	2023-02-27		1	Taylorella equigenitalis
GCF_028868935.1	ASM2886893v1	2025-03-28	Taylorella equigenitalis		MCE9					GCF_028868935.1-RS_2025_03_28	Complete Genome	2023-02-27		1	Taylorella equigenitalis
GCF_029580695.2	ASM2958069v2	2025-01-08	Taylorella equigenitalis		BA-1856-2-2017					GCF_029580695.2-RS_2025_01_08	Complete Genome	2023-10-03		1	Taylorella equigenitalis
GCF_900637125.1	48853_G02	2024-12-23	Taylorella equigenitalis ATCC 35865		NCTC 11184					GCF_900637125.1-RS_2024_12_23	Complete Genome	2018-12-20		1	Taylorella equigenitalis
GCF_000276685.1	ASM27668v1	2024-12-23	Taylorella equigenitalis ATCC 35865		ATCC 35865					GCF_000276685.1-RS_2024_12_23	Complete Genome	2012-07-09		1	Taylorella equigenitalis
GCF_045348535.1	ASM4534853v1	2024-11-27	Taylorella equigenitalis		CCM 6190T					GCF_045348535.1-RS_2024_11_27	Complete Genome	2024-11-27		1	Taylorella equigenitalis
GCF_045348475.1	ASM4534847v1	2024-11-27	Taylorella equigenitalis		CAPM 6345					GCF_045348475.1-RS_2024_11_27	Complete Genome	2024-11-27		1	Taylorella equigenitalis
GCF_045348455.1	ASM4534845v1	2024-11-27	Taylorella equigenitalis		CAPM 6344					GCF_045348455.1-RS_2024_11_27	Complete Genome	2024-11-27		1	Taylorella equigenitalis
GCF_045348525.1	ASM4534852v1	2024-11-27	Taylorella equigenitalis		CAPM 6606					GCF_045348525.1-RS_2024_11_27	Complete Genome	2024-11-27		1	Taylorella equigenitalis
GCF_045348485.1	ASM4534848v1	2024-11-27	Taylorella equigenitalis		KLA3					GCF_045348485.1-RS_2024_11_27	Complete Genome	2024-11-27		1	Taylorella equigenitalis
GCF_045348495.1	ASM4534849v1	2024-11-27	Taylorella equigenitalis		KLA5					GCF_045348495.1-RS_2024_11_27	Complete Genome	2024-11-27		1	Taylorella equigenitalis
GCF_045348505.1	ASM4534850v1	2024-11-27	Taylorella equigenitalis		KLA6					GCF_045348505.1-RS_2024_11_27	Complete Genome	2024-11-27		1	Taylorella equigenitalis
GCF_045348515.1	ASM4534851v1	2024-11-27	Taylorella equigenitalis		KLA7					GCF_045348515.1-RS_2024_11_27	Complete Genome	2024-11-27		1	Taylorella equigenitalis
GCF_032463665.1	ASM3246366v1	2024-10-12	Taylorella equigenitalis		BA-750-2017					GCF_032463665.1-RS_2024_10_12	Complete Genome	2023-10-08		1	Taylorella equigenitalis
GCF_039780895.1	ASM3978089v1	2024-05-23	Taylorella equigenitalis		KLA4					GCF_039780895.1-RS_2024_05_23	Complete Genome	2024-05-24		1	Taylorella equigenitalis
GCF_051126205.1	ASM5112620v1	2025-06-28	Trueperella pyogenes		PDS2335050_s2_lung_calf					GCF_051126205.1-RS_2025_06_28	Complete Genome	2025-06-29		1	Trueperella pyogenes
GCF_051131225.1	ASM5113122v1	2025-06-28	Trueperella pyogenes		33/B					GCF_051131225.1-RS_2025_06_28	Complete Genome	2025-06-29		1	Trueperella pyogenes
GCF_030078095.1	ASM3007809v1	2025-05-25	Trueperella pyogenes		09KM1269					GCF_030078095.1-RS_2025_05_25	Complete Genome	2023-05-25		1	Trueperella pyogenes
GCF_030078145.1	ASM3007814v1	2025-05-25	Trueperella pyogenes		13OD0707					GCF_030078145.1-RS_2025_05_25	Complete Genome	2023-05-25		1	Trueperella pyogenes
GCF_030078115.1	ASM3007811v1	2025-05-25	Trueperella pyogenes		13KM1326					GCF_030078115.1-RS_2025_05_25	Complete Genome	2023-05-25		1	Trueperella pyogenes
GCF_038368375.1	ASM3836837v1	2025-04-18	Trueperella pyogenes		13OD0568					GCF_038368375.1-RS_2025_04_18	Complete Genome	2024-04-20		1	Trueperella pyogenes
GCF_038368335.1	ASM3836833v1	2025-04-18	Trueperella pyogenes		12OD1040					GCF_038368335.1-RS_2025_04_18	Complete Genome	2024-04-20		1	Trueperella pyogenes
GCF_038368325.1	ASM3836832v1	2025-04-18	Trueperella pyogenes		12KM1302					GCF_038368325.1-RS_2025_04_18	Complete Genome	2024-04-20		1	Trueperella pyogenes
GCF_038368265.1	ASM3836826v1	2025-04-18	Trueperella pyogenes		06KM1385					GCF_038368265.1-RS_2025_04_18	Complete Genome	2024-04-20		1	Trueperella pyogenes
GCF_038368345.1	ASM3836834v1	2025-04-18	Trueperella pyogenes		13KM0798					GCF_038368345.1-RS_2025_04_18	Complete Genome	2024-04-20		1	Trueperella pyogenes
GCF_038368285.1	ASM3836828v1	2025-04-17	Trueperella pyogenes		12KM0873					GCF_038368285.1-RS_2025_04_17	Complete Genome	2024-04-18		1	Trueperella pyogenes
GCF_038368275.1	ASM3836827v1	2025-04-17	Trueperella pyogenes		12KM0374					GCF_038368275.1-RS_2025_04_17	Complete Genome	2024-04-18		1	Trueperella pyogenes
GCF_038368305.1	ASM3836830v1	2025-04-17	Trueperella pyogenes		12KM1080					GCF_038368305.1-RS_2025_04_17	Complete Genome	2024-04-18		1	Trueperella pyogenes
GCF_003971545.1	ASM397154v1	2025-04-08	Trueperella pyogenes		TP4					GCF_003971545.1-RS_2025_04_08	Complete Genome	2018-12-27		1	Trueperella pyogenes
GCF_003971445.1	ASM397144v1	2025-04-08	Trueperella pyogenes		TP1					GCF_003971445.1-RS_2025_04_08	Complete Genome	2018-12-27		1	Trueperella pyogenes
GCF_003971485.1	ASM397148v1	2025-04-03	Trueperella pyogenes		TP3					GCF_003971485.1-RS_2025_04_03	Complete Genome	2018-12-27		1	Trueperella pyogenes
GCF_003971465.1	ASM397146v1	2025-04-01	Trueperella pyogenes		TP2					GCF_003971465.1-RS_2025_04_01	Complete Genome	2018-12-27		1	Trueperella pyogenes
GCF_000816065.1	ASM81606v1	2025-01-31	Trueperella pyogenes TP8		TP8					GCF_000816065.1-RS_2025_01_31	Complete Genome	2015-01-07		1	Trueperella pyogenes
GCF_003076315.1	ASM307631v1	2025-01-16	Trueperella pyogenes		TP-2849					GCF_003076315.1-RS_2025_01_16	Complete Genome	2018-05-01		1	Trueperella pyogenes
GCF_003076295.1	ASM307629v1	2025-01-16	Trueperella pyogenes		TP4479					GCF_003076295.1-RS_2025_01_16	Complete Genome	2018-05-01		1	Trueperella pyogenes
GCF_003055835.1	ASM305583v1	2025-01-16	Trueperella pyogenes		Arash114					GCF_003055835.1-RS_2025_01_16	Complete Genome	2018-04-18		1	Trueperella pyogenes
GCF_001281085.1	ASM128108v1	2024-12-22	Trueperella pyogenes		2012CQ-ZSH					GCF_001281085.1-RS_2024_12_22	Complete Genome	2015-09-11		1	Trueperella pyogenes
GCF_000612055.1	ASM61205v1	2024-12-09	Trueperella pyogenes		TP6375					GCF_000612055.1-RS_2024_12_09	Complete Genome	2014-04-02		1	Trueperella pyogenes
GCF_045277295.1	ASM4527729v1	2024-11-26	Trueperella pyogenes		13OD0877					GCF_045277295.1-RS_2024_11_26	Complete Genome	2024-11-26		1	Trueperella pyogenes
GCF_045277305.1	ASM4527730v1	2024-11-26	Trueperella pyogenes		14A0017					GCF_045277305.1-RS_2024_11_26	Complete Genome	2024-11-26		1	Trueperella pyogenes
GCF_045277365.1	ASM4527736v1	2024-11-26	Trueperella pyogenes		15KM1340					GCF_045277365.1-RS_2024_11_26	Complete Genome	2024-11-26		1	Trueperella pyogenes
GCF_045277315.1	ASM4527731v1	2024-11-26	Trueperella pyogenes		14OD0016					GCF_045277315.1-RS_2024_11_26	Complete Genome	2024-11-26		1	Trueperella pyogenes
GCF_045277485.1	ASM4527748v1	2024-11-26	Trueperella pyogenes		350455					GCF_045277485.1-RS_2024_11_26	Complete Genome	2024-11-26		1	Trueperella pyogenes
GCF_045277475.1	ASM4527747v1	2024-11-26	Trueperella pyogenes		180663					GCF_045277475.1-RS_2024_11_26	Complete Genome	2024-11-26		1	Trueperella pyogenes
GCF_045277525.1	ASM4527752v1	2024-11-26	Trueperella pyogenes		550268					GCF_045277525.1-RS_2024_11_26	Complete Genome	2024-11-26		1	Trueperella pyogenes
GCF_045277515.1	ASM4527751v1	2024-11-26	Trueperella pyogenes		550267					GCF_045277515.1-RS_2024_11_26	Complete Genome	2024-11-26		1	Trueperella pyogenes
GCF_045277395.1	ASM4527739v1	2024-11-26	Trueperella pyogenes		17M2811					GCF_045277395.1-RS_2024_11_26	Complete Genome	2024-11-26		1	Trueperella pyogenes
GCF_045277385.1	ASM4527738v1	2024-11-26	Trueperella pyogenes		17M0650					GCF_045277385.1-RS_2024_11_26	Complete Genome	2024-11-26		1	Trueperella pyogenes
GCF_045277505.1	ASM4527750v1	2024-11-26	Trueperella pyogenes		540325					GCF_045277505.1-RS_2024_11_26	Complete Genome	2024-11-26		1	Trueperella pyogenes
GCF_045277405.1	ASM4527740v1	2024-11-26	Trueperella pyogenes		18KM0134					GCF_045277405.1-RS_2024_11_26	Complete Genome	2024-11-26		1	Trueperella pyogenes
GCF_045277465.1	ASM4527746v1	2024-11-26	Trueperella pyogenes		22OD0540					GCF_045277465.1-RS_2024_11_26	Complete Genome	2024-11-26		1	Trueperella pyogenes
GCF_045277535.1	ASM4527753v1	2024-11-26	Trueperella pyogenes		620740					GCF_045277535.1-RS_2024_11_26	Complete Genome	2024-11-26		1	Trueperella pyogenes
GCF_045277495.1	ASM4527749v1	2024-11-26	Trueperella pyogenes		490179					GCF_045277495.1-RS_2024_11_26	Complete Genome	2024-11-26		1	Trueperella pyogenes
GCF_045277335.1	ASM4527733v1	2024-11-26	Trueperella pyogenes		14Ue0077					GCF_045277335.1-RS_2024_11_26	Complete Genome	2024-11-26		1	Trueperella pyogenes
GCF_045277285.1	ASM4527728v1	2024-11-26	Trueperella pyogenes		13OD0592					GCF_045277285.1-RS_2024_11_26	Complete Genome	2024-11-26		1	Trueperella pyogenes
GCF_045277445.1	ASM4527744v1	2024-11-26	Trueperella pyogenes		19KM2440					GCF_045277445.1-RS_2024_11_26	Complete Genome	2024-11-26		1	Trueperella pyogenes
GCF_045277545.1	ASM4527754v1	2024-11-26	Trueperella pyogenes		761205					GCF_045277545.1-RS_2024_11_26	Complete Genome	2024-11-26		1	Trueperella pyogenes
GCF_045277415.1	ASM4527741v1	2024-11-26	Trueperella pyogenes		19KM1238					GCF_045277415.1-RS_2024_11_26	Complete Genome	2024-11-26		1	Trueperella pyogenes
GCF_045277455.1	ASM4527745v1	2024-11-26	Trueperella pyogenes		20M0030					GCF_045277455.1-RS_2024_11_26	Complete Genome	2024-11-26		1	Trueperella pyogenes
GCF_045277375.1	ASM4527737v1	2024-11-26	Trueperella pyogenes		15KM1369					GCF_045277375.1-RS_2024_11_26	Complete Genome	2024-11-26		1	Trueperella pyogenes
GCF_045277325.1	ASM4527732v1	2024-11-26	Trueperella pyogenes		14OD0570					GCF_045277325.1-RS_2024_11_26	Complete Genome	2024-11-26		1	Trueperella pyogenes
GCF_045277345.1	ASM4527734v1	2024-11-26	Trueperella pyogenes		14Ue0107					GCF_045277345.1-RS_2024_11_26	Complete Genome	2024-11-26		1	Trueperella pyogenes
GCF_045277435.1	ASM4527743v1	2024-11-26	Trueperella pyogenes		19KM1528					GCF_045277435.1-RS_2024_11_26	Complete Genome	2024-11-26		1	Trueperella pyogenes
GCF_045277425.1	ASM4527742v1	2024-11-26	Trueperella pyogenes		19KM1416					GCF_045277425.1-RS_2024_11_26	Complete Genome	2024-11-26		1	Trueperella pyogenes
GCF_045277355.1	ASM4527735v1	2024-11-26	Trueperella pyogenes		14Ue0173					GCF_045277355.1-RS_2024_11_26	Complete Genome	2024-11-26		1	Trueperella pyogenes
GCF_030995125.1	ASM3099512v1	2025-08-30	Vibrio alginolyticus		Isc15A					GCF_030995125.1-RS_2025_08_30	Complete Genome	2023-08-30		3	Vibrio alginolyticus
GCF_002119565.1	ASM211956v1	2025-08-25	Vibrio alginolyticus		K06K5					GCF_002119565.1-RS_2025_08_25	Complete Genome	2017-05-09		4	Vibrio alginolyticus
GCF_051859665.1	ASM5185966v1	2025-08-07	Vibrio alginolyticus		ND-01					GCF_051859665.1-RS_2025_08_07	Complete Genome	2025-08-08		2	Vibrio alginolyticus
GCF_013368735.1	ASM1336873v1	2025-07-30	Vibrio alginolyticus		GS_MYPK1					GCF_013368735.1-RS_2025_07_30	Complete Genome	2020-06-23		5	Vibrio alginolyticus
GCF_050507685.1	ASM5050768v1	2025-05-22	Vibrio alginolyticus		CG-1					GCF_050507685.1-RS_2025_05_22	Complete Genome	2025-05-22		2	Vibrio alginolyticus
GCF_023169625.1	ASM2316962v1	2025-05-14	Vibrio alginolyticus		HLBS-07					GCF_023169625.1-RS_2025_05_14	Complete Genome	2022-03-18		2	Vibrio alginolyticus
GCF_023206775.1	ASM2320677v1	2025-05-14	Vibrio alginolyticus		HY9901					GCF_023206775.1-RS_2025_05_14	Complete Genome	2022-05-02		2	Vibrio alginolyticus
GCF_023169605.1	ASM2316960v1	2025-05-14	Vibrio alginolyticus		YZOS-03					GCF_023169605.1-RS_2025_05_14	Complete Genome	2022-03-18		2	Vibrio alginolyticus
GCF_038297345.1	ASM3829734v1	2025-04-17	Vibrio alginolyticus		I1B					GCF_038297345.1-RS_2025_04_17	Complete Genome	2024-04-17		2	Vibrio alginolyticus
GCF_009763085.1	ASM976308v1	2025-04-07	Vibrio alginolyticus		2014V-1011					GCF_009763085.1-RS_2025_04_07	Complete Genome	2019-12-18		4	Vibrio alginolyticus
GCF_029023705.1	ASM2902370v1	2025-04-06	Vibrio alginolyticus		V208					GCF_029023705.1-RS_2025_04_06	Complete Genome	2023-03-08		2	Vibrio alginolyticus
GCF_009763845.1	ASM976384v1	2025-04-05	Vibrio alginolyticus		2010V-1102					GCF_009763845.1-RS_2025_04_05	Complete Genome	2019-12-18		3	Vibrio alginolyticus
GCF_022343205.1	ASM2234320v1	2025-04-04	Vibrio alginolyticus		XWV9					GCF_022343205.1-RS_2025_04_04	Complete Genome	2022-02-18		3	Vibrio alginolyticus
GCF_022343125.1	ASM2234312v1	2025-04-04	Vibrio alginolyticus		HYV1					GCF_022343125.1-RS_2025_04_04	Complete Genome	2022-02-18		3	Vibrio alginolyticus
GCF_022343145.1	ASM2234314v1	2025-04-04	Vibrio alginolyticus		ZZV2					GCF_022343145.1-RS_2025_04_04	Complete Genome	2022-02-18		2	Vibrio alginolyticus
GCF_009665435.1	ASM966543v1	2025-04-04	Vibrio alginolyticus		2013V-1302					GCF_009665435.1-RS_2025_04_04	Complete Genome	2019-11-18		2	Vibrio alginolyticus
GCF_022343105.1	ASM2234310v1	2025-04-04	Vibrio alginolyticus		HNV2					GCF_022343105.1-RS_2025_04_04	Complete Genome	2022-02-18		3	Vibrio alginolyticus
GCF_022343085.1	ASM2234308v1	2025-04-02	Vibrio alginolyticus		FJV2					GCF_022343085.1-RS_2025_04_02	Complete Genome	2022-02-18		4	Vibrio alginolyticus
GCF_029203225.1	ASM2920322v1	2025-04-02	Vibrio alginolyticus		2-1					GCF_029203225.1-RS_2025_04_02	Complete Genome	2023-03-14		4	Vibrio alginolyticus
GCF_022343185.1	ASM2234318v1	2025-03-31	Vibrio alginolyticus		SXV3					GCF_022343185.1-RS_2025_03_31	Complete Genome	2022-02-18		2	Vibrio alginolyticus
GCF_022343165.1	ASM2234316v1	2025-03-31	Vibrio alginolyticus		ZLV3					GCF_022343165.1-RS_2025_03_31	Complete Genome	2022-02-18		2	Vibrio alginolyticus
GCF_023650915.1	ASM2365091v1	2025-03-29	Vibrio alginolyticus		E110					GCF_023650915.1-RS_2025_03_29	Complete Genome	2022-06-06		3	Vibrio alginolyticus
GCF_028743695.1	ASM2874369v1	2025-03-26	Vibrio alginolyticus		20220413_2					GCF_028743695.1-RS_2025_03_26	Complete Genome	2023-02-20		2	Vibrio alginolyticus
GCF_048844225.1	V2025	2025-03-25	Vibrio alginolyticus		HoVa25					GCF_048844225.1-RS_2025_03_25	Complete Genome	2025-03-26		3	Vibrio alginolyticus
GCF_003613065.1	ASM361306v1	2025-03-07	Vibrio alginolyticus		K05K4					GCF_003613065.1-RS_2025_03_07	Complete Genome	2017-05-09		3	Vibrio alginolyticus
GCF_003613035.1	ASM361303v1	2025-03-07	Vibrio alginolyticus		K04M1					GCF_003613035.1-RS_2025_03_07	Complete Genome	2017-05-09		4	Vibrio alginolyticus
GCF_001679745.1	ASM167974v1	2025-03-05	Vibrio alginolyticus		ZJ-T					GCF_001679745.1-RS_2025_03_05	Complete Genome	2016-07-05		2	Vibrio alginolyticus
GCF_002119585.1	ASM211958v1	2025-03-05	Vibrio alginolyticus		K10K4					GCF_002119585.1-RS_2025_03_05	Complete Genome	2017-05-09		2	Vibrio alginolyticus
GCF_002149105.1	ASM214910v1	2025-03-05	Vibrio alginolyticus					K04M3		GCF_002149105.1-RS_2025_03_05	Complete Genome	2017-05-09		3	Vibrio alginolyticus
GCF_002119545.1	ASM211954v1	2025-03-05	Vibrio alginolyticus		K04M5					GCF_002119545.1-RS_2025_03_05	Complete Genome	2017-05-09		3	Vibrio alginolyticus
GCF_002119505.2	ASM211950v2	2025-03-05	Vibrio alginolyticus		K01M1					GCF_002119505.2-RS_2025_03_05	Complete Genome	2018-04-02		3	Vibrio alginolyticus
GCF_002149085.1	ASM214908v1	2025-03-05	Vibrio alginolyticus		K08M3					GCF_002149085.1-RS_2025_03_05	Complete Genome	2017-05-09		3	Vibrio alginolyticus
GCF_002149065.1	ASM214906v1	2025-03-05	Vibrio alginolyticus		K09K1					GCF_002149065.1-RS_2025_03_05	Complete Genome	2017-05-09		2	Vibrio alginolyticus
GCF_001469735.1	ASM146973v1	2025-03-03	Vibrio alginolyticus		ATCC 33787					GCF_001469735.1-RS_2025_03_03	Complete Genome	2015-12-09		5	Vibrio alginolyticus
GCF_011801435.1	ASM1180143v1	2025-02-18	Vibrio alginolyticus		FA2					GCF_011801435.1-RS_2025_02_18	Complete Genome	2020-03-31		2	Vibrio alginolyticus
GCF_047497145.1	ASM4749714v1	2025-02-07	Vibrio alginolyticus		ZJ-0					GCF_047497145.1-RS_2025_02_07	Complete Genome	2025-02-07		2	Vibrio alginolyticus
GCF_026639315.1	ASM2663931v1	2025-01-19	Vibrio alginolyticus		AUSMDU00064140					GCF_026639315.1-RS_2025_01_19	Complete Genome	2022-12-05		3	Vibrio alginolyticus
GCF_026651645.1	ASM2665164v1	2025-01-19	Vibrio alginolyticus		SNU_SP1					GCF_026651645.1-RS_2025_01_19	Complete Genome	2022-12-05		2	Vibrio alginolyticus
GCF_046532695.1	ASM4653269v1	2025-01-09	Vibrio alginolyticus		TBV025					GCF_046532695.1-RS_2025_01_09	Complete Genome	2025-01-10		2	Vibrio alginolyticus
GCF_034480175.1	ASM3448017v1	2024-12-20	Vibrio alginolyticus		I25B					GCF_034480175.1-RS_2024_12_20	Complete Genome	2023-12-19		2	Vibrio alginolyticus
GCF_000354175.2	ASM35417v2	2024-12-10	Vibrio alginolyticus NBRC 15630 = ATCC 17749		ATCC 17749					GCF_000354175.2-RS_2024_12_10	Complete Genome	2013-09-10		2	Vibrio alginolyticus
GCF_009763745.1	ASM976374v1	2024-11-30	Vibrio alginolyticus		2439-01					GCF_009763745.1-RS_2024_11_30	Complete Genome	2019-12-18		3	Vibrio alginolyticus
GCF_002953535.1	ASM295353v1	2024-11-19	Vibrio alginolyticus		FDAARGOS_110					GCF_002953535.1-RS_2024_11_19	Complete Genome	2018-02-20		2	Vibrio alginolyticus
GCF_002953515.1	ASM295351v1	2024-11-19	Vibrio alginolyticus		FDAARGOS_108					GCF_002953515.1-RS_2024_11_19	Complete Genome	2018-02-20		3	Vibrio alginolyticus
GCF_002953975.1	ASM295397v1	2024-11-19	Vibrio alginolyticus		FDAARGOS_114					GCF_002953975.1-RS_2024_11_19	Complete Genome	2018-02-20		2	Vibrio alginolyticus
GCF_030991385.1	ASM3099138v1	2024-10-16	Vibrio alginolyticus		Isc25B					GCF_030991385.1-RS_2024_10_16	Complete Genome	2023-08-30		3	Vibrio alginolyticus
GCF_030991365.1	ASM3099136v1	2024-10-16	Vibrio alginolyticus		Isc1B					GCF_030991365.1-RS_2024_10_16	Complete Genome	2023-08-30		2	Vibrio alginolyticus
GCF_014274185.1	ASM1427418v1	2024-10-12	Vibrio alginolyticus		Vb1833					GCF_014274185.1-RS_2024_10_12	Complete Genome	2020-08-24		2	Vibrio alginolyticus
GCF_032463505.1	ASM3246350v1	2024-10-12	Vibrio alginolyticus		S10					GCF_032463505.1-RS_2024_10_12	Complete Genome	2023-10-08		3	Vibrio alginolyticus
GCF_041950465.1	V_alginolyticus_BR53	2024-09-19	Vibrio alginolyticus		BR53					GCF_041950465.1-RS_2024_09_19	Complete Genome	2024-09-19		5	Vibrio alginolyticus
GCF_052271875.1	ASM5227187v1	2025-08-28	Vibrio cholerae		classical 0395					GCF_052271875.1-RS_2025_08_28	Complete Genome	2025-08-30		2	Vibrio cholerae
GCF_051903285.1	ASM5190328v1	2025-08-08	Vibrio cholerae		classical A103					GCF_051903285.1-RS_2025_08_08	Complete Genome	2025-08-09		2	Vibrio cholerae
GCF_051903295.1	ASM5190329v1	2025-08-08	Vibrio cholerae		classical 569B					GCF_051903295.1-RS_2025_08_08	Complete Genome	2025-08-09		2	Vibrio cholerae
GCF_003591575.1	ASM359157v1	2025-07-19	Vibrio cholerae		FORC_073					GCF_003591575.1-RS_2025_07_19	Complete Genome	2018-09-24		2	Vibrio cholerae
GCF_013085145.1	ASM1308514v1	2025-07-06	Vibrio cholerae O1 biovar El Tor		DRC-193A					GCF_013085145.1-RS_2025_07_06	Complete Genome	2020-05-13		2	Vibrio cholerae
GCF_013085105.1	ASM1308510v1	2025-07-06	Vibrio cholerae O1 biovar El Tor		C6709					GCF_013085105.1-RS_2025_07_06	Complete Genome	2020-05-13		2	Vibrio cholerae
GCF_013085075.1	ASM1308507v1	2025-07-06	Vibrio cholerae C6706		C6706					GCF_013085075.1-RS_2025_07_06	Complete Genome	2020-05-13		2	Vibrio cholerae
GCF_013085165.1	ASM1308516v1	2025-07-06	Vibrio cholerae O1 biovar El Tor		E7946					GCF_013085165.1-RS_2025_07_06	Complete Genome	2020-05-13		2	Vibrio cholerae
GCF_009938115.1	ASM993811v1	2025-06-30	Vibrio cholerae O1		AAS91					GCF_009938115.1-RS_2025_06_30	Complete Genome	2020-01-28		2	Vibrio cholerae
GCF_040412195.1	ASM4041219v1	2025-06-29	Vibrio cholerae		Sudan_2019_18					GCF_040412195.1-RS_2025_06_29	Complete Genome	2024-06-30		2	Vibrio cholerae
GCF_047524955.2	ASM4752495v2	2025-06-28	Vibrio cholerae		MLK181					GCF_047524955.2-RS_2025_06_28	Complete Genome	2025-06-29		3	Vibrio cholerae
GCF_051046905.1	ASM5104690v1	2025-06-25	Vibrio cholerae		19MO03SH03-1					GCF_051046905.1-RS_2025_06_25	Complete Genome	2025-06-26		2	Vibrio cholerae
GCF_009763045.1	ASM976304v1	2025-05-26	Vibrio cholerae		3541-04					GCF_009763045.1-RS_2025_05_26	Complete Genome	2019-12-18		2	Vibrio cholerae
GCF_030062725.1	ASM3006272v1	2025-05-22	Vibrio cholerae		MS84A					GCF_030062725.1-RS_2025_05_22	Complete Genome	2023-05-22		2	Vibrio cholerae
GCF_018336415.1	ASM1833641v1	2025-05-22	Vibrio cholerae O37		ATCC 25872					GCF_018336415.1-RS_2025_05_22	Complete Genome	2021-05-11		2	Vibrio cholerae
GCF_050500225.1	ASM5050022v1	2025-05-21	Vibrio cholerae		GD25VC001					GCF_050500225.1-RS_2025_05_21	Complete Genome	2025-05-22		2	Vibrio cholerae
GCF_023169825.1	ASM2316982v1	2025-05-14	Vibrio cholerae		V130003					GCF_023169825.1-RS_2025_05_14	Complete Genome	2022-04-02		2	Vibrio cholerae
GCF_017948345.1	ASM1794834v1	2025-05-14	Vibrio cholerae MO10		MO10					GCF_017948345.1-RS_2025_05_14	Complete Genome	2021-04-14		2	Vibrio cholerae
GCF_039602145.1	ASM3960214v1	2025-05-10	Vibrio cholerae		LK-18					GCF_039602145.1-RS_2025_05_10	Complete Genome	2024-05-11		2	Vibrio cholerae
GCF_013357605.1	ASM1335760v1	2025-04-27	Vibrio cholerae		W10G					GCF_013357605.1-RS_2025_04_27	Complete Genome	2020-06-17		2	Vibrio cholerae
GCF_013357885.1	ASM1335788v1	2025-04-27	Vibrio cholerae		SA3G					GCF_013357885.1-RS_2025_04_27	Complete Genome	2020-06-17		2	Vibrio cholerae
GCF_013357865.1	ASM1335786v1	2025-04-27	Vibrio cholerae		SA10G					GCF_013357865.1-RS_2025_04_27	Complete Genome	2020-06-17		2	Vibrio cholerae
GCF_013357845.1	ASM1335784v1	2025-04-27	Vibrio cholerae		SA7G					GCF_013357845.1-RS_2025_04_27	Complete Genome	2020-06-17		4	Vibrio cholerae
GCF_013357825.1	ASM1335782v1	2025-04-27	Vibrio cholerae		E7G					GCF_013357825.1-RS_2025_04_27	Complete Genome	2020-06-17		3	Vibrio cholerae
GCF_013357805.1	ASM1335780v1	2025-04-27	Vibrio cholerae		W7G					GCF_013357805.1-RS_2025_04_27	Complete Genome	2020-06-17		3	Vibrio cholerae
GCF_013357785.1	ASM1335778v1	2025-04-27	Vibrio cholerae		W6G					GCF_013357785.1-RS_2025_04_27	Complete Genome	2020-06-17		3	Vibrio cholerae
GCF_003063885.1	ASM306388v1	2025-04-27	Vibrio cholerae		Sa5Y					GCF_003063885.1-RS_2025_04_27	Complete Genome	2018-04-23		2	Vibrio cholerae
GCF_013357625.1	ASM1335762v1	2025-04-27	Vibrio cholerae		SL4G					GCF_013357625.1-RS_2025_04_27	Complete Genome	2020-06-17		2	Vibrio cholerae
GCF_013357745.1	ASM1335774v1	2025-04-27	Vibrio cholerae		SP6G					GCF_013357745.1-RS_2025_04_27	Complete Genome	2020-06-17		2	Vibrio cholerae
GCF_013357645.1	ASM1335764v1	2025-04-27	Vibrio cholerae		SL5Y					GCF_013357645.1-RS_2025_04_27	Complete Genome	2020-06-17		2	Vibrio cholerae
GCF_013357665.1	ASM1335766v1	2025-04-27	Vibrio cholerae		SO5Y					GCF_013357665.1-RS_2025_04_27	Complete Genome	2020-06-17		2	Vibrio cholerae
GCF_013357725.1	ASM1335772v1	2025-04-27	Vibrio cholerae		SL6Y					GCF_013357725.1-RS_2025_04_27	Complete Genome	2020-06-17		2	Vibrio cholerae
GCF_013357765.1	ASM1335776v1	2025-04-27	Vibrio cholerae		SP7G					GCF_013357765.1-RS_2025_04_27	Complete Genome	2020-06-17		2	Vibrio cholerae
GCF_013357685.1	ASM1335768v1	2025-04-27	Vibrio cholerae		L6G					GCF_013357685.1-RS_2025_04_27	Complete Genome	2020-06-17		2	Vibrio cholerae
GCF_009763825.1	ASM976382v1	2025-04-18	Vibrio cholerae		F9993					GCF_009763825.1-RS_2025_04_18	Complete Genome	2019-12-18		2	Vibrio cholerae
GCF_003719755.1	ASM371975v1	2025-04-18	Vibrio cholerae		E4					GCF_003719755.1-RS_2025_04_18	Complete Genome	2018-11-11		3	Vibrio cholerae
GCF_009762915.1	ASM976291v1	2025-04-18	Vibrio cholerae		2015V-1126					GCF_009762915.1-RS_2025_04_18	Complete Genome	2019-12-18		2	Vibrio cholerae
GCF_000963555.1	ASM96355v1	2025-04-18	Vibrio cholerae O1 biovar El Tor		FJ147					GCF_000963555.1-RS_2025_04_18	Complete Genome	2015-03-26		2	Vibrio cholerae
GCF_004328575.1	ASM432857v1	2025-04-11	Vibrio cholerae		20000					GCF_004328575.1-RS_2025_04_11	Complete Genome	2019-03-06		2	Vibrio cholerae
GCF_000021625.1	ASM2162v1	2025-04-09	Vibrio cholerae O395		O395					GCF_000021625.1-RS_2025_04_09	Complete Genome	2009-04-20		2	Vibrio cholerae
GCF_009763665.1	ASM976366v1	2025-04-08	Vibrio cholerae		2011EL-1271					GCF_009763665.1-RS_2025_04_08	Complete Genome	2019-12-18		2	Vibrio cholerae
GCF_037101305.1	ASM3710130v1	2025-04-08	Vibrio cholerae		VN152					GCF_037101305.1-RS_2025_04_08	Complete Genome	2024-04-09		3	Vibrio cholerae
GCF_030718765.1	ASM3071876v1	2025-04-07	Vibrio cholerae		DRC072					GCF_030718765.1-RS_2025_04_07	Complete Genome	2023-08-14		2	Vibrio cholerae
GCF_009762985.1	ASM976298v1	2025-04-07	Vibrio cholerae		3569-08					GCF_009762985.1-RS_2025_04_07	Complete Genome	2019-12-18		2	Vibrio cholerae
GCF_000250855.1	ASM25085v1	2025-04-07	Vibrio cholerae IEC224		IEC224					GCF_000250855.1-RS_2025_04_07	Complete Genome	2012-02-29		2	Vibrio cholerae
GCF_003097695.1	ASM309769v1	2025-04-06	Vibrio cholerae		A1552					GCF_003097695.1-RS_2025_04_06	Complete Genome	2018-05-08		2	Vibrio cholerae
GCF_009762895.1	ASM976289v1	2025-04-05	Vibrio cholerae		3528-08					GCF_009762895.1-RS_2025_04_05	Complete Genome	2019-12-18		2	Vibrio cholerae
GCF_009763065.1	ASM976306v1	2025-04-05	Vibrio cholerae		2015V-1118					GCF_009763065.1-RS_2025_04_05	Complete Genome	2019-12-18		2	Vibrio cholerae
GCF_000021605.1	ASM2160v1	2025-04-05	Vibrio cholerae M66-2		M66-2					GCF_000021605.1-RS_2025_04_05	Complete Genome	2009-04-20		2	Vibrio cholerae
GCF_002997215.1	ASM299721v1	2025-04-04	Vibrio cholerae		A1552					GCF_002997215.1-RS_2025_04_04	Complete Genome	2018-03-14		2	Vibrio cholerae
GCF_030994165.1	ASM3099416v1	2025-08-31	Vibrio parahaemolyticus		BM25					GCF_030994165.1-RS_2025_08_31	Complete Genome	2023-08-30		2	Vibrio parahaemolyticus
GCF_030994565.1	ASM3099456v1	2025-08-31	Vibrio parahaemolyticus		BM26A					GCF_030994565.1-RS_2025_08_31	Complete Genome	2023-08-30		3	Vibrio parahaemolyticus
GCF_030994185.1	ASM3099418v1	2025-08-31	Vibrio parahaemolyticus		Isc7					GCF_030994185.1-RS_2025_08_31	Complete Genome	2023-08-30		2	Vibrio parahaemolyticus
GCF_030994145.1	ASM3099414v1	2025-08-31	Vibrio parahaemolyticus		Isc14B					GCF_030994145.1-RS_2025_08_31	Complete Genome	2023-08-30		2	Vibrio parahaemolyticus
GCF_030994225.1	ASM3099422v1	2025-08-31	Vibrio parahaemolyticus		BM24B					GCF_030994225.1-RS_2025_08_31	Complete Genome	2023-08-30		2	Vibrio parahaemolyticus
GCF_033441455.1	ASM3344145v1	2025-08-19	Vibrio parahaemolyticus		TW01					GCF_033441455.1-RS_2025_08_19	Complete Genome	2023-11-08		6	Vibrio parahaemolyticus
GCF_013393865.1	ASM1339386v1	2025-08-18	Vibrio parahaemolyticus		LVP2					GCF_013393865.1-RS_2025_08_18	Complete Genome	2020-07-08		2	Vibrio parahaemolyticus
GCF_013393845.1	ASM1339384v1	2025-08-18	Vibrio parahaemolyticus		LVP1					GCF_013393845.1-RS_2025_08_18	Complete Genome	2020-07-08		2	Vibrio parahaemolyticus
GCF_013393885.1	ASM1339388v1	2025-08-18	Vibrio parahaemolyticus		LVP66					GCF_013393885.1-RS_2025_08_18	Complete Genome	2020-07-08		2	Vibrio parahaemolyticus
GCF_052076125.1	ASM5207612v1	2025-08-18	Vibrio parahaemolyticus		RIMD 2210633					GCF_052076125.1-RS_2025_08_18	Complete Genome	2025-08-18		2	Vibrio parahaemolyticus
GCF_030704285.1	ASM3070428v1	2025-08-10	Vibrio parahaemolyticus		RP0132					GCF_030704285.1-RS_2025_08_10	Complete Genome	2023-08-09		2	Vibrio parahaemolyticus
GCF_051903045.1	ASM5190304v1	2025-08-08	Vibrio parahaemolyticus		HLV					GCF_051903045.1-RS_2025_08_08	Complete Genome	2025-08-09		2	Vibrio parahaemolyticus
GCF_030552955.1	ASM3055295v1	2025-07-29	Vibrio parahaemolyticus		HZ					GCF_030552955.1-RS_2025_07_29	Complete Genome	2023-07-30		2	Vibrio parahaemolyticus
GCF_003119375.1	ASM311937v1	2025-07-19	Vibrio parahaemolyticus					R13		GCF_003119375.1-RS_2025_07_19	Complete Genome	2018-05-11		5	Vibrio parahaemolyticus
GCF_003076895.1	ASM307689v1	2025-07-18	Vibrio parahaemolyticus		R14					GCF_003076895.1-RS_2025_07_18	Complete Genome	2018-05-02		5	Vibrio parahaemolyticus
GCF_002073775.2	ASM207377v2	2025-07-16	Vibrio parahaemolyticus		FDAARGOS_191					GCF_002073775.2-RS_2025_07_16	Complete Genome	2018-03-02		2	Vibrio parahaemolyticus
GCF_002290245.2	ASM229024v2	2025-07-12	Vibrio parahaemolyticus		MAVP-26					GCF_002290245.2-RS_2025_07_12	Complete Genome	2024-06-04		2	Vibrio parahaemolyticus
GCF_030064615.2	ASM3006461v2	2025-07-06	Vibrio parahaemolyticus		PH1339					GCF_030064615.2-RS_2025_07_06	Complete Genome	2023-07-06		3	Vibrio parahaemolyticus
GCF_009649015.1	ASM964901v1	2025-07-06	Vibrio parahaemolyticus 10329		10329					GCF_009649015.1-RS_2025_07_06	Complete Genome	2019-11-11		2	Vibrio parahaemolyticus
GCF_051131115.1	ASM5113111v1	2025-06-28	Vibrio parahaemolyticus		NJIFDCVp17					GCF_051131115.1-RS_2025_06_28	Complete Genome	2025-06-29		2	Vibrio parahaemolyticus
GCF_051131125.1	ASM5113112v1	2025-06-28	Vibrio parahaemolyticus		NJIFDCVp19					GCF_051131125.1-RS_2025_06_28	Complete Genome	2025-06-29		4	Vibrio parahaemolyticus
GCF_040254425.1	ASM4025442v1	2025-06-20	Vibrio parahaemolyticus		VP93					GCF_040254425.1-RS_2025_06_20	Complete Genome	2024-06-21		2	Vibrio parahaemolyticus
GCF_030291875.1	ASM3029187v1	2025-06-20	Vibrio parahaemolyticus		VP16					GCF_030291875.1-RS_2025_06_20	Complete Genome	2023-06-20		2	Vibrio parahaemolyticus
GCF_050888945.2	ASM5088894v1	2025-06-19	Vibrio parahaemolyticus		13-306/D4					GCF_050888945.2-RS_2025_06_19	Complete Genome	2025-06-13		3	Vibrio parahaemolyticus
GCF_026970915.1	ASM2697091v1	2025-06-17	Vibrio parahaemolyticus		vp-HL-202005					GCF_026970915.1-RS_2025_06_17	Complete Genome	2022-12-19		6	Vibrio parahaemolyticus
GCF_050920865.1	ASM5092086v1	2025-06-17	Vibrio parahaemolyticus		JD2305					GCF_050920865.1-RS_2025_06_17	Complete Genome	2025-06-17		6	Vibrio parahaemolyticus
GCF_050920685.1	ASM5092068v1	2025-06-16	Vibrio parahaemolyticus		VpS05					GCF_050920685.1-RS_2025_06_16	Complete Genome	2025-06-17		4	Vibrio parahaemolyticus
GCF_040126105.1	ASM4012610v1	2025-06-12	Vibrio parahaemolyticus		vp-pir-201806					GCF_040126105.1-RS_2025_06_12	Complete Genome	2024-06-13		3	Vibrio parahaemolyticus
GCF_048284885.2	Annabel_Vibrio_parahaemolyticus_ANHC.C2L_new	2025-05-28	Vibrio parahaemolyticus		ANHC.C2L					GCF_048284885.2-RS_2025_05_28	Complete Genome	2025-05-29		2	Vibrio parahaemolyticus
GCF_030059845.1	ASM3005984v1	2025-05-21	Vibrio parahaemolyticus		G855					GCF_030059845.1-RS_2025_05_21	Complete Genome	2023-05-22		4	Vibrio parahaemolyticus
GCF_039658525.1	ASM3965852v1	2025-05-17	Vibrio parahaemolyticus		vp-201806					GCF_039658525.1-RS_2025_05_17	Complete Genome	2024-05-18		5	Vibrio parahaemolyticus
GCF_039658515.1	ASM3965851v1	2025-05-17	Vibrio parahaemolyticus		NJIFDCVp7					GCF_039658515.1-RS_2025_05_17	Complete Genome	2024-05-18		5	Vibrio parahaemolyticus
GCF_039658545.1	ASM3965854v1	2025-05-17	Vibrio parahaemolyticus		vp-201911					GCF_039658545.1-RS_2025_05_17	Complete Genome	2024-05-18		2	Vibrio parahaemolyticus
GCF_038741195.1	ASM3874119v1	2025-04-30	Vibrio parahaemolyticus		vp-HL-201910					GCF_038741195.1-RS_2025_04_30	Complete Genome	2024-05-01		5	Vibrio parahaemolyticus
GCF_000196095.1	ASM19609v1	2025-04-26	Vibrio parahaemolyticus RIMD 2210633		RIMD 2210633 substr. RIMD 2210633					GCF_000196095.1-RS_2025_04_26	Complete Genome	2004-05-11		2	Vibrio parahaemolyticus
GCF_049816165.1	ASM4981616v1	2025-04-22	Vibrio parahaemolyticus		DX210401					GCF_049816165.1-RS_2025_04_22	Complete Genome	2025-05-13		5	Vibrio parahaemolyticus
GCF_049816605.1	ASM4981660v1	2025-04-22	Vibrio parahaemolyticus		DX230702					GCF_049816605.1-RS_2025_04_22	Complete Genome	2025-05-13		5	Vibrio parahaemolyticus
GCF_049818045.1	ASM4981804v1	2025-04-22	Vibrio parahaemolyticus		DX190406					GCF_049818045.1-RS_2025_04_22	Complete Genome	2025-05-13		6	Vibrio parahaemolyticus
GCF_009764055.1	ASM976405v1	2025-04-21	Vibrio parahaemolyticus		2012AW-0224					GCF_009764055.1-RS_2025_04_21	Complete Genome	2019-12-18		3	Vibrio parahaemolyticus
GCF_019321785.1	ASM1932178v1	2025-04-21	Vibrio parahaemolyticus		64					GCF_019321785.1-RS_2025_04_21	Complete Genome	2021-07-22		4	Vibrio parahaemolyticus
GCF_003612695.1	ASM361269v1	2025-04-21	Vibrio parahaemolyticus		FORC_072					GCF_003612695.1-RS_2025_04_21	Complete Genome	2018-10-04		2	Vibrio parahaemolyticus
GCF_009763425.1	ASM976342v1	2025-04-21	Vibrio parahaemolyticus		AM46865					GCF_009763425.1-RS_2025_04_21	Complete Genome	2019-12-18		2	Vibrio parahaemolyticus
GCF_009763545.1	ASM976354v1	2025-04-21	Vibrio parahaemolyticus		2013V-1244					GCF_009763545.1-RS_2025_04_21	Complete Genome	2019-12-18		2	Vibrio parahaemolyticus
GCF_004194515.1	ASM419451v1	2025-04-21	Vibrio parahaemolyticus		D3112					GCF_004194515.1-RS_2025_04_21	Complete Genome	2019-02-14		4	Vibrio parahaemolyticus
GCF_038253855.1	ASM3825385v1	2025-04-18	Vibrio parahaemolyticus		I14B					GCF_038253855.1-RS_2025_04_18	Complete Genome	2024-04-17		3	Vibrio parahaemolyticus
GCF_038050985.1	ASM3805098v1	2025-04-17	Vibrio parahaemolyticus		vp-HL-202008					GCF_038050985.1-RS_2025_04_17	Complete Genome	2024-04-11		7	Vibrio parahaemolyticus
GCF_038050815.1	ASM3805081v1	2025-04-17	Vibrio parahaemolyticus		vp-HL-202006					GCF_038050815.1-RS_2025_04_17	Complete Genome	2024-04-11		7	Vibrio parahaemolyticus
GCF_036670155.1	ASM3667015v1	2025-04-17	Vibrio parahaemolyticus		BM26A					GCF_036670155.1-RS_2025_04_17	Complete Genome	2024-04-05		2	Vibrio parahaemolyticus
GCF_003085735.1	ASM308573v1	2025-04-11	Vibrio parahaemolyticus		20130629002S01					GCF_003085735.1-RS_2025_04_11	Complete Genome	2018-05-02		4	Vibrio parahaemolyticus
GCF_038070605.1	ASM3807060v1	2025-04-11	Vibrio parahaemolyticus		vp-HL-202212					GCF_038070605.1-RS_2025_04_11	Complete Genome	2024-04-12		4	Vibrio parahaemolyticus
GCF_051602725.1	ASM5160272v1	2025-07-31	Wolbachia endosymbiont of Kerria lacca					Wo_KL		GCF_051602725.1-RS_2025_07_31	Complete Genome	2025-08-01		1	Wolbachia endosymbiont
GCF_051130665.1	Zbic_1.2	2025-06-28	Wolbachia endosymbiont of Zygogramma bicolorata					wolb-BP23		GCF_051130665.1-RS_2025_06_28	Complete Genome	2025-06-29		1	Wolbachia endosymbiont
GCF_964030915.1	ilEupIntu1.Wolbachia_sp_1.1	2025-05-01	Wolbachia endosymbiont (group B) of Eupithecia inturbata					dc19b9eb-725d-48c6-9094-f6de9fde6f09		GCF_964030915.1-RS_2025_05_01	Complete Genome	2025-05-01		1	Wolbachia endosymbiont
GCF_964031005.1	ilSchGiga1.Wolbachia_sp_1.1	2025-05-01	Wolbachia endosymbiont (group B) of Schoenobius gigantella					b078f13b-0c26-441c-b61f-ea8d31b76833		GCF_964031005.1-RS_2025_05_01	Complete Genome	2025-05-01		1	Wolbachia endosymbiont
GCF_964030885.1	icBarPell3.Wolbachia_sp_1.1	2025-05-01	Wolbachia endosymbiont (group A) of Barypeithes pellucidus					e7cb3cc3-494a-4630-be59-f0adb41c5c77		GCF_964030885.1-RS_2025_05_01	Complete Genome	2025-05-01		1	Wolbachia endosymbiont
GCF_964031025.1	idMicMyrm1.Wolbachia_sp_1.1	2025-05-01	Wolbachia endosymbiont (group A) of Microdon myrmicae					cbec8615-1a19-49d3-aa73-8535d67e93e4		GCF_964031025.1-RS_2025_05_01	Complete Genome	2025-05-01		1	Wolbachia endosymbiont
GCF_964030905.1	idStuBell1.Wolbachia_sp_1.1	2025-05-01	Wolbachia endosymbiont (group A) of Sturmia bella					c2567c9b-9adc-464d-97b6-172a321e6e32		GCF_964030905.1-RS_2025_05_01	Complete Genome	2025-05-01		1	Wolbachia endosymbiont
GCF_964031125.1	idMelOmis1.Wolbachia_sp_1.1	2025-05-01	Wolbachia endosymbiont (group A) of Melieria omissa					a2fa28e8-5e5e-4f79-9d59-2cf332417a2e		GCF_964031125.1-RS_2025_05_01	Complete Genome	2025-05-01		1	Wolbachia endosymbiont
GCF_964030705.1	ilAnaHort2.Wolbachia_sp_1.1	2025-05-01	Wolbachia endosymbiont (group B) of Anania hortulata					630233c3-339a-47e5-8dfb-8aec143c0feb		GCF_964030705.1-RS_2025_05_01	Complete Genome	2025-05-01		1	Wolbachia endosymbiont
GCF_964030675.1	ilScoAmbi1.Wolbachia_sp_1.1	2025-05-01	Wolbachia endosymbiont (group A) of Scoparia ambigualis					5e25b08e-f56e-4351-ac6c-3c187bf049fe		GCF_964030675.1-RS_2025_05_01	Complete Genome	2025-05-01		1	Wolbachia endosymbiont
GCF_964031185.1	iyCerRufi2.Wolbachia_sp_1.1	2025-05-01	Wolbachia endosymbiont (group A) of Cerceris ruficornis					e441e58d-dce3-4929-96e3-9519567a025a		GCF_964031185.1-RS_2025_05_01	Complete Genome	2025-05-01		1	Wolbachia endosymbiont
GCF_964031055.1	ilSchGiga1.Wolbachia_sp_2.1	2025-05-01	Wolbachia endosymbiont (group A) of Schoenobius gigantella					75d1ad39-67c9-4ebe-ba8f-17e5ae60923b		GCF_964031055.1-RS_2025_05_01	Complete Genome	2025-05-01		1	Wolbachia endosymbiont
GCF_031205055.1	ASM3120505v1	2025-04-20	Wolbachia endosymbiont of Listronotus oregonensis					LiOr_01		GCF_031205055.1-RS_2025_04_20	Complete Genome	2023-09-06		1	Wolbachia endosymbiont
GCF_004795975.1	ASM479597v1	2025-04-07	Wolbachia endosymbiont of Drosophila mauritiana		wMau					GCF_004795975.1-RS_2025_04_07	Complete Genome	2019-04-16		1	Wolbachia endosymbiont
GCF_004795935.1	ASM479593v1	2025-04-07	Wolbachia endosymbiont of Brugia malayi					TRS		GCF_004795935.1-RS_2025_04_07	Complete Genome	2019-04-16		1	Wolbachia endosymbiont
GCF_004795955.1	ASM479595v1	2025-04-07	Wolbachia endosymbiont of Drosophila mauritiana		wMau					GCF_004795955.1-RS_2025_04_07	Complete Genome	2019-04-16		1	Wolbachia endosymbiont
GCF_048537655.1	ASM4853765v1	2025-03-11	Wolbachia endosymbiont of Rhagoletis cingulata		wCin2-SW					GCF_048537655.1-RS_2025_03_11	Complete Genome	2025-03-12		1	Wolbachia endosymbiont
GCF_048537595.1	ASM4853759v1	2025-03-11	Wolbachia endosymbiont of Rhagoletis indifferens		wInd					GCF_048537595.1-RS_2025_03_11	Complete Genome	2025-03-12		1	Wolbachia endosymbiont
GCF_048537605.1	ASM4853760v1	2025-03-11	Wolbachia endosymbiont of Rhagoletis indifferens		wCin2-PNW2					GCF_048537605.1-RS_2025_03_11	Complete Genome	2025-03-12		1	Wolbachia endosymbiont
GCF_048537645.1	ASM4853764v1	2025-03-11	Wolbachia endosymbiont of Rhagoletis cingulata		wCin3					GCF_048537645.1-RS_2025_03_11	Complete Genome	2025-03-12		1	Wolbachia endosymbiont
GCF_965178645.1	ilOrgAnti1.Wolbachia_sp_1.1	2025-03-03	Wolbachia endosymbiont (group B) of Orgyia antiqua					54799		GCF_965178645.1-RS_2025_03_03	Complete Genome	2025-03-06		1	Wolbachia endosymbiont
GCF_016584425.1	ASM1658442v1	2025-01-08	Wolbachia endosymbiont of Drosophila melanogaster					wMel		GCF_016584425.1-RS_2025_01_08	Complete Genome	2021-01-08		1	Wolbachia endosymbiont
GCF_000008385.1	ASM838v1	2025-01-08	Wolbachia endosymbiont strain TRS of Brugia malayi					wBm		GCF_000008385.1-RS_2025_01_08	Complete Genome	2005-02-04		1	Wolbachia endosymbiont
GCF_000530755.1	W_O_volvulus_Cameroon_v3	2025-01-08	Wolbachia endosymbiont of Onchocerca volvulus str. Cameroon		Cameroon					GCF_000530755.1-RS_2025_01_08	Complete Genome	2014-01-24		1	Wolbachia endosymbiont
GCF_013458815.1	ASM1345881v1	2025-01-08	Wolbachia endosymbiont of Diaphorina citri					dawsonii		GCF_013458815.1-RS_2025_01_08	Complete Genome	2020-07-22		1	Wolbachia endosymbiont
GCF_029856955.1	ASM2985695v1	2025-01-08	Wolbachia endosymbiont of Frankliniella intonsa					JH2022		GCF_029856955.1-RS_2025_01_08	Complete Genome	2023-04-24		1	Wolbachia endosymbiont
GCF_008033215.1	ASM803321v1	2025-01-08	Wolbachia endosymbiont of Drosophila ananassae		W2.1					GCF_008033215.1-RS_2025_01_08	Complete Genome	2019-08-20		1	Wolbachia endosymbiont
GCF_000376605.1	ASM37660v1	2025-01-08	Wolbachia endosymbiont of Drosophila simulans wHa		wHa					GCF_000376605.1-RS_2025_01_08	Complete Genome	2013-04-22		1	Wolbachia endosymbiont
GCF_947251775.1	ilEpaGrot1.Wolbachia_sp_2.1	2025-01-08	Wolbachia endosymbiont (group A) of Epagoge grotiana					26617		GCF_947251775.1-RS_2025_01_08	Complete Genome	2022-11-04		1	Wolbachia endosymbiont
GCF_025617515.1	ASM2561751v1	2025-01-08	Wolbachia endosymbiont of Oryzaephilus surinamensis		JKI-2014					GCF_025617515.1-RS_2025_01_08	Complete Genome	2022-10-07		1	Wolbachia endosymbiont
GCF_947251935.1	ilCalPalu1.Wolbachia_sp_1.1	2025-01-08	Wolbachia endosymbiont (group A) of Calamotropha paludella					26597		GCF_947251935.1-RS_2025_01_08	Complete Genome	2022-11-04		1	Wolbachia endosymbiont
GCF_947250625.1	idCheSoro1.Wolbachia_sp_1.1	2025-01-08	Wolbachia endosymbiont (group A) of Cheilosia soror					26604		GCF_947250625.1-RS_2025_01_08	Complete Genome	2022-11-02		1	Wolbachia endosymbiont
GCF_947251435.1	idEpiGros1.Wolbachia_sp_2.1	2025-01-08	Wolbachia endosymbiont (group A) of Epistrophe grossularia					26620		GCF_947251435.1-RS_2025_01_08	Complete Genome	2022-11-04		1	Wolbachia endosymbiont
GCF_947251765.1	iyAndDors1.Wolbachia_sp_1.1	2025-01-08	Wolbachia endosymbiont (group A) of Andrena dorsata					24842		GCF_947251765.1-RS_2025_01_08	Complete Genome	2022-11-04		1	Wolbachia endosymbiont
GCF_947251625.1	ilPhaBuce1.Wolbachia_sp_2.1	2025-01-08	Wolbachia endosymbiont (group B) of Phalera bucephala					26550		GCF_947251625.1-RS_2025_01_08	Complete Genome	2022-11-04		1	Wolbachia endosymbiont
GCF_947250585.1	iyLasMori1.Wolbachia_sp_1.1	2025-01-08	Wolbachia endosymbiont (group A) of Lasioglossum morio					26638		GCF_947250585.1-RS_2025_01_08	Complete Genome	2022-11-02		1	Wolbachia endosymbiont
GCF_947250465.1	ilPolCalb1.Wolbachia_sp_2.1	2025-01-08	Wolbachia endosymbiont (group B) of Nymphalis c-album					26555		GCF_947250465.1-RS_2025_01_08	Complete Genome	2022-11-02		1	Wolbachia endosymbiont
GCF_947251965.1	iySphMoni1.Wolbachia_sp_2.1	2025-01-08	Wolbachia endosymbiont (group A) of Sphecodes monilicornis					26574		GCF_947251965.1-RS_2025_01_08	Complete Genome	2022-11-04		1	Wolbachia endosymbiont
GCF_013365435.1	ASM1336543v1	2025-01-08	Wolbachia endosymbiont of Litomosoides sigmodontis		wLsig					GCF_013365435.1-RS_2025_01_08	Complete Genome	2020-06-22		1	Wolbachia endosymbiont
GCF_040084705.1	2024-09-12	2025-01-08	Wolbachia endosymbiont of Drosophila willistoni					SC20230912		GCF_040084705.1-RS_2025_01_08	Complete Genome	2024-06-07		1	Wolbachia endosymbiont
GCF_000306885.1	ASM30688v1	2025-01-08	Wolbachia endosymbiont of Onchocerca ochengi		wOo					GCF_000306885.1-RS_2025_01_08	Complete Genome	2012-07-30		1	Wolbachia endosymbiont
GCF_947251585.1	ioIscEleg1.Wolbachia_sp_1.1	2025-01-08	Wolbachia endosymbiont (group B) of Ischnura elegans					26633		GCF_947251585.1-RS_2025_01_08	Complete Genome	2022-11-04		1	Wolbachia endosymbiont
GCF_947251465.1	idMelMell2.Wolbachia_sp_1.1	2025-01-08	Wolbachia endosymbiont (group B) of Melanostoma mellinum					26540		GCF_947251465.1-RS_2025_01_08	Complete Genome	2022-11-04		1	Wolbachia endosymbiont
GCF_947250755.1	ilAgrStra1.Wolbachia_sp_1.1	2025-01-08	Wolbachia endosymbiont (group B) of Agriphila straminella					24839		GCF_947250755.1-RS_2025_01_08	Complete Genome	2022-11-02		1	Wolbachia endosymbiont
GCF_947251755.1	icPhiCogn1.Wolbachia_sp_1.1	2025-01-08	Wolbachia endosymbiont (group A) of Philonthus cognatus					26552		GCF_947251755.1-RS_2025_01_08	Complete Genome	2022-11-04		1	Wolbachia endosymbiont
GCF_947250705.1	ilArcPodn1.Wolbachia_sp_1.1	2025-01-08	Wolbachia endosymbiont (group B) of Archips podanus					26592		GCF_947250705.1-RS_2025_01_08	Complete Genome	2022-11-02		1	Wolbachia endosymbiont
GCF_947250535.1	ilEupAuri1.Wolbachia_sp_1.1	2025-01-08	Wolbachia endosymbiont (group B) of Euphydryas aurinia					26626		GCF_947250535.1-RS_2025_01_08	Complete Genome	2022-11-02		1	Wolbachia endosymbiont
GCF_001931755.2	ASM193175v2	2025-01-08	Wolbachia endosymbiont of Folsomia candida		Berlin					GCF_001931755.2-RS_2025_01_08	Complete Genome	2018-06-25		1	Wolbachia endosymbiont
GCF_918697765.1	Wolbachia_Phyllotreta_cruciferaeV1	2025-01-08	Wolbachia endosymbiont of Phyllotreta cruciferae					Wolbachia_endosymbiont_of_Phyllotreta_cruciferae		GCF_918697765.1-RS_2025_01_08	Complete Genome	2022-06-24		1	Wolbachia endosymbiont
GCF_964273535.1	idNorSpin2.Wolbachia_sp_1.1	2025-01-08	Wolbachia endosymbiont (group A) of Norellia spinipes					54620		GCF_964273535.1-RS_2025_01_08	Complete Genome	2024-10-12		1	Wolbachia endosymbiont
GCF_052180165.1	ASM5218016v1	2025-08-22	Xanthomonas citri pv. citri		zlm1908					GCF_052180165.1-RS_2025_08_22	Complete Genome	2025-08-23		3	Xanthomonas citri
GCF_040285035.1	Xcm_TX4-attenuated_assembly	2025-06-24	Xanthomonas citri pv. malvacearum		Xcm TX4-attenuated					GCF_040285035.1-RS_2025_06_24	Complete Genome	2024-06-25		4	Xanthomonas citri
GCF_040285055.1	ASM4028505v1	2025-06-24	Xanthomonas citri pv. malvacearum		Xcm TX4					GCF_040285055.1-RS_2025_06_24	Complete Genome	2024-06-25		4	Xanthomonas citri
GCF_040285045.1	ASM4028504v1	2025-06-24	Xanthomonas citri pv. malvacearum		Xcm TX7					GCF_040285045.1-RS_2025_06_24	Complete Genome	2024-06-25		4	Xanthomonas citri
GCF_040284385.1	ASM4028438v1	2025-06-24	Xanthomonas citri pv. malvacearum		Xcm TX9					GCF_040284385.1-RS_2025_06_24	Complete Genome	2024-06-25		4	Xanthomonas citri
GCF_040142795.1	CCRMTAQ13.2.0	2025-06-12	Xanthomonas citri pv. anacardii		CCRMTAQ13					GCF_040142795.1-RS_2025_06_12	Complete Genome	2024-06-13		1	Xanthomonas citri
GCF_017723895.1	ASM1772389v1	2025-05-13	Xanthomonas citri pv. glycines		CFBP7119					GCF_017723895.1-RS_2025_05_13	Complete Genome	2021-04-03		3	Xanthomonas citri
GCF_027186325.1	ASM2718632v1	2025-05-13	Xanthomonas citri pv. malvacearum		CFBP 2036					GCF_027186325.1-RS_2025_05_13	Complete Genome	2022-12-21		3	Xanthomonas citri
GCF_027186305.1	ASM2718630v1	2025-05-13	Xanthomonas citri pv. malvacearum		CFBP 2012					GCF_027186305.1-RS_2025_05_13	Complete Genome	2022-12-21		2	Xanthomonas citri
GCF_020525465.1	ASM2052546v1	2025-05-13	Xanthomonas citri pv. mangiferaeindicae		GZ09					GCF_020525465.1-RS_2025_05_13	Complete Genome	2021-10-19		1	Xanthomonas citri
GCF_019434355.1	ASM1943435v1	2025-05-13	Xanthomonas citri		T4					GCF_019434355.1-RS_2025_05_13	Complete Genome	2021-08-02		3	Xanthomonas citri
GCF_020544545.1	ASM2054454v1	2025-05-13	Xanthomonas citri pv. mangiferaeindicae		GXG07					GCF_020544545.1-RS_2025_05_13	Complete Genome	2021-10-25		3	Xanthomonas citri
GCF_018831325.1	ASM1883132v1	2025-05-13	Xanthomonas citri pv. fuscans		FH61					GCF_018831325.1-RS_2025_05_13	Complete Genome	2021-06-10		3	Xanthomonas citri
GCF_021474205.1	ASM2147420v1	2025-05-12	Xanthomonas citri pv. glycines		ICMP5732					GCF_021474205.1-RS_2025_05_12	Complete Genome	2022-01-15		3	Xanthomonas citri
GCF_000723725.2	ASM72372v2	2025-05-12	Xanthomonas citri pv. viticola		LMG 965					GCF_000723725.2-RS_2025_05_12	Complete Genome	2023-11-29		2	Xanthomonas citri
GCF_023205075.1	ASM2320507v1	2025-05-12	Xanthomonas citri pv. citri		CQ13					GCF_023205075.1-RS_2025_05_12	Complete Genome	2022-05-02		3	Xanthomonas citri
GCF_030582195.1	ASM3058219v1	2025-05-12	Xanthomonas citri pv. glycines		T8					GCF_030582195.1-RS_2025_05_12	Complete Genome	2023-08-02		2	Xanthomonas citri
GCF_030582375.1	ASM3058237v1	2025-05-12	Xanthomonas citri pv. glycines		B1					GCF_030582375.1-RS_2025_05_12	Complete Genome	2023-08-02		2	Xanthomonas citri
GCF_018831345.1	ASM1883134v1	2025-05-12	Xanthomonas citri		T21					GCF_018831345.1-RS_2025_05_12	Complete Genome	2021-06-10		2	Xanthomonas citri
GCF_025987665.1	ASM2598766v1	2025-05-12	Xanthomonas citri pv. fuscans		BRM48906					GCF_025987665.1-RS_2025_05_12	Complete Genome	2022-11-03		3	Xanthomonas citri
GCF_025987645.1	ASM2598764v1	2025-05-12	Xanthomonas citri pv. fuscans		LNPV 30.30					GCF_025987645.1-RS_2025_05_12	Complete Genome	2022-11-03		2	Xanthomonas citri
GCF_017742815.1	ASM1774281v1	2025-05-12	Xanthomonas citri pv. fuscans		6165R(delta)tal22B					GCF_017742815.1-RS_2025_05_12	Complete Genome	2021-04-04		2	Xanthomonas citri
GCF_002759375.1	ASM275937v2	2025-05-12	Xanthomonas citri pv. phaseoli var. fuscans		CFBP7767					GCF_002759375.1-RS_2025_05_12	Complete Genome	2021-03-29		3	Xanthomonas citri
GCF_002759315.2	ASM275931v2	2025-05-12	Xanthomonas citri pv. phaseoli var. fuscans		CFBP6990					GCF_002759315.2-RS_2025_05_12	Complete Genome	2021-03-24		2	Xanthomonas citri
GCF_002759295.2	ASM275929v2	2025-05-12	Xanthomonas citri pv. phaseoli var. fuscans		CFBP6989					GCF_002759295.2-RS_2025_05_12	Complete Genome	2021-03-23		2	Xanthomonas citri
GCF_002759215.2	ASM275921v3	2025-05-12	Xanthomonas citri pv. phaseoli var. fuscans		CFBP6165					GCF_002759215.2-RS_2025_05_12	Complete Genome	2021-04-01		2	Xanthomonas citri
GCF_016801695.1	ASM1680169v1	2025-05-08	Xanthomonas citri pv. citri		DAR73909					GCF_016801695.1-RS_2025_05_08	Complete Genome	2021-02-02		7	Xanthomonas citri
GCF_002139955.1	ASM213995v1	2025-05-07	Xanthomonas citri pv. citri		TX160149					GCF_002139955.1-RS_2025_05_07	Complete Genome	2017-05-15		4	Xanthomonas citri
GCF_002139995.1	ASM213999v1	2025-05-07	Xanthomonas citri pv. citri		TX160197					GCF_002139995.1-RS_2025_05_07	Complete Genome	2017-05-15		3	Xanthomonas citri
GCF_002139975.1	ASM213997v1	2025-05-07	Xanthomonas citri pv. citri		TX160042					GCF_002139975.1-RS_2025_05_07	Complete Genome	2017-05-15		3	Xanthomonas citri
GCF_016801655.1	ASM1680165v1	2025-05-07	Xanthomonas citri pv. citri		DAR73889					GCF_016801655.1-RS_2025_05_07	Complete Genome	2021-02-02		6	Xanthomonas citri
GCF_019076985.1	ASM1907698v1	2025-05-07	Xanthomonas citri pv. citri		GD82					GCF_019076985.1-RS_2025_05_07	Complete Genome	2021-06-30		5	Xanthomonas citri
GCF_016801675.1	ASM1680167v1	2025-05-07	Xanthomonas citri pv. citri		DAR72029					GCF_016801675.1-RS_2025_05_07	Complete Genome	2021-02-02		7	Xanthomonas citri
GCF_001922065.1	ASM192206v1	2025-05-07	Xanthomonas citri pv. citri		LH276					GCF_001922065.1-RS_2025_05_07	Complete Genome	2016-12-27		4	Xanthomonas citri
GCF_002952295.1	ASM295229v1	2025-05-07	Xanthomonas citri pv. citri		03-1638-1-1					GCF_002952295.1-RS_2025_05_07	Complete Genome	2018-02-06		3	Xanthomonas citri
GCF_001922085.1	ASM192208v1	2025-05-07	Xanthomonas citri pv. citri		LJ207-7					GCF_001922085.1-RS_2025_05_07	Complete Genome	2016-12-27		4	Xanthomonas citri
GCF_002288565.1	ASM228856v1	2025-05-07	Xanthomonas citri pv. malvacearum		AR81009					GCF_002288565.1-RS_2025_05_07	Complete Genome	2017-09-08		4	Xanthomonas citri
GCF_009671025.1	ASM967102v1	2025-05-07	Xanthomonas citri pv. malvacearum		HD-1					GCF_009671025.1-RS_2025_05_07	Complete Genome	2019-11-19		3	Xanthomonas citri
GCF_027186285.1	ASM2718628v1	2025-05-07	Xanthomonas citri pv. malvacearum		CFBP 2530					GCF_027186285.1-RS_2025_05_07	Complete Genome	2022-12-21		3	Xanthomonas citri
GCF_002224545.1	ASM222454v1	2025-05-07	Xanthomonas citri pv. malvacearum		XcmN1003					GCF_002224545.1-RS_2025_05_07	Complete Genome	2017-07-24		2	Xanthomonas citri
GCF_002224525.1	ASM222452v1	2025-05-07	Xanthomonas citri pv. malvacearum		XcmH1005					GCF_002224525.1-RS_2025_05_07	Complete Genome	2017-07-24		2	Xanthomonas citri
GCF_002288585.1	ASM228858v1	2025-05-07	Xanthomonas citri pv. malvacearum		MS14003					GCF_002288585.1-RS_2025_05_07	Complete Genome	2017-09-08		4	Xanthomonas citri
GCF_001719145.1	ASM171914v1	2025-05-07	Xanthomonas citri pv. malvacearum		MSCT					GCF_001719145.1-RS_2025_05_07	Complete Genome	2016-09-06		4	Xanthomonas citri
GCF_004000475.1	ASM400047v1	2025-05-07	Xanthomonas citri pv. fuscans		ISO118C5					GCF_004000475.1-RS_2025_05_07	Complete Genome	2019-01-08		2	Xanthomonas citri
GCF_003999485.1	ASM399948v1	2025-05-07	Xanthomonas citri pv. fuscans		ISO118C1					GCF_003999485.1-RS_2025_05_07	Complete Genome	2019-01-08		2	Xanthomonas citri
GCF_003999505.1	ASM399950v1	2025-05-07	Xanthomonas citri pv. fuscans		ISO12C3					GCF_003999505.1-RS_2025_05_07	Complete Genome	2019-01-08		2	Xanthomonas citri
GCF_018831385.1	ASM1883138v1	2025-05-07	Xanthomonas citri pv. fuscans		PR8F					GCF_018831385.1-RS_2025_05_07	Complete Genome	2021-06-10		3	Xanthomonas citri
GCF_006228425.1	ASM622842v1	2025-05-07	Xanthomonas citri pv. punicae		LMG7439					GCF_006228425.1-RS_2025_05_07	Complete Genome	2019-06-11		2	Xanthomonas citri
GCF_000969685.2	ASM96968v1	2025-05-07	Xanthomonas citri pv. fuscans		4834-R					GCF_000969685.2-RS_2025_05_07	Complete Genome	2013-10-11		4	Xanthomonas citri
GCF_002019265.2	ASM201926v2	2025-05-07	Xanthomonas citri pv. durantae		LMG696					GCF_002019265.2-RS_2025_05_07	Complete Genome	2022-08-24		5	Xanthomonas citri
GCF_001928525.2	ASM192852v2	2025-08-16	Xanthomonas oryzae pv. oryzae		DXO-233					GCF_001928525.2-RS_2025_08_16	Complete Genome	2022-11-14		1	Xanthomonas oryzae
GCF_001927855.2	ASM192785v2	2025-08-16	Xanthomonas oryzae pv. oryzae		DXO-174					GCF_001927855.2-RS_2025_08_16	Complete Genome	2022-11-14		1	Xanthomonas oryzae
GCF_001929005.2	ASM192900v2	2025-08-16	Xanthomonas oryzae pv. oryzae		IXO645					GCF_001929005.2-RS_2025_08_16	Complete Genome	2022-11-14		1	Xanthomonas oryzae
GCF_001928485.2	ASM192848v2	2025-08-08	Xanthomonas oryzae pv. oryzae		DXO-206					GCF_001928485.2-RS_2025_08_08	Complete Genome	2023-07-19		3	Xanthomonas oryzae
GCF_028752395.1	ASM2875239v1	2025-08-08	Xanthomonas oryzae		PXO79					GCF_028752395.1-RS_2025_08_08	Complete Genome	2023-02-21		3	Xanthomonas oryzae
GCF_004355865.1	ASM435586v1	2025-08-07	Xanthomonas oryzae pv. oryzae		CIAT					GCF_004355865.1-RS_2025_08_07	Complete Genome	2019-03-19		2	Xanthomonas oryzae
GCF_001927405.2	ASM192740v2	2025-08-07	Xanthomonas oryzae pv. oryzae		BXO1					GCF_001927405.2-RS_2025_08_07	Complete Genome	2019-08-29		3	Xanthomonas oryzae
GCF_028752355.1	ASM2875235v1	2025-08-07	Xanthomonas oryzae		PXO112					GCF_028752355.1-RS_2025_08_07	Complete Genome	2023-02-21		2	Xanthomonas oryzae
GCF_048296685.2	A44	2025-06-28	Xanthomonas oryzae pv. oryzae		A44					GCF_048296685.2-RS_2025_06_28	Complete Genome	2025-06-28		1	Xanthomonas oryzae
GCF_048296665.2	A56	2025-06-28	Xanthomonas oryzae pv. oryzae		A56					GCF_048296665.2-RS_2025_06_28	Complete Genome	2025-06-28		1	Xanthomonas oryzae
GCF_048296645.2	A81	2025-06-27	Xanthomonas oryzae pv. oryzae		A81					GCF_048296645.2-RS_2025_06_27	Complete Genome	2025-06-27		1	Xanthomonas oryzae
GCF_048296655.2	A81	2025-06-25	Xanthomonas oryzae pv. oryzae		A57					GCF_048296655.2-RS_2025_06_25	Complete Genome	2025-06-25		2	Xanthomonas oryzae
GCF_048294985.2	A112	2025-06-25	Xanthomonas oryzae pv. oryzae		A112					GCF_048294985.2-RS_2025_06_25	Complete Genome	2025-06-25		2	Xanthomonas oryzae
GCF_048296675.2	A46	2025-06-25	Xanthomonas oryzae pv. oryzae		A46					GCF_048296675.2-RS_2025_06_25	Complete Genome	2025-06-25		2	Xanthomonas oryzae
GCF_048296625.2	A97	2025-06-25	Xanthomonas oryzae pv. oryzae		A97					GCF_048296625.2-RS_2025_06_25	Complete Genome	2025-06-25		2	Xanthomonas oryzae
GCF_048296635.2	A83	2025-06-21	Xanthomonas oryzae pv. oryzae		A83					GCF_048296635.2-RS_2025_06_21	Complete Genome	2025-06-21		2	Xanthomonas oryzae
GCF_048294965.2	A139	2025-06-21	Xanthomonas oryzae pv. oryzae		A139					GCF_048294965.2-RS_2025_06_21	Complete Genome	2025-06-21		1	Xanthomonas oryzae
GCF_048292365.2	A146	2025-06-21	Xanthomonas oryzae pv. oryzae		A146					GCF_048292365.2-RS_2025_06_21	Complete Genome	2025-06-21		1	Xanthomonas oryzae
GCF_048295055.2	A102	2025-06-21	Xanthomonas oryzae pv. oryzae		A102					GCF_048295055.2-RS_2025_06_21	Complete Genome	2025-06-21		1	Xanthomonas oryzae
GCF_048288525.2	E	2025-06-19	Xanthomonas oryzae pv. oryzae		E					GCF_048288525.2-RS_2025_06_19	Complete Genome	2025-06-20		1	Xanthomonas oryzae
GCF_048289655.2	A156	2025-06-19	Xanthomonas oryzae pv. oryzae		A156					GCF_048289655.2-RS_2025_06_19	Complete Genome	2025-06-20		1	Xanthomonas oryzae
GCF_048292375.2	A145	2025-06-19	Xanthomonas oryzae pv. oryzae		A145					GCF_048292375.2-RS_2025_06_19	Complete Genome	2025-06-20		1	Xanthomonas oryzae
GCF_048292405.2	A144	2025-06-19	Xanthomonas oryzae pv. oryzae		A144					GCF_048292405.2-RS_2025_06_19	Complete Genome	2025-06-20		1	Xanthomonas oryzae
GCF_048288515.2	M6	2025-06-18	Xanthomonas oryzae pv. oryzae		M6					GCF_048288515.2-RS_2025_06_18	Complete Genome	2025-06-18		1	Xanthomonas oryzae
GCF_048288495.2	SK2_3	2025-06-18	Xanthomonas oryzae pv. oryzae		SK2_3					GCF_048288495.2-RS_2025_06_18	Complete Genome	2025-06-18		1	Xanthomonas oryzae
GCF_048289665.2	D	2025-06-18	Xanthomonas oryzae pv. oryzae		D					GCF_048289665.2-RS_2025_06_18	Complete Genome	2025-06-18		2	Xanthomonas oryzae
GCF_048289735.2	A150	2025-06-18	Xanthomonas oryzae pv. oryzae		A150					GCF_048289735.2-RS_2025_06_18	Complete Genome	2025-06-18		1	Xanthomonas oryzae
GCF_048288505.2	K1G	2025-06-18	Xanthomonas oryzae pv. oryzae		K1G					GCF_048288505.2-RS_2025_06_18	Complete Genome	2025-06-18		2	Xanthomonas oryzae
GCF_050814665.1	ASM5081466v1	2025-06-07	Xanthomonas oryzae pv. oryzae		Xoo N3-1					GCF_050814665.1-RS_2025_06_07	Complete Genome	2025-06-07		1	Xanthomonas oryzae
GCF_050613105.1	ASM5061310v1	2025-05-30	Xanthomonas oryzae pv. oryzae		GXB1-2					GCF_050613105.1-RS_2025_05_30	Complete Genome	2025-05-30		3	Xanthomonas oryzae
GCF_050574095.1	ASM5057409v1	2025-05-28	Xanthomonas oryzae pv. oryzae		GX2-3					GCF_050574095.1-RS_2025_05_28	Complete Genome	2025-05-29		3	Xanthomonas oryzae
GCF_050574105.1	ASM5057410v1	2025-05-28	Xanthomonas oryzae pv. oryzae		JS1					GCF_050574105.1-RS_2025_05_28	Complete Genome	2025-05-29		7	Xanthomonas oryzae
GCF_029204245.1	ASM2920424v1	2025-05-13	Xanthomonas oryzae pv. oryzae		CIX4509					GCF_029204245.1-RS_2025_05_13	Complete Genome	2023-03-14		1	Xanthomonas oryzae
GCF_001929245.2	ASM192924v2	2025-05-13	Xanthomonas oryzae pv. oryzae		IXO1104					GCF_001929245.2-RS_2025_05_13	Complete Genome	2022-10-12		1	Xanthomonas oryzae
GCF_001929085.2	ASM192908v2	2025-05-13	Xanthomonas oryzae pv. oryzae		IXO685					GCF_001929085.2-RS_2025_05_13	Complete Genome	2022-10-11		1	Xanthomonas oryzae
GCF_001928825.2	ASM192882v2	2025-05-13	Xanthomonas oryzae pv. oryzae		IXO493					GCF_001928825.2-RS_2025_05_13	Complete Genome	2022-10-12		1	Xanthomonas oryzae
GCF_001928985.2	ASM192898v2	2025-05-13	Xanthomonas oryzae pv. oryzae		IXO630					GCF_001928985.2-RS_2025_05_13	Complete Genome	2022-10-11		1	Xanthomonas oryzae
GCF_004355825.1	ASM435582v1	2025-05-13	Xanthomonas oryzae pv. oryzae		NX0260					GCF_004355825.1-RS_2025_05_13	Complete Genome	2019-03-19		1	Xanthomonas oryzae
GCF_001929165.2	ASM192916v2	2025-05-13	Xanthomonas oryzae pv. oryzae		IXO842					GCF_001929165.2-RS_2025_05_13	Complete Genome	2022-10-12		2	Xanthomonas oryzae
GCF_001928165.2	ASM192816v2	2025-05-13	Xanthomonas oryzae pv. oryzae		IXO220					GCF_001928165.2-RS_2025_05_13	Complete Genome	2022-10-11		1	Xanthomonas oryzae
GCF_001927725.2	ASM192772v2	2025-05-13	Xanthomonas oryzae pv. oryzae		DXO-50					GCF_001927725.2-RS_2025_05_13	Complete Genome	2023-07-19		2	Xanthomonas oryzae
GCF_001929075.2	ASM192907v2	2025-05-13	Xanthomonas oryzae pv. oryzae		IXO675					GCF_001929075.2-RS_2025_05_13	Complete Genome	2022-10-12		1	Xanthomonas oryzae
GCF_004355885.3	ASM435588v3	2025-05-13	Xanthomonas oryzae pv. oryzae		PXO61					GCF_004355885.3-RS_2025_05_13	Complete Genome	2019-05-29		1	Xanthomonas oryzae
GCF_025264145.1	ASM2526414v1	2025-05-13	Xanthomonas oryzae pv. oryzae		IX-221					GCF_025264145.1-RS_2025_05_13	Complete Genome	2022-09-19		1	Xanthomonas oryzae
GCF_001928585.2	ASM192858v2	2025-05-13	Xanthomonas oryzae pv. oryzae		IXO35					GCF_001928585.2-RS_2025_05_13	Complete Genome	2022-10-12		3	Xanthomonas oryzae
GCF_001928035.2	ASM192803v2	2025-05-13	Xanthomonas oryzae pv. oryzae		IXO98					GCF_001928035.2-RS_2025_05_13	Complete Genome	2022-10-11		1	Xanthomonas oryzae
GCF_001928215.2	ASM192821v2	2025-05-13	Xanthomonas oryzae pv. oryzae		BXO512					GCF_001928215.2-RS_2025_05_13	Complete Genome	2020-12-21		1	Xanthomonas oryzae
GCF_001928355.2	ASM192835v2	2025-05-13	Xanthomonas oryzae pv. oryzae		DXO-091					GCF_001928355.2-RS_2025_05_13	Complete Genome	2023-08-03		2	Xanthomonas oryzae
GCF_004355725.1	ASM435572v1	2025-05-13	Xanthomonas oryzae pv. oryzae		PXO421					GCF_004355725.1-RS_2025_05_13	Complete Genome	2019-03-19		1	Xanthomonas oryzae
GCF_023586865.1	ASM2358686v1	2025-05-13	Xanthomonas oryzae pv. oryzae		FY517					GCF_023586865.1-RS_2025_05_13	Complete Genome	2022-05-30		1	Xanthomonas oryzae
GCF_051048065.1	ASM5104806v1	2025-06-26	Xylella fastidiosa		LSV52.52					GCF_051048065.1-RS_2025_06_26	Complete Genome	2025-06-27		1	Xylella fastidiosa
GCF_001456295.2	ASM145629v2	2025-05-13	Xylella fastidiosa		Pr8x					GCF_001456295.2-RS_2025_05_13	Complete Genome	2020-11-13		2	Xylella fastidiosa
GCF_032594475.1	ASM3259447v1	2025-05-13	Xylella fastidiosa		CFBP8478					GCF_032594475.1-RS_2025_05_13	Complete Genome	2023-10-12		2	Xylella fastidiosa
GCF_021459905.1	ASM2145990v1	2025-05-13	Xylella fastidiosa subsp. multiplex		Oak 35874					GCF_021459905.1-RS_2025_05_13	Complete Genome	2022-01-13		2	Xylella fastidiosa
GCF_028226975.1	ASM2822697v1	2025-05-13	Xylella fastidiosa subsp. fastidiosa		CFBP8073					GCF_028226975.1-RS_2025_05_13	Complete Genome	2023-01-30		4	Xylella fastidiosa
GCF_029962045.1	ASM2996204v1	2025-05-13	Xylella fastidiosa subsp. pauca		AM2-Angelina					GCF_029962045.1-RS_2025_05_13	Complete Genome	2023-05-10		1	Xylella fastidiosa
GCF_029962065.1	ASM2996206v1	2025-05-13	Xylella fastidiosa subsp. pauca		OLI17A					GCF_029962065.1-RS_2025_05_13	Complete Genome	2023-05-10		1	Xylella fastidiosa
GCF_000698805.1	ASM69880v1	2025-05-13	Xylella fastidiosa subsp. sandyi Ann-1		Ann-1					GCF_000698805.1-RS_2025_05_13	Complete Genome	2014-06-06		2	Xylella fastidiosa
GCF_018069665.1	ASM1806966v1	2025-05-12	Xylella fastidiosa subsp. multiplex		BB08-1					GCF_018069665.1-RS_2025_05_12	Complete Genome	2021-04-18		1	Xylella fastidiosa
GCF_028735895.1	ASM2873589v1	2025-05-12	Xylella fastidiosa subsp. multiplex		ICMP 8740					GCF_028735895.1-RS_2025_05_12	Complete Genome	2023-02-19		1	Xylella fastidiosa
GCF_021459845.1	ASM2145984v1	2025-05-12	Xylella fastidiosa subsp. multiplex		LA-Y3C					GCF_021459845.1-RS_2025_05_12	Complete Genome	2022-01-13		1	Xylella fastidiosa
GCF_001971475.1	ASM197147v2	2025-05-12	Xylella fastidiosa subsp. multiplex		CFBP8416					GCF_001971475.1-RS_2025_05_12	Complete Genome	2023-04-12		1	Xylella fastidiosa
GCF_015476015.1	ASM1547601v1	2025-05-12	Xylella fastidiosa subsp. fastidiosa		Bakersfield-11					GCF_015476015.1-RS_2025_05_12	Complete Genome	2020-11-15		2	Xylella fastidiosa
GCF_015475995.1	ASM1547599v1	2025-05-12	Xylella fastidiosa subsp. fastidiosa		Bakersfield-13					GCF_015475995.1-RS_2025_05_12	Complete Genome	2020-11-15		2	Xylella fastidiosa
GCF_021459945.1	ASM2145994v1	2025-05-12	Xylella fastidiosa subsp. fastidiosa		Riv13					GCF_021459945.1-RS_2025_05_12	Complete Genome	2022-01-13		4	Xylella fastidiosa
GCF_029962025.1	ASM2996202v1	2025-05-12	Xylella fastidiosa subsp. pauca		ALM4					GCF_029962025.1-RS_2025_05_12	Complete Genome	2023-05-10		1	Xylella fastidiosa
GCF_021459865.1	ASM2145986v1	2025-05-12	Xylella fastidiosa subsp. morus		Riv11					GCF_021459865.1-RS_2025_05_12	Complete Genome	2022-01-13		2	Xylella fastidiosa
GCF_021459805.1	ASM2145980v1	2025-05-12	Xylella fastidiosa subsp. morus		Riv19					GCF_021459805.1-RS_2025_05_12	Complete Genome	2022-01-13		2	Xylella fastidiosa
GCF_011801475.1	ASM1180147v1	2025-05-07	Xylella fastidiosa		ATCC 35879					GCF_011801475.1-RS_2025_05_07	Complete Genome	2020-03-31		2	Xylella fastidiosa
GCF_001456315.1	ASM145631v1	2025-05-07	Xylella fastidiosa		Hib4					GCF_001456315.1-RS_2025_05_07	Complete Genome	2015-12-03		2	Xylella fastidiosa
GCF_001456235.1	ASM145623v1	2025-05-07	Xylella fastidiosa		J1a12					GCF_001456235.1-RS_2025_05_07	Complete Genome	2015-12-03		3	Xylella fastidiosa
GCF_001456195.2	ASM145619v2	2025-05-07	Xylella fastidiosa		3124					GCF_001456195.2-RS_2025_05_07	Complete Genome	2020-11-13		1	Xylella fastidiosa
GCF_001456275.1	ASM145627v1	2025-05-07	Xylella fastidiosa		U24d					GCF_001456275.1-RS_2025_05_07	Complete Genome	2015-12-03		2	Xylella fastidiosa
GCF_032594455.1	ASM3259445v1	2025-05-07	Xylella fastidiosa		CO33					GCF_032594455.1-RS_2025_05_07	Complete Genome	2023-10-12		2	Xylella fastidiosa
GCF_002954205.1	ASM295420v1	2025-05-07	Xylella fastidiosa		Salento-2					GCF_002954205.1-RS_2025_05_07	Complete Genome	2018-02-27		2	Xylella fastidiosa
GCF_012974125.1	ASM1297412v1	2025-05-07	Xylella fastidiosa subsp. multiplex		RH1					GCF_012974125.1-RS_2025_05_07	Complete Genome	2020-05-05		1	Xylella fastidiosa
GCF_012974145.1	ASM1297414v1	2025-05-07	Xylella fastidiosa subsp. multiplex		LM10					GCF_012974145.1-RS_2025_05_07	Complete Genome	2020-05-05		1	Xylella fastidiosa
GCF_000006725.1	ASM672v1	2025-05-07	Xylella fastidiosa 9a5c		9a5c					GCF_000006725.1-RS_2025_05_07	Complete Genome	2005-01-04		3	Xylella fastidiosa
GCF_021474225.1	ASM2147422v1	2025-05-07	Xylella fastidiosa subsp. sandyi		OC8					GCF_021474225.1-RS_2025_05_07	Complete Genome	2022-01-15		2	Xylella fastidiosa
GCF_000698825.1	ASM69882v1	2025-05-07	Xylella fastidiosa MUL0034		MUL0034					GCF_000698825.1-RS_2025_05_07	Complete Genome	2014-06-06		2	Xylella fastidiosa
GCF_050157135.1	ASM5015713v1	2025-05-06	Xylella fastidiosa		GR31					GCF_050157135.1-RS_2025_05_06	Complete Genome	2025-05-13		3	Xylella fastidiosa
GCF_050157125.1	ASM5015712v1	2025-05-06	Xylella fastidiosa		AL21					GCF_050157125.1-RS_2025_05_06	Complete Genome	2025-05-13		2	Xylella fastidiosa
GCF_004023395.2	ASM402339v2	2025-05-06	Xylella fastidiosa subsp. multiplex		IVIA5901					GCF_004023395.2-RS_2025_05_06	Complete Genome	2020-08-27		1	Xylella fastidiosa
GCF_012974105.1	ASM1297410v1	2025-05-06	Xylella fastidiosa subsp. multiplex		Fillmore					GCF_012974105.1-RS_2025_05_06	Complete Genome	2020-05-05		1	Xylella fastidiosa
GCF_015475955.1	ASM1547595v1	2025-05-06	Xylella fastidiosa subsp. multiplex		Riv5					GCF_015475955.1-RS_2025_05_06	Complete Genome	2020-11-15		2	Xylella fastidiosa
GCF_028752655.1	ASM2875265v1	2025-05-06	Xylella fastidiosa subsp. multiplex		CFBP8433					GCF_028752655.1-RS_2025_05_06	Complete Genome	2023-02-21		1	Xylella fastidiosa
GCF_018069645.1	ASM1806964v1	2025-05-06	Xylella fastidiosa subsp. multiplex		AlmaEM3					GCF_018069645.1-RS_2025_05_06	Complete Genome	2021-04-18		1	Xylella fastidiosa
GCF_015475935.1	ASM1547593v1	2025-05-06	Xylella fastidiosa subsp. multiplex		Red Oak 2					GCF_015475935.1-RS_2025_05_06	Complete Genome	2020-11-15		1	Xylella fastidiosa
GCF_021459885.1	ASM2145988v1	2025-05-06	Xylella fastidiosa subsp. multiplex		Red Oak 8					GCF_021459885.1-RS_2025_05_06	Complete Genome	2022-01-13		1	Xylella fastidiosa
GCF_028735855.1	ASM2873585v1	2025-05-06	Xylella fastidiosa subsp. fastidiosa		ICMP 8742					GCF_028735855.1-RS_2025_05_06	Complete Genome	2023-02-19		2	Xylella fastidiosa
GCF_015476035.1	ASM1547603v1	2025-05-06	Xylella fastidiosa subsp. fastidiosa		Bakersfield-8					GCF_015476035.1-RS_2025_05_06	Complete Genome	2020-11-15		2	Xylella fastidiosa
GCF_021459925.1	ASM2145992v1	2025-05-06	Xylella fastidiosa subsp. fastidiosa		Stag's Leap					GCF_021459925.1-RS_2025_05_06	Complete Genome	2022-01-13		1	Xylella fastidiosa
GCF_028228315.1	ASM2822831v1	2025-05-06	Xylella fastidiosa subsp. fastidiosa		XYL461					GCF_028228315.1-RS_2025_05_06	Complete Genome	2023-01-30		2	Xylella fastidiosa
GCF_015475975.1	ASM1547597v1	2025-05-06	Xylella fastidiosa subsp. fastidiosa		Bakersfield-14					GCF_015475975.1-RS_2025_05_06	Complete Genome	2020-11-15		2	Xylella fastidiosa
GCF_028228155.1	ASM2822815v1	2025-05-06	Xylella fastidiosa subsp. fastidiosa		CFBP8351					GCF_028228155.1-RS_2025_05_06	Complete Genome	2023-01-30		2	Xylella fastidiosa
GCF_028227635.1	ASM2822763v1	2025-05-06	Xylella fastidiosa subsp. fastidiosa		CFBP8083					GCF_028227635.1-RS_2025_05_06	Complete Genome	2023-01-30		1	Xylella fastidiosa
GCF_014249995.1	ASM1424999v1	2025-05-06	Xylella fastidiosa subsp. fastidiosa		GV230					GCF_014249995.1-RS_2025_05_06	Complete Genome	2020-08-19		1	Xylella fastidiosa
GCF_028227275.1	ASM2822727v1	2025-05-06	Xylella fastidiosa subsp. fastidiosa		WM1-1					GCF_028227275.1-RS_2025_05_06	Complete Genome	2023-01-30		1	Xylella fastidiosa
GCF_002117875.1	ASM211787v1	2025-05-06	Xylella fastidiosa subsp. pauca		De Donno					GCF_002117875.1-RS_2025_05_06	Complete Genome	2017-05-04		2	Xylella fastidiosa
GCF_021398655.1	ASM2139865v1	2025-05-06	Xylella fastidiosa subsp. morus		Riv16					GCF_021398655.1-RS_2025_05_06	Complete Genome	2022-01-10		3	Xylella fastidiosa
GCF_000834235.1	ASM83423v1	2025-06-03	Yersinia pestis		PBM19					GCF_000834235.1-RS_2025_06_03	Complete Genome	2015-02-09		4	Yersinia pestis
GCF_000834495.1	ASM83449v1	2025-06-03	Yersinia pestis		El Dorado					GCF_000834495.1-RS_2025_06_03	Complete Genome	2015-02-09		4	Yersinia pestis
GCF_000834335.1	ASM83433v1	2025-06-03	Yersinia pestis		Shasta					GCF_000834335.1-RS_2025_06_03	Complete Genome	2015-02-09		4	Yersinia pestis
GCF_000834775.1	ASM83477v1	2025-06-03	Yersinia pestis		Dodson					GCF_000834775.1-RS_2025_06_03	Complete Genome	2015-02-09		3	Yersinia pestis
GCF_024498375.1	ASM2449837v1	2025-06-03	Yersinia pestis		R					GCF_024498375.1-RS_2025_06_03	Complete Genome	2022-08-01		3	Yersinia pestis
GCF_024498395.1	ASM2449839v1	2025-06-03	Yersinia pestis		94					GCF_024498395.1-RS_2025_06_03	Complete Genome	2022-08-01		4	Yersinia pestis
GCF_015336265.1	ASM1533626v1	2025-06-03	Yersinia pestis		M2029					GCF_015336265.1-RS_2025_06_03	Complete Genome	2020-11-10		1	Yersinia pestis
GCF_015190655.1	ASM1519065v1	2025-06-03	Yersinia pestis		S19960127					GCF_015190655.1-RS_2025_06_03	Complete Genome	2020-11-02		5	Yersinia pestis
GCF_015338045.2	ASM1533804v2	2025-06-03	Yersinia pestis		M2085					GCF_015338045.2-RS_2025_06_03	Complete Genome	2021-04-27		1	Yersinia pestis
GCF_024498415.1	ASM2449841v1	2025-06-03	Yersinia pestis		20					GCF_024498415.1-RS_2025_06_03	Complete Genome	2022-08-01		4	Yersinia pestis
GCF_015336695.1	ASM1533669v1	2025-06-03	Yersinia pestis		M2086					GCF_015336695.1-RS_2025_06_03	Complete Genome	2020-11-10		1	Yersinia pestis
GCF_015336465.1	ASM1533646v1	2025-06-03	Yersinia pestis		I-1252					GCF_015336465.1-RS_2025_06_03	Complete Genome	2020-11-10		1	Yersinia pestis
GCF_015336865.1	ASM1533686v1	2025-06-03	Yersinia pestis		M-1974					GCF_015336865.1-RS_2025_06_03	Complete Genome	2020-11-10		1	Yersinia pestis
GCF_015337825.2	ASM1533782v2	2025-06-03	Yersinia pestis		M-1770					GCF_015337825.2-RS_2025_06_03	Complete Genome	2021-04-27		1	Yersinia pestis
GCF_015337645.1	ASM1533764v1	2025-06-03	Yersinia pestis		M-1482					GCF_015337645.1-RS_2025_06_03	Complete Genome	2020-11-10		1	Yersinia pestis
GCF_015336085.1	ASM1533608v1	2025-06-03	Yersinia pestis		C-781					GCF_015336085.1-RS_2025_06_03	Complete Genome	2020-11-10		1	Yersinia pestis
GCF_015337285.1	ASM1533728v1	2025-06-03	Yersinia pestis		C-783					GCF_015337285.1-RS_2025_06_03	Complete Genome	2020-11-10		1	Yersinia pestis
GCF_000834275.1	ASM83427v1	2025-06-03	Yersinia pestis		Harbin35					GCF_000834275.1-RS_2025_06_03	Complete Genome	2015-02-09		4	Yersinia pestis
GCF_000834885.1	ASM83488v1	2025-06-03	Yersinia pestis		Nicholisk 41					GCF_000834885.1-RS_2025_06_03	Complete Genome	2015-02-09		4	Yersinia pestis
GCF_015337445.1	ASM1533744v1	2025-06-03	Yersinia pestis		KM 567					GCF_015337445.1-RS_2025_06_03	Complete Genome	2020-11-10		1	Yersinia pestis
GCF_015337085.2	ASM1533708v2	2025-06-03	Yersinia pestis		C-792					GCF_015337085.2-RS_2025_06_03	Complete Genome	2021-04-27		1	Yersinia pestis
GCF_000009065.1	ASM906v1	2025-06-03	Yersinia pestis CO92		CO92					GCF_000009065.1-RS_2025_06_03	Complete Genome	2001-10-15		4	Yersinia pestis
GCF_000834825.1	ASM83482v1	2025-06-03	Yersinia pestis Antiqua		Antiqua					GCF_000834825.1-RS_2025_06_03	Complete Genome	2015-02-09		4	Yersinia pestis
GCF_000834925.1	ASM83492v1	2025-06-03	Yersinia pestis str. Pestoides B		Pestoides B					GCF_000834925.1-RS_2025_06_03	Complete Genome	2015-02-09		4	Yersinia pestis
GCF_000006645.1	ASM664v1	2025-06-03	Yersinia pestis KIM10+		KIM10+					GCF_000006645.1-RS_2025_06_03	Complete Genome	2002-08-06		2	Yersinia pestis
GCF_000834755.1	ASM83475v1	2025-06-03	Yersinia pestis A1122		A1122					GCF_000834755.1-RS_2025_06_03	Complete Genome	2015-02-09		3	Yersinia pestis
GCF_024758685.1	ASM2475868v1	2025-06-03	Yersinia pestis EV76-CN		EV76-CN					GCF_024758685.1-RS_2025_06_03	Complete Genome	2022-08-29		4	Yersinia pestis
GCF_000834985.1	ASM83498v1	2025-06-03	Yersinia pestis Pestoides G		Pestoides G					GCF_000834985.1-RS_2025_06_03	Complete Genome	2015-02-09		3	Yersinia pestis
GCF_000834315.1	ASM83431v1	2025-06-03	Yersinia pestis Pestoides F		Pestoides F					GCF_000834315.1-RS_2025_06_03	Complete Genome	2015-02-09		3	Yersinia pestis
GCF_000834845.1	ASM83484v1	2025-06-03	Yersinia pestis Angola		Angola					GCF_000834845.1-RS_2025_06_03	Complete Genome	2015-02-09		4	Yersinia pestis
GCF_000590535.2	ASM59053v2	2025-06-03	Yersinia pestis EV NIIEG		EV NIIEG					GCF_000590535.2-RS_2025_06_03	Complete Genome	2020-12-21		1	Yersinia pestis
GCF_001188715.1	ASM118871v1	2025-06-03	Yersinia pestis 1522		1522					GCF_001188715.1-RS_2025_06_03	Complete Genome	2015-07-30		3	Yersinia pestis
GCF_001188935.1	ASM118893v1	2025-06-03	Yersinia pestis 1413		1413					GCF_001188935.1-RS_2025_06_03	Complete Genome	2015-07-30		3	Yersinia pestis
GCF_001188795.1	ASM118879v1	2025-06-03	Yersinia pestis 3067		3067					GCF_001188795.1-RS_2025_06_03	Complete Genome	2015-07-30		3	Yersinia pestis
GCF_001188695.1	ASM118869v1	2025-06-03	Yersinia pestis 1412		1412					GCF_001188695.1-RS_2025_06_03	Complete Genome	2015-07-30		3	Yersinia pestis
GCF_001188775.1	ASM118877v1	2025-06-03	Yersinia pestis 3770		3770					GCF_001188775.1-RS_2025_06_03	Complete Genome	2015-07-30		3	Yersinia pestis
GCF_001188815.1	ASM118881v1	2025-06-03	Yersinia pestis 2944		2944					GCF_001188815.1-RS_2025_06_03	Complete Genome	2015-07-30		4	Yersinia pestis
GCF_001188755.1	ASM118875v1	2025-06-03	Yersinia pestis 8787		8787					GCF_001188755.1-RS_2025_06_03	Complete Genome	2015-07-30		3	Yersinia pestis
GCF_039703785.1	ASM3970378v1	2025-05-21	Yersinia pestis		AKS2022HT87_A					GCF_039703785.1-RS_2025_05_21	Complete Genome	2024-05-23		4	Yersinia pestis
GCF_039703215.1	ASM3970321v1	2025-05-21	Yersinia pestis		AKS2022HT87_B					GCF_039703215.1-RS_2025_05_21	Complete Genome	2024-05-23		4	Yersinia pestis
GCF_015159615.2	ASM1515961v2	2025-05-18	Yersinia pestis		14D					GCF_015159615.2-RS_2025_05_18	Complete Genome	2021-04-27		1	Yersinia pestis
GCF_039640415.1	YP_91_KR	2025-05-16	Yersinia pestis		91_KR					GCF_039640415.1-RS_2025_05_16	Complete Genome	2024-05-16		4	Yersinia pestis
GCF_039640425.1	YP_80	2025-05-16	Yersinia pestis		80					GCF_039640425.1-RS_2025_05_16	Complete Genome	2024-05-16		4	Yersinia pestis
GCF_039640395.1	YP_136	2025-05-16	Yersinia pestis		136					GCF_039640395.1-RS_2025_05_16	Complete Genome	2024-05-16		4	Yersinia pestis
GCF_039640175.1	YP_133	2025-05-16	Yersinia pestis		133					GCF_039640175.1-RS_2025_05_16	Complete Genome	2024-05-16		4	Yersinia pestis
GCF_039640485.1	YP_107	2025-05-16	Yersinia pestis		107					GCF_039640485.1-RS_2025_05_16	Complete Genome	2024-05-18		4	Yersinia pestis
GCF_039640465.1	YP_197_15	2025-05-16	Yersinia pestis		197_15					GCF_039640465.1-RS_2025_05_16	Complete Genome	2024-05-18		4	Yersinia pestis
GCF_039640475.1	YP_177	2025-05-16	Yersinia pestis		177					GCF_039640475.1-RS_2025_05_16	Complete Genome	2024-05-18		4	Yersinia pestis
GCF_039640435.1	YP_5M	2025-05-16	Yersinia pestis		5M					GCF_039640435.1-RS_2025_05_16	Complete Genome	2024-05-18		4	Yersinia pestis
GCF_039640405.1	YP_A1694	2025-05-16	Yersinia pestis		A1694					GCF_039640405.1-RS_2025_05_16	Complete Genome	2024-05-16		4	Yersinia pestis
